customer_id,first_purchase_at,last_purchase_at,sales_orders,return_orders,gross_sales,returns_value,net_revenue,recency_days,frequency,monetary,r_score,f_score,m_score,segment
18102,2009-12-01 09:24:00,2011-12-09 11:50:00,145,8,580987.04,10606.43,570380.61,0,145,570380.61,5,5,5,高价值活跃
14646,2009-12-02 16:52:00,2011-12-08 12:12:00,151,12,528602.52,5260.45,523342.07,1,151,523342.07,5,5,5,高价值活跃
14156,2009-12-01 12:30:00,2011-11-30 10:54:00,156,46,313437.62,17374.18,296063.44,9,156,296063.44,5,5,5,高价值活跃
14911,2009-12-01 11:41:00,2011-12-08 15:54:00,398,112,291420.81,25662.9,265757.91,1,398,265757.91,5,5,5,高价值活跃
17450,2010-09-27 16:59:00,2011-12-01 13:29:00,51,10,244784.25,13393.7,231390.55,8,51,231390.55,5,5,5,高价值活跃
13694,2009-12-04 15:26:00,2011-12-06 09:32:00,143,21,195640.69,5619.85,190020.84,3,143,190020.84,5,5,5,高价值活跃
17511,2009-12-02 10:52:00,2011-12-07 10:12:00,60,25,172132.87,3641.25,168491.62,2,60,168491.62,5,5,5,高价值活跃
12415,2010-06-30 08:30:00,2011-11-15 14:22:00,28,5,144458.37,1189.08,143269.29,24,28,143269.29,4,5,5,高价值活跃
16684,2009-12-07 12:56:00,2011-12-05 14:06:00,55,10,147142.77,5640.52,141502.25,4,55,141502.25,5,5,5,高价值活跃
15061,2009-12-01 12:18:00,2011-12-06 12:06:00,127,11,126389.02,1427.04,124961.98,3,127,124961.98,5,5,5,高价值活跃
15311,2009-12-01 11:21:00,2011-12-09 12:00:00,208,62,114966.42,3227.06,111739.36,0,208,111739.36,5,5,5,高价值活跃
13089,2009-12-02 15:44:00,2011-12-07 09:02:00,203,44,113416.91,3523.67,109893.24,2,203,109893.24,5,5,5,高价值活跃
17949,2009-12-02 11:07:00,2011-12-08 18:46:00,118,20,117314.08,19732.49,97581.59,1,118,97581.59,5,5,5,高价值活跃
14298,2009-12-11 13:49:00,2011-12-01 13:12:00,82,2,91194.49,705.18,90489.31,8,82,90489.31,5,5,5,高价值活跃
16029,2009-12-08 11:23:00,2011-11-01 10:27:00,107,18,117763.62,28058.15,89705.47,38,107,89705.47,4,5,5,高价值活跃
15769,2009-12-11 09:58:00,2011-12-02 13:52:00,46,5,88612.52,4434.94,84177.58,7,46,84177.58,5,5,5,高价值活跃
13798,2009-12-08 16:21:00,2011-12-08 15:51:00,110,15,75428.87,2261.95,73166.92,1,110,73166.92,5,5,5,高价值活跃
15838,2009-12-15 09:51:00,2011-11-28 14:00:00,34,4,73205.5,478.09,72727.41,11,34,72727.41,5,5,5,高价值活跃
12931,2009-12-01 11:46:00,2011-11-18 12:39:00,57,14,92347.34,21047.67,71299.67,21,57,71299.67,4,5,5,高价值活跃
17841,2009-12-02 15:41:00,2011-12-08 12:07:00,211,78,68545.25,1358.38,67186.87,1,211,67186.87,5,5,5,高价值活跃
14088,2010-10-14 19:46:00,2011-11-29 16:16:00,16,4,64036.8,1636.78,62400.02,10,16,62400.02,5,5,5,高价值活跃
16422,2010-01-12 11:57:00,2011-11-22 14:00:00,109,37,61920.87,2540.93,59379.94,17,109,59379.94,5,5,5,高价值活跃
14096,2011-08-30 10:49:00,2011-12-05 17:17:00,17,17,65164.79,8043.88,57120.91,4,17,57120.91,5,5,5,高价值活跃
13081,2009-12-08 13:58:00,2011-11-28 10:54:00,28,16,56838.37,877.0,55961.37,11,28,55961.37,5,5,5,高价值活跃
17389,2009-12-04 12:06:00,2011-12-09 09:38:00,61,16,57215.33,2637.65,54577.68,0,61,54577.68,5,5,5,高价值活跃
16754,2010-03-08 11:32:00,2010-12-02 17:38:00,29,6,65500.07,10941.89,54558.18,372,29,54558.18,2,5,5,高价值流失风险
13093,2009-12-04 10:32:00,2011-03-09 12:14:00,55,33,54144.25,869.92,53274.33,275,55,53274.33,2,5,5,高价值流失风险
14680,2009-12-04 12:36:00,2011-11-14 16:59:00,58,29,55688.5,2608.48,53080.02,25,58,53080.02,4,5,5,高价值活跃
16013,2009-12-08 10:24:00,2011-12-06 10:36:00,84,10,56078.44,4657.52,51420.92,3,84,51420.92,5,5,5,高价值活跃
17850,2009-12-05 12:28:00,2010-12-02 15:27:00,155,4,51208.87,801.1,50407.77,372,155,50407.77,2,5,5,高价值流失风险
13408,2009-12-04 09:31:00,2011-12-08 09:05:00,106,29,50174.782,859.76,49315.022,1,106,49315.022,5,5,5,高价值活跃
13777,2009-12-02 09:47:00,2011-12-09 12:25:00,61,12,49638.26,419.85,49218.41,0,61,49218.41,5,5,5,高价值活跃
12748,2009-12-04 17:31:00,2011-12-09 12:20:00,336,28,53539.64,6606.31,46933.33,0,336,46933.33,5,5,5,高价值活跃
17404,2010-01-07 11:31:00,2011-12-05 16:26:00,23,5,47781.12,1774.3,46006.82,4,23,46006.82,5,5,5,高价值活跃
13881,2010-03-04 14:41:00,2011-12-06 12:50:00,43,8,45179.1,786.6,44392.5,3,43,44392.5,5,5,5,高价值活跃
16705,2009-12-09 13:34:00,2011-12-09 12:08:00,42,19,43515.051,861.91,42653.141,0,42,42653.141,5,5,5,高价值活跃
15039,2009-12-10 11:39:00,2011-11-30 11:31:00,93,14,39141.48,288.44,38853.04,9,93,38853.04,5,5,5,高价值活跃
12471,2009-12-07 10:41:00,2011-12-07 15:43:00,79,50,39918.19,1998.18,37920.01,2,79,37920.01,5,5,5,高价值活跃
17675,2009-12-10 16:10:00,2011-12-08 18:03:00,70,20,37642.48,578.16,37064.32,1,70,37064.32,5,5,5,高价值活跃
17381,2010-06-09 12:55:00,2011-12-01 11:59:00,38,1,36398.65,3.18,36395.47,8,38,36395.47,5,5,5,高价值活跃
14031,2009-12-03 15:35:00,2011-12-02 17:13:00,44,11,39019.51,2971.25,36048.26,7,44,36048.26,5,5,5,高价值活跃
17677,2009-12-16 11:23:00,2011-12-08 09:56:00,54,37,35058.46,826.28,34232.18,1,54,34232.18,5,5,5,高价值活跃
12921,2009-12-01 13:43:00,2011-11-30 16:22:00,74,29,35233.24,1281.59,33951.65,9,74,33951.65,5,5,5,高价值活跃
12678,2010-01-07 16:46:00,2011-10-28 13:04:00,21,2,34281.18,430.05,33851.13,42,21,33851.13,4,5,5,高价值活跃
16210,2009-12-02 12:54:00,2011-12-08 12:36:00,35,2,33750.97,185.45,33565.52,1,35,33565.52,5,5,5,高价值活跃
13767,2009-12-01 10:52:00,2011-12-07 15:00:00,73,23,33903.57,422.75,33480.82,2,73,33480.82,5,5,5,高价值活跃
16779,2009-12-03 13:03:00,2011-12-07 14:54:00,53,9,32809.03,286.63,32522.4,2,53,32522.4,5,5,5,高价值活跃
15856,2009-12-03 14:02:00,2011-12-05 17:09:00,52,6,32275.95,402.9,31873.05,4,52,31873.05,5,5,5,高价值活跃
14258,2009-12-04 08:36:00,2011-11-30 15:27:00,25,7,32051.34,1023.99,31027.35,9,25,31027.35,5,5,5,高价值活跃
17428,2009-12-01 17:28:00,2011-12-09 09:45:00,45,6,31466.76,581.7,30885.06,0,45,30885.06,5,5,5,高价值活跃
13902,2009-12-15 10:02:00,2010-03-17 13:09:00,5,3,34095.26,3684.0,30411.26,632,5,30411.26,1,4,5,高价值流失风险
12681,2009-12-13 13:31:00,2011-11-25 11:33:00,45,11,29834.76,316.52,29518.24,14,45,29518.24,5,5,5,高价值活跃
12709,2009-12-09 13:49:00,2011-11-24 15:38:00,34,21,30291.76,780.73,29511.03,15,34,29511.03,5,5,5,高价值活跃
14606,2009-12-03 12:40:00,2011-12-08 19:28:00,192,67,29951.37,753.78,29197.59,1,192,29197.59,5,5,5,高价值活跃
13098,2011-01-26 13:46:00,2011-12-08 14:14:00,28,13,28882.44,223.56,28658.88,1,28,28658.88,5,5,5,高价值活跃
13078,2009-12-01 09:06:00,2011-12-06 15:36:00,57,38,29018.06,648.62,28369.44,3,57,28369.44,5,5,5,高价值活跃
17857,2010-03-08 12:09:00,2011-12-05 13:13:00,24,2,27347.04,115.7,27231.34,4,24,27231.34,5,5,5,高价值活跃
17940,2009-12-03 12:31:00,2011-10-21 13:27:00,16,6,30306.79,3433.17,26873.62,49,16,26873.62,4,5,5,高价值活跃
16333,2011-02-03 10:50:00,2011-12-02 12:19:00,22,0,26626.8,0.0,26626.8,7,22,26626.8,5,5,5,高价值活跃
18251,2009-12-22 12:01:00,2011-09-13 15:03:00,9,0,26278.86,0.0,26278.86,87,9,26278.86,3,5,5,忠诚客户
15513,2010-01-13 14:59:00,2011-11-06 14:36:00,35,6,26437.05,486.1,25950.95,33,35,25950.95,4,5,5,高价值活跃
12731,2010-03-02 09:23:00,2011-11-16 11:59:00,17,2,25775.71,102.5,25673.21,23,17,25673.21,4,5,5,高价值活跃
17865,2009-12-01 10:49:00,2011-11-09 12:08:00,46,16,26312.19,725.34,25586.85,30,46,25586.85,4,5,5,高价值活跃
13802,2010-02-16 10:11:00,2011-07-24 10:54:00,19,5,26259.11,767.55,25491.56,138,19,25491.56,3,5,5,忠诚客户
14062,2009-12-10 14:28:00,2011-11-30 10:04:00,24,3,25585.65,169.37,25416.28,9,24,25416.28,5,5,5,高价值活跃
14527,2009-12-02 12:06:00,2011-12-07 12:19:00,122,68,27246.88,1960.97,25285.91,2,122,25285.91,5,5,5,高价值活跃
12939,2010-01-12 11:27:00,2011-10-06 14:33:00,20,0,25264.8,0.0,25264.8,64,20,25264.8,3,5,5,忠诚客户
14895,2009-12-10 14:22:00,2011-12-02 09:23:00,38,10,25119.54,630.72,24488.82,7,38,24488.82,5,5,5,高价值活跃
12621,2010-02-09 12:01:00,2011-12-08 11:25:00,35,9,24311.2,196.5,24114.7,1,35,24114.7,5,5,5,高价值活跃
13001,2009-12-03 16:21:00,2011-12-05 14:51:00,33,4,24042.65,36.05,24006.6,4,33,24006.6,5,5,5,高价值活跃
17920,2009-12-06 10:37:00,2011-12-05 14:29:00,54,2,23581.78,6.55,23575.23,4,54,23575.23,5,5,5,高价值活跃
15640,2009-12-14 16:36:00,2011-12-05 14:35:00,29,5,23494.31,119.22,23375.09,4,29,23375.09,5,5,5,高价值活跃
12409,2010-05-23 15:21:00,2011-09-22 10:38:00,7,6,23419.29,328.82,23090.47,78,7,23090.47,3,4,5,忠诚客户
15498,2009-12-16 17:27:00,2011-12-07 12:48:00,44,11,24972.86,1897.77,23075.09,2,44,23075.09,5,5,5,高价值活跃
16525,2009-12-02 13:53:00,2011-12-07 15:07:00,48,6,24151.3,1231.9,22919.4,2,48,22919.4,5,5,5,高价值活跃
12682,2009-12-01 09:28:00,2011-12-06 10:00:00,52,1,22950.22,88.1,22862.12,3,52,22862.12,5,5,5,高价值活跃
16133,2010-03-31 12:21:00,2011-12-06 11:24:00,56,22,22992.26,763.38,22228.88,3,56,22228.88,5,5,5,高价值活跃
12540,2009-12-07 16:56:00,2011-11-20 11:31:00,33,3,22254.49,147.2,22107.29,19,33,22107.29,5,5,5,高价值活跃
13340,2010-02-22 14:54:00,2011-10-25 13:15:00,12,0,22100.56,0.0,22100.56,45,12,22100.56,4,5,5,高价值活跃
15159,2010-10-04 09:31:00,2011-12-08 12:05:00,34,4,22116.73,67.33,22049.4,1,34,22049.4,5,5,5,高价值活跃
12482,2010-02-24 10:24:00,2010-05-12 16:51:00,29,3,23691.4,1797.87,21893.53,576,29,21893.53,1,5,5,高价值流失风险
15749,2011-01-11 12:55:00,2011-04-18 13:20:00,3,1,44534.3,22998.4,21535.9,235,3,21535.9,2,3,5,高价值流失风险
14051,2009-12-03 11:53:00,2011-12-09 10:20:00,37,5,21770.98,329.5,21441.48,0,37,21441.48,5,5,5,高价值活跃
15615,2009-12-02 15:28:00,2011-11-29 14:42:00,47,7,21373.97,91.9,21282.07,10,47,21282.07,5,5,5,高价值活跃
12753,2010-12-12 11:44:00,2011-11-17 10:52:00,6,5,21429.39,405.38,21024.01,22,6,21024.01,4,4,5,高价值活跃
13319,2009-12-06 14:46:00,2011-12-04 13:34:00,58,20,21323.22,348.26,20974.96,5,58,20974.96,5,5,5,高价值活跃
14866,2010-08-26 11:54:00,2011-11-29 11:45:00,19,1,20746.54,192.45,20554.09,10,19,20554.09,5,5,5,高价值活跃
16839,2010-02-11 15:02:00,2011-12-01 09:03:00,44,7,21758.25,1342.22,20416.03,8,44,20416.03,5,5,5,高价值活跃
14667,2009-12-02 12:38:00,2011-11-29 11:30:00,54,7,20395.34,206.55,20188.79,10,54,20188.79,5,5,5,高价值活跃
12477,2010-03-26 14:01:00,2011-11-17 09:51:00,9,3,20276.37,102.73,20173.64,22,9,20173.64,4,5,5,高价值活跃
15251,2010-01-29 12:42:00,2011-11-30 15:02:00,21,10,20324.54,228.94,20095.6,9,21,20095.6,5,5,5,高价值活跃
17243,2009-12-01 15:36:00,2011-12-08 13:26:00,69,11,20203.58,180.65,20022.93,1,69,20022.93,5,5,5,高价值活跃
18008,2010-01-06 12:35:00,2011-09-30 15:17:00,23,0,19759.08,0.0,19759.08,70,23,19759.08,3,5,5,忠诚客户
16843,2009-12-10 11:40:00,2011-10-28 09:06:00,35,3,19571.43,42.65,19528.78,42,35,19528.78,4,5,5,高价值活跃
17139,2010-01-11 11:31:00,2011-11-24 10:12:00,25,4,19566.76,92.85,19473.91,15,25,19473.91,5,5,5,高价值活跃
17706,2010-01-19 12:13:00,2011-12-05 13:34:00,31,12,20272.15,1206.08,19066.07,4,31,19066.07,5,5,5,高价值活跃
17340,2010-02-14 14:54:00,2011-11-10 10:45:00,18,12,19617.95,726.06,18891.89,29,18,18891.89,4,5,5,高价值活跃
14194,2010-01-06 12:16:00,2011-12-05 10:38:00,36,18,18670.59,227.72,18442.87,4,36,18442.87,5,5,5,高价值活跃
14607,2009-12-15 11:25:00,2011-11-24 10:35:00,22,5,23763.13,5392.07,18371.06,15,22,18371.06,5,5,5,高价值活跃
12357,2010-11-16 10:05:00,2011-11-06 16:07:00,3,0,18287.66,0.0,18287.66,33,3,18287.66,4,3,5,潜力客户
12557,2009-12-17 10:39:00,2011-11-23 16:59:00,8,0,18096.14,0.0,18096.14,16,8,18096.14,5,4,5,高价值活跃
16746,2009-12-04 13:00:00,2011-12-05 12:33:00,42,4,18046.75,34.55,18012.2,4,42,18012.2,5,5,5,高价值活跃
17581,2009-12-03 12:34:00,2011-12-09 12:21:00,43,10,17951.17,510.28,17440.89,0,43,17440.89,5,5,5,高价值活跃
14952,2009-12-03 15:34:00,2011-10-11 10:33:00,32,11,17629.35,282.1,17347.25,59,32,17347.25,3,5,5,忠诚客户
16652,2010-03-17 10:22:00,2011-10-12 09:38:00,16,8,17550.39,237.56,17312.83,58,16,17312.83,4,5,5,高价值活跃
18172,2009-12-11 09:58:00,2011-11-25 11:12:00,52,11,17467.24,178.01,17289.23,14,52,17289.23,5,5,5,高价值活跃
17416,2009-12-14 16:29:00,2011-11-10 12:47:00,22,3,17298.45,76.98,17221.47,29,22,17221.47,4,5,5,高价值活跃
17377,2009-12-02 12:39:00,2011-11-16 11:17:00,78,13,17644.27,468.0,17176.27,23,78,17176.27,4,5,5,高价值活跃
15523,2009-12-02 15:16:00,2011-09-16 16:29:00,16,2,17259.19,139.95,17119.24,84,16,17119.24,3,5,5,忠诚客户
15078,2009-12-04 12:03:00,2011-12-02 15:41:00,53,11,17286.73,185.36,17101.37,7,53,17101.37,5,5,5,高价值活跃
15189,2010-07-18 13:37:00,2011-12-08 13:22:00,46,12,17524.38,423.25,17101.13,1,46,17101.13,5,5,5,高价值活跃
13027,2010-01-20 10:41:00,2011-08-18 09:39:00,19,4,17239.2,187.2,17052.0,113,19,17052.0,3,5,5,忠诚客户
15808,2009-12-01 16:30:00,2011-02-06 14:33:00,21,3,17180.25,141.3,17038.95,306,21,17038.95,2,5,5,高价值流失风险
12647,2010-01-13 15:06:00,2011-11-17 12:56:00,36,9,16955.55,241.56,16713.99,22,36,16713.99,4,5,5,高价值活跃
17735,2010-07-30 13:25:00,2011-12-07 16:47:00,26,3,16790.33,82.35,16707.98,2,26,16707.98,5,5,5,高价值活跃
12433,2010-08-20 09:23:00,2011-12-09 10:02:00,10,1,16794.14,152.4,16641.74,0,10,16641.74,5,5,5,高价值活跃
16019,2009-12-14 14:12:00,2011-10-24 11:51:00,27,8,17329.16,825.7,16503.46,46,27,16503.46,4,5,5,高价值活跃
16553,2010-02-11 18:46:00,2011-06-29 15:42:00,33,3,16584.01,83.89,16500.12,163,33,16500.12,3,5,5,忠诚客户
14961,2009-12-04 11:32:00,2011-11-29 09:42:00,22,6,16410.15,81.25,16328.9,10,22,16328.9,5,5,5,高价值活跃
16656,2009-12-04 12:59:00,2011-11-17 14:43:00,30,14,16833.17,525.45,16307.72,22,30,16307.72,4,5,5,高价值活跃
12901,2011-03-14 10:41:00,2011-12-01 10:07:00,28,8,17654.54,1361.44,16293.1,8,28,16293.1,5,5,5,高价值活跃
13113,2010-03-28 16:13:00,2011-12-09 12:49:00,37,23,18230.07,1993.63,16236.44,0,37,16236.44,5,5,5,高价值活跃
15358,2009-12-07 12:19:00,2011-12-05 09:04:00,42,13,16425.86,212.21,16213.65,4,42,16213.65,5,5,5,高价值活跃
16180,2010-06-23 13:19:00,2011-08-31 16:28:00,13,3,16249.87,79.6,16170.27,100,13,16170.27,3,5,5,忠诚客户
15125,2010-03-31 13:29:00,2011-11-14 13:57:00,24,12,17024.87,900.54,16124.33,25,24,16124.33,4,5,5,高价值活跃
13199,2009-12-05 10:11:00,2011-12-06 12:30:00,67,2,15964.21,27.91,15936.3,3,67,15936.3,5,5,5,高价值活跃
12980,2009-12-02 11:26:00,2011-07-05 09:34:00,21,5,16245.78,336.39,15909.39,157,21,15909.39,3,5,5,忠诚客户
13225,2009-12-17 09:09:00,2011-12-06 13:29:00,16,1,16260.07,380.8,15879.27,3,16,15879.27,5,5,5,高价值活跃
17716,2009-12-02 17:18:00,2011-11-17 12:00:00,24,3,15956.97,285.65,15671.32,22,24,15671.32,4,5,5,高价值活跃
15044,2009-12-16 15:13:00,2011-11-20 13:20:00,35,12,16024.15,362.8,15661.35,19,35,15661.35,5,5,5,高价值活跃
17107,2010-01-31 15:47:00,2011-11-06 14:14:00,10,3,16052.72,457.35,15595.37,33,10,15595.37,4,5,5,高价值活跃
12472,2009-12-14 10:49:00,2011-11-07 14:01:00,19,18,16249.29,801.6,15447.69,32,19,15447.69,4,5,5,高价值活跃
14769,2009-12-16 09:17:00,2011-12-07 10:24:00,17,4,15514.11,75.21,15438.9,2,17,15438.9,5,5,5,高价值活跃
12949,2009-12-03 15:56:00,2011-11-09 11:25:00,22,6,15526.7,135.7,15391.0,30,22,15391.0,4,5,5,高价值活跃
15768,2009-12-03 12:10:00,2011-08-16 10:48:00,34,2,15308.89,41.63,15267.26,115,34,15267.26,3,5,5,忠诚客户
12971,2009-12-15 19:04:00,2011-12-06 12:20:00,116,4,15704.6,490.05,15214.55,3,116,15214.55,5,5,5,高价值活跃
14849,2010-01-10 11:40:00,2011-11-18 10:58:00,43,7,15407.61,221.01,15186.6,21,43,15186.6,4,5,5,高价值活跃
16191,2009-12-11 12:24:00,2011-12-07 11:26:00,24,16,15677.82,525.9,15151.92,2,24,15151.92,5,5,5,高价值活跃
13564,2009-12-02 11:55:00,2011-07-18 14:33:00,37,17,16498.97,1462.83,15036.14,144,37,15036.14,3,5,5,忠诚客户
18092,2009-12-04 12:37:00,2011-12-07 13:14:00,18,2,14693.72,6.25,14687.47,2,18,14687.47,5,5,5,高价值活跃
16126,2009-12-02 13:34:00,2011-11-10 16:03:00,15,0,14644.6,0.0,14644.6,29,15,14644.6,4,5,5,高价值活跃
16873,2010-02-09 14:17:00,2011-12-05 12:05:00,12,5,14617.39,70.36,14547.03,4,12,14547.03,5,5,5,高价值活跃
18087,2009-12-01 09:43:00,2011-09-02 15:12:00,17,4,14761.52,349.9,14411.62,98,17,14411.62,3,5,5,忠诚客户
14733,2010-11-02 15:42:00,2011-11-23 15:39:00,15,3,14335.15,134.37,14200.78,16,15,14200.78,5,5,5,高价值活跃
15601,2009-12-01 14:53:00,2011-11-28 15:15:00,30,5,14191.74,40.9,14150.84,11,30,14150.84,5,5,5,高价值活跃
13488,2010-01-25 10:13:00,2011-11-22 14:41:00,23,6,14205.96,74.15,14131.81,17,23,14131.81,5,5,5,高价值活跃
12714,2009-12-04 10:00:00,2011-11-30 15:43:00,12,0,14093.71,0.0,14093.71,9,12,14093.71,5,5,5,高价值活跃
13178,2009-12-16 14:00:00,2011-11-13 16:14:00,21,4,14059.19,61.3,13997.89,26,21,13997.89,4,5,5,高价值活跃
16713,2009-12-15 12:49:00,2011-11-21 12:36:00,32,9,14115.56,172.2,13943.36,18,32,13943.36,5,5,5,高价值活跃
12435,2009-12-02 13:58:00,2011-09-21 09:06:00,6,0,13925.93,0.0,13925.93,79,6,13925.93,3,4,5,忠诚客户
17589,2010-03-07 13:48:00,2011-10-10 16:58:00,18,3,13837.94,145.05,13692.89,60,18,13692.89,3,5,5,忠诚客户
12476,2010-07-26 09:04:00,2011-11-24 12:40:00,23,15,14083.91,399.79,13684.12,15,23,13684.12,5,5,5,高价值活跃
15382,2009-12-04 14:13:00,2011-11-25 10:58:00,12,8,13733.55,87.05,13646.5,14,12,13646.5,5,5,5,高价值活跃
18223,2009-12-04 12:20:00,2011-12-05 09:11:00,26,26,14000.85,503.27,13497.58,4,26,13497.58,5,5,5,高价值活跃
12583,2009-12-06 11:57:00,2011-12-07 08:07:00,27,4,13591.58,102.54,13489.04,2,27,13489.04,5,5,5,高价值活跃
15005,2009-12-01 14:19:00,2011-11-24 12:25:00,56,20,13754.58,341.68,13412.9,15,56,13412.9,5,5,5,高价值活跃
13629,2010-02-11 17:34:00,2011-11-16 13:21:00,19,0,13370.86,0.0,13370.86,23,19,13370.86,4,5,5,高价值活跃
12744,2010-04-27 16:19:00,2011-10-19 11:18:00,11,3,25317.06,12158.9,13158.16,51,11,13158.16,4,5,5,高价值活跃
16558,2009-12-03 18:11:00,2011-12-09 10:20:00,38,9,13304.11,154.55,13149.56,0,38,13149.56,5,5,5,高价值活跃
15291,2009-12-03 11:09:00,2011-11-14 11:02:00,40,13,13517.76,395.32,13122.44,25,40,13122.44,4,5,5,高价值活跃
15093,2009-12-08 12:46:00,2011-11-21 13:09:00,23,11,13702.38,668.23,13034.15,18,23,13034.15,5,5,5,高价值活跃
15738,2009-12-10 15:52:00,2011-11-21 08:26:00,41,4,13043.32,27.9,13015.42,18,41,13015.42,5,5,5,高价值活跃
17133,2010-03-21 12:31:00,2011-11-24 12:27:00,12,1,14622.33,1650.24,12972.09,15,12,12972.09,5,5,5,高价值活跃
14110,2009-12-01 09:50:00,2011-12-06 12:26:00,33,2,12987.95,30.35,12957.6,3,33,12957.6,5,5,5,高价值活跃
14049,2010-04-01 14:52:00,2011-11-23 12:20:00,13,5,13023.4,175.0,12848.4,16,13,12848.4,5,5,5,高价值活跃
12989,2009-12-10 13:27:00,2011-12-06 15:28:00,33,6,13551.75,704.95,12846.8,3,33,12846.8,5,5,5,高价值活跃
13969,2010-03-25 13:15:00,2011-12-02 15:11:00,35,4,12973.46,153.1,12820.36,7,35,12820.36,5,5,5,高价值活跃
13097,2009-12-01 13:31:00,2011-11-07 10:43:00,28,12,13324.1,527.49,12796.61,32,28,12796.61,4,5,5,高价值活跃
13952,2009-12-16 09:41:00,2011-05-06 09:00:00,14,3,12823.521,32.63,12790.891,217,14,12790.891,2,5,5,高价值流失风险
13090,2010-08-02 13:58:00,2011-12-01 12:39:00,24,6,13091.74,331.81,12759.93,8,24,12759.93,5,5,5,高价值活跃
16549,2010-03-28 15:45:00,2011-11-29 15:06:00,34,3,12781.8,22.55,12759.25,10,34,12759.25,5,5,5,高价值活跃
13316,2010-03-10 10:01:00,2011-11-02 13:40:00,10,2,12940.82,284.64,12656.18,37,10,12656.18,4,5,5,高价值活跃
18225,2009-12-04 16:52:00,2011-12-06 13:27:00,26,8,13014.8,371.55,12643.25,3,26,12643.25,5,5,5,高价值活跃
13668,2009-12-11 14:28:00,2011-12-07 12:11:00,35,12,12948.48,340.8,12607.68,2,35,12607.68,5,5,5,高价值活跃
14299,2009-12-02 10:58:00,2011-12-01 16:05:00,27,14,14070.25,1462.72,12607.53,8,27,12607.53,5,5,5,高价值活跃
16923,2010-01-31 11:14:00,2011-11-27 13:00:00,32,9,13157.13,584.98,12572.15,12,32,12572.15,5,5,5,高价值活跃
12451,2010-06-28 12:58:00,2011-11-29 08:40:00,8,2,12669.88,123.35,12546.53,10,8,12546.53,5,4,5,高价值活跃
13468,2009-12-03 13:32:00,2011-12-08 10:39:00,72,15,12793.28,298.9,12494.38,1,72,12494.38,5,5,5,高价值活跃
17858,2009-12-06 15:41:00,2011-12-04 11:56:00,30,2,12518.65,74.35,12444.3,5,30,12444.3,5,5,5,高价值活跃
12437,2009-12-02 16:24:00,2011-12-08 11:35:00,39,8,12683.4,288.55,12394.85,1,39,12394.85,5,5,5,高价值活跃
16000,2011-12-07 12:14:00,2011-12-07 12:17:00,3,0,12393.7,0.0,12393.7,2,3,12393.7,5,3,5,潜力客户
14936,2010-05-05 12:26:00,2011-11-06 10:30:00,12,2,12410.81,32.35,12378.46,33,12,12378.46,4,5,5,高价值活跃
14040,2009-12-01 12:14:00,2011-10-30 12:42:00,35,7,12523.81,187.73,12336.08,40,35,12336.08,4,5,5,高价值活跃
16161,2010-02-08 11:06:00,2011-12-08 12:10:00,43,14,12580.06,343.84,12236.22,1,43,12236.22,5,5,5,高价值活跃
12481,2010-04-11 13:10:00,2011-11-17 08:29:00,15,3,12185.51,144.36,12041.15,22,15,12041.15,4,5,5,高价值活跃
15144,2009-12-13 11:35:00,2011-12-01 15:12:00,29,4,12160.31,153.8,12006.51,8,29,12006.51,5,5,5,高价值活跃
12474,2010-02-11 09:41:00,2011-11-22 14:39:00,31,23,12372.75,424.0,11948.75,17,31,11948.75,5,5,5,高价值活跃
16814,2010-04-11 12:45:00,2011-11-25 13:27:00,36,1,11924.85,8.5,11916.35,14,36,11916.35,5,5,5,高价值活跃
14735,2009-12-04 11:32:00,2011-12-06 12:09:00,56,3,12240.16,330.45,11909.71,3,56,11909.71,5,5,5,高价值活跃
14543,2009-12-01 13:47:00,2011-11-11 12:45:00,39,11,14587.87,2682.16,11905.71,28,39,11905.71,4,5,5,高价值活跃
13687,2010-09-27 16:30:00,2010-09-27 16:30:00,1,0,11880.84,0.0,11880.84,438,1,11880.84,1,1,5,沉睡/低频
17044,2009-12-07 12:25:00,2011-11-14 14:28:00,12,4,11962.3,94.7,11867.6,25,12,11867.6,4,5,5,高价值活跃
13458,2010-11-16 14:01:00,2011-12-02 15:29:00,16,8,11959.27,108.65,11850.62,7,16,11850.62,5,5,5,高价值活跃
13854,2010-01-08 11:28:00,2011-12-01 09:06:00,39,6,11944.56,95.75,11848.81,8,39,11848.81,5,5,5,高价值活跃
16258,2010-03-10 14:19:00,2011-10-25 13:30:00,15,1,11942.52,109.0,11833.52,45,15,11833.52,4,5,5,高价值活跃
14415,2009-12-16 14:08:00,2011-12-08 14:38:00,23,9,11980.09,176.47,11803.62,1,23,11803.62,5,5,5,高价值活跃
17338,2010-03-10 16:09:00,2011-11-22 14:23:00,17,3,11889.33,106.0,11783.33,17,17,11783.33,5,5,5,高价值活跃
15194,2009-12-03 10:37:00,2011-12-06 15:10:00,28,11,12021.53,240.01,11781.52,3,28,11781.52,5,5,5,高价值活跃
16523,2010-01-24 13:14:00,2011-12-08 09:06:00,28,11,11916.33,155.79,11760.54,1,28,11760.54,5,5,5,高价值活跃
18226,2010-03-05 10:05:00,2011-10-26 13:36:00,26,12,11878.88,130.3,11748.58,44,26,11748.58,4,5,5,高价值活跃
15465,2009-12-10 09:42:00,2011-11-20 10:11:00,32,7,12100.4,429.5,11670.9,19,32,11670.9,5,5,5,高价值活跃
14505,2009-12-09 14:48:00,2011-11-22 15:45:00,19,8,11879.08,283.04,11596.04,17,19,11596.04,5,5,5,高价值活跃
17364,2009-12-07 15:28:00,2011-12-09 09:00:00,28,3,11972.92,385.87,11587.05,0,28,11587.05,5,5,5,高价值活跃
14739,2009-12-02 13:23:00,2011-12-05 16:54:00,25,3,11573.62,17.93,11555.69,4,25,11555.69,5,5,5,高价值活跃
12705,2010-06-24 09:51:00,2011-11-24 13:17:00,14,8,11762.1,208.1,11554.0,15,14,11554.0,5,5,5,高价值活跃
15023,2010-02-03 15:45:00,2011-12-06 17:23:00,20,3,11578.65,78.49,11500.16,3,20,11500.16,5,5,5,高价值活跃
13050,2009-12-15 15:06:00,2011-11-25 09:18:00,35,22,11986.52,522.09,11464.43,14,35,11464.43,5,5,5,高价值活跃
12567,2010-02-11 10:30:00,2011-11-17 11:02:00,15,2,11767.48,316.04,11451.44,22,15,11451.44,4,5,5,高价值活跃
15218,2010-01-26 11:33:00,2011-11-29 11:48:00,22,3,11468.83,60.57,11408.26,10,22,11408.26,5,5,5,高价值活跃
14016,2010-01-08 14:12:00,2011-07-01 11:29:00,11,2,11403.41,23.7,11379.71,161,11,11379.71,3,5,5,忠诚客户
12683,2009-12-13 15:01:00,2011-12-05 16:31:00,21,6,11633.7,278.18,11355.52,4,21,11355.52,5,5,5,高价值活跃
12668,2010-01-31 15:45:00,2011-11-28 10:56:00,10,2,11383.03,63.97,11319.06,11,10,11319.06,5,5,5,高价值活跃
13418,2009-12-11 12:51:00,2011-11-28 10:23:00,31,6,11559.66,317.44,11242.22,11,31,11242.22,5,5,5,高价值活跃
13576,2009-12-08 15:12:00,2011-11-29 15:34:00,28,4,11202.59,35.59,11167.0,10,28,11167.0,5,5,5,高价值活跃
13004,2009-12-15 09:44:00,2011-11-28 11:27:00,36,10,11650.85,506.86,11143.99,11,36,11143.99,5,5,5,高价值活跃
15874,2010-01-07 13:56:00,2011-10-07 12:31:00,21,4,11284.76,149.76,11135.0,63,21,11135.0,3,5,5,忠诚客户
14134,2009-12-10 09:25:00,2010-11-22 12:26:00,15,0,11123.35,0.0,11123.35,382,15,11123.35,2,5,5,高价值流失风险
13102,2010-05-06 13:12:00,2011-12-08 12:52:00,37,5,11380.1,256.8,11123.3,1,37,11123.3,5,5,5,高价值活跃
14426,2010-03-04 14:36:00,2011-11-16 12:25:00,17,10,11727.94,623.97,11103.97,23,17,11103.97,4,5,5,高价值活跃
12524,2010-02-08 14:41:00,2011-11-30 15:31:00,17,1,11126.11,34.75,11091.36,9,17,11091.36,5,5,5,高价值活跃
13013,2009-12-14 10:34:00,2011-12-08 15:01:00,29,2,11097.43,23.95,11073.48,1,29,11073.48,5,5,5,高价值活跃
18052,2010-05-24 11:11:00,2010-05-24 11:11:00,1,0,10877.18,0.0,10877.18,564,1,10877.18,1,1,5,沉睡/低频
15555,2009-12-06 11:58:00,2011-11-27 16:19:00,36,10,11243.91,368.27,10875.64,12,36,10875.64,5,5,5,高价值活跃
16985,2009-12-10 13:34:00,2011-11-22 13:33:00,23,3,10923.16,377.4,10545.76,17,23,10545.76,5,5,5,高价值活跃
15032,2009-12-10 15:27:00,2011-03-28 15:03:00,8,2,11010.05,495.0,10515.05,256,8,10515.05,2,4,5,高价值流失风险
16033,2010-08-11 16:44:00,2011-12-04 12:44:00,27,9,10608.81,143.74,10465.07,5,27,10465.07,5,5,5,高价值活跃
13324,2010-05-25 10:23:00,2011-11-03 16:28:00,18,5,10513.47,92.1,10421.37,36,18,10421.37,4,5,5,高价值活跃
15290,2010-02-24 10:15:00,2011-12-05 11:39:00,26,4,10496.28,140.7,10355.58,4,26,10355.58,5,5,5,高价值活跃
12431,2010-01-15 09:04:00,2011-11-04 11:55:00,27,6,10432.22,138.56,10293.66,35,27,10293.66,4,5,5,高价值活跃
16168,2009-12-03 12:38:00,2011-11-29 12:45:00,66,7,10360.67,97.39,10263.28,10,66,10263.28,5,5,5,高价值活跃
15296,2010-01-21 13:48:00,2011-10-20 11:47:00,12,8,10323.03,118.9,10204.13,50,12,10204.13,4,5,5,高价值活跃
17160,2009-12-04 10:57:00,2011-11-08 14:05:00,17,1,10209.16,7.8,10201.36,31,17,10201.36,4,5,5,高价值活跃
14422,2009-12-17 12:12:00,2011-12-09 11:26:00,19,2,10271.52,70.6,10200.92,0,19,10200.92,5,5,5,高价值活跃
16984,2010-03-07 15:34:00,2011-09-12 13:43:00,9,10,10350.53,155.38,10195.15,88,9,10195.15,3,5,5,忠诚客户
17448,2010-03-04 17:29:00,2010-07-30 14:07:00,46,8,14523.67,4361.29,10162.38,497,46,10162.38,1,5,5,高价值流失风险
18229,2009-12-03 14:42:00,2011-11-28 09:48:00,28,0,10150.51,0.0,10150.51,11,28,10150.51,5,5,5,高价值活跃
16327,2009-12-14 13:06:00,2011-11-25 13:23:00,16,4,10159.64,25.82,10133.82,14,16,10133.82,5,5,5,高价值活跃
15719,2009-12-01 12:47:00,2011-11-07 12:29:00,31,8,10195.97,77.1,10118.87,32,31,10118.87,4,5,5,高价值活跃
18055,2010-10-22 13:27:00,2011-12-02 14:25:00,14,1,10142.64,32.05,10110.59,7,14,10110.59,5,5,5,高价值活跃
15547,2009-12-06 13:40:00,2011-12-02 12:52:00,26,2,10057.05,13.5,10043.55,7,26,10043.55,5,5,5,高价值活跃
13985,2010-02-09 13:56:00,2011-12-05 17:06:00,22,2,10020.86,38.55,9982.31,4,22,9982.31,5,5,5,高价值活跃
14796,2009-12-14 15:06:00,2011-12-08 15:31:00,27,12,10169.33,196.57,9972.76,1,27,9972.76,5,5,5,高价值活跃
16182,2010-03-09 09:34:00,2011-09-28 13:23:00,9,0,9971.65,0.0,9971.65,72,9,9971.65,3,5,5,忠诚客户
14101,2010-03-28 13:36:00,2011-09-27 12:28:00,13,1,9961.93,19.8,9942.13,73,13,9942.13,3,5,5,忠诚客户
13680,2009-12-04 14:14:00,2011-12-08 13:47:00,12,1,11419.67,1520.11,9899.56,1,12,9899.56,5,5,5,高价值活跃
16131,2009-12-02 10:09:00,2011-10-19 11:53:00,12,3,9957.42,91.15,9866.27,51,12,9866.27,4,5,5,高价值活跃
12590,2011-05-12 14:46:00,2011-05-12 14:52:00,2,3,9864.26,10.78,9853.48,211,2,9853.48,2,2,5,沉睡/低频
14755,2009-12-03 16:51:00,2011-11-30 11:24:00,25,5,9972.55,121.1,9851.45,9,25,9851.45,5,5,5,高价值活跃
13941,2009-12-16 16:10:00,2011-11-18 09:43:00,15,2,10027.18,200.55,9826.63,21,15,9826.63,4,5,5,高价值活跃
12490,2009-12-01 12:52:00,2011-12-04 16:07:00,21,1,9823.64,5.0,9818.64,5,21,9818.64,5,5,5,高价值活跃
14828,2009-12-07 11:19:00,2011-05-27 10:16:00,13,1,9839.46,36.0,9803.46,196,13,9803.46,2,5,5,高价值流失风险
16353,2009-12-07 13:55:00,2011-12-06 12:23:00,38,3,9795.46,13.53,9781.93,3,38,9781.93,5,5,5,高价值活跃
12758,2009-12-01 14:40:00,2011-08-15 10:22:00,7,1,9903.24,124.24,9779.0,116,7,9779.0,3,4,5,忠诚客户
17306,2010-11-01 11:38:00,2011-11-29 12:14:00,21,2,9782.35,30.58,9751.77,10,21,9751.77,5,5,5,高价值活跃
13018,2010-03-01 12:34:00,2011-11-23 13:28:00,35,2,9763.16,20.35,9742.81,16,35,9742.81,5,5,5,高价值活跃
18260,2009-12-15 13:50:00,2011-06-20 12:37:00,23,9,9947.26,210.16,9737.1,172,23,9737.1,3,5,5,忠诚客户
15694,2009-12-07 15:43:00,2011-12-09 09:44:00,24,5,9978.48,244.35,9734.13,0,24,9734.13,5,5,5,高价值活跃
14085,2009-12-08 13:41:00,2011-12-07 13:46:00,33,1,9720.67,12.75,9707.92,2,33,9707.92,5,5,5,高价值活跃
14329,2009-12-16 15:31:00,2011-11-22 15:50:00,15,13,9887.62,191.7,9695.92,17,15,9695.92,5,5,5,高价值活跃
14944,2010-02-17 08:47:00,2011-11-10 09:10:00,19,5,9784.67,109.75,9674.92,29,19,9674.92,4,5,5,高价值活跃
15805,2009-12-10 12:57:00,2011-11-16 16:32:00,30,10,10148.93,480.31,9668.62,23,30,9668.62,4,5,5,高价值活跃
16701,2009-12-01 19:19:00,2011-12-01 11:10:00,26,8,9916.73,302.14,9614.59,8,26,9614.59,5,5,5,高价值活跃
17049,2010-03-04 10:23:00,2011-12-07 10:48:00,19,6,9942.53,353.7,9588.83,2,19,9588.83,5,5,5,高价值活跃
16782,2009-12-09 11:58:00,2011-11-29 13:20:00,38,12,9636.12,83.5,9552.62,10,38,9552.62,5,5,5,高价值活跃
14091,2010-01-10 13:41:00,2010-02-23 15:17:00,2,0,9530.08,0.0,9530.08,654,2,9530.08,1,2,5,沉睡/低频
12839,2009-12-07 09:18:00,2011-12-07 12:33:00,26,5,9669.12,143.9,9525.22,2,26,9525.22,5,5,5,高价值活跃
17315,2010-09-27 12:45:00,2011-12-08 12:15:00,43,6,9599.58,92.05,9507.53,1,43,9507.53,5,5,5,高价值活跃
12539,2009-12-23 13:00:00,2011-11-17 13:30:00,7,1,11214.75,1715.85,9498.9,22,7,9498.9,4,4,5,高价值活跃
14439,2010-01-21 14:01:00,2011-01-24 11:39:00,5,0,9443.04,0.0,9443.04,319,5,9443.04,2,4,5,高价值流失风险
13999,2009-12-05 12:42:00,2011-11-29 13:40:00,29,7,9502.26,64.25,9438.01,10,29,9438.01,5,5,5,高价值活跃
13599,2009-12-01 12:30:00,2011-12-08 16:10:00,33,19,9811.04,377.29,9433.75,1,33,9433.75,5,5,5,高价值活跃
13735,2009-12-13 13:31:00,2011-11-15 11:14:00,13,9,9762.77,340.41,9422.36,24,13,9422.36,4,5,5,高价值活跃
18109,2010-07-01 12:13:00,2011-12-08 11:36:00,38,7,9555.71,139.3,9416.41,1,38,9416.41,5,5,5,高价值活跃
15727,2010-01-24 12:12:00,2011-11-23 12:36:00,15,0,9371.71,0.0,9371.71,16,15,9371.71,5,5,5,高价值活跃
17811,2010-09-20 11:24:00,2011-12-05 13:46:00,47,13,9519.8,161.27,9358.53,4,47,9358.53,5,5,5,高价值活跃
14045,2010-01-08 10:08:00,2011-08-22 15:27:00,16,3,10986.63,1652.4,9334.23,109,16,9334.23,3,5,5,忠诚客户
15981,2010-03-29 10:07:00,2011-11-15 08:00:00,21,6,9362.77,94.7,9268.07,24,21,9268.07,4,5,5,高价值活跃
17809,2009-12-02 14:52:00,2011-11-23 12:59:00,20,4,10085.89,838.54,9247.35,16,20,9247.35,5,5,5,高价值活跃
17504,2010-02-08 09:22:00,2011-05-17 12:59:00,18,1,9490.17,251.75,9238.42,206,18,9238.42,2,5,5,高价值流失风险
13267,2009-12-07 16:56:00,2011-12-07 11:12:00,36,14,9429.81,232.15,9197.66,2,36,9197.66,5,5,5,高价值活跃
17230,2009-12-08 13:41:00,2011-03-20 16:12:00,18,5,9388.49,229.04,9159.45,264,18,9159.45,2,5,5,高价值流失风险
15249,2010-03-26 14:51:00,2011-11-08 11:45:00,18,3,9266.0,118.85,9147.15,31,18,9147.15,4,5,5,高价值活跃
14367,2011-03-08 14:12:00,2011-12-01 13:19:00,16,3,9227.82,93.7,9134.12,8,16,9134.12,5,5,5,高价值活跃
13162,2009-12-04 13:59:00,2011-08-09 15:59:00,16,3,9275.49,158.55,9116.94,122,16,9116.94,3,5,5,忠诚客户
16709,2009-12-09 13:16:00,2011-09-16 10:56:00,14,0,9056.01,0.0,9056.01,84,14,9056.01,3,5,5,忠诚客户
15939,2010-11-30 12:07:00,2011-09-11 11:30:00,16,1,9060.39,12.75,9047.64,89,16,9047.64,3,5,5,忠诚客户
13327,2009-12-18 15:35:00,2011-11-01 10:21:00,20,2,9134.48,138.45,8996.03,38,20,8996.03,4,5,5,高价值活跃
17757,2010-01-13 15:56:00,2011-12-08 15:31:00,56,4,9074.05,79.61,8994.44,1,56,8994.44,5,5,5,高价值活跃
15150,2010-06-14 12:01:00,2011-11-22 12:52:00,13,1,8977.94,10.5,8967.44,17,13,8967.44,5,5,5,高价值活跃
17068,2010-03-28 14:26:00,2011-11-27 13:14:00,47,2,8987.68,34.65,8953.03,12,47,8953.03,5,5,5,高价值活跃
14292,2010-03-19 11:10:00,2011-12-02 11:50:00,16,11,9226.25,338.35,8887.9,7,16,8887.9,5,5,5,高价值活跃
14060,2010-03-11 09:47:00,2011-12-05 12:29:00,30,2,8898.24,15.94,8882.3,4,30,8882.3,5,5,5,高价值活跃
12766,2010-10-28 09:29:00,2011-12-06 08:46:00,9,2,8918.99,41.85,8877.14,3,9,8877.14,5,5,5,高价值活跃
14709,2009-12-05 15:26:00,2011-11-24 15:41:00,25,2,8886.33,19.85,8866.48,15,25,8866.48,5,5,5,高价值活跃
15903,2010-01-14 10:57:00,2011-11-30 08:08:00,12,3,8939.84,80.02,8859.82,9,12,8859.82,5,5,5,高价值活跃
15867,2009-12-14 15:16:00,2011-12-04 13:32:00,31,4,8923.3,89.1,8834.2,5,31,8834.2,5,5,5,高价值活跃
14135,2009-12-02 08:58:00,2011-12-08 11:38:00,24,1,8839.67,38.87,8800.8,1,24,8800.8,5,5,5,高价值活跃
13555,2010-01-19 13:20:00,2011-09-27 12:36:00,13,3,8891.84,92.85,8798.99,73,13,8798.99,3,5,5,忠诚客户
12747,2009-12-07 13:23:00,2011-12-07 14:34:00,26,6,8898.48,111.95,8786.53,2,26,8786.53,5,5,5,高价值活跃
16532,2010-03-29 10:26:00,2011-11-22 11:08:00,5,0,8756.64,0.0,8756.64,17,5,8756.64,5,4,5,高价值活跃
16700,2009-12-02 10:51:00,2011-12-01 11:00:00,25,6,8830.77,83.65,8747.12,8,25,8747.12,5,5,5,高价值活跃
15260,2009-12-06 11:45:00,2011-08-31 13:55:00,25,5,8767.73,89.85,8677.88,100,25,8677.88,3,5,5,忠诚客户
16186,2009-12-09 15:36:00,2011-11-17 12:43:00,26,4,8718.43,42.2,8676.23,22,26,8676.23,4,5,5,高价值活跃
13263,2010-10-22 17:07:00,2011-12-08 13:59:00,39,0,8676.2,0.0,8676.2,1,39,8676.2,5,5,5,高价值活跃
15570,2010-03-28 14:04:00,2011-12-02 14:47:00,25,2,8736.49,64.05,8672.44,7,25,8672.44,5,5,5,高价值活跃
12359,2009-12-05 13:32:00,2011-10-13 12:47:00,10,4,8873.39,221.05,8652.34,57,10,8652.34,4,5,5,高价值活跃
15497,2009-12-18 15:08:00,2011-11-22 11:51:00,9,2,8657.39,13.93,8643.46,17,9,8643.46,5,5,5,高价值活跃
12957,2009-12-11 12:01:00,2011-11-30 09:53:00,13,8,8706.97,78.55,8628.42,9,13,8628.42,5,5,5,高价值活跃
13756,2009-12-15 15:18:00,2011-12-07 16:44:00,23,2,8655.95,60.3,8595.65,2,23,8595.65,5,5,5,高价值活跃
16550,2009-12-02 11:24:00,2011-08-23 11:12:00,18,11,8813.58,256.76,8556.82,108,18,8556.82,3,5,5,忠诚客户
13758,2009-12-01 10:06:00,2011-11-28 11:11:00,15,4,8698.13,153.84,8544.29,11,15,8544.29,5,5,5,高价值活跃
17576,2009-12-03 16:54:00,2011-12-01 17:56:00,41,4,8711.95,171.15,8540.8,8,41,8540.8,5,5,5,高价值活跃
16945,2009-12-09 11:33:00,2011-11-18 11:39:00,33,2,8548.16,17.5,8530.66,21,33,8530.66,4,5,5,高价值活跃
12798,2010-10-14 12:27:00,2011-11-29 15:52:00,4,0,8510.93,0.0,8510.93,10,4,8510.93,5,3,5,潜力客户
13269,2009-12-02 11:47:00,2011-12-08 14:53:00,28,2,8537.32,30.31,8507.01,1,28,8507.01,5,5,5,高价值活跃
13209,2010-01-24 14:30:00,2011-11-09 13:54:00,13,3,8509.51,71.45,8438.06,30,13,8438.06,4,5,5,高价值活跃
14160,2010-01-10 12:06:00,2010-04-08 14:30:00,7,0,8421.47,0.0,8421.47,610,7,8421.47,1,4,5,高价值流失风险
14286,2009-12-04 08:40:00,2011-11-16 10:34:00,7,5,8479.76,83.06,8396.7,23,7,8396.7,4,4,5,高价值活跃
18139,2011-11-21 14:06:00,2011-11-22 10:44:00,6,2,8438.34,45.12,8393.22,17,6,8393.22,5,4,5,高价值活跃
15786,2010-06-21 10:13:00,2011-10-24 14:13:00,5,4,8501.62,121.97,8379.65,46,5,8379.65,4,4,5,高价值活跃
13069,2010-06-14 14:27:00,2011-12-09 08:39:00,38,4,9284.45,935.66,8348.79,0,38,8348.79,5,5,5,高价值活跃
15281,2010-10-08 12:14:00,2011-10-12 09:10:00,16,6,8543.57,225.95,8317.62,58,16,8317.62,4,5,5,高价值活跃
15984,2009-12-01 13:38:00,2011-12-07 12:16:00,30,2,8393.02,88.2,8304.82,2,30,8304.82,5,5,5,高价值活跃
17686,2010-06-24 09:49:00,2011-12-02 15:39:00,9,0,8296.81,0.0,8296.81,7,9,8296.81,5,5,5,高价值活跃
14676,2010-03-10 09:30:00,2011-11-08 13:29:00,12,4,8356.79,71.3,8285.49,31,12,8285.49,4,5,5,高价值活跃
14057,2009-12-03 13:17:00,2011-11-16 10:32:00,22,1,8346.66,70.56,8276.1,23,22,8276.1,4,5,5,高价值活跃
12637,2010-06-14 13:36:00,2011-10-03 13:46:00,12,2,8283.81,68.65,8215.16,67,12,8215.16,3,5,5,忠诚客户
13206,2009-12-07 13:48:00,2010-11-04 16:50:00,13,2,8308.19,97.19,8211.0,400,13,8211.0,2,5,5,高价值流失风险
14146,2010-01-13 16:04:00,2011-12-01 10:18:00,12,1,9450.3,1241.43,8208.87,8,12,8208.87,5,5,5,高价值活跃
15034,2010-05-11 13:30:00,2011-11-24 12:11:00,14,3,8231.2,30.95,8200.25,15,14,8200.25,5,5,5,高价值活跃
13139,2010-09-28 09:12:00,2011-11-23 13:54:00,8,1,8202.98,9.15,8193.83,16,8,8193.83,5,4,5,高价值活跃
15998,2009-12-01 11:45:00,2011-11-03 12:45:00,16,5,8274.14,87.95,8186.19,36,16,8186.19,4,5,5,高价值活跃
13381,2009-12-01 15:19:00,2011-11-08 11:58:00,12,3,8224.37,39.35,8185.02,31,12,8185.02,4,5,5,高价值活跃
17396,2010-09-24 13:04:00,2011-10-31 14:12:00,14,2,8409.6,232.5,8177.1,39,14,8177.1,4,5,5,高价值活跃
17611,2009-12-01 13:29:00,2011-12-02 13:29:00,28,7,8337.53,166.6,8170.93,7,28,8170.93,5,5,5,高价值活跃
16722,2009-12-03 19:23:00,2011-11-22 13:28:00,22,4,8189.56,21.25,8168.31,17,22,8168.31,5,5,5,高价值活跃
17365,2010-02-01 11:56:00,2011-11-27 12:13:00,15,1,8184.49,19.15,8165.34,12,15,8165.34,5,5,5,高价值活跃
13715,2010-03-11 15:33:00,2011-03-03 19:21:00,17,4,8153.04,44.95,8108.09,281,17,8108.09,2,5,5,高价值流失风险
13047,2009-12-16 11:43:00,2011-11-08 12:06:00,24,18,8428.53,328.44,8100.09,31,24,8100.09,4,5,5,高价值活跃
16672,2011-03-18 10:15:00,2011-12-07 16:29:00,20,3,8134.94,41.35,8093.59,2,20,8093.59,5,5,5,高价值活跃
13426,2009-12-09 15:16:00,2011-12-09 08:59:00,22,2,8167.38,90.62,8076.76,0,22,8076.76,5,5,5,高价值活跃
15502,2010-06-03 11:12:00,2011-11-24 12:48:00,14,13,13003.87,4934.54,8069.33,15,14,8069.33,5,5,5,高价值活跃
14056,2011-02-28 15:19:00,2011-12-08 13:36:00,23,6,8152.71,90.25,8062.46,1,23,8062.46,5,5,5,高价值活跃
15955,2010-02-23 16:36:00,2011-11-15 14:15:00,22,3,8085.98,35.75,8050.23,24,22,8050.23,4,5,5,高价值活跃
17593,2009-12-04 14:35:00,2011-12-06 10:30:00,11,4,8092.32,51.8,8040.52,3,11,8040.52,5,5,5,高价值活跃
13148,2009-12-07 15:26:00,2011-11-10 15:23:00,26,10,8497.82,498.21,7999.61,29,26,7999.61,4,5,5,高价值活跃
13869,2010-01-17 14:53:00,2011-08-08 13:53:00,10,0,7996.87,0.0,7996.87,123,10,7996.87,3,5,5,忠诚客户
13174,2009-12-04 15:40:00,2011-11-23 14:35:00,12,0,7995.36,0.0,7995.36,16,12,7995.36,5,5,5,高价值活跃
15298,2009-12-08 17:04:00,2011-12-07 17:17:00,23,6,9061.77,1103.34,7958.43,2,23,7958.43,5,5,5,高价值活跃
16767,2010-04-28 16:49:00,2011-11-09 09:42:00,15,1,8056.76,102.0,7954.76,30,15,7954.76,4,5,5,高价值活跃
13448,2009-12-06 12:14:00,2011-11-23 12:33:00,13,6,8745.93,793.12,7952.81,16,13,7952.81,5,5,5,高价值活跃
18041,2010-01-14 10:04:00,2011-11-28 11:39:00,38,2,8018.77,82.73,7936.04,11,38,7936.04,5,5,5,高价值活跃
15482,2009-12-02 16:59:00,2011-11-24 10:46:00,19,5,14417.36,6484.73,7932.63,15,19,7932.63,5,5,5,高价值活跃
14525,2009-12-13 14:01:00,2011-11-20 11:37:00,17,4,8026.54,110.83,7915.71,19,17,7915.71,5,5,5,高价值活跃
12380,2010-02-15 12:05:00,2011-11-18 11:27:00,11,4,9676.3,1788.3,7888.0,21,11,7888.0,4,5,5,高价值活跃
12428,2011-03-01 09:33:00,2011-11-14 08:22:00,9,3,7956.46,79.26,7877.2,25,9,7877.2,4,5,5,高价值活跃
14291,2009-12-09 10:46:00,2011-12-08 10:26:00,23,2,7904.1,59.7,7844.4,1,23,7844.4,5,5,5,高价值活跃
12643,2010-04-07 14:16:00,2011-08-03 12:56:00,12,2,8304.82,469.52,7835.3,128,12,7835.3,3,5,5,忠诚客户
16303,2010-03-18 14:12:00,2011-11-14 10:49:00,7,2,7928.27,104.55,7823.72,25,7,7823.72,4,4,5,高价值活跃
13871,2009-12-20 13:09:00,2011-11-17 10:49:00,17,4,7885.85,80.9,7804.95,22,17,7804.95,4,5,5,高价值活跃
17409,2009-12-11 12:17:00,2011-06-08 10:36:00,10,0,7793.51,0.0,7793.51,184,10,7793.51,3,5,5,忠诚客户
16670,2009-12-10 15:28:00,2011-11-23 09:34:00,20,13,8030.15,243.49,7786.66,16,20,7786.66,5,5,5,高价值活跃
15544,2010-01-28 14:39:00,2011-11-30 16:43:00,20,6,7807.89,28.31,7779.58,9,20,7779.58,5,5,5,高价值活跃
12867,2009-12-16 16:25:00,2011-11-13 15:30:00,13,3,7829.26,50.6,7778.66,26,13,7778.66,4,5,5,高价值活跃
17730,2010-04-29 11:48:00,2011-12-06 15:43:00,20,3,7773.8,16.45,7757.35,3,20,7757.35,5,5,5,高价值活跃
14395,2010-04-18 13:12:00,2011-12-07 14:34:00,20,4,7801.93,47.2,7754.73,2,20,7754.73,5,5,5,高价值活跃
17739,2009-12-07 10:48:00,2011-11-28 09:12:00,18,2,7730.59,12.45,7718.14,11,18,7718.14,5,5,5,高价值活跃
17085,2009-12-06 12:16:00,2011-08-08 14:15:00,28,4,7847.67,134.0,7713.67,123,28,7713.67,3,5,5,忠诚客户
16592,2009-12-18 15:57:00,2011-12-05 13:49:00,28,6,7807.91,183.45,7624.46,4,28,7624.46,5,5,5,高价值活跃
16556,2009-12-07 10:51:00,2011-10-04 11:36:00,17,7,8012.58,402.35,7610.23,66,17,7610.23,3,5,5,忠诚客户
17426,2010-02-17 13:39:00,2011-12-01 18:07:00,13,4,8077.77,471.4,7606.37,8,13,7606.37,5,5,5,高价值活跃
13373,2009-12-06 12:34:00,2011-10-10 10:51:00,6,0,7587.19,0.0,7587.19,60,6,7587.19,3,4,5,忠诚客户
12720,2010-07-21 09:46:00,2011-12-07 08:03:00,30,11,7787.28,212.79,7574.49,2,30,7574.49,5,5,5,高价值活跃
13137,2010-07-25 15:40:00,2011-11-29 12:09:00,16,1,7586.94,45.33,7541.61,10,16,7541.61,5,5,5,高价值活跃
13141,2009-12-09 13:34:00,2011-09-16 09:54:00,17,4,7656.08,131.95,7524.13,84,17,7524.13,3,5,5,忠诚客户
14159,2009-12-03 12:31:00,2011-11-20 12:36:00,20,5,7860.8,366.13,7494.67,19,20,7494.67,5,5,5,高价值活跃
13709,2010-01-11 10:40:00,2011-12-06 10:28:00,18,4,7571.35,78.94,7492.41,3,18,7492.41,5,5,5,高价值活跃
17091,2009-12-16 15:45:00,2011-12-07 10:43:00,19,4,7495.75,33.6,7462.15,2,19,7462.15,5,5,5,高价值活跃
15179,2009-12-03 12:27:00,2011-11-21 12:53:00,13,4,7491.92,65.1,7426.82,18,13,7426.82,5,5,5,高价值活跃
14030,2009-12-10 17:27:00,2011-11-21 16:48:00,20,2,7521.8,116.7,7405.1,18,20,7405.1,5,5,5,高价值活跃
15046,2010-01-14 14:29:00,2011-11-30 15:50:00,25,3,7623.79,229.01,7394.78,9,25,7394.78,5,5,5,高价值活跃
17696,2009-12-10 17:09:00,2011-11-01 13:43:00,27,21,7679.59,298.7,7380.89,38,27,7380.89,4,5,5,高价值活跃
16242,2010-03-15 16:02:00,2011-12-01 15:12:00,14,4,7404.65,34.15,7370.5,8,14,7370.5,5,5,5,高价值活跃
14175,2010-03-22 10:43:00,2011-10-11 11:55:00,8,9,7678.88,328.44,7350.44,59,8,7350.44,3,4,5,忠诚客户
17238,2009-12-01 10:59:00,2011-12-07 11:35:00,32,0,7331.67,0.0,7331.67,2,32,7331.67,5,5,5,高价值活跃
13534,2010-07-07 15:00:00,2011-12-07 14:52:00,35,25,7720.9,396.4,7324.5,2,35,7324.5,5,5,5,高价值活跃
15622,2010-03-04 10:29:00,2011-10-27 16:44:00,17,13,7852.61,534.53,7318.08,43,17,7318.08,4,5,5,高价值活跃
13815,2010-02-12 10:26:00,2011-11-17 14:19:00,8,2,7475.74,189.95,7285.79,22,8,7285.79,4,4,5,高价值活跃
13082,2009-12-22 15:37:00,2011-08-05 16:16:00,21,4,7335.75,66.83,7268.92,126,21,7268.92,3,5,5,忠诚客户
14282,2010-02-15 11:22:00,2011-12-06 17:04:00,25,1,7250.76,5.0,7245.76,3,25,7245.76,5,5,5,高价值活跃
15270,2009-12-17 15:02:00,2011-11-24 09:24:00,21,10,8524.86,1283.67,7241.19,15,21,7241.19,5,5,5,高价值活跃
17602,2010-03-30 17:25:00,2011-12-07 13:53:00,14,4,7354.43,113.7,7240.73,2,14,7240.73,5,5,5,高价值活跃
16253,2009-12-08 17:24:00,2011-10-04 09:09:00,7,2,7272.2,33.24,7238.96,66,7,7238.96,3,4,5,忠诚客户
14092,2009-12-16 16:24:00,2011-12-02 12:13:00,24,3,7229.45,13.81,7215.64,7,24,7215.64,5,5,5,高价值活跃
14841,2009-12-02 16:49:00,2011-10-17 15:03:00,14,0,7163.0,0.0,7163.0,53,14,7163.0,4,5,5,高价值活跃
16745,2011-02-01 11:31:00,2011-09-14 11:58:00,17,1,7180.7,23.6,7157.1,86,17,7157.1,3,5,5,忠诚客户
14243,2010-08-20 13:41:00,2011-12-01 11:12:00,17,6,7217.75,65.69,7152.06,8,17,7152.06,5,5,5,高价值活跃
16729,2011-04-12 14:22:00,2011-11-01 14:29:00,21,5,7205.33,163.64,7041.69,38,21,7041.69,4,5,5,高价值活跃
13451,2010-03-21 16:13:00,2011-11-13 15:58:00,11,2,7090.06,70.95,7019.11,26,11,7019.11,4,5,5,高价值活跃
13183,2010-03-14 12:32:00,2011-12-02 10:30:00,15,3,7036.18,25.3,7010.88,7,15,7010.88,5,5,5,高价值活跃
14145,2010-04-08 09:47:00,2011-10-24 12:10:00,7,1,7600.05,594.0,7006.05,46,7,7006.05,4,4,5,高价值活跃
17231,2009-12-07 16:38:00,2011-11-27 15:18:00,25,10,7064.8,105.97,6958.83,12,25,6958.83,5,5,5,高价值活跃
17690,2010-02-03 14:26:00,2011-11-09 15:17:00,20,1,6963.8,9.5,6954.3,30,20,6954.3,4,5,5,高价值活跃
17769,2010-01-19 11:33:00,2011-11-27 11:18:00,17,4,7053.38,108.42,6944.96,12,17,6944.96,5,5,5,高价值活跃
16265,2010-10-28 15:18:00,2011-11-30 16:41:00,12,3,6935.17,41.55,6893.62,9,12,6893.62,5,5,5,高价值活跃
17965,2009-12-14 13:19:00,2011-11-02 09:31:00,29,4,7006.65,123.2,6883.45,37,29,6883.45,4,5,5,高价值活跃
15950,2010-01-26 11:39:00,2011-11-08 11:09:00,10,3,7120.91,242.2,6878.71,31,10,6878.71,4,5,5,高价值活跃
15301,2010-09-15 15:41:00,2011-10-20 09:57:00,17,2,6909.67,42.23,6867.44,50,17,6867.44,4,5,5,高价值活跃
15129,2010-04-08 17:15:00,2011-10-20 14:40:00,23,0,6860.18,0.0,6860.18,50,23,6860.18,4,5,5,高价值活跃
16570,2010-03-30 09:32:00,2011-11-24 17:02:00,20,11,7434.31,592.49,6841.82,15,20,6841.82,5,5,5,高价值活跃
16187,2011-02-28 13:34:00,2011-11-08 09:50:00,15,2,6911.44,70.2,6841.24,31,15,6841.24,4,5,5,高价值活跃
14800,2010-09-30 14:38:00,2011-10-23 12:46:00,17,6,7191.33,358.73,6832.6,47,17,6832.6,4,5,5,高价值活跃
18231,2010-01-10 12:13:00,2011-05-31 14:18:00,28,2,6854.17,32.8,6821.37,192,28,6821.37,2,5,5,高价值流失风险
16170,2010-02-18 13:50:00,2011-10-20 08:21:00,20,5,6869.0,55.33,6813.67,50,20,6813.67,4,5,5,高价值活跃
12841,2010-07-08 15:38:00,2011-12-05 11:13:00,40,2,6958.2,150.2,6808.0,4,40,6808.0,5,5,5,高价值活跃
12830,2011-06-21 10:53:00,2011-11-02 11:54:00,6,1,6814.64,66.24,6748.4,37,6,6748.4,4,4,5,高价值活跃
14401,2009-12-14 13:22:00,2011-12-05 13:30:00,22,3,6795.9,92.5,6703.4,4,22,6703.4,5,5,5,高价值活跃
16497,2009-12-03 14:11:00,2011-10-21 10:55:00,23,0,6695.28,0.0,6695.28,49,23,6695.28,4,5,5,高价值活跃
16145,2010-05-04 13:31:00,2011-12-01 10:33:00,19,10,6805.44,111.84,6693.6,8,19,6693.6,5,5,5,高价值活跃
13993,2009-12-03 11:57:00,2011-10-28 09:06:00,19,5,6775.71,85.35,6690.36,42,19,6690.36,4,5,5,高价值活跃
12417,2009-12-06 10:30:00,2011-12-06 14:52:00,20,7,6797.41,108.7,6688.71,3,20,6688.71,5,5,5,高价值活跃
14844,2010-04-12 12:50:00,2011-10-07 10:41:00,10,2,6702.43,14.0,6688.43,63,10,6688.43,3,5,5,忠诚客户
12662,2010-04-01 09:50:00,2011-12-09 11:59:00,20,2,6726.54,38.85,6687.69,0,20,6687.69,5,5,5,高价值活跃
14688,2010-09-09 12:35:00,2011-12-02 12:26:00,28,6,7190.42,523.49,6666.93,7,28,6666.93,5,5,5,高价值活跃
15521,2010-01-05 10:19:00,2011-10-30 13:42:00,16,8,7098.24,432.25,6665.99,40,16,6665.99,4,5,5,高价值活跃
14461,2010-01-18 12:48:00,2011-07-14 17:11:00,13,1,6676.91,15.9,6661.01,148,13,6661.01,3,5,5,忠诚客户
17001,2010-03-25 12:41:00,2011-12-09 09:38:00,19,0,6640.8,0.0,6640.8,0,19,6640.8,5,5,5,高价值活跃
17700,2009-12-01 11:37:00,2011-11-23 11:51:00,14,3,6679.97,39.25,6640.72,16,14,6640.72,5,5,5,高价值活跃
13953,2009-12-11 12:58:00,2011-12-02 16:04:00,12,0,6640.68,0.0,6640.68,7,12,6640.68,5,5,5,高价值活跃
13983,2009-12-09 13:53:00,2011-11-10 11:06:00,21,9,6753.89,115.04,6638.85,29,21,6638.85,4,5,5,高价值活跃
13384,2010-07-27 12:22:00,2011-11-09 11:04:00,11,4,6680.83,45.74,6635.09,30,11,6635.09,4,5,5,高价值活跃
16401,2010-06-02 13:13:00,2011-12-08 18:15:00,23,16,6849.15,220.16,6628.99,1,23,6628.99,5,5,5,高价值活跃
17975,2010-08-06 11:24:00,2011-11-24 13:27:00,24,2,6696.33,101.15,6595.18,15,24,6595.18,5,5,5,高价值活跃
13552,2010-02-19 13:28:00,2011-10-04 15:19:00,22,10,6948.92,360.29,6588.63,66,22,6588.63,3,5,5,忠诚客户
12613,2009-12-14 13:10:00,2011-10-13 14:59:00,10,3,6817.37,243.55,6573.82,57,10,6573.82,4,5,5,高价值活跃
15321,2010-02-03 09:47:00,2011-09-30 09:40:00,12,6,6709.73,136.33,6573.4,70,12,6573.4,3,5,5,忠诚客户
13831,2009-12-10 14:50:00,2011-11-23 15:41:00,18,2,6585.54,14.4,6571.14,16,18,6571.14,5,5,5,高价值活跃
17017,2009-12-03 13:22:00,2011-12-07 09:32:00,29,12,12576.99,6023.2,6553.79,2,29,6553.79,5,5,5,高价值活跃
12712,2009-12-09 10:46:00,2011-11-11 08:19:00,21,7,6723.03,201.25,6521.78,28,21,6521.78,4,5,5,高价值活跃
12836,2009-12-01 14:19:00,2011-10-11 15:10:00,15,2,6559.73,39.15,6520.58,59,15,6520.58,3,5,5,忠诚客户
14855,2010-04-08 10:30:00,2011-08-12 14:02:00,7,0,6520.3,0.0,6520.3,119,7,6520.3,3,4,5,忠诚客户
14221,2010-04-06 14:10:00,2011-10-28 13:42:00,17,2,6517.49,10.9,6506.59,42,17,6506.59,4,5,5,高价值活跃
12823,2010-01-29 12:52:00,2011-09-26 07:35:00,18,0,6501.5,0.0,6501.5,74,18,6501.5,3,5,5,忠诚客户
15980,2010-06-01 14:40:00,2011-09-12 09:41:00,7,2,6543.68,47.4,6496.28,88,7,6496.28,3,4,5,忠诚客户
13015,2010-04-15 16:35:00,2011-10-17 13:19:00,11,3,6579.78,120.7,6459.08,53,11,6459.08,4,5,5,高价值活跃
12626,2011-01-17 11:01:00,2011-11-16 16:06:00,9,4,6620.48,232.13,6388.35,23,9,6388.35,4,5,5,高价值活跃
16655,2010-01-31 15:40:00,2011-11-22 11:25:00,13,1,6423.26,35.1,6388.16,17,13,6388.16,5,5,5,高价值活跃
13520,2009-12-17 11:11:00,2011-10-12 10:20:00,11,4,6606.0,228.75,6377.25,58,11,6377.25,4,5,5,高价值活跃
12356,2010-10-11 09:42:00,2011-11-17 08:40:00,6,0,6371.73,0.0,6371.73,22,6,6371.73,4,4,5,高价值活跃
15750,2009-12-01 17:19:00,2011-12-07 12:34:00,18,6,6452.991,90.39,6362.601,2,18,6362.601,5,5,5,高价值活跃
13883,2009-12-08 17:26:00,2011-11-29 10:45:00,15,11,6560.02,217.28,6342.74,10,15,6342.74,5,5,5,高价值活跃
12843,2009-12-13 11:41:00,2011-10-05 12:09:00,30,4,6583.36,242.8,6340.56,65,30,6340.56,3,5,5,忠诚客户
12749,2010-07-06 15:05:00,2011-12-06 09:56:00,9,7,6897.36,568.87,6328.49,3,9,6328.49,5,5,5,高价值活跃
14227,2010-02-08 09:38:00,2011-11-13 15:48:00,15,7,6368.71,41.4,6327.31,26,15,6327.31,4,5,5,高价值活跃
13394,2009-12-01 11:58:00,2011-12-08 11:36:00,19,5,6621.7,297.82,6323.88,1,19,6323.88,5,5,5,高价值活跃
18094,2010-01-07 11:16:00,2011-09-19 09:28:00,13,2,6391.52,68.9,6322.62,81,13,6322.62,3,5,5,忠诚客户
12656,2010-05-26 09:00:00,2011-11-22 13:42:00,8,4,6407.83,87.05,6320.78,17,8,6320.78,5,4,5,高价值活跃
14702,2009-12-10 20:22:00,2011-12-08 19:29:00,29,3,6368.78,58.5,6310.28,1,29,6310.28,5,5,5,高价值活跃
13654,2009-12-02 11:43:00,2011-10-27 16:24:00,11,0,6308.0,0.0,6308.0,43,11,6308.0,4,5,5,高价值活跃
14562,2010-02-07 14:10:00,2011-12-06 11:05:00,26,4,6638.15,330.15,6308.0,3,26,6308.0,5,5,5,高价值活跃
14766,2010-06-06 11:11:00,2011-12-01 16:05:00,11,3,6375.73,73.85,6301.88,8,11,6301.88,5,5,5,高价值活跃
14388,2010-01-20 11:54:00,2011-11-29 13:32:00,16,4,6388.2,98.25,6289.95,10,16,6289.95,5,5,5,高价值活跃
12484,2010-01-27 16:41:00,2011-11-07 11:37:00,12,4,6354.1,66.3,6287.8,32,12,6287.8,4,5,5,高价值活跃
13590,2009-12-01 13:37:00,2011-11-28 12:54:00,18,3,6336.04,51.3,6284.74,11,18,6284.74,5,5,5,高价值活跃
12913,2009-12-01 12:18:00,2011-12-05 12:11:00,13,0,6283.24,0.0,6283.24,4,13,6283.24,5,5,5,高价值活跃
14154,2010-01-13 12:47:00,2011-04-14 16:26:00,8,2,6460.7,197.1,6263.6,239,8,6263.6,2,4,5,高价值流失风险
14004,2010-09-30 09:39:00,2011-10-27 14:40:00,11,0,6258.45,0.0,6258.45,43,11,6258.45,4,5,5,高价值活跃
16940,2009-12-08 13:08:00,2011-10-18 13:15:00,8,3,6427.66,182.25,6245.41,52,8,6245.41,4,4,5,高价值活跃
18245,2010-03-08 15:26:00,2011-12-02 14:48:00,20,3,6324.98,88.75,6236.23,7,20,6236.23,5,5,5,高价值活跃
15674,2009-12-08 17:08:00,2011-09-27 15:17:00,13,5,6948.23,730.38,6217.85,73,13,6217.85,3,5,5,忠诚客户
13615,2010-01-28 15:43:00,2011-01-25 08:21:00,8,4,6272.53,60.3,6212.23,318,8,6212.23,2,4,5,高价值流失风险
12497,2010-03-05 09:39:00,2011-09-19 12:29:00,3,1,6248.5,36.75,6211.75,81,3,6211.75,3,3,5,潜力客户
15673,2010-02-22 14:28:00,2011-09-12 16:12:00,9,1,6204.32,4.95,6199.37,88,9,6199.37,3,5,5,忠诚客户
13334,2010-02-25 12:21:00,2011-09-18 15:21:00,5,1,6201.8,6.75,6195.05,82,5,6195.05,3,4,5,忠诚客户
16938,2010-02-17 14:47:00,2011-12-01 10:20:00,9,1,6995.36,833.25,6162.11,8,9,6162.11,5,5,5,高价值活跃
12779,2009-12-03 07:25:00,2011-11-02 11:43:00,14,7,6474.11,315.51,6158.6,37,14,6158.6,4,5,5,高价值活跃
18118,2010-11-23 13:36:00,2011-11-29 11:32:00,29,6,6221.02,63.15,6157.87,10,29,6157.87,5,5,5,高价值活跃
14113,2009-12-08 07:42:00,2011-12-06 12:18:00,16,15,7092.61,935.86,6156.75,3,16,6156.75,5,5,5,高价值活跃
12429,2010-06-11 13:28:00,2011-11-30 17:22:00,8,1,6204.41,50.4,6154.01,9,8,6154.01,5,4,5,高价值活跃
17669,2010-04-01 18:48:00,2011-10-28 08:53:00,10,0,6142.35,0.0,6142.35,42,10,6142.35,4,5,5,高价值活跃
17799,2009-12-13 16:03:00,2011-11-17 15:16:00,20,3,6246.93,125.15,6121.78,22,20,6121.78,4,5,5,高价值活跃
13935,2010-02-25 16:01:00,2010-04-22 11:21:00,3,0,6116.92,0.0,6116.92,596,3,6116.92,1,3,5,高价值流失风险
14852,2010-03-05 14:51:00,2011-10-12 13:20:00,18,3,6132.43,23.55,6108.88,58,18,6108.88,4,5,5,高价值活跃
17419,2010-01-25 13:19:00,2011-11-28 13:47:00,18,2,6126.25,25.6,6100.65,11,18,6100.65,5,5,5,高价值活跃
13136,2009-12-08 18:30:00,2011-10-14 13:41:00,13,11,6274.56,176.66,6097.9,56,13,6097.9,4,5,5,高价值活跃
14390,2010-10-10 14:30:00,2011-11-29 13:49:00,13,5,6150.03,70.55,6079.48,10,13,6079.48,5,5,5,高价值活跃
13230,2010-03-18 20:02:00,2011-12-05 16:03:00,30,1,6120.01,43.56,6076.45,4,30,6076.45,5,5,5,高价值活跃
18061,2009-12-04 11:36:00,2011-11-18 11:20:00,28,1,6083.81,8.5,6075.31,21,28,6075.31,4,5,5,高价值活跃
12406,2010-01-11 14:04:00,2011-11-17 19:22:00,5,2,6390.36,318.15,6072.21,22,5,6072.21,4,4,5,高价值活跃
17509,2011-10-07 13:14:00,2011-10-13 10:26:00,8,3,6083.64,14.4,6069.24,57,8,6069.24,4,4,5,高价值活跃
13317,2009-12-13 11:11:00,2011-10-04 13:35:00,19,12,6486.091,417.56,6068.531,66,19,6068.531,3,5,5,忠诚客户
18178,2010-02-18 14:25:00,2011-08-03 09:30:00,11,4,6103.74,49.25,6054.49,128,11,6054.49,3,5,5,忠诚客户
12664,2009-12-13 10:28:00,2011-12-01 17:07:00,11,1,6070.04,18.0,6052.04,8,11,6052.04,5,5,5,高价值活跃
14560,2009-12-02 10:15:00,2011-12-02 15:22:00,44,2,6114.03,63.59,6050.44,7,44,6050.44,5,5,5,高价值活跃
16954,2010-01-18 14:49:00,2011-12-09 09:46:00,20,1,6081.88,44.55,6037.33,0,20,6037.33,5,5,5,高价值活跃
16103,2010-01-08 12:08:00,2011-12-02 14:16:00,22,5,6191.71,188.95,6002.76,7,22,6002.76,5,5,5,高价值活跃
16717,2009-12-07 15:55:00,2011-11-16 12:16:00,14,6,6663.68,676.27,5987.41,23,14,5987.41,4,5,5,高价值活跃
17873,2009-12-16 15:11:00,2011-09-20 16:41:00,18,2,6265.33,286.32,5979.01,80,18,5979.01,3,5,5,忠诚客户
17625,2009-12-15 11:49:00,2011-11-21 13:36:00,8,0,5978.9,0.0,5978.9,18,8,5978.9,5,4,5,高价值活跃
17819,2009-12-13 15:24:00,2011-09-29 10:52:00,12,1,6021.05,43.8,5977.25,71,12,5977.25,3,5,5,忠诚客户
12835,2009-12-03 12:13:00,2010-10-08 10:59:00,41,8,5996.83,24.64,5972.19,427,41,5972.19,1,5,5,高价值流失风险
14530,2010-01-21 11:25:00,2011-11-14 10:38:00,16,3,6088.87,120.25,5968.62,25,16,5968.62,4,5,5,高价值活跃
13266,2009-12-17 10:52:00,2011-11-28 14:39:00,19,11,6135.04,169.74,5965.3,11,19,5965.3,5,5,5,高价值活跃
14918,2010-04-08 11:18:00,2011-08-16 11:50:00,9,0,5955.81,0.0,5955.81,115,9,5955.81,3,5,5,忠诚客户
15372,2010-02-14 11:24:00,2011-07-25 16:39:00,8,2,6017.06,62.64,5954.42,137,8,5954.42,3,4,5,忠诚客户
14257,2010-03-01 15:36:00,2011-10-06 16:54:00,9,1,5954.45,12.45,5942.0,64,9,5942.0,3,5,5,忠诚客户
15755,2009-12-04 08:24:00,2011-11-29 14:57:00,17,3,5993.12,56.17,5936.95,10,17,5936.95,5,5,5,高价值活跃
16156,2009-12-02 17:06:00,2011-12-01 12:42:00,20,6,6188.18,264.79,5923.39,8,20,5923.39,5,5,5,高价值活跃
14180,2010-06-09 14:56:00,2011-11-29 10:56:00,33,9,6117.5,208.5,5909.0,10,33,5909.0,5,5,5,高价值活跃
16710,2009-12-04 13:41:00,2011-11-20 14:50:00,22,1,5921.35,12.75,5908.6,19,22,5908.6,5,5,5,高价值活跃
12455,2009-12-18 12:33:00,2011-09-27 15:31:00,10,0,5879.95,0.0,5879.95,73,10,5879.95,3,5,5,忠诚客户
12500,2010-02-04 15:05:00,2011-11-16 16:20:00,19,6,5955.21,82.9,5872.31,23,19,5872.31,4,5,5,高价值活跃
14440,2009-12-02 12:13:00,2011-12-01 15:42:00,13,2,5982.03,111.9,5870.13,8,13,5870.13,5,5,5,高价值活跃
17644,2010-02-16 08:44:00,2011-12-08 13:43:00,20,8,6028.6,164.06,5864.54,1,20,5864.54,5,5,5,高价值活跃
18065,2009-12-09 16:00:00,2011-12-04 10:30:00,29,3,5866.63,29.75,5836.88,5,29,5836.88,5,5,5,高价值活跃
15785,2009-12-15 16:28:00,2011-11-07 11:33:00,16,10,5969.93,144.6,5825.33,32,16,5825.33,4,5,5,高价值活跃
14535,2010-02-24 15:03:00,2011-10-10 15:39:00,9,2,5973.23,158.1,5815.13,60,9,5815.13,3,5,5,忠诚客户
17457,2009-12-07 14:52:00,2011-08-05 12:48:00,14,4,5984.81,185.8,5799.01,126,14,5799.01,3,5,5,忠诚客户
17146,2010-02-02 09:39:00,2011-08-26 12:44:00,13,3,5852.64,64.25,5788.39,105,13,5788.39,3,5,5,忠诚客户
13658,2010-02-05 13:17:00,2011-11-30 10:13:00,9,4,6025.5,253.43,5772.07,9,9,5772.07,5,5,5,高价值活跃
12910,2010-03-28 13:10:00,2011-11-16 14:28:00,13,1,5796.52,49.5,5747.02,23,13,5747.02,4,5,5,高价值活跃
13771,2010-02-25 12:37:00,2011-10-06 14:18:00,9,1,5728.82,2.75,5726.07,64,9,5726.07,3,5,5,忠诚客户
17672,2010-01-26 17:20:00,2011-10-20 14:18:00,7,2,5778.63,71.55,5707.08,50,7,5707.08,4,4,5,高价值活跃
14105,2009-12-18 16:57:00,2011-04-14 17:58:00,5,4,5988.83,284.85,5703.98,239,5,5703.98,2,4,5,高价值流失风险
14534,2010-03-15 14:16:00,2011-12-07 12:19:00,26,12,6187.66,484.69,5702.97,2,26,5702.97,5,5,5,高价值活跃
16458,2010-05-26 14:38:00,2011-12-07 09:34:00,30,0,5690.89,0.0,5690.89,2,30,5690.89,5,5,5,高价值活跃
13870,2010-02-08 12:08:00,2011-12-07 13:23:00,15,3,5712.08,22.24,5689.84,2,15,5689.84,5,5,5,高价值活跃
14099,2009-12-10 11:55:00,2011-11-23 13:53:00,20,2,5750.91,65.2,5685.71,16,20,5685.71,5,5,5,高价值活跃
16279,2010-04-22 14:09:00,2011-11-18 15:00:00,9,1,5698.28,12.9,5685.38,21,9,5685.38,4,5,5,高价值活跃
13157,2010-03-08 11:59:00,2011-10-21 13:50:00,9,1,5687.36,19.65,5667.71,49,9,5667.71,4,5,5,高价值活跃
16409,2009-12-13 15:38:00,2011-11-03 16:45:00,12,0,5652.74,0.0,5652.74,36,12,5652.74,4,5,5,高价值活跃
12727,2010-02-23 09:54:00,2011-11-29 11:46:00,10,2,5679.53,33.0,5646.53,10,10,5646.53,5,5,5,高价值活跃
17491,2010-04-28 11:57:00,2011-12-08 16:18:00,17,1,5653.67,16.95,5636.72,1,17,5636.72,5,5,5,高价值活跃
17651,2010-07-01 12:17:00,2011-11-28 10:29:00,16,6,5703.52,70.93,5632.59,11,16,5632.59,5,5,5,高价值活跃
13722,2010-03-03 14:13:00,2011-07-31 12:44:00,10,1,5635.41,6.25,5629.16,131,10,5629.16,3,5,5,忠诚客户
16003,2009-12-03 18:51:00,2011-11-10 09:57:00,10,0,5613.83,0.0,5613.83,29,10,5613.83,4,5,5,高价值活跃
13901,2010-01-05 09:29:00,2011-09-28 14:48:00,15,5,5676.34,77.0,5599.34,72,15,5599.34,3,5,5,忠诚客户
12633,2010-07-02 11:44:00,2011-10-12 11:40:00,7,3,5678.16,82.95,5595.21,58,7,5595.21,4,4,5,高价值活跃
16200,2009-12-02 15:04:00,2011-12-05 14:40:00,12,1,5608.1,13.5,5594.6,4,12,5594.6,5,5,5,高价值活跃
18145,2009-12-08 12:30:00,2011-11-27 11:22:00,11,1,5609.74,17.7,5592.04,12,11,5592.04,5,5,5,高价值活跃
16011,2009-12-01 12:02:00,2011-12-01 16:31:00,29,1,5601.01,13.45,5587.56,8,29,5587.56,5,5,5,高价值活跃
18075,2010-07-29 11:47:00,2011-11-16 15:21:00,20,11,5783.29,203.38,5579.91,23,20,5579.91,4,5,5,高价值活跃
16735,2009-12-08 09:24:00,2011-09-22 11:49:00,14,8,6217.41,638.55,5578.86,78,14,5578.86,3,5,5,忠诚客户
15854,2009-12-10 12:08:00,2011-12-05 13:39:00,21,0,5578.28,0.0,5578.28,4,21,5578.28,5,5,5,高价值活跃
15228,2010-07-28 10:21:00,2011-10-04 13:56:00,6,1,5580.27,9.75,5570.52,66,6,5570.52,3,4,5,忠诚客户
12615,2010-03-18 14:09:00,2011-12-07 15:02:00,8,3,5740.98,176.1,5564.88,2,8,5564.88,5,4,5,高价值活跃
17203,2010-11-16 12:52:00,2011-11-04 12:27:00,10,0,5564.09,0.0,5564.09,35,10,5564.09,4,5,5,高价值活跃
16316,2010-08-03 14:38:00,2011-10-06 13:48:00,13,6,5744.91,211.6,5533.31,64,13,5533.31,3,5,5,忠诚客户
14112,2010-02-23 14:16:00,2011-11-17 12:30:00,13,14,5834.59,310.08,5524.51,22,13,5524.51,4,5,5,高价值活跃
14210,2010-01-06 10:17:00,2011-08-26 12:36:00,16,5,5556.57,47.2,5509.37,105,16,5509.37,3,5,5,忠诚客户
15581,2009-12-02 12:19:00,2011-08-11 09:38:00,38,5,7480.4,1993.61,5486.79,120,38,5486.79,3,5,5,忠诚客户
14572,2010-03-28 13:47:00,2011-12-06 14:40:00,11,4,5526.88,41.9,5484.98,3,11,5484.98,5,5,5,高价值活跃
17092,2010-02-02 16:42:00,2011-10-20 19:51:00,11,3,5511.41,31.65,5479.76,50,11,5479.76,4,5,5,高价值活跃
14907,2010-04-16 13:40:00,2011-12-06 14:14:00,16,7,5547.72,71.1,5476.62,3,16,5476.62,5,5,5,高价值活跃
16992,2010-02-11 12:36:00,2011-11-29 11:50:00,13,2,5476.5,16.4,5460.1,10,13,5460.1,5,5,5,高价值活跃
14189,2010-11-16 09:28:00,2011-12-07 15:55:00,16,9,5503.15,49.77,5453.38,2,16,5453.38,5,5,5,高价值活跃
16609,2011-04-01 10:11:00,2011-11-24 13:32:00,7,2,5493.46,42.5,5450.96,15,7,5450.96,5,4,5,高价值活跃
14732,2009-12-09 10:48:00,2011-12-01 14:34:00,19,5,5517.07,69.55,5447.52,8,19,5447.52,5,5,5,高价值活跃
13593,2010-03-02 16:36:00,2011-08-23 13:35:00,14,2,5493.29,48.48,5444.81,108,14,5444.81,3,5,5,忠诚客户
13769,2009-12-16 11:59:00,2011-12-07 15:08:00,20,9,5478.12,33.79,5444.33,2,20,5444.33,5,5,5,高价值活跃
17069,2009-12-03 12:27:00,2011-11-11 17:13:00,14,7,5517.23,75.88,5441.35,28,14,5441.35,4,5,5,高价值活跃
17685,2010-02-11 13:44:00,2011-11-23 11:36:00,12,2,5454.95,15.0,5439.95,16,12,5439.95,5,5,5,高价值活跃
12480,2010-07-20 13:21:00,2011-11-11 14:52:00,7,1,5464.85,29.75,5435.1,28,7,5435.1,4,4,5,高价值活跃
17512,2009-12-10 19:35:00,2011-11-11 12:11:00,18,2,5467.82,35.55,5432.27,28,18,5432.27,4,5,5,高价值活跃
12378,2010-05-26 14:07:00,2011-08-02 10:34:00,2,0,5416.32,0.0,5416.32,129,2,5416.32,3,2,5,潜力客户
15299,2010-01-12 11:34:00,2011-10-03 14:19:00,10,5,6156.53,747.92,5408.61,67,10,5408.61,3,5,5,忠诚客户
14249,2010-01-29 14:21:00,2010-10-25 12:34:00,12,0,5400.461,0.0,5400.461,410,12,5400.461,2,5,5,高价值流失风险
13115,2010-04-19 13:29:00,2011-11-28 12:38:00,10,13,5494.7,115.25,5379.45,11,10,5379.45,5,5,5,高价值活跃
16607,2010-04-29 14:01:00,2011-11-22 10:24:00,25,4,5706.87,331.69,5375.18,17,25,5375.18,5,5,5,高价值活跃
14626,2009-12-10 14:57:00,2011-11-16 10:37:00,11,4,5410.92,36.15,5374.77,23,11,5374.77,4,5,5,高价值活跃
17719,2011-03-29 11:29:00,2011-11-02 10:36:00,15,3,5396.04,28.24,5367.8,37,15,5367.8,4,5,5,高价值活跃
17863,2010-02-25 12:01:00,2011-10-11 13:45:00,12,0,5360.48,0.0,5360.48,59,12,5360.48,3,5,5,忠诚客户
13362,2010-10-10 15:27:00,2011-11-30 14:41:00,7,3,5394.07,36.5,5357.57,9,7,5357.57,5,4,5,高价值活跃
15641,2009-12-06 15:31:00,2011-08-26 14:04:00,12,0,5345.55,0.0,5345.55,105,12,5345.55,3,5,5,忠诚客户
14459,2010-02-26 13:26:00,2011-07-07 13:35:00,2,1,5375.741,36.6,5339.141,155,2,5339.141,3,2,5,潜力客户
16008,2010-03-19 11:07:00,2011-11-16 10:32:00,15,0,5339.13,0.0,5339.13,23,15,5339.13,4,5,5,高价值活跃
16456,2010-03-29 11:16:00,2011-09-01 13:50:00,13,1,6000.94,677.5,5323.44,99,13,5323.44,3,5,5,忠诚客户
17584,2010-01-25 08:17:00,2011-12-02 17:12:00,6,1,5309.42,15.0,5294.42,7,6,5294.42,5,4,5,高价值活跃
13842,2010-02-16 15:54:00,2011-10-12 10:51:00,18,1,5319.34,24.95,5294.39,58,18,5294.39,4,5,5,高价值活跃
12362,2009-12-01 10:10:00,2011-12-06 15:40:00,11,3,5356.23,71.65,5284.58,3,11,5284.58,5,5,5,高价值活跃
15628,2009-12-13 13:39:00,2011-12-05 10:24:00,17,4,5333.08,48.9,5284.18,4,17,5284.18,5,5,5,高价值活跃
15514,2009-12-04 16:37:00,2011-11-27 14:40:00,18,2,6392.06,1116.27,5275.79,12,18,5275.79,5,5,5,高价值活跃
14442,2010-01-18 12:59:00,2011-05-19 11:36:00,7,5,5367.02,95.0,5272.02,204,7,5272.02,2,4,5,高价值流失风险
17204,2010-06-10 11:37:00,2011-06-17 14:46:00,9,6,5504.69,241.0,5263.69,175,9,5263.69,3,5,5,忠诚客户
15394,2009-12-15 19:05:00,2011-11-30 11:49:00,11,2,5286.8,35.4,5251.4,9,11,5251.4,5,5,5,高价值活跃
13931,2009-12-03 10:26:00,2011-09-05 10:12:00,11,1,5257.38,6.6,5250.78,95,11,5250.78,3,5,5,忠诚客户
13975,2010-02-02 13:13:00,2011-11-08 13:19:00,12,2,5256.4,31.55,5224.85,31,12,5224.85,4,5,5,高价值活跃
13014,2010-10-03 11:35:00,2011-11-29 12:27:00,11,7,5381.08,160.25,5220.83,10,11,5220.83,5,5,5,高价值活跃
15152,2010-01-07 15:15:00,2011-11-30 12:32:00,14,4,5263.83,65.86,5197.97,9,14,5197.97,5,5,5,高价值活跃
16393,2009-12-01 12:13:00,2011-12-07 12:51:00,23,7,5297.77,105.16,5192.61,2,23,5192.61,5,5,5,高价值活跃
15812,2009-12-15 13:40:00,2011-08-24 14:19:00,12,1,5201.47,15.3,5186.17,107,12,5186.17,3,5,5,忠诚客户
13763,2010-09-30 17:39:00,2011-10-07 15:13:00,3,3,5217.44,35.45,5181.99,63,3,5181.99,3,3,5,潜力客户
17612,2009-12-17 11:59:00,2011-10-17 14:59:00,18,14,5394.86,238.72,5156.14,53,18,5156.14,4,5,5,高价值活跃
17157,2009-12-04 13:00:00,2011-12-02 09:10:00,19,1,5151.9,12.45,5139.45,7,19,5139.45,5,5,5,高价值活跃
17838,2010-03-19 09:53:00,2011-11-13 11:20:00,13,2,5604.64,470.15,5134.49,26,13,5134.49,4,5,5,高价值活跃
14930,2010-04-12 11:22:00,2011-08-23 10:31:00,6,3,5236.73,109.99,5126.74,108,6,5126.74,3,4,5,忠诚客户
16308,2009-12-15 15:48:00,2011-11-02 11:24:00,7,0,5120.0,0.0,5120.0,37,7,5120.0,4,4,5,高价值活跃
17061,2011-04-21 13:29:00,2011-09-27 11:24:00,11,1,5232.23,116.1,5116.13,73,11,5116.13,3,5,5,忠诚客户
13107,2010-02-04 10:50:00,2011-10-26 14:52:00,9,6,5253.07,143.45,5109.62,44,9,5109.62,4,5,5,高价值活跃
15722,2010-03-09 15:05:00,2011-11-04 11:43:00,11,4,5234.0,138.05,5095.95,35,11,5095.95,4,5,5,高价值活跃
12625,2010-04-22 11:33:00,2011-05-12 09:54:00,4,1,5164.88,69.5,5095.38,211,4,5095.38,2,3,5,高价值流失风险
18198,2011-01-07 13:39:00,2011-12-05 14:49:00,17,4,5425.56,342.5,5083.06,4,17,5083.06,5,5,5,高价值活跃
17663,2010-03-04 11:42:00,2011-11-14 08:56:00,17,6,5175.83,94.79,5081.04,25,17,5081.04,4,5,5,高价值活跃
14713,2009-12-03 19:22:00,2011-11-30 16:26:00,21,4,5115.76,46.4,5069.36,9,21,5069.36,5,5,5,高价值活跃
12432,2011-06-20 13:27:00,2011-10-28 11:43:00,5,0,5059.32,0.0,5059.32,42,5,5059.32,4,4,5,高价值活跃
15443,2010-03-07 12:10:00,2011-12-08 10:40:00,14,2,5114.23,59.79,5054.44,1,14,5054.44,5,5,5,高价值活跃
12594,2010-03-03 13:51:00,2011-11-02 12:20:00,15,2,5090.11,45.6,5044.51,37,15,5044.51,4,5,5,高价值活跃
16153,2010-05-26 12:41:00,2011-10-21 10:50:00,11,2,5133.49,95.98,5037.51,49,11,5037.51,4,5,5,高价值活跃
16931,2010-11-07 13:24:00,2011-12-04 13:15:00,23,0,5032.22,0.0,5032.22,5,23,5032.22,5,5,5,高价值活跃
17861,2009-12-10 11:27:00,2011-12-06 16:21:00,18,4,5088.29,63.1,5025.19,3,18,5025.19,5,5,5,高价值活跃
15527,2009-12-15 17:31:00,2011-11-21 12:17:00,23,8,5554.89,533.86,5021.03,18,23,5021.03,5,5,5,高价值活跃
12759,2009-12-04 10:47:00,2011-10-18 14:49:00,8,0,5020.74,0.0,5020.74,52,8,5020.74,4,4,5,高价值活跃
15796,2010-03-31 13:10:00,2011-12-08 19:55:00,17,5,5171.63,155.88,5015.75,1,17,5015.75,5,5,5,高价值活跃
15367,2009-12-10 14:20:00,2011-10-13 14:13:00,11,2,5081.33,75.6,5005.73,57,11,5005.73,4,5,5,高价值活跃
12444,2011-06-21 14:00:00,2011-11-18 13:23:00,5,0,5005.46,0.0,5005.46,21,5,5005.46,4,4,5,高价值活跃
17084,2010-11-08 14:20:00,2011-11-04 14:54:00,3,1,5001.21,3.25,4997.96,35,3,4997.96,4,3,5,潜力客户
14493,2010-03-08 08:33:00,2011-12-02 16:14:00,10,4,5087.86,94.1,4993.76,7,10,4993.76,5,5,5,高价值活跃
14546,2009-12-06 13:10:00,2011-12-04 13:00:00,11,9,5184.84,196.87,4987.97,5,11,4987.97,5,5,5,高价值活跃
12562,2010-09-30 13:13:00,2011-12-01 17:20:00,9,0,4966.92,0.0,4966.92,8,9,4966.92,5,5,5,高价值活跃
17758,2010-05-20 13:18:00,2011-11-20 14:45:00,12,0,4964.03,0.0,4964.03,19,12,4964.03,5,5,5,高价值活跃
17469,2009-12-16 15:06:00,2011-11-23 13:15:00,17,5,5051.25,92.91,4958.34,16,17,4958.34,5,5,5,高价值活跃
14639,2010-02-16 12:35:00,2011-10-18 15:06:00,9,2,4978.96,32.15,4946.81,52,9,4946.81,4,5,5,高价值活跃
14209,2010-01-22 10:28:00,2011-11-29 10:18:00,15,4,4993.27,55.9,4937.37,10,15,4937.37,5,5,5,高价值活跃
15898,2009-12-11 16:11:00,2011-12-08 15:23:00,25,4,4996.45,61.95,4934.5,1,25,4934.5,5,5,5,高价值活跃
17346,2010-04-18 12:18:00,2011-12-06 12:18:00,26,1,4998.61,64.98,4933.63,3,26,4933.63,5,5,5,高价值活跃
15971,2009-12-08 09:46:00,2011-11-22 12:50:00,18,2,5902.83,972.4,4930.43,17,18,4930.43,5,5,5,高价值活跃
12708,2009-12-18 10:25:00,2011-11-10 09:52:00,18,12,5117.66,195.94,4921.72,29,18,4921.72,4,5,5,高价值活跃
12347,2010-10-31 14:20:00,2011-12-07 15:52:00,8,0,4921.53,0.0,4921.53,2,8,4921.53,5,4,5,高价值活跃
13198,2010-10-01 13:27:00,2011-11-29 15:17:00,8,4,4974.23,61.95,4912.28,10,8,4912.28,5,4,5,高价值活跃
18144,2009-12-16 15:57:00,2011-12-02 12:46:00,19,0,4892.95,0.0,4892.95,7,19,4892.95,5,5,5,高价值活跃
15332,2010-07-14 13:01:00,2010-12-08 14:43:00,6,0,4892.68,0.0,4892.68,366,6,4892.68,2,4,5,高价值流失风险
16986,2010-02-04 14:46:00,2011-11-10 11:55:00,11,0,4888.75,0.0,4888.75,29,11,4888.75,4,5,5,高价值活跃
12600,2009-12-07 13:37:00,2011-11-11 10:29:00,21,5,4967.42,88.13,4879.29,28,21,4879.29,4,5,5,高价值活跃
12688,2011-08-18 08:49:00,2011-08-18 08:49:00,1,0,4873.81,0.0,4873.81,113,1,4873.81,3,1,5,潜力客户
12700,2011-05-08 16:10:00,2011-12-02 10:47:00,4,2,4939.99,72.0,4867.99,7,4,4867.99,5,3,5,潜力客户
16686,2009-12-06 15:48:00,2011-10-23 13:49:00,16,2,4881.07,19.35,4861.72,47,16,4861.72,4,5,5,高价值活跃
14107,2009-12-09 14:20:00,2011-10-19 12:12:00,11,2,4877.3,23.6,4853.7,51,11,4853.7,4,5,5,高价值活跃
17449,2009-12-09 14:16:00,2011-12-07 16:56:00,13,1,4868.15,16.0,4852.15,2,13,4852.15,5,5,5,高价值活跃
17059,2010-01-26 14:43:00,2011-11-10 12:27:00,9,1,4864.57,17.7,4846.87,29,9,4846.87,4,5,5,高价值活跃
13562,2010-01-14 16:33:00,2011-09-19 10:51:00,8,0,4838.18,0.0,4838.18,81,8,4838.18,3,4,5,忠诚客户
16919,2010-08-19 15:28:00,2011-07-06 13:35:00,24,4,4909.66,72.1,4837.56,156,24,4837.56,3,5,5,忠诚客户
12449,2010-09-27 09:37:00,2011-11-17 13:46:00,6,0,4835.89,0.0,4835.89,22,6,4835.89,4,4,5,高价值活跃
12483,2010-01-31 13:28:00,2011-11-22 17:02:00,19,8,5097.18,273.71,4823.47,17,19,4823.47,5,5,5,高价值活跃
13044,2010-01-08 14:46:00,2011-02-21 15:20:00,11,2,4848.05,29.7,4818.35,291,11,4818.35,2,5,5,高价值流失风险
13875,2009-12-17 10:30:00,2011-10-17 09:36:00,14,0,4814.37,0.0,4814.37,53,14,4814.37,4,5,5,高价值活跃
17802,2009-12-13 13:39:00,2011-09-18 14:56:00,10,6,4946.22,137.28,4808.94,82,10,4808.94,3,5,5,忠诚客户
13021,2009-12-05 12:02:00,2011-12-05 16:37:00,17,7,4887.24,80.58,4806.66,4,17,4806.66,5,5,5,高价值活跃
15379,2010-11-04 11:59:00,2011-06-23 13:13:00,8,1,4877.84,71.4,4806.44,169,8,4806.44,3,4,5,忠诚客户
13495,2009-12-07 12:12:00,2011-12-02 11:21:00,10,3,4863.31,72.9,4790.41,7,10,4790.41,5,5,5,高价值活跃
17519,2009-12-01 09:57:00,2011-11-22 16:43:00,15,2,4774.17,6.67,4767.5,17,15,4767.5,5,5,5,高价值活跃
17213,2009-12-15 10:28:00,2011-10-30 14:53:00,13,7,4869.4,103.37,4766.03,40,13,4766.03,4,5,5,高价值活跃
15529,2010-11-10 14:26:00,2011-11-17 11:29:00,12,1,4783.66,27.45,4756.21,22,12,4756.21,4,5,5,高价值活跃
14081,2009-12-10 18:27:00,2011-02-10 16:17:00,10,6,4867.57,120.05,4747.52,302,10,4747.52,2,5,5,高价值流失风险
17652,2011-03-03 14:05:00,2011-11-14 12:55:00,12,6,4867.72,130.59,4737.13,25,12,4737.13,4,5,5,高价值活跃
12955,2011-03-17 09:03:00,2011-12-08 16:29:00,11,3,4757.16,22.9,4734.26,1,11,4734.26,5,5,5,高价值活跃
15606,2010-03-02 14:48:00,2011-10-09 15:47:00,17,2,5230.99,497.52,4733.47,61,17,4733.47,3,5,5,忠诚客户
17082,2009-12-15 11:25:00,2011-11-06 15:17:00,6,0,4732.03,0.0,4732.03,33,6,4732.03,4,4,5,高价值活跃
14191,2009-12-11 10:48:00,2011-12-08 09:23:00,15,2,4817.66,104.25,4713.41,1,15,4713.41,5,5,5,高价值活跃
13988,2010-03-24 11:05:00,2011-11-20 10:15:00,8,3,4757.8,49.16,4708.64,19,8,4708.64,5,4,5,高价值活跃
13659,2010-02-17 09:05:00,2011-05-18 12:37:00,12,5,4884.68,178.25,4706.43,205,12,4706.43,2,5,5,高价值流失风险
12395,2010-04-16 10:16:00,2011-11-20 15:21:00,15,3,4721.17,20.35,4700.82,19,15,4700.82,5,5,5,高价值活跃
14825,2010-04-06 14:14:00,2011-12-06 11:38:00,24,3,4735.08,38.8,4696.28,3,24,4696.28,5,5,5,高价值活跃
15410,2010-04-19 08:57:00,2011-09-16 14:47:00,10,0,4685.72,0.0,4685.72,84,10,4685.72,3,5,5,忠诚客户
17829,2010-02-22 15:39:00,2011-02-14 12:46:00,5,1,4756.74,76.32,4680.42,298,5,4680.42,2,4,5,高价值流失风险
16905,2009-12-10 20:04:00,2011-12-04 14:01:00,17,3,4706.77,29.65,4677.12,5,17,4677.12,5,5,5,高价值活跃
16904,2010-10-24 16:03:00,2011-12-05 13:10:00,21,0,4675.36,0.0,4675.36,4,21,4675.36,5,5,5,高价值活跃
13329,2009-12-04 15:41:00,2011-11-08 10:29:00,8,6,4808.77,135.95,4672.82,31,8,4672.82,4,4,5,高价值活跃
15187,2011-05-11 13:49:00,2011-12-08 11:56:00,16,2,4777.18,107.1,4670.08,1,16,4670.08,5,5,5,高价值活跃
14235,2010-03-30 13:36:00,2011-09-25 14:37:00,9,1,4717.99,51.0,4666.99,75,9,4666.99,3,5,5,忠诚客户
15485,2009-12-01 17:31:00,2011-11-09 14:31:00,7,1,4810.92,147.0,4663.92,30,7,4663.92,4,4,5,高价值活跃
15123,2010-03-16 09:49:00,2011-12-02 13:12:00,5,0,4656.17,0.0,4656.17,7,5,4656.17,5,4,5,高价值活跃
13124,2010-11-19 15:50:00,2011-09-11 12:45:00,4,0,4641.66,0.0,4641.66,89,4,4641.66,3,3,5,潜力客户
17400,2009-12-17 15:41:00,2011-08-05 15:38:00,8,0,4623.28,0.0,4623.28,126,8,4623.28,3,4,5,忠诚客户
15484,2009-12-05 15:18:00,2011-12-08 15:03:00,6,1,4652.1,31.2,4620.9,1,6,4620.9,5,4,5,高价值活跃
18097,2009-12-17 11:06:00,2011-12-02 11:16:00,11,3,4627.92,11.15,4616.77,7,11,4616.77,5,5,5,高价值活跃
15245,2010-04-23 14:23:00,2011-07-28 18:56:00,8,0,4610.84,0.0,4610.84,134,8,4610.84,3,4,5,忠诚客户
17402,2009-12-16 17:40:00,2011-12-05 10:15:00,23,3,4635.56,34.15,4601.41,4,23,4601.41,5,5,5,高价值活跃
16326,2010-01-28 13:23:00,2011-12-04 10:11:00,24,2,4721.25,120.0,4601.25,5,24,4601.25,5,5,5,高价值活跃
13971,2010-01-26 09:51:00,2011-11-21 12:06:00,14,4,4667.57,73.74,4593.83,18,14,4593.83,5,5,5,高价值活跃
12578,2010-09-22 11:19:00,2011-11-18 13:30:00,4,3,4642.45,70.0,4572.45,21,4,4572.45,4,3,5,潜力客户
15416,2010-02-01 11:55:00,2011-10-06 09:38:00,7,2,4572.82,18.17,4554.65,64,7,4554.65,3,4,5,忠诚客户
12553,2010-10-12 13:35:00,2011-12-01 16:38:00,12,5,4608.75,59.93,4548.82,8,12,4548.82,5,5,5,高价值活跃
17508,2009-12-07 11:46:00,2011-03-04 08:10:00,8,1,4579.23,32.45,4546.78,280,8,4546.78,2,4,5,高价值流失风险
13571,2009-12-08 13:02:00,2011-11-27 10:47:00,26,0,4537.26,0.0,4537.26,12,26,4537.26,5,5,5,高价值活跃
12782,2010-07-08 13:31:00,2011-12-05 09:16:00,11,3,4618.24,92.2,4526.04,4,11,4526.04,5,5,5,高价值活跃
17567,2010-09-24 10:48:00,2011-12-02 15:48:00,9,2,4838.08,318.92,4519.16,7,9,4519.16,5,5,5,高价值活跃
17442,2010-02-15 15:54:00,2011-11-03 09:17:00,15,8,4620.3,102.6,4517.7,36,15,4517.7,4,5,5,高价值活跃
13851,2010-01-29 11:54:00,2011-09-05 12:36:00,8,1,4606.46,89.7,4516.76,95,8,4516.76,3,4,5,忠诚客户
17314,2009-12-03 11:25:00,2011-11-15 09:41:00,17,5,4904.43,389.73,4514.7,24,17,4514.7,4,5,5,高价值活跃
17308,2010-09-13 09:35:00,2010-11-11 13:19:00,2,0,4511.76,0.0,4511.76,393,2,4511.76,2,2,5,沉睡/低频
16143,2009-12-10 09:44:00,2011-12-06 14:13:00,12,4,4555.08,43.95,4511.13,3,12,4511.13,5,5,5,高价值活跃
13527,2010-01-21 12:37:00,2011-11-06 12:04:00,12,2,4541.29,33.7,4507.59,33,12,4507.59,4,5,5,高价值活跃
13958,2009-12-05 13:12:00,2010-11-25 10:11:00,8,4,4709.23,204.45,4504.78,379,8,4504.78,2,4,5,高价值流失风险
18257,2010-02-18 16:20:00,2011-10-31 14:48:00,12,6,4600.15,103.35,4496.8,39,12,4496.8,4,5,5,高价值活跃
17613,2011-02-07 11:20:00,2011-11-17 10:51:00,14,3,4544.55,49.78,4494.77,22,14,4494.77,4,5,5,高价值活跃
13510,2009-12-21 11:53:00,2011-12-08 13:46:00,11,6,4558.29,69.9,4488.39,1,11,4488.39,5,5,5,高价值活跃
14032,2009-12-14 12:02:00,2011-12-07 15:23:00,16,9,4546.41,64.2,4482.21,2,16,4482.21,5,5,5,高价值活跃
13634,2010-01-10 14:26:00,2011-11-06 13:40:00,16,1,5033.77,553.92,4479.85,33,16,4479.85,4,5,5,高价值活跃
12627,2011-07-22 13:59:00,2011-11-29 12:07:00,7,0,4478.53,0.0,4478.53,10,7,4478.53,5,4,5,高价值活跃
17596,2009-12-15 13:21:00,2011-11-16 14:11:00,13,1,4491.46,13.35,4478.11,23,13,4478.11,4,5,5,高价值活跃
13491,2009-12-07 08:24:00,2011-10-19 08:32:00,27,0,4467.66,0.0,4467.66,51,27,4467.66,4,5,5,高价值活跃
15271,2010-08-05 14:57:00,2011-12-02 14:11:00,24,2,4528.54,70.25,4458.29,7,24,4458.29,5,5,5,高价值活跃
16255,2010-01-24 12:21:00,2011-11-23 12:40:00,15,4,4530.0,72.41,4457.59,16,15,4457.59,5,5,5,高价值活跃
17220,2010-01-20 11:57:00,2011-11-15 13:47:00,21,0,4457.31,0.0,4457.31,24,21,4457.31,4,5,5,高价值活跃
12916,2010-01-24 11:26:00,2011-07-24 10:35:00,7,1,4479.73,23.8,4455.93,138,7,4455.93,3,4,5,忠诚客户
15764,2010-08-18 13:58:00,2011-09-12 17:58:00,8,6,4503.08,49.8,4453.28,88,8,4453.28,3,4,5,忠诚客户
15122,2010-03-30 14:05:00,2011-08-17 16:48:00,11,5,4487.27,36.05,4451.22,114,11,4451.22,3,5,5,忠诚客户
18069,2010-02-28 16:14:00,2011-11-13 16:03:00,11,2,4464.92,14.85,4450.07,26,11,4450.07,4,5,5,高价值活跃
13435,2010-07-27 16:56:00,2011-12-04 14:45:00,9,2,4447.33,15.4,4431.93,5,9,4431.93,5,5,5,高价值活跃
18093,2010-03-31 10:27:00,2011-09-07 15:43:00,8,1,4452.71,23.1,4429.61,93,8,4429.61,3,4,5,忠诚客户
14625,2009-12-16 13:23:00,2011-05-27 15:32:00,11,7,4497.88,68.7,4429.18,196,11,4429.18,2,5,5,高价值流失风险
16320,2010-01-27 13:29:00,2011-06-20 15:25:00,6,2,5628.99,1200.14,4428.85,172,6,4428.85,3,4,5,忠诚客户
14341,2009-12-01 12:20:00,2011-10-25 15:48:00,18,2,4452.02,23.85,4428.17,45,18,4428.17,4,5,5,高价值活跃
18064,2010-02-01 15:01:00,2011-07-29 16:39:00,11,4,4481.83,53.85,4427.98,133,11,4427.98,3,5,5,忠诚客户
14701,2010-01-24 12:15:00,2011-11-29 12:38:00,15,3,4487.11,63.15,4423.96,10,15,4423.96,5,5,5,高价值活跃
16546,2010-09-23 15:43:00,2011-02-22 11:20:00,5,2,5307.07,886.03,4421.04,290,5,4421.04,2,4,5,高价值流失风险
17138,2010-02-04 14:19:00,2011-03-09 11:54:00,7,0,4417.27,0.0,4417.27,275,7,4417.27,2,4,5,高价值流失风险
12598,2010-03-01 09:58:00,2011-11-30 12:18:00,11,4,4534.09,119.42,4414.67,9,11,4414.67,5,5,5,高价值活跃
16912,2009-12-09 12:32:00,2011-11-11 12:18:00,15,3,4460.51,46.71,4413.8,28,15,4413.8,4,5,5,高价值活跃
12349,2010-04-29 13:20:00,2011-11-21 09:51:00,4,1,4428.69,24.15,4404.54,18,4,4404.54,5,3,5,潜力客户
16563,2009-12-01 18:35:00,2011-10-17 11:51:00,6,1,4412.56,10.2,4402.36,53,6,4402.36,4,4,5,高价值活跃
15203,2009-12-08 18:06:00,2011-11-14 08:16:00,15,0,4400.18,0.0,4400.18,25,15,4400.18,4,5,5,高价值活跃
17754,2009-12-11 15:52:00,2011-12-09 11:20:00,13,3,4451.22,68.14,4383.08,0,13,4383.08,5,5,5,高价值活跃
16626,2011-03-18 12:27:00,2011-12-09 11:56:00,17,3,4413.1,33.45,4379.65,0,17,4379.65,5,5,5,高价值活跃
14648,2009-12-10 13:59:00,2010-10-19 13:12:00,15,4,4466.65,88.65,4378.0,416,15,4378.0,1,5,5,高价值流失风险
14514,2009-12-13 13:21:00,2011-10-09 16:05:00,9,1,4380.04,4.25,4375.79,61,9,4375.79,3,5,5,忠诚客户
14441,2010-01-18 10:40:00,2011-12-09 09:07:00,11,8,4611.69,241.6,4370.09,0,11,4370.09,5,5,5,高价值活跃
12752,2011-09-19 13:32:00,2011-09-19 13:32:00,1,0,4366.78,0.0,4366.78,81,1,4366.78,3,1,5,潜力客户
17188,2009-12-08 19:16:00,2011-11-28 13:53:00,13,4,4592.93,231.1,4361.83,11,13,4361.83,5,5,5,高价值活跃
13297,2010-06-15 12:35:00,2011-12-02 09:32:00,7,1,4368.62,15.95,4352.67,7,7,4352.67,5,4,5,高价值活跃
17050,2010-01-26 14:54:00,2011-09-04 13:48:00,11,1,4648.59,300.13,4348.46,96,11,4348.46,3,5,5,忠诚客户
18272,2010-03-04 12:53:00,2011-12-07 12:43:00,9,2,4385.98,38.65,4347.33,2,9,4347.33,5,5,5,高价值活跃
12917,2009-12-09 14:22:00,2011-08-03 16:42:00,6,2,4359.2,29.7,4329.5,128,6,4329.5,3,4,5,忠诚客户
13523,2010-11-02 14:55:00,2011-11-06 15:11:00,6,1,4534.57,209.5,4325.07,33,6,4325.07,4,4,5,高价值活跃
15240,2009-12-05 14:57:00,2011-10-26 09:50:00,12,8,4459.98,139.53,4320.45,44,12,4320.45,4,5,5,高价值活跃
12370,2010-02-09 09:41:00,2011-10-19 14:51:00,7,0,4316.56,0.0,4316.56,51,7,4316.56,4,4,5,高价值活跃
12928,2010-06-08 10:16:00,2011-11-04 14:24:00,12,0,4304.89,0.0,4304.89,35,12,4304.89,4,5,5,高价值活跃
14211,2009-12-09 12:48:00,2011-10-17 13:23:00,18,8,4402.29,100.6,4301.69,53,18,4301.69,4,5,5,高价值活跃
17937,2010-12-12 14:43:00,2011-12-01 11:45:00,7,0,4301.22,0.0,4301.22,8,7,4301.22,5,4,5,高价值活跃
14277,2009-12-13 15:43:00,2011-11-24 15:01:00,9,5,17197.61,12901.34,4296.27,15,9,4296.27,5,5,5,高价值活跃
17372,2009-12-03 18:41:00,2011-10-30 11:37:00,28,3,4347.31,52.13,4295.18,40,28,4295.18,4,5,5,高价值活跃
13880,2010-05-26 14:29:00,2011-11-18 13:44:00,17,0,4293.86,0.0,4293.86,21,17,4293.86,4,5,5,高价值活跃
14334,2010-05-20 10:04:00,2011-11-23 10:01:00,12,2,4318.48,25.5,4292.98,16,12,4292.98,5,5,5,高价值活跃
12454,2010-10-14 17:33:00,2011-10-14 17:13:00,5,4,16679.78,12387.07,4292.71,56,5,4292.71,4,4,5,高价值活跃
16125,2009-12-14 15:38:00,2010-12-07 15:48:00,14,0,4292.35,0.0,4292.35,367,14,4292.35,2,5,5,高价值流失风险
17191,2009-12-01 16:34:00,2011-11-11 16:58:00,15,1,4310.34,25.5,4284.84,28,15,4284.84,4,5,5,高价值活跃
13505,2011-04-21 12:07:00,2011-09-28 11:56:00,4,4,4393.63,110.75,4282.88,72,4,4282.88,3,3,5,潜力客户
14854,2010-01-22 09:48:00,2011-09-22 17:00:00,11,3,4303.06,20.69,4282.37,78,11,4282.37,3,5,5,忠诚客户
14307,2009-12-07 13:06:00,2011-09-12 09:38:00,10,1,4287.92,7.95,4279.97,88,10,4279.97,3,5,5,忠诚客户
12408,2010-07-29 13:27:00,2011-11-07 12:27:00,8,6,4340.77,61.13,4279.64,32,8,4279.64,4,4,5,高价值活跃
16081,2010-02-03 12:46:00,2011-10-14 13:06:00,8,0,4278.96,0.0,4278.96,56,8,4278.96,4,4,5,高价值活跃
15845,2010-01-26 14:44:00,2011-11-22 09:42:00,11,3,4426.28,152.63,4273.65,17,11,4273.65,5,5,5,高价值活跃
14466,2009-12-13 15:44:00,2011-11-10 14:07:00,13,0,4267.15,0.0,4267.15,29,13,4267.15,4,5,5,高价值活跃
16283,2010-02-28 14:12:00,2011-12-04 12:08:00,8,4,4350.32,92.45,4257.87,5,8,4257.87,5,4,5,高价值活跃
16118,2010-02-25 09:40:00,2010-02-25 09:40:00,1,4,4376.25,120.82,4255.43,652,1,4255.43,1,1,5,沉睡/低频
16293,2009-12-11 09:58:00,2011-11-18 09:58:00,15,4,4279.2,25.75,4253.45,21,15,4253.45,4,5,5,高价值活跃
17930,2010-03-04 10:41:00,2011-11-04 10:23:00,13,2,4275.22,32.3,4242.92,35,13,4242.92,4,5,5,高价值活跃
14685,2009-12-13 11:32:00,2010-05-12 13:08:00,8,5,4536.64,295.48,4241.16,576,8,4241.16,1,4,5,高价值流失风险
16712,2010-11-03 15:45:00,2011-11-30 13:48:00,13,0,4232.87,0.0,4232.87,9,13,4232.87,5,5,5,高价值活跃
14001,2010-08-03 12:49:00,2011-10-25 10:31:00,9,1,4228.85,12.75,4216.1,45,9,4216.1,4,5,5,高价值活跃
12360,2010-02-22 09:32:00,2011-10-18 15:22:00,8,1,4252.89,40.0,4212.89,52,8,4212.89,4,4,5,高价值活跃
14290,2009-12-08 11:44:00,2011-11-28 14:02:00,8,6,4516.56,307.63,4208.93,11,8,4208.93,5,4,5,高价值活跃
12757,2011-05-12 19:01:00,2011-11-24 12:30:00,13,6,7834.65,3629.4,4205.25,15,13,4205.25,5,5,5,高价值活跃
18079,2010-08-05 12:19:00,2011-10-25 15:27:00,5,0,4203.93,0.0,4203.93,45,5,4203.93,4,4,5,高价值活跃
14239,2009-12-05 12:36:00,2011-10-27 14:40:00,21,3,4263.17,59.45,4203.72,43,21,4203.72,4,5,5,高价值活跃
12523,2009-12-07 13:46:00,2011-11-20 12:55:00,23,7,4352.35,151.3,4201.05,19,23,4201.05,5,5,5,高价值活跃
13911,2010-03-01 16:31:00,2011-10-13 15:43:00,20,2,4234.99,34.95,4200.04,57,20,4200.04,4,5,5,高价值活跃
18230,2010-07-02 10:01:00,2011-11-30 13:22:00,9,3,4291.06,93.6,4197.46,9,9,4197.46,5,5,5,高价值活跃
17412,2009-12-02 13:51:00,2011-12-07 11:36:00,16,3,4220.22,32.54,4187.68,2,16,4187.68,5,5,5,高价值活跃
15861,2010-01-28 19:41:00,2011-11-27 15:59:00,12,3,4369.2,183.8,4185.4,12,12,4185.4,5,5,5,高价值活跃
12935,2010-04-11 15:59:00,2011-12-07 17:25:00,15,4,4243.86,61.85,4182.01,2,15,4182.01,5,5,5,高价值活跃
16072,2010-06-08 16:47:00,2011-02-24 14:32:00,4,0,4180.09,0.0,4180.09,288,4,4180.09,2,3,5,高价值流失风险
18287,2010-05-17 11:55:00,2011-10-28 09:29:00,7,1,4182.99,5.1,4177.89,42,7,4177.89,4,4,5,高价值活跃
14868,2010-10-15 14:52:00,2011-12-06 14:49:00,12,1,4184.01,13.95,4170.06,3,12,4170.06,5,5,5,高价值活跃
16743,2010-04-22 13:21:00,2011-11-10 13:13:00,14,1,4212.15,46.25,4165.9,29,14,4165.9,4,5,5,高价值活跃
12653,2010-07-01 09:56:00,2011-07-14 10:41:00,3,0,4160.83,0.0,4160.83,148,3,4160.83,3,3,5,潜力客户
16749,2009-12-15 14:05:00,2010-04-27 13:06:00,2,0,4157.88,0.0,4157.88,591,2,4157.88,1,2,5,沉睡/低频
15633,2009-12-08 17:51:00,2010-07-18 13:54:00,13,5,4335.96,179.05,4156.91,509,13,4156.91,1,5,5,高价值流失风险
17673,2010-03-19 14:02:00,2011-12-08 12:50:00,13,2,4173.88,17.25,4156.63,1,13,4156.63,5,5,5,高价值活跃
16209,2010-06-11 11:58:00,2011-09-12 11:58:00,9,0,4146.78,0.0,4146.78,88,9,4146.78,3,5,5,忠诚客户
17738,2010-03-19 10:07:00,2011-11-20 15:05:00,13,2,4183.56,38.2,4145.36,19,13,4145.36,5,5,5,高价值活跃
14482,2010-08-26 14:13:00,2011-11-21 13:14:00,12,2,4306.72,165.66,4141.06,18,12,4141.06,5,5,5,高价值活跃
13461,2010-04-21 16:01:00,2011-11-01 09:01:00,6,2,4160.0,21.5,4138.5,38,6,4138.5,4,4,5,高价值活跃
15002,2010-01-12 11:40:00,2011-08-16 10:44:00,9,0,4138.08,0.0,4138.08,115,9,4138.08,3,5,5,忠诚客户
12422,2009-12-18 12:44:00,2011-09-05 09:48:00,17,4,5231.8,1112.45,4119.35,95,17,4119.35,3,5,5,忠诚客户
13450,2010-04-15 19:15:00,2011-11-13 11:54:00,13,1,4120.04,2.5,4117.54,26,13,4117.54,4,5,5,高价值活跃
12536,2011-10-11 14:52:00,2011-10-27 14:20:00,3,2,12601.83,8495.01,4106.82,43,3,4106.82,4,3,5,潜力客户
14408,2009-12-07 12:18:00,2011-11-29 11:41:00,11,0,4102.27,0.0,4102.27,10,11,4102.27,5,5,5,高价值活跃
16477,2010-08-12 09:43:00,2011-10-07 09:44:00,11,0,4094.37,0.0,4094.37,63,11,4094.37,3,5,5,忠诚客户
14566,2010-06-24 10:34:00,2011-08-21 11:05:00,4,0,4092.0,0.0,4092.0,110,4,4092.0,3,3,5,潜力客户
15493,2010-02-23 11:14:00,2011-11-07 12:04:00,9,2,4121.68,34.55,4087.13,32,9,4087.13,4,5,5,高价值活跃
16858,2009-12-15 11:09:00,2010-12-06 09:52:00,10,6,4292.59,206.85,4085.74,368,10,4085.74,2,5,5,高价值流失风险
18194,2010-01-28 15:30:00,2011-09-18 13:29:00,6,1,4162.04,77.84,4084.2,82,6,4084.2,3,4,5,忠诚客户
18077,2009-12-07 11:40:00,2011-12-01 13:32:00,18,0,4078.79,0.0,4078.79,8,18,4078.79,5,5,5,高价值活跃
15518,2009-12-20 12:21:00,2011-10-06 13:05:00,15,8,4189.99,115.16,4074.83,64,15,4074.83,3,5,5,忠诚客户
14913,2010-08-11 08:40:00,2011-11-04 08:29:00,8,0,4073.13,0.0,4073.13,35,8,4073.13,4,4,5,高价值活跃
14740,2010-02-25 11:40:00,2011-05-26 18:17:00,11,2,4161.06,92.2,4068.86,197,11,4068.86,2,5,5,高价值流失风险
12876,2010-04-28 13:26:00,2011-10-13 12:26:00,4,1,4081.79,13.2,4068.59,57,4,4068.59,4,3,5,潜力客户
12371,2010-03-04 18:23:00,2011-10-26 10:16:00,5,0,4067.38,0.0,4067.38,44,5,4067.38,4,4,5,高价值活跃
12569,2011-04-01 13:47:00,2011-12-07 16:24:00,32,3,4124.69,59.7,4064.99,2,32,4064.99,5,5,5,高价值活跃
16875,2010-01-05 09:16:00,2011-10-03 13:39:00,11,9,4234.53,181.33,4053.2,67,11,4053.2,3,5,5,忠诚客户
17682,2010-03-08 09:49:00,2011-11-29 15:59:00,11,1,4065.28,15.0,4050.28,10,11,4050.28,5,5,5,高价值活跃
13421,2010-02-14 14:45:00,2011-10-30 14:21:00,8,3,4058.75,14.3,4044.45,40,8,4044.45,4,4,5,高价值活跃
17083,2010-02-09 11:46:00,2011-08-22 15:43:00,9,2,4049.79,14.71,4035.08,109,9,4035.08,3,5,5,忠诚客户
15050,2010-08-16 12:00:00,2011-11-14 16:17:00,5,2,4087.19,54.92,4032.27,25,5,4032.27,4,4,5,高价值活跃
16571,2010-03-18 09:12:00,2011-11-13 11:46:00,10,7,4248.74,223.69,4025.05,26,10,4025.05,4,5,5,高价值活跃
12726,2010-03-25 16:25:00,2011-11-11 13:35:00,11,0,4014.6,0.0,4014.6,28,11,4014.6,4,5,5,高价值活跃
12840,2010-02-03 14:51:00,2011-07-19 09:29:00,7,4,4041.97,28.1,4013.87,143,7,4013.87,3,4,5,忠诚客户
16098,2009-12-15 09:40:00,2011-09-13 09:59:00,14,0,4010.7,0.0,4010.7,87,14,4010.7,3,5,5,忠诚客户
13048,2010-01-27 12:55:00,2011-11-25 13:23:00,9,4,4049.13,49.05,4000.08,14,9,4000.08,5,5,5,高价值活跃
16241,2010-10-25 13:40:00,2011-11-30 11:08:00,16,0,3992.86,0.0,3992.86,9,16,3992.86,5,5,5,高价值活跃
15665,2010-03-14 15:07:00,2011-06-24 14:57:00,5,0,3987.07,0.0,3987.07,168,5,3987.07,3,4,5,忠诚客户
15782,2010-10-05 15:43:00,2011-11-30 10:49:00,4,2,4014.1,28.45,3985.65,9,4,3985.65,5,3,5,潜力客户
15680,2009-12-02 12:15:00,2011-11-30 13:46:00,10,2,4028.69,43.1,3985.59,9,10,3985.59,5,5,5,高价值活跃
17618,2010-01-24 11:03:00,2011-12-04 11:50:00,11,2,4001.64,25.3,3976.34,5,11,3976.34,5,5,5,高价值活跃
14025,2010-05-05 09:56:00,2010-09-01 10:11:00,8,2,4057.9,88.8,3969.1,464,8,3969.1,1,4,5,高价值流失风险
16732,2009-12-08 13:04:00,2011-11-08 09:54:00,4,5,4387.64,420.85,3966.79,31,4,3966.79,4,3,5,潜力客户
15572,2010-04-14 14:38:00,2011-12-05 10:09:00,10,0,3965.2,0.0,3965.2,4,10,3965.2,5,5,5,高价值活跃
14547,2011-10-16 14:35:00,2011-12-06 11:06:00,8,1,3974.75,20.8,3953.95,3,8,3953.95,5,4,5,高价值活跃
14824,2010-03-12 13:07:00,2011-11-29 14:20:00,10,2,4022.91,70.4,3952.51,10,10,3952.51,5,5,5,高价值活跃
16771,2009-12-09 11:52:00,2011-11-06 13:28:00,10,0,3949.6,0.0,3949.6,33,10,3949.6,4,5,5,高价值活跃
18259,2009-12-08 08:38:00,2011-11-15 12:34:00,7,0,3941.9,0.0,3941.9,24,7,3941.9,4,4,5,高价值活跃
12721,2010-08-25 11:07:00,2011-11-08 12:13:00,8,2,4013.08,79.25,3933.83,31,8,3933.83,4,4,5,高价值活跃
13982,2010-01-20 14:04:00,2011-10-31 16:24:00,9,4,3954.29,26.8,3927.49,39,9,3927.49,4,5,5,高价值活跃
14465,2010-01-07 15:03:00,2011-04-07 12:38:00,11,0,3925.85,0.0,3925.85,246,11,3925.85,2,5,5,高价值流失风险
13542,2009-12-10 19:53:00,2010-11-28 11:24:00,17,1,3959.49,35.4,3924.09,376,17,3924.09,2,5,5,高价值流失风险
13895,2009-12-03 13:09:00,2011-11-11 16:57:00,6,2,4008.52,84.9,3923.62,28,6,3923.62,4,4,5,高价值活跃
16455,2010-03-30 10:31:00,2011-10-07 12:17:00,11,2,3995.57,77.65,3917.92,63,11,3917.92,3,5,5,忠诚客户
15752,2010-09-08 11:56:00,2011-10-31 11:37:00,9,1,3924.91,8.45,3916.46,39,9,3916.46,4,5,5,高价值活跃
15051,2009-12-01 13:29:00,2011-11-16 15:38:00,9,1,3926.91,15.0,3911.91,23,9,3911.91,4,5,5,高价值活跃
15819,2010-03-18 11:08:00,2011-10-21 14:50:00,10,1,3934.79,23.51,3911.28,49,10,3911.28,4,5,5,高价值活跃
12388,2010-05-06 12:54:00,2011-11-24 12:30:00,8,0,3901.11,0.0,3901.11,15,8,3901.11,5,4,5,高价值活跃
14498,2010-06-07 16:05:00,2011-10-28 12:09:00,10,0,3900.83,0.0,3900.83,42,10,3900.83,4,5,5,高价值活跃
15571,2009-12-06 12:10:00,2011-11-28 10:02:00,14,0,3892.35,0.0,3892.35,11,14,3892.35,5,5,5,高价值活跃
17218,2010-01-25 16:12:00,2011-12-05 13:52:00,18,0,3891.39,0.0,3891.39,4,18,3891.39,5,5,5,高价值活跃
14817,2010-03-22 12:10:00,2011-05-23 13:35:00,7,2,3959.86,70.65,3889.21,200,7,3889.21,2,4,5,高价值流失风险
12358,2009-12-08 07:59:00,2011-12-08 10:26:00,5,0,3887.07,0.0,3887.07,1,5,3887.07,5,4,5,高价值活跃
17667,2010-02-23 09:57:00,2011-10-04 14:32:00,9,3,3950.7,66.9,3883.8,66,9,3883.8,3,5,5,忠诚客户
14047,2010-02-01 10:05:00,2011-12-01 11:43:00,14,5,3968.11,87.0,3881.11,8,14,3881.11,5,5,5,高价值活跃
17406,2009-12-06 13:45:00,2011-01-10 15:07:00,13,5,4186.95,312.95,3874.0,333,13,3874.0,2,5,5,高价值流失风险
16218,2010-05-27 16:09:00,2011-11-10 09:59:00,13,6,3968.67,96.37,3872.3,29,13,3872.3,4,5,5,高价值活跃
16791,2009-12-03 18:08:00,2011-11-10 19:12:00,15,3,3957.63,92.57,3865.06,29,15,3865.06,4,5,5,高价值活跃
17728,2010-09-12 14:58:00,2011-12-06 08:52:00,5,3,4238.76,377.63,3861.13,3,5,3861.13,5,4,5,高价值活跃
15195,2011-12-07 12:20:00,2011-12-07 12:20:00,1,0,3861.0,0.0,3861.0,2,1,3861.0,5,1,5,新近客户
16440,2010-08-03 11:32:00,2011-12-02 12:02:00,6,0,3856.97,0.0,3856.97,7,6,3856.97,5,4,5,高价值活跃
15067,2010-04-11 15:54:00,2011-09-22 13:20:00,5,1,3862.88,12.75,3850.13,78,5,3850.13,3,4,5,忠诚客户
15804,2011-05-25 10:12:00,2011-12-09 12:31:00,13,6,4206.39,357.84,3848.55,0,13,3848.55,5,5,5,高价值活跃
18073,2011-05-26 19:38:00,2011-08-17 14:02:00,12,1,3859.82,13.08,3846.74,114,12,3846.74,3,5,5,忠诚客户
17646,2009-12-16 09:37:00,2011-05-04 13:17:00,12,4,3898.79,55.63,3843.16,219,12,3843.16,2,5,5,高价值流失风险
13037,2009-12-03 17:04:00,2011-07-24 15:46:00,12,4,3914.95,72.4,3842.55,138,12,3842.55,3,5,5,忠诚客户
16841,2010-01-12 11:32:00,2011-11-03 11:51:00,12,2,4006.06,164.9,3841.16,36,12,3841.16,4,5,5,高价值活跃
15708,2010-10-10 11:33:00,2011-10-30 10:54:00,9,5,3887.15,46.42,3840.73,40,9,3840.73,4,5,5,高价值活跃
13995,2009-12-18 12:43:00,2011-11-24 14:22:00,14,4,3902.01,65.75,3836.26,15,14,3836.26,5,5,5,高价值活跃
13213,2010-05-20 14:50:00,2011-10-14 11:42:00,11,3,3851.52,16.9,3834.62,56,11,3834.62,4,5,5,高价值活跃
14565,2010-08-23 09:48:00,2011-09-05 09:07:00,5,2,3859.22,25.35,3833.87,95,5,3833.87,3,4,5,忠诚客户
14532,2010-01-10 11:47:00,2011-04-17 13:05:00,11,1,3845.78,12.75,3833.03,236,11,3833.03,2,5,5,高价值流失风险
16341,2010-04-09 10:30:00,2011-11-15 09:12:00,7,3,3850.79,18.5,3832.29,24,7,3832.29,4,4,5,高价值活跃
14655,2010-04-22 14:29:00,2011-12-01 16:28:00,7,5,3878.51,49.28,3829.23,8,7,3829.23,5,4,5,高价值活跃
17287,2009-12-03 12:45:00,2011-11-13 13:27:00,21,2,3826.86,16.25,3810.61,26,21,3810.61,4,5,5,高价值活跃
13357,2010-03-22 14:30:00,2011-03-27 13:56:00,5,0,3805.51,0.0,3805.51,257,5,3805.51,2,4,5,高价值流失风险
15421,2009-12-07 15:10:00,2011-10-12 09:20:00,10,0,3805.34,0.0,3805.34,58,10,3805.34,4,5,5,高价值活跃
13481,2009-12-04 12:37:00,2011-10-25 09:07:00,11,3,3830.84,27.75,3803.09,45,11,3803.09,4,5,5,高价值活跃
16636,2010-03-03 14:06:00,2010-09-27 13:13:00,4,0,3802.04,0.0,3802.04,438,4,3802.04,1,3,5,高价值流失风险
14878,2010-02-21 11:14:00,2011-11-27 11:15:00,25,3,4076.5,293.02,3783.48,12,25,3783.48,5,5,5,高价值活跃
16928,2010-02-03 12:30:00,2011-09-20 15:10:00,29,4,3897.53,119.65,3777.88,80,29,3777.88,3,5,5,忠诚客户
16150,2009-12-17 15:33:00,2011-10-28 12:39:00,10,10,4002.17,240.9,3761.27,42,10,3761.27,4,5,5,高价值活跃
17553,2010-04-08 09:44:00,2011-08-02 10:00:00,4,0,3757.6,0.0,3757.6,129,4,3757.6,3,3,5,潜力客户
17173,2011-07-31 15:26:00,2011-12-04 14:40:00,8,1,3766.6,10.95,3755.65,5,8,3755.65,5,4,5,高价值活跃
17293,2009-12-03 15:09:00,2011-12-01 14:37:00,17,0,3750.63,0.0,3750.63,8,17,3750.63,5,5,5,高价值活跃
12670,2010-02-11 10:13:00,2011-11-29 15:23:00,7,1,3760.29,9.9,3750.39,10,7,3750.39,5,4,5,高价值活跃
16128,2010-07-16 16:30:00,2011-11-22 11:14:00,11,3,3801.05,52.65,3748.4,17,11,3748.4,5,5,5,高价值活跃
14309,2010-06-07 10:24:00,2011-12-01 13:33:00,11,1,3780.81,32.85,3747.96,8,11,3747.96,5,5,5,高价值活跃
15696,2010-01-24 14:36:00,2011-11-06 14:02:00,13,8,3881.22,149.1,3732.12,33,13,3732.12,4,5,5,高价值活跃
17071,2010-01-24 13:05:00,2011-11-11 16:31:00,13,7,3793.71,62.75,3730.96,28,13,3730.96,4,5,5,高价值活跃
17211,2009-12-13 13:17:00,2011-11-13 12:03:00,13,2,3773.35,44.55,3728.8,26,13,3728.8,4,5,5,高价值活跃
12853,2010-02-05 11:57:00,2011-07-28 11:29:00,11,5,3907.5,179.0,3728.5,134,11,3728.5,3,5,5,忠诚客户
12502,2011-02-03 10:41:00,2011-09-05 11:52:00,5,0,3723.87,0.0,3723.87,95,5,3723.87,3,4,5,忠诚客户
14364,2011-05-12 12:56:00,2011-08-23 11:01:00,8,0,3717.35,0.0,3717.35,108,8,3717.35,3,4,5,忠诚客户
15288,2010-02-12 15:27:00,2011-10-27 16:58:00,10,0,3715.38,0.0,3715.38,43,10,3715.38,4,5,5,高价值活跃
15370,2010-10-25 12:08:00,2011-10-30 10:58:00,8,1,3739.01,25.5,3713.51,40,8,3713.51,4,4,5,高价值活跃
12737,2010-07-29 12:27:00,2010-07-29 12:29:00,2,0,3710.5,0.0,3710.5,498,2,3710.5,1,2,5,沉睡/低频
14540,2009-12-07 13:00:00,2011-11-30 10:15:00,11,1,3709.64,9.9,3699.74,9,11,3699.74,5,5,5,高价值活跃
17954,2009-12-09 13:22:00,2011-12-04 14:15:00,19,7,3804.38,104.64,3699.74,5,19,3699.74,5,5,5,高价值活跃
16240,2011-09-23 13:44:00,2011-11-15 14:30:00,2,3,3718.8,24.99,3693.81,24,2,3693.81,4,2,5,新近客户
14515,2010-06-07 12:37:00,2011-11-22 11:37:00,12,3,3724.06,30.36,3693.7,17,12,3693.7,5,5,5,高价值活跃
15494,2009-12-10 20:16:00,2011-11-18 14:51:00,5,1,3702.6,9.1,3693.5,21,5,3693.5,4,4,5,高价值活跃
12530,2010-03-07 14:37:00,2011-10-11 12:34:00,9,3,3759.26,69.4,3689.86,59,9,3689.86,3,5,5,忠诚客户
12510,2009-12-04 13:47:00,2011-07-20 10:15:00,9,7,5178.02,1488.69,3689.33,142,9,3689.33,3,5,5,忠诚客户
12857,2010-01-25 15:37:00,2011-05-13 10:20:00,6,1,3688.0,3.75,3684.25,210,6,3684.25,2,4,5,高价值流失风险
12597,2011-03-16 14:00:00,2011-11-20 13:33:00,4,1,3811.22,128.09,3683.13,19,4,3683.13,5,3,5,潜力客户
13126,2010-03-02 12:24:00,2011-12-05 10:00:00,13,6,3774.81,95.78,3679.03,4,13,3679.03,5,5,5,高价值活跃
15532,2010-06-08 14:52:00,2011-11-14 14:51:00,10,2,3738.85,63.85,3675.0,25,10,3675.0,4,5,5,高价值活跃
15704,2010-05-05 14:51:00,2011-07-22 13:35:00,6,2,3734.66,73.78,3660.88,140,6,3660.88,3,4,5,忠诚客户
15255,2009-12-03 09:10:00,2011-10-04 12:43:00,9,2,3706.02,58.65,3647.37,66,9,3647.37,3,5,5,忠诚客户
16466,2010-03-07 14:31:00,2011-11-06 11:35:00,15,1,3767.09,125.0,3642.09,33,15,3642.09,4,5,5,高价值活跃
12623,2010-01-12 11:45:00,2011-03-08 13:50:00,7,2,3747.84,108.0,3639.84,276,7,3639.84,2,4,5,高价值流失风险
13632,2010-04-07 10:59:00,2011-11-15 10:51:00,8,2,3645.81,13.45,3632.36,24,8,3632.36,4,4,5,高价值活跃
16748,2009-12-10 12:28:00,2011-11-22 10:17:00,14,1,3637.33,5.04,3632.29,17,14,3632.29,5,5,5,高价值活跃
14649,2010-01-20 13:10:00,2011-12-05 12:30:00,9,2,3651.19,21.15,3630.04,4,9,3630.04,5,5,5,高价值活跃
17096,2010-06-02 14:48:00,2011-11-24 15:01:00,11,6,3697.93,68.35,3629.58,15,11,3629.58,5,5,5,高价值活跃
14770,2010-02-25 18:58:00,2011-04-21 14:21:00,8,1,3637.64,12.75,3624.89,232,8,3624.89,2,4,5,高价值流失风险
12468,2010-01-26 10:09:00,2011-06-05 11:36:00,5,5,3670.74,46.19,3624.55,187,5,3624.55,3,4,5,忠诚客户
13305,2010-03-10 14:49:00,2011-12-05 15:15:00,16,0,3616.41,0.0,3616.41,4,16,3616.41,5,5,5,高价值活跃
15834,2010-10-11 14:05:00,2011-09-30 14:41:00,7,2,3764.39,148.85,3615.54,70,7,3615.54,3,4,5,忠诚客户
13446,2010-02-14 11:52:00,2010-10-05 18:51:00,11,7,3881.89,273.03,3608.86,430,11,3608.86,1,5,5,高价值流失风险
16053,2010-04-08 11:11:00,2011-11-07 11:21:00,6,2,3634.84,28.7,3606.14,32,6,3606.14,4,4,5,高价值活跃
18242,2010-01-11 08:49:00,2011-09-28 13:43:00,8,0,3605.21,0.0,3605.21,72,8,3605.21,3,4,5,忠诚客户
16094,2010-04-16 14:00:00,2011-11-28 12:45:00,11,8,3695.56,96.4,3599.16,11,11,3599.16,5,5,5,高价值活跃
16503,2010-06-21 14:07:00,2011-08-25 11:46:00,11,2,3614.34,16.45,3597.89,106,11,3597.89,3,5,5,忠诚客户
14744,2010-05-18 14:06:00,2011-11-23 12:51:00,14,3,3660.08,64.06,3596.02,16,14,3596.02,5,5,5,高价值活跃
14970,2010-02-14 13:37:00,2011-10-02 13:44:00,12,4,4919.35,1325.95,3593.4,68,12,3593.4,3,5,5,忠诚客户
14653,2009-12-02 11:51:00,2011-12-08 13:45:00,12,0,3593.06,0.0,3593.06,1,12,3593.06,5,5,5,高价值活跃
15480,2010-02-01 14:52:00,2011-08-15 14:32:00,5,2,6279.0,2686.75,3592.25,116,5,3592.25,3,4,5,忠诚客户
15569,2010-02-28 10:55:00,2011-08-28 10:15:00,10,0,3583.45,0.0,3583.45,103,10,3583.45,3,5,5,忠诚客户
14132,2011-06-09 12:04:00,2011-12-07 13:35:00,11,1,3586.03,5.9,3580.13,2,11,3580.13,5,5,5,高价值活跃
14857,2010-03-15 11:00:00,2011-10-11 09:23:00,7,3,3651.851,72.92,3578.931,59,7,3578.931,3,4,5,忠诚客户
17063,2009-12-01 12:36:00,2011-11-18 16:19:00,13,10,3638.53,61.65,3576.88,21,13,3576.88,4,5,5,高价值活跃
15365,2010-02-04 16:43:00,2011-11-14 08:29:00,13,2,4557.13,983.87,3573.26,25,13,3573.26,4,5,5,高价值活跃
14593,2009-12-09 12:57:00,2011-11-18 12:48:00,12,6,3665.53,96.84,3568.69,21,12,3568.69,4,5,5,高价值活跃
13750,2010-04-01 14:49:00,2011-10-17 12:16:00,11,2,3602.18,38.58,3563.6,53,11,3563.6,4,5,5,高价值活跃
15024,2010-10-11 16:14:00,2011-11-30 12:06:00,16,0,3559.39,0.0,3559.39,9,16,3559.39,5,5,5,高价值活跃
14737,2010-11-04 11:29:00,2011-12-06 10:16:00,4,0,3554.17,0.0,3554.17,3,4,3554.17,5,3,5,潜力客户
16444,2010-03-24 14:06:00,2011-10-24 13:50:00,17,3,3625.88,74.2,3551.68,46,17,3551.68,4,5,5,高价值活跃
17848,2009-12-06 13:19:00,2011-09-19 16:49:00,30,1,3559.11,12.75,3546.36,81,30,3546.36,3,5,5,忠诚客户
15079,2009-12-08 11:22:00,2011-05-11 12:45:00,11,6,3625.4,80.6,3544.8,212,11,3544.8,2,5,5,高价值流失风险
14503,2011-06-14 10:00:00,2011-12-06 13:30:00,6,0,3543.26,0.0,3543.26,3,6,3543.26,5,4,5,高价值活跃
15791,2010-03-08 09:41:00,2011-10-27 10:14:00,5,4,3608.34,66.55,3541.79,43,5,3541.79,4,4,5,高价值活跃
17019,2009-12-02 11:52:00,2011-11-28 13:06:00,11,2,3602.29,60.7,3541.59,11,11,3541.59,5,5,5,高价值活跃
17528,2011-09-29 13:04:00,2011-12-08 13:27:00,8,3,3628.5,88.4,3540.1,1,8,3540.1,5,4,5,高价值活跃
17659,2010-11-18 14:20:00,2011-11-22 13:29:00,14,3,3586.99,50.66,3536.33,17,14,3536.33,5,5,5,高价值活跃
16336,2010-03-18 08:05:00,2010-10-15 12:32:00,4,0,3517.69,0.0,3517.69,420,4,3517.69,1,3,5,高价值流失风险
15858,2009-12-10 11:42:00,2011-11-24 12:48:00,13,2,3552.41,42.5,3509.91,15,13,3509.91,5,5,5,高价值活跃
18044,2010-05-28 15:31:00,2011-12-05 14:26:00,18,1,3505.61,2.95,3502.66,4,18,3502.66,5,5,5,高价值活跃
12645,2010-02-09 10:49:00,2011-11-06 12:38:00,8,2,3539.3,40.2,3499.1,33,8,3499.1,4,4,5,高价值活跃
15505,2011-07-07 13:33:00,2011-10-18 07:56:00,5,2,3610.96,113.82,3497.14,52,5,3497.14,4,4,5,高价值活跃
17311,2010-02-03 12:38:00,2011-09-22 14:11:00,6,1,3566.56,75.9,3490.66,78,6,3490.66,3,4,5,忠诚客户
16950,2010-01-24 11:26:00,2011-10-14 09:06:00,10,2,3541.77,59.18,3482.59,56,10,3482.59,4,5,5,高价值活跃
15306,2010-02-18 17:12:00,2011-10-06 12:56:00,9,1,3484.73,3.75,3480.98,64,9,3480.98,3,5,5,忠诚客户
16983,2010-09-19 12:38:00,2011-11-27 12:10:00,11,1,3490.53,11.05,3479.48,12,11,3479.48,5,5,5,高价值活跃
17722,2010-11-29 09:44:00,2011-09-04 15:22:00,5,2,3520.22,43.4,3476.82,96,5,3476.82,3,4,5,忠诚客户
15712,2009-12-01 11:17:00,2011-11-30 14:09:00,12,1,3472.41,4.95,3467.46,9,12,3467.46,5,5,5,高价值活跃
16325,2009-12-04 13:21:00,2011-10-24 08:48:00,12,5,3597.5,133.66,3463.84,46,12,3463.84,4,5,5,高价值活跃
12631,2010-01-15 14:50:00,2011-10-13 13:53:00,6,1,3481.57,29.3,3452.27,57,6,3452.27,4,4,5,高价值活跃
17526,2009-12-17 16:18:00,2011-12-05 11:05:00,12,4,3939.24,489.2,3450.04,4,12,3450.04,5,5,5,高价值活跃
14640,2010-01-22 15:44:00,2011-11-15 13:07:00,10,6,3649.36,203.03,3446.33,24,10,3446.33,4,5,5,高价值活跃
14837,2010-01-24 10:20:00,2011-09-11 10:58:00,9,3,3460.32,14.5,3445.82,89,9,3445.82,3,5,5,忠诚客户
13734,2010-04-16 08:42:00,2010-07-19 12:04:00,4,2,6695.69,3250.35,3445.34,508,4,3445.34,1,3,5,高价值流失风险
13536,2011-09-25 13:30:00,2011-12-08 16:38:00,7,0,3444.39,0.0,3444.39,1,7,3444.39,5,4,5,高价值活跃
13849,2010-03-25 12:03:00,2011-10-19 10:59:00,5,1,3469.3,25.5,3443.8,51,5,3443.8,4,4,5,高价值活跃
16208,2010-02-24 14:24:00,2011-10-26 11:36:00,10,0,3440.45,0.0,3440.45,44,10,3440.45,4,5,5,高价值活跃
16395,2009-12-06 12:26:00,2011-10-10 12:50:00,14,3,3518.41,78.9,3439.51,60,14,3439.51,3,5,5,忠诚客户
15811,2010-11-16 16:46:00,2011-11-17 15:31:00,7,3,3486.15,47.3,3438.85,22,7,3438.85,4,4,5,高价值活跃
15974,2011-02-24 10:10:00,2011-10-31 13:13:00,7,1,3442.15,12.6,3429.55,39,7,3429.55,4,4,5,高价值活跃
17913,2009-12-03 13:02:00,2011-10-12 10:45:00,14,0,3429.29,0.0,3429.29,58,14,3429.29,4,5,5,高价值活跃
12377,2010-04-29 15:34:00,2011-01-28 15:45:00,4,0,3426.32,0.0,3426.32,315,4,3426.32,2,3,5,高价值流失风险
17597,2010-05-05 15:33:00,2011-05-10 11:54:00,5,2,3484.09,58.8,3425.29,213,5,3425.29,2,4,5,高价值流失风险
17876,2010-02-02 13:00:00,2010-11-05 10:52:00,3,0,3424.02,0.0,3424.02,399,3,3424.02,2,3,5,高价值流失风险
13313,2009-12-02 16:18:00,2011-11-17 16:48:00,12,3,3445.32,22.05,3423.27,22,12,3423.27,4,5,5,高价值活跃
12609,2009-12-20 13:30:00,2011-09-22 16:34:00,9,1,3435.86,18.0,3417.86,78,9,3417.86,3,5,5,忠诚客户
16281,2010-01-26 13:41:00,2011-09-28 14:57:00,3,1,3424.02,7.5,3416.52,72,3,3416.52,3,3,5,潜力客户
15222,2009-12-16 13:49:00,2011-01-25 08:03:00,11,6,3550.91,135.25,3415.66,318,11,3415.66,2,5,5,高价值流失风险
16347,2010-03-12 12:41:00,2011-11-28 13:14:00,11,2,3442.96,27.4,3415.56,11,11,3415.56,5,5,5,高价值活跃
13437,2011-06-02 14:30:00,2011-11-25 14:00:00,7,0,3408.06,0.0,3408.06,14,7,3408.06,5,4,5,高价值活跃
15114,2010-10-14 16:44:00,2011-11-09 15:05:00,12,0,3400.12,0.0,3400.12,30,12,3400.12,4,5,5,高价值活跃
15059,2009-12-06 12:17:00,2011-10-30 11:35:00,19,8,3491.2,95.95,3395.25,40,19,3395.25,4,5,5,高价值活跃
16271,2010-03-07 12:03:00,2011-12-07 12:45:00,10,1,3397.82,5.95,3391.87,2,10,3391.87,5,5,5,高价值活跃
17723,2010-11-29 10:35:00,2011-08-04 18:37:00,7,0,3378.4,0.0,3378.4,127,7,3378.4,3,4,5,忠诚客户
17307,2010-01-19 16:38:00,2010-11-09 13:40:00,11,4,3999.89,621.58,3378.31,395,11,3378.31,2,5,5,高价值流失风险
13135,2010-08-05 17:28:00,2011-05-27 10:52:00,2,0,3371.45,0.0,3371.45,196,2,3371.45,2,2,5,沉睡/低频
17725,2011-03-17 19:47:00,2011-11-23 16:34:00,11,3,3439.08,67.95,3371.13,16,11,3371.13,5,5,5,高价值活跃
16719,2009-12-13 10:59:00,2011-11-25 09:27:00,14,3,3513.62,144.75,3368.87,14,14,3368.87,5,5,5,高价值活跃
13707,2010-06-21 11:57:00,2011-03-17 18:03:00,5,0,3365.86,0.0,3365.86,267,5,3365.86,2,4,5,高价值流失风险
13285,2010-03-25 14:26:00,2011-11-16 13:19:00,6,0,3364.59,0.0,3364.59,23,6,3364.59,4,4,5,高价值活跃
13425,2010-05-09 14:35:00,2011-08-23 17:13:00,5,3,3390.43,27.7,3362.73,108,5,3362.73,3,4,5,忠诚客户
13823,2009-12-15 14:34:00,2011-11-21 10:22:00,7,1,3403.45,44.9,3358.55,18,7,3358.55,5,4,5,高价值活跃
12619,2010-05-28 12:52:00,2011-11-23 14:52:00,10,4,3781.38,426.43,3354.95,16,10,3354.95,5,5,5,高价值活跃
15058,2010-02-24 14:07:00,2011-11-14 14:57:00,16,1,3387.58,32.85,3354.73,25,16,3354.73,4,5,5,高价值活跃
18168,2009-12-03 17:29:00,2011-06-16 19:21:00,16,6,3435.5,83.2,3352.3,176,16,3352.3,3,5,5,忠诚客户
16360,2011-09-12 13:50:00,2011-12-05 12:16:00,6,2,3450.41,100.84,3349.57,4,6,3349.57,5,4,5,高价值活跃
13577,2009-12-14 16:10:00,2011-11-14 15:19:00,11,3,3489.28,142.66,3346.62,25,11,3346.62,4,5,5,高价值活跃
15265,2009-12-01 17:08:00,2011-07-11 14:46:00,4,0,3345.64,0.0,3345.64,151,4,3345.64,3,3,5,潜力客户
14882,2010-03-30 15:02:00,2011-11-13 12:47:00,14,1,3546.65,201.6,3345.05,26,14,3345.05,4,5,5,高价值活跃
17422,2010-06-23 10:19:00,2011-11-23 13:27:00,11,9,3594.76,253.11,3341.65,16,11,3341.65,5,5,5,高价值活跃
15113,2011-10-16 15:27:00,2011-11-30 08:23:00,3,1,3509.43,169.92,3339.51,9,3,3339.51,5,3,5,潜力客户
14776,2010-09-19 14:12:00,2011-10-19 15:34:00,15,4,3708.3,369.28,3339.02,51,15,3339.02,4,5,5,高价值活跃
15676,2011-03-01 10:19:00,2011-11-21 12:40:00,3,2,3435.76,111.67,3324.09,18,3,3324.09,5,3,5,潜力客户
15351,2010-10-03 12:18:00,2011-11-27 12:52:00,10,5,3430.22,109.72,3320.5,12,10,3320.5,5,5,5,高价值活跃
13929,2010-01-14 07:25:00,2011-06-23 15:26:00,11,3,3494.1,176.0,3318.1,169,11,3318.1,3,5,5,忠诚客户
16818,2011-05-18 11:42:00,2011-11-29 10:41:00,11,2,3349.57,31.6,3317.97,10,11,3317.97,5,5,5,高价值活跃
15065,2010-10-25 09:13:00,2011-11-02 09:45:00,5,2,3326.86,22.15,3304.71,37,5,3304.71,4,4,5,高价值活跃
12865,2010-08-20 12:20:00,2011-11-13 14:31:00,4,1,3323.47,20.16,3303.31,26,4,3303.31,4,3,5,潜力客户
18219,2009-12-07 13:17:00,2011-12-07 11:43:00,17,2,3352.7,55.5,3297.2,2,17,3297.2,5,5,5,高价值活跃
15953,2009-12-03 14:00:00,2011-11-24 15:32:00,18,3,3440.34,144.85,3295.49,15,18,3295.49,5,5,5,高价值活跃
13031,2010-06-03 14:57:00,2010-10-28 15:34:00,5,0,3292.84,0.0,3292.84,407,5,3292.84,2,4,5,高价值流失风险
13979,2009-12-03 10:02:00,2011-09-27 13:32:00,7,4,3379.93,89.4,3290.53,73,7,3290.53,3,4,5,忠诚客户
12424,2010-06-09 15:15:00,2011-06-30 12:06:00,4,3,3340.03,50.25,3289.78,162,4,3289.78,3,3,5,潜力客户
16539,2010-06-25 15:24:00,2011-12-07 08:41:00,10,0,3289.66,0.0,3289.66,2,10,3289.66,5,5,5,高价值活跃
13431,2010-02-18 11:53:00,2011-10-03 13:49:00,8,1,3316.24,27.0,3289.24,67,8,3289.24,3,4,5,忠诚客户
17768,2009-12-02 12:26:00,2011-12-01 13:22:00,7,1,3292.73,4.95,3287.78,8,7,3287.78,5,4,5,高价值活跃
17183,2011-08-26 15:25:00,2011-12-02 10:07:00,6,2,3347.31,60.4,3286.91,7,6,3286.91,5,4,5,高价值活跃
13131,2010-02-09 09:47:00,2011-11-16 13:21:00,7,1,3313.77,34.0,3279.77,23,7,3279.77,4,4,5,高价值活跃
16351,2009-12-04 16:12:00,2011-01-11 10:26:00,13,5,3330.03,50.9,3279.13,332,13,3279.13,2,5,5,高价值流失风险
12872,2009-12-03 20:03:00,2011-01-17 10:52:00,12,1,3283.96,7.15,3276.81,326,12,3276.81,2,5,5,高价值流失风险
14409,2010-05-21 16:45:00,2011-09-29 18:18:00,9,1,3427.29,151.2,3276.09,71,9,3276.09,3,5,5,忠诚客户
14608,2009-12-06 12:34:00,2011-12-05 16:52:00,11,1,3352.94,79.5,3273.44,4,11,3273.44,5,5,5,高价值活跃
13824,2010-03-12 15:17:00,2011-11-07 12:41:00,12,2,3314.76,41.4,3273.36,32,12,3273.36,4,5,5,高价值活跃
15978,2010-03-05 14:39:00,2011-09-23 15:21:00,3,2,3279.42,6.8,3272.62,77,3,3272.62,3,3,5,潜力客户
17931,2010-02-16 15:47:00,2011-07-28 18:33:00,14,4,3402.24,131.33,3270.91,134,14,3270.91,3,5,5,忠诚客户
13291,2010-02-11 18:36:00,2011-07-07 10:36:00,11,0,3270.79,0.0,3270.79,155,11,3270.79,3,5,5,忠诚客户
13214,2010-03-03 14:10:00,2010-10-18 10:00:00,7,0,3264.23,0.0,3264.23,417,7,3264.23,1,4,5,高价值流失风险
18188,2010-03-26 11:37:00,2011-11-24 16:46:00,6,2,3280.59,17.4,3263.19,15,6,3263.19,5,4,5,高价值活跃
13611,2009-12-03 07:57:00,2011-09-11 14:51:00,10,4,3297.93,38.5,3259.43,89,10,3259.43,3,5,5,忠诚客户
16612,2009-12-03 15:54:00,2011-11-07 07:38:00,9,1,3245.43,1.95,3243.48,32,9,3243.48,4,5,5,高价值活跃
14898,2009-12-03 16:40:00,2011-11-16 14:54:00,14,4,3365.95,123.35,3242.6,23,14,3242.6,4,5,5,高价值活跃
13246,2010-07-02 13:36:00,2011-11-21 16:50:00,11,3,3351.75,109.75,3242.0,18,11,3242.0,5,5,5,高价值活跃
15827,2010-01-08 11:25:00,2011-09-27 15:35:00,28,14,3603.14,363.11,3240.03,73,28,3240.03,3,5,5,忠诚客户
15356,2010-10-13 13:12:00,2011-11-08 13:11:00,13,0,3239.57,0.0,3239.57,31,13,3239.57,4,5,5,高价值活跃
15140,2010-09-23 13:07:00,2011-10-18 14:07:00,8,1,3243.69,4.25,3239.44,52,8,3239.44,4,4,5,高价值活跃
14215,2009-12-08 09:35:00,2011-11-28 12:19:00,9,1,3250.33,11.8,3238.53,11,9,3238.53,5,5,5,高价值活跃
14669,2009-12-02 13:06:00,2011-04-12 11:43:00,7,0,3216.78,0.0,3216.78,241,7,3216.78,2,4,5,高价值流失风险
14451,2010-01-17 10:35:00,2011-10-10 13:38:00,12,6,3258.68,43.18,3215.5,60,12,3215.5,3,5,5,忠诚客户
16107,2011-06-09 18:42:00,2011-11-22 09:40:00,7,0,3204.16,0.0,3204.16,17,7,3204.16,5,4,5,高价值活跃
15625,2010-06-15 15:23:00,2011-08-28 10:21:00,9,5,3236.4,33.15,3203.25,103,9,3203.25,3,5,5,忠诚客户
16057,2010-01-07 17:11:00,2011-11-23 15:23:00,10,7,3854.85,652.78,3202.07,16,10,3202.07,5,5,5,高价值活跃
13868,2011-11-01 12:45:00,2011-12-02 16:32:00,2,0,3192.54,0.0,3192.54,7,2,3192.54,5,2,5,新近客户
15380,2009-12-01 13:50:00,2011-12-01 12:13:00,11,2,3248.96,56.86,3192.1,8,11,3192.1,5,5,5,高价值活跃
17924,2010-10-21 12:17:00,2011-11-28 09:11:00,8,6,3257.7,68.17,3189.53,11,8,3189.53,5,4,5,高价值活跃
16045,2010-07-29 12:50:00,2011-08-12 12:41:00,8,1,3434.93,247.9,3187.03,119,8,3187.03,3,4,5,忠诚客户
14533,2010-04-08 12:13:00,2011-11-15 12:05:00,11,4,3466.37,281.25,3185.12,24,11,3185.12,4,5,5,高价值活跃
15057,2009-12-05 15:27:00,2011-03-09 15:17:00,5,1,3255.96,71.4,3184.56,275,5,3184.56,2,4,5,高价值流失风险
16515,2010-06-17 12:17:00,2011-10-18 13:10:00,10,0,3179.06,0.0,3179.06,52,10,3179.06,4,5,5,高价值活跃
14028,2010-06-07 12:02:00,2010-06-07 13:33:00,3,2,10396.5,7221.0,3175.5,550,3,3175.5,1,3,5,高价值流失风险
14315,2010-03-15 12:49:00,2011-10-26 12:06:00,8,2,3197.82,29.1,3168.72,44,8,3168.72,4,4,5,高价值活跃
16837,2011-04-08 08:48:00,2011-11-08 14:27:00,11,1,3170.98,3.25,3167.73,31,11,3167.73,4,5,5,高价值活跃
16101,2010-05-27 12:50:00,2011-09-30 10:18:00,4,3,3229.16,61.74,3167.42,70,4,3167.42,3,3,5,潜力客户
17679,2009-12-03 17:32:00,2011-10-18 07:43:00,7,4,3577.61,411.05,3166.56,52,7,3166.56,4,4,5,高价值活跃
16041,2011-07-21 16:27:00,2011-11-09 12:25:00,3,0,3166.4,0.0,3166.4,30,3,3166.4,4,3,5,潜力客户
12951,2010-01-10 12:43:00,2011-12-01 12:14:00,15,5,3213.72,49.3,3164.42,8,15,3164.42,5,5,5,高价值活跃
13804,2010-09-29 10:26:00,2011-11-09 12:32:00,9,0,3161.12,0.0,3161.12,30,9,3161.12,4,5,5,高价值活跃
14285,2009-12-08 14:13:00,2011-11-18 14:50:00,8,1,3284.42,125.78,3158.64,21,8,3158.64,4,4,5,高价值活跃
16365,2009-12-11 12:41:00,2011-11-22 11:24:00,15,1,3167.34,10.4,3156.94,17,15,3156.94,5,5,5,高价值活跃
12976,2010-02-12 15:46:00,2011-05-12 09:55:00,8,0,3156.38,0.0,3156.38,211,8,3156.38,2,4,5,高价值流失风险
17353,2010-03-25 12:52:00,2011-08-02 17:19:00,4,3,3242.0,86.45,3155.55,129,4,3155.55,3,3,5,潜力客户
12456,2011-03-30 09:12:00,2011-10-26 14:41:00,3,1,3181.04,27.15,3153.89,44,3,3153.89,4,3,5,潜力客户
15632,2011-03-10 08:29:00,2011-11-24 09:51:00,8,2,3285.31,138.0,3147.31,15,8,3147.31,5,4,5,高价值活跃
12963,2010-07-08 14:45:00,2011-12-01 12:55:00,12,2,3235.79,88.8,3146.99,8,12,3146.99,5,5,5,高价值活跃
14306,2010-01-31 13:42:00,2011-10-19 13:23:00,6,1,3151.4,9.9,3141.5,51,6,3141.5,4,4,5,高价值活跃
15095,2010-01-21 09:37:00,2011-08-28 12:01:00,10,1,3141.64,5.9,3135.74,103,10,3135.74,3,5,5,忠诚客户
17354,2010-10-07 13:22:00,2011-10-20 10:34:00,4,0,3133.96,0.0,3133.96,50,4,3133.96,4,3,5,潜力客户
16918,2009-12-03 12:27:00,2011-10-21 12:50:00,16,3,3206.54,75.23,3131.31,49,16,3131.31,4,5,5,高价值活跃
13268,2011-03-17 13:20:00,2011-11-22 11:51:00,11,4,3174.75,47.05,3127.7,17,11,3127.7,5,5,5,高价值活跃
15199,2010-05-13 10:14:00,2011-10-11 15:12:00,10,0,3122.4,0.0,3122.4,59,10,3122.4,3,5,5,忠诚客户
13685,2011-10-10 12:59:00,2011-12-07 11:41:00,7,0,3119.44,0.0,3119.44,2,7,3119.44,5,4,5,高价值活跃
13052,2010-02-23 12:31:00,2011-05-11 14:12:00,7,0,3119.33,0.0,3119.33,212,7,3119.33,2,4,5,高价值流失风险
14963,2010-07-02 12:43:00,2011-11-30 12:16:00,12,1,3123.57,5.85,3117.72,9,12,3117.72,5,5,5,高价值活跃
15983,2009-12-06 12:52:00,2011-11-17 17:34:00,8,0,3110.37,0.0,3110.37,22,8,3110.37,4,4,5,高价值活跃
17640,2010-03-23 09:15:00,2011-09-14 09:13:00,6,2,3168.94,61.35,3107.59,86,6,3107.59,3,4,5,忠诚客户
14217,2010-06-30 12:54:00,2011-12-08 11:53:00,23,10,3298.59,193.07,3105.52,1,23,3105.52,5,5,5,高价值活跃
14507,2009-12-10 17:04:00,2011-11-16 12:21:00,11,3,3216.74,111.94,3104.8,23,11,3104.8,4,5,5,高价值活跃
13538,2010-02-02 12:47:00,2011-10-27 16:34:00,12,0,3103.13,0.0,3103.13,43,12,3103.13,4,5,5,高价值活跃
14897,2009-12-15 17:05:00,2011-12-02 10:32:00,8,1,3140.54,39.8,3100.74,7,8,3100.74,5,4,5,高价值活跃
13650,2010-01-26 08:44:00,2011-11-23 12:22:00,10,6,3288.0,189.5,3098.5,16,10,3098.5,5,5,5,高价值活跃
12937,2009-12-03 15:43:00,2011-11-24 15:05:00,9,0,3097.61,0.0,3097.61,15,9,3097.61,5,5,5,高价值活跃
15105,2010-03-23 12:18:00,2011-11-21 16:54:00,9,0,3094.91,0.0,3094.91,18,9,3094.91,5,5,5,高价值活跃
12589,2010-01-19 12:26:00,2011-11-11 10:19:00,8,3,4695.66,1601.49,3094.17,28,8,3094.17,4,4,5,高价值活跃
13397,2010-01-20 09:50:00,2011-09-28 10:56:00,10,3,3191.87,97.76,3094.11,72,10,3094.11,3,5,5,忠诚客户
15491,2011-04-18 10:04:00,2011-09-05 15:56:00,6,1,3100.09,9.24,3090.85,95,6,3090.85,3,4,5,忠诚客户
14312,2010-07-23 15:05:00,2011-10-24 09:46:00,11,0,3090.29,0.0,3090.29,46,11,3090.29,4,5,5,高价值活跃
13464,2010-03-31 15:22:00,2011-10-12 15:01:00,6,1,3097.64,13.75,3083.89,58,6,3083.89,4,4,5,高价值活跃
13772,2010-02-23 13:55:00,2011-11-06 11:43:00,8,1,3100.02,19.5,3080.52,33,8,3080.52,4,4,5,高价值活跃
13742,2011-01-23 14:59:00,2011-11-23 11:07:00,12,2,3107.87,28.6,3079.27,16,12,3079.27,5,5,5,高价值活跃
16584,2010-02-16 10:41:00,2011-09-20 13:45:00,5,2,3156.17,78.2,3077.97,80,5,3077.97,3,4,5,忠诚客户
14978,2010-04-28 10:50:00,2011-09-28 13:07:00,10,2,3112.19,35.8,3076.39,72,10,3076.39,3,5,5,忠诚客户
14700,2010-08-11 12:19:00,2011-11-07 14:40:00,5,0,3076.06,0.0,3076.06,32,5,3076.06,4,4,5,高价值活跃
17929,2009-12-09 11:40:00,2011-11-28 16:01:00,12,1,3082.1,8.5,3073.6,11,12,3073.6,5,5,5,高价值活跃
12469,2010-06-21 10:30:00,2010-07-05 12:40:00,2,0,3070.54,0.0,3070.54,522,2,3070.54,1,2,5,沉睡/低频
17147,2010-01-11 09:38:00,2011-11-17 12:32:00,9,7,3199.95,130.8,3069.15,22,9,3069.15,4,5,5,高价值活跃
12511,2010-10-07 10:39:00,2010-10-07 10:39:00,1,1,3084.02,18.25,3065.77,428,1,3065.77,1,1,5,沉睡/低频
14044,2010-01-24 15:14:00,2011-11-13 12:05:00,10,1,3077.7,16.95,3060.75,26,10,3060.75,4,5,5,高价值活跃
16400,2009-12-08 12:38:00,2011-09-06 12:27:00,9,0,3059.85,0.0,3059.85,94,9,3059.85,3,5,5,忠诚客户
13196,2010-04-01 12:54:00,2011-11-28 13:54:00,7,1,3068.84,9.2,3059.64,11,7,3059.64,5,4,5,高价值活跃
16059,2010-05-19 13:04:00,2011-10-05 09:56:00,12,0,3053.57,0.0,3053.57,65,12,3053.57,3,5,5,忠诚客户
16007,2010-06-14 13:18:00,2011-10-23 11:05:00,7,0,3053.06,0.0,3053.06,47,7,3053.06,4,4,5,高价值活跃
12849,2010-04-27 13:44:00,2011-11-08 13:41:00,6,0,3042.47,0.0,3042.47,31,6,3042.47,4,4,5,高价值活跃
14673,2010-10-26 10:14:00,2011-12-06 14:31:00,7,0,3037.32,0.0,3037.32,3,7,3037.32,5,4,5,高价值活跃
15538,2010-02-14 12:38:00,2010-06-20 10:49:00,6,5,3358.4,322.3,3036.1,537,6,3036.1,1,4,5,高价值流失风险
12909,2010-02-24 12:14:00,2011-10-31 12:43:00,8,5,3103.19,68.42,3034.77,39,8,3034.77,4,4,5,高价值活跃
13647,2010-04-15 12:55:00,2011-11-30 12:00:00,8,1,3041.68,7.9,3033.78,9,8,3033.78,5,4,5,高价值活跃
15241,2010-02-23 13:59:00,2011-10-04 09:05:00,11,1,3050.16,17.85,3032.31,66,11,3032.31,3,5,5,忠诚客户
17621,2010-10-04 09:37:00,2011-11-18 17:11:00,6,2,3175.12,145.8,3029.32,21,6,3029.32,4,4,5,高价值活跃
13631,2011-03-17 17:13:00,2011-09-01 09:57:00,11,1,3070.42,48.65,3021.77,99,11,3021.77,3,5,5,忠诚客户
15823,2009-12-08 15:12:00,2010-12-02 15:08:00,3,3,3882.17,863.31,3018.86,372,3,3018.86,2,3,5,高价值流失风险
16933,2009-12-09 15:03:00,2011-12-08 12:54:00,9,7,3099.3,81.65,3017.65,1,9,3017.65,5,5,5,高价值活跃
13692,2010-10-15 13:28:00,2011-11-15 11:17:00,5,3,3114.4,97.95,3016.45,24,5,3016.45,4,4,5,高价值活跃
13848,2009-12-09 16:17:00,2011-09-08 12:58:00,8,0,3015.0,0.0,3015.0,92,8,3015.0,3,4,5,忠诚客户
17145,2010-02-19 12:07:00,2010-07-15 09:02:00,4,3,3120.91,106.27,3014.64,512,4,3014.64,1,3,5,高价值流失风险
15916,2009-12-10 16:21:00,2011-11-23 13:46:00,13,4,3145.24,131.2,3014.04,16,13,3014.04,5,5,5,高价值活跃
16678,2011-03-02 09:24:00,2011-12-07 12:17:00,12,5,3109.99,96.16,3013.83,2,12,3013.83,5,5,5,高价值活跃
16560,2009-12-08 12:05:00,2011-11-13 10:35:00,8,2,3048.38,37.65,3010.73,26,8,3010.73,4,4,5,高价值活跃
15614,2010-03-23 11:13:00,2010-09-28 10:46:00,4,3,3147.36,138.5,3008.86,437,4,3008.86,1,3,5,高价值流失风险
16718,2009-12-06 13:07:00,2010-12-05 13:03:00,5,0,3006.08,0.0,3006.08,369,5,3006.08,2,4,5,高价值流失风险
14456,2011-07-20 13:06:00,2011-12-04 13:59:00,9,5,3017.28,14.77,3002.51,5,9,3002.51,5,5,5,高价值活跃
15754,2010-02-22 13:31:00,2011-10-19 14:40:00,9,3,3037.61,35.75,3001.86,51,9,3001.86,4,5,5,高价值活跃
14038,2010-02-04 08:56:00,2011-09-22 13:37:00,5,3,3069.88,68.95,3000.93,78,5,3000.93,3,4,5,忠诚客户
17702,2010-11-04 12:09:00,2011-11-09 16:03:00,6,3,3144.04,144.1,2999.94,30,6,2999.94,4,4,5,高价值活跃
14161,2009-12-13 11:46:00,2011-05-08 11:41:00,7,0,2996.93,0.0,2996.93,215,7,2996.93,2,4,5,高价值流失风险
14344,2010-03-23 15:47:00,2011-08-04 13:51:00,20,0,2993.05,0.0,2993.05,127,20,2993.05,3,5,5,忠诚客户
12374,2010-04-30 14:01:00,2011-11-14 15:37:00,4,0,2989.22,0.0,2989.22,25,4,2989.22,4,3,5,潜力客户
17090,2010-07-19 16:02:00,2011-12-05 13:44:00,13,2,3080.18,93.54,2986.64,4,13,2986.64,5,5,5,高价值活跃
15687,2011-01-13 15:13:00,2011-12-01 08:33:00,9,2,2993.1,11.6,2981.5,8,9,2981.5,5,5,5,高价值活跃
13557,2009-12-08 17:41:00,2011-11-11 15:24:00,13,3,3032.26,52.18,2980.08,28,13,2980.08,4,5,5,高价值活跃
16012,2010-06-28 11:39:00,2011-11-04 13:25:00,5,0,2978.59,0.0,2978.59,35,5,2978.59,4,4,5,高价值活跃
12770,2010-09-09 11:43:00,2011-05-13 09:33:00,2,5,3246.45,270.5,2975.95,210,2,2975.95,2,2,5,沉睡/低频
15027,2010-03-25 14:39:00,2011-11-09 10:16:00,10,3,3195.6,221.56,2974.04,30,10,2974.04,4,5,5,高价值活跃
14064,2010-01-21 13:22:00,2011-11-10 13:14:00,15,6,3260.24,292.67,2967.57,29,15,2967.57,4,5,5,高价值活跃
17692,2010-06-17 11:14:00,2011-08-04 14:01:00,12,2,2975.8,13.4,2962.4,127,12,2962.4,3,5,5,忠诚客户
14506,2010-04-19 08:27:00,2011-11-22 13:02:00,7,0,2960.25,0.0,2960.25,17,7,2960.25,5,4,5,高价值活跃
13485,2009-12-03 13:46:00,2011-04-20 13:58:00,11,4,3019.22,61.3,2957.92,233,11,2957.92,2,5,5,高价值流失风险
18241,2010-04-01 11:55:00,2011-11-30 12:10:00,21,2,2986.99,32.9,2954.09,9,21,2954.09,5,5,5,高价值活跃
12838,2010-04-26 09:59:00,2011-11-06 12:20:00,10,2,2975.91,22.45,2953.46,33,10,2953.46,4,5,5,高价值活跃
16120,2010-10-13 15:07:00,2011-10-11 14:22:00,6,1,2967.51,15.0,2952.51,59,6,2952.51,3,4,5,忠诚客户
13253,2010-01-05 12:13:00,2011-07-06 10:09:00,4,0,2951.11,0.0,2951.11,156,4,2951.11,3,3,5,潜力客户
14226,2010-09-24 14:32:00,2011-11-11 11:34:00,6,3,2985.13,34.75,2950.38,28,6,2950.38,4,4,5,高价值活跃
12754,2011-02-04 10:31:00,2011-04-18 09:00:00,3,2,3010.74,61.62,2949.12,235,3,2949.12,2,3,5,高价值流失风险
13635,2009-12-01 09:46:00,2011-10-03 10:55:00,4,2,2999.16,50.94,2948.22,67,4,2948.22,3,3,5,潜力客户
15967,2009-12-01 13:29:00,2011-11-16 15:41:00,12,1,2966.0,22.4,2943.6,23,12,2943.6,4,5,5,高价值活跃
15182,2010-02-21 12:03:00,2011-07-08 13:37:00,11,3,2998.952,56.2,2942.752,154,11,2942.752,3,5,5,忠诚客户
12877,2010-01-18 10:23:00,2011-12-06 10:30:00,20,0,2942.14,0.0,2942.14,3,20,2942.14,5,5,5,高价值活跃
15757,2010-06-10 13:47:00,2011-10-05 12:14:00,6,0,2940.36,0.0,2940.36,65,6,2940.36,3,4,5,忠诚客户
17444,2011-06-20 09:04:00,2011-07-15 12:05:00,3,0,2940.04,0.0,2940.04,147,3,2940.04,3,3,5,潜力客户
14544,2010-08-26 16:00:00,2011-11-15 15:06:00,3,0,2938.53,0.0,2938.53,24,3,2938.53,4,3,5,潜力客户
16416,2010-02-23 12:00:00,2011-11-13 12:50:00,9,1,2957.88,24.41,2933.47,26,9,2933.47,4,5,5,高价值活跃
12635,2010-09-09 10:50:00,2011-09-11 11:04:00,4,0,2930.41,0.0,2930.41,89,4,2930.41,3,3,5,潜力客户
12906,2011-09-22 15:03:00,2011-11-28 09:55:00,5,0,2919.81,0.0,2919.81,11,5,2919.81,5,4,5,高价值活跃
13764,2010-03-07 12:56:00,2011-09-30 12:03:00,6,0,2919.62,0.0,2919.62,70,6,2919.62,3,4,5,忠诚客户
16358,2010-11-10 11:36:00,2011-12-08 15:09:00,5,1,2919.65,2.55,2917.1,1,5,2917.1,5,4,5,高价值活跃
15312,2009-12-16 09:23:00,2011-09-25 13:10:00,12,2,2930.19,13.7,2916.49,75,12,2916.49,3,5,5,忠诚客户
14867,2009-12-05 15:47:00,2011-06-07 11:39:00,16,3,2952.06,41.65,2910.41,185,16,2910.41,3,5,5,忠诚客户
14524,2010-10-19 11:44:00,2011-11-08 12:29:00,13,0,2909.86,0.0,2909.86,31,13,2909.86,4,5,5,高价值活跃
17655,2010-10-19 10:20:00,2011-11-29 11:34:00,9,1,2976.38,67.2,2909.18,10,9,2909.18,5,5,5,高价值活跃
12438,2011-07-22 13:29:00,2011-11-25 13:28:00,2,0,2906.85,0.0,2906.85,14,2,2906.85,5,2,5,新近客户
16736,2009-12-03 16:12:00,2010-07-22 10:09:00,5,3,2956.56,52.05,2904.51,505,5,2904.51,1,4,5,高价值流失风险
17588,2010-03-12 12:34:00,2011-08-31 13:37:00,7,2,2939.55,37.9,2901.65,100,7,2901.65,3,4,5,忠诚客户
16067,2010-02-02 18:01:00,2010-05-26 12:33:00,3,3,3269.11,369.1,2900.01,562,3,2900.01,1,3,5,高价值流失风险
12854,2009-12-11 12:55:00,2011-09-22 12:15:00,7,4,2970.97,71.65,2899.32,78,7,2899.32,3,4,5,忠诚客户
13784,2010-09-15 12:27:00,2011-11-30 09:33:00,14,1,2910.23,13.05,2897.18,9,14,2897.18,5,5,5,高价值活跃
13110,2009-12-01 14:14:00,2011-11-08 14:30:00,12,2,2957.47,61.3,2896.17,31,12,2896.17,4,5,5,高价值活跃
15392,2010-10-04 12:50:00,2011-12-05 11:01:00,7,1,2911.62,19.8,2891.82,4,7,2891.82,5,4,5,高价值活跃
17774,2010-02-08 16:06:00,2011-09-04 12:49:00,9,4,3273.83,382.35,2891.48,96,9,2891.48,3,5,5,忠诚客户
17242,2010-01-24 10:27:00,2011-08-23 14:55:00,5,0,2889.28,0.0,2889.28,108,5,2889.28,3,4,5,忠诚客户
14916,2010-04-01 10:57:00,2011-09-30 09:20:00,8,3,3042.95,154.74,2888.21,70,8,2888.21,3,4,5,忠诚客户
15602,2009-12-02 09:35:00,2011-12-01 14:14:00,16,9,3137.96,254.54,2883.42,8,16,2883.42,5,5,5,高价值活跃
15373,2010-05-02 11:57:00,2011-12-01 15:05:00,17,1,3084.54,202.8,2881.74,8,17,2881.74,5,5,5,高价值活跃
14251,2011-10-13 12:46:00,2011-12-08 08:32:00,5,0,2879.7,0.0,2879.7,1,5,2879.7,5,4,5,高价值活跃
12806,2010-04-30 10:44:00,2010-09-30 13:34:00,4,0,2878.96,0.0,2878.96,435,4,2878.96,1,3,5,高价值流失风险
14621,2010-01-25 09:08:00,2011-12-08 16:22:00,9,7,3000.57,122.3,2878.27,1,9,2878.27,5,5,5,高价值活跃
16633,2011-04-19 14:36:00,2011-11-22 13:41:00,6,1,2883.1,4.95,2878.15,17,6,2878.15,5,4,5,高价值活跃
18170,2010-01-08 14:10:00,2011-11-06 14:35:00,9,0,2878.0,0.0,2878.0,33,9,2878.0,4,5,5,高价值活跃
14005,2011-05-08 10:33:00,2011-11-30 12:41:00,5,0,2874.72,0.0,2874.72,9,5,2874.72,5,4,5,高价值活跃
14590,2009-12-07 14:10:00,2010-10-11 12:06:00,20,8,2993.37,122.33,2871.04,424,20,2871.04,1,5,5,高价值流失风险
15043,2010-06-24 15:50:00,2011-11-08 14:26:00,6,0,2870.32,0.0,2870.32,31,6,2870.32,4,4,5,高价值活跃
14758,2010-04-08 08:27:00,2011-07-18 08:21:00,7,0,2864.97,0.0,2864.97,144,7,2864.97,3,4,5,忠诚客户
16062,2010-06-21 13:32:00,2011-11-30 12:15:00,8,0,2863.45,0.0,2863.45,9,8,2863.45,5,4,5,高价值活跃
12685,2011-09-07 10:28:00,2011-11-11 13:46:00,6,0,2863.08,0.0,2863.08,28,6,2863.08,4,4,5,高价值活跃
16467,2009-12-02 11:59:00,2010-07-19 11:49:00,7,1,2869.16,6.76,2862.4,508,7,2862.4,1,4,5,高价值流失风险
13890,2009-12-06 15:15:00,2011-12-08 15:36:00,14,8,2927.38,68.65,2858.73,1,14,2858.73,5,5,5,高价值活跃
15611,2010-01-25 14:50:00,2011-11-30 12:36:00,26,6,2997.28,138.91,2858.37,9,26,2858.37,5,5,5,高价值活跃
13728,2009-12-09 17:13:00,2011-11-03 10:49:00,16,0,2855.17,0.0,2855.17,36,16,2855.17,4,5,5,高价值活跃
17961,2009-12-01 14:48:00,2011-11-18 16:55:00,100,2,2866.74,16.45,2850.29,21,100,2850.29,4,5,5,高价值活跃
14935,2010-03-30 11:48:00,2011-02-15 14:44:00,2,0,2849.83,0.0,2849.83,297,2,2849.83,2,2,5,沉睡/低频
16755,2009-12-09 14:25:00,2011-08-17 13:21:00,7,3,2864.68,18.55,2846.13,114,7,2846.13,3,4,5,忠诚客户
14875,2010-09-24 10:28:00,2011-08-24 12:20:00,3,4,2862.4,20.85,2841.55,107,3,2841.55,3,3,5,潜力客户
13501,2010-05-18 13:24:00,2011-02-24 18:59:00,3,2,2885.11,44.85,2840.26,288,3,2840.26,2,3,5,高价值流失风险
12473,2011-06-01 10:15:00,2011-11-10 13:46:00,5,4,3928.05,1090.32,2837.73,29,5,2837.73,4,4,5,高价值活跃
16229,2010-05-24 12:59:00,2011-09-13 17:16:00,6,1,2867.86,32.5,2835.36,87,6,2835.36,3,4,5,忠诚客户
16383,2010-02-04 13:18:00,2011-09-26 12:45:00,7,2,2896.69,64.0,2832.69,74,7,2832.69,3,4,5,忠诚客户
15797,2010-01-27 13:12:00,2011-08-18 17:04:00,6,0,2821.08,0.0,2821.08,113,6,2821.08,3,4,4,忠诚客户
17228,2010-03-12 11:54:00,2011-11-24 10:24:00,13,0,2820.03,0.0,2820.03,15,13,2820.03,5,5,4,高价值活跃
16225,2010-02-07 12:41:00,2011-10-26 08:30:00,15,3,2859.31,45.5,2813.81,44,15,2813.81,4,5,4,高价值活跃
17386,2010-11-19 13:40:00,2011-12-02 11:28:00,7,0,2812.77,0.0,2812.77,7,7,2812.77,5,4,4,高价值活跃
14293,2009-12-10 10:57:00,2011-12-06 15:17:00,9,1,2903.01,93.6,2809.41,3,9,2809.41,5,5,4,高价值活跃
14711,2011-03-22 13:32:00,2011-11-29 14:58:00,11,1,2839.62,30.6,2809.02,10,11,2809.02,5,5,4,高价值活跃
13477,2010-01-25 11:52:00,2011-11-02 12:04:00,11,2,2819.17,13.05,2806.12,37,11,2806.12,4,5,4,高价值活跃
15031,2009-12-08 13:38:00,2011-12-05 14:19:00,14,2,3102.94,299.21,2803.73,4,14,2803.73,5,5,4,高价值活跃
13205,2010-09-22 16:26:00,2010-09-22 16:26:00,1,0,2803.2,0.0,2803.2,443,1,2803.2,1,1,4,沉睡/低频
13330,2010-02-23 10:12:00,2011-09-08 12:27:00,6,0,2796.1,0.0,2796.1,92,6,2796.1,3,4,4,忠诚客户
17530,2009-12-06 16:17:00,2011-12-08 18:42:00,12,1,2791.69,0.95,2790.74,1,12,2790.74,5,5,4,高价值活跃
14035,2010-04-06 12:39:00,2011-11-11 10:03:00,9,2,2794.75,4.25,2790.5,28,9,2790.5,4,5,4,高价值活跃
13032,2010-09-05 14:01:00,2011-10-18 15:54:00,9,2,2815.96,25.96,2790.0,52,9,2790.0,4,5,4,高价值活跃
16979,2010-09-15 14:30:00,2011-12-06 12:21:00,9,3,2859.74,72.65,2787.09,3,9,2787.09,5,5,4,高价值活跃
13719,2010-05-17 14:36:00,2011-11-24 15:26:00,11,0,2783.08,0.0,2783.08,15,11,2783.08,5,5,4,高价值活跃
17790,2010-06-13 13:30:00,2011-11-13 11:30:00,20,0,2779.41,0.0,2779.41,26,20,2779.41,4,5,4,高价值活跃
12863,2010-04-29 13:54:00,2011-10-18 14:15:00,6,1,2792.55,17.0,2775.55,52,6,2775.55,4,4,4,高价值活跃
17031,2010-05-07 14:52:00,2011-11-28 10:23:00,6,0,2773.85,0.0,2773.85,11,6,2773.85,5,4,4,高价值活跃
12826,2009-12-18 10:43:00,2011-12-07 10:25:00,12,3,2800.75,27.06,2773.69,2,12,2773.69,5,5,4,高价值活跃
15563,2010-01-28 11:36:00,2011-11-17 14:50:00,7,4,2859.46,85.79,2773.67,22,7,2773.67,4,4,4,高价值活跃
12676,2010-08-13 13:29:00,2011-11-15 12:25:00,11,1,2843.09,70.0,2773.09,24,11,2773.09,4,5,4,高价值活跃
15235,2010-11-16 12:48:00,2011-05-06 09:44:00,16,0,2772.76,0.0,2772.76,217,16,2772.76,2,5,4,高价值流失风险
15353,2009-12-02 11:33:00,2011-03-30 12:15:00,7,1,2794.47,21.9,2772.57,254,7,2772.57,2,4,4,高价值流失风险
13695,2010-05-11 11:07:00,2011-11-08 14:26:00,16,0,2770.73,0.0,2770.73,31,16,2770.73,4,5,4,高价值活跃
18210,2010-11-22 09:39:00,2011-12-08 11:02:00,7,0,2768.83,0.0,2768.83,1,7,2768.83,5,4,4,高价值活跃
14233,2010-03-05 16:35:00,2011-10-21 15:54:00,7,3,2904.27,137.31,2766.96,49,7,2766.96,4,4,4,高价值活跃
15817,2010-06-14 13:31:00,2010-10-15 11:07:00,3,0,2766.4,0.0,2766.4,420,3,2766.4,1,3,4,高价值流失风险
16407,2010-10-03 13:56:00,2011-11-27 11:05:00,14,0,2761.65,0.0,2761.65,12,14,2761.65,5,5,4,高价值活跃
16871,2011-03-14 10:31:00,2011-11-17 19:27:00,6,1,2812.34,50.85,2761.49,22,6,2761.49,4,4,4,高价值活跃
16772,2009-12-18 10:50:00,2010-10-12 13:19:00,3,2,3698.05,937.95,2760.1,423,3,2760.1,1,3,4,高价值流失风险
15965,2009-12-03 11:45:00,2011-11-22 16:44:00,13,1,2771.94,13.75,2758.19,17,13,2758.19,5,5,4,高价值活跃
16711,2009-12-02 13:22:00,2011-12-06 16:32:00,9,1,2868.48,117.0,2751.48,3,9,2751.48,5,5,4,高价值活跃
14869,2009-12-16 11:43:00,2011-12-01 12:36:00,6,3,2778.14,27.44,2750.7,8,6,2750.7,5,4,4,高价值活跃
16764,2011-07-19 17:17:00,2011-12-06 11:41:00,13,5,2790.95,41.0,2749.95,3,13,2749.95,5,5,4,高价值活跃
17870,2010-11-23 11:39:00,2011-12-07 15:07:00,13,1,2753.29,4.95,2748.34,2,13,2748.34,5,5,4,高价值活跃
13963,2010-04-21 16:20:00,2011-02-04 14:43:00,17,1,2860.57,112.25,2748.32,308,17,2748.32,2,5,4,高价值流失风险
17552,2010-03-22 09:19:00,2011-10-10 17:00:00,12,4,2786.77,46.09,2740.68,60,12,2740.68,3,5,4,忠诚客户
14121,2011-10-11 10:39:00,2011-12-06 12:19:00,4,2,2780.15,39.85,2740.3,3,4,2740.3,5,3,4,潜力客户
16775,2010-09-23 17:34:00,2011-11-29 15:22:00,16,1,2820.84,81.6,2739.24,10,16,2739.24,5,5,4,高价值活跃
15993,2011-10-26 16:21:00,2011-12-01 10:45:00,7,3,2777.67,40.75,2736.92,8,7,2736.92,5,4,4,高价值活跃
17241,2010-02-15 14:47:00,2010-11-19 13:01:00,12,0,2736.64,0.0,2736.64,385,12,2736.64,2,5,4,高价值流失风险
15329,2009-12-14 12:18:00,2011-10-31 15:36:00,11,9,2958.83,223.65,2735.18,39,11,2735.18,4,5,4,高价值活跃
15389,2010-01-27 12:44:00,2011-06-20 16:18:00,5,0,2733.8,0.0,2733.8,172,5,2733.8,3,4,4,忠诚客户
14903,2011-03-06 11:50:00,2011-11-18 16:07:00,5,5,2795.33,66.15,2729.18,21,5,2729.18,4,4,4,高价值活跃
12739,2010-11-10 14:27:00,2011-09-22 13:00:00,4,0,2726.73,0.0,2726.73,78,4,2726.73,3,3,4,潜力客户
16335,2009-12-04 10:18:00,2010-06-06 11:35:00,7,1,2753.52,27.0,2726.52,551,7,2726.52,1,4,4,高价值流失风险
15810,2010-02-04 18:18:00,2011-09-22 09:38:00,8,5,2999.04,274.24,2724.8,78,8,2724.8,3,4,4,忠诚客户
16190,2009-12-14 11:59:00,2011-10-30 15:59:00,8,0,2723.55,0.0,2723.55,40,8,2723.55,4,4,4,高价值活跃
14125,2011-09-22 15:40:00,2011-11-29 12:47:00,3,0,2720.63,0.0,2720.63,10,3,2720.63,5,3,4,潜力客户
15841,2009-12-10 08:29:00,2011-09-28 12:15:00,9,3,2742.41,25.91,2716.5,72,9,2716.5,3,5,4,忠诚客户
13077,2009-12-11 11:17:00,2011-12-08 19:24:00,11,3,2740.65,24.5,2716.15,1,11,2716.15,5,5,4,高价值活跃
13736,2009-12-06 12:07:00,2011-12-04 15:19:00,7,5,2752.47,51.2,2701.27,5,7,2701.27,5,4,4,高价值活跃
12391,2010-02-15 10:12:00,2011-11-18 12:07:00,6,1,2724.84,25.6,2699.24,21,6,2699.24,4,4,4,高价值活跃
18173,2010-04-06 10:43:00,2011-09-14 11:26:00,5,0,2696.36,0.0,2696.36,86,5,2696.36,3,4,4,忠诚客户
16232,2010-06-07 14:04:00,2011-10-27 12:16:00,7,3,2712.97,20.95,2692.02,43,7,2692.02,4,4,4,高价值活跃
13813,2009-12-06 10:16:00,2011-10-31 10:38:00,8,4,2765.47,79.05,2686.42,39,8,2686.42,4,4,4,高价值活跃
16086,2009-12-02 13:20:00,2011-10-11 13:09:00,10,1,2687.73,2.08,2685.65,59,10,2685.65,3,5,4,忠诚客户
17388,2009-12-10 11:45:00,2011-09-23 10:31:00,11,0,2675.37,0.0,2675.37,77,11,2675.37,3,5,4,忠诚客户
18283,2010-02-19 17:16:00,2011-12-06 12:02:00,22,0,2664.9,0.0,2664.9,3,22,2664.9,5,5,4,高价值活跃
15910,2010-01-21 11:51:00,2011-12-09 10:51:00,15,0,2661.17,0.0,2661.17,0,15,2661.17,5,5,4,高价值活跃
16434,2010-01-17 14:51:00,2011-11-10 14:28:00,12,1,2673.69,14.7,2658.99,29,12,2658.99,4,5,4,高价值活跃
16369,2010-04-07 16:52:00,2011-11-21 16:25:00,7,0,2656.56,0.0,2656.56,18,7,2656.56,5,4,4,高价值活跃
17884,2009-12-04 16:23:00,2011-12-06 11:33:00,20,3,2698.47,44.0,2654.47,3,20,2654.47,5,5,4,高价值活跃
12516,2010-04-19 14:14:00,2011-09-23 09:13:00,4,0,2648.62,0.0,2648.62,77,4,2648.62,3,3,4,潜力客户
12820,2009-12-05 13:37:00,2011-12-06 15:12:00,11,2,2689.52,41.58,2647.94,3,11,2647.94,5,5,4,高价值活跃
15671,2011-03-14 09:37:00,2011-11-21 12:43:00,7,3,2657.13,21.64,2635.49,18,7,2635.49,5,4,4,高价值活跃
13819,2009-12-01 16:18:00,2011-02-11 10:38:00,6,1,2642.35,11.25,2631.1,301,6,2631.1,2,4,4,高价值流失风险
16618,2011-01-21 11:55:00,2011-11-08 13:52:00,5,1,2647.59,16.95,2630.64,31,5,2630.64,4,4,4,高价值活跃
13203,2009-12-17 14:15:00,2011-11-30 10:45:00,10,1,2648.25,17.7,2630.55,9,10,2630.55,5,5,4,高价值活跃
16276,2010-04-11 12:02:00,2011-06-16 09:34:00,3,0,2629.39,0.0,2629.39,176,3,2629.39,3,3,4,潜力客户
17470,2010-07-19 16:16:00,2011-10-26 12:42:00,11,0,2626.47,0.0,2626.47,44,11,2626.47,4,5,4,高价值活跃
14404,2009-12-20 14:40:00,2011-11-06 12:30:00,13,2,2724.13,99.0,2625.13,33,13,2625.13,4,5,4,高价值活跃
12671,2010-04-12 16:30:00,2010-04-12 16:30:00,1,0,2622.481,0.0,2622.481,606,1,2622.481,1,1,4,沉睡/低频
15596,2010-07-28 11:46:00,2011-08-31 10:55:00,9,7,2727.72,106.45,2621.27,100,9,2621.27,3,5,4,忠诚客户
14262,2011-04-13 12:23:00,2011-12-01 14:17:00,8,0,2618.23,0.0,2618.23,8,8,2618.23,5,4,4,高价值活跃
17744,2010-11-24 09:34:00,2011-12-06 12:11:00,7,1,2649.14,31.32,2617.82,3,7,2617.82,5,4,4,高价值活跃
17115,2009-12-05 12:13:00,2011-12-01 14:30:00,7,6,2761.49,145.2,2616.29,8,7,2616.29,5,4,4,高价值活跃
14756,2010-10-11 11:50:00,2011-11-24 18:13:00,3,1,2653.76,40.3,2613.46,15,3,2613.46,5,3,4,潜力客户
17720,2010-05-10 09:58:00,2011-11-13 15:04:00,10,2,2666.91,53.85,2613.06,26,10,2613.06,4,5,4,高价值活跃
12423,2010-08-31 09:31:00,2011-12-09 10:10:00,10,1,2622.39,10.2,2612.19,0,10,2612.19,5,5,4,高价值活跃
12755,2010-01-15 11:57:00,2011-03-04 12:42:00,11,11,5236.26,2624.31,2611.95,280,11,2611.95,2,5,4,高价值流失风险
15985,2010-05-27 15:51:00,2011-08-08 16:31:00,7,1,2715.28,105.0,2610.28,123,7,2610.28,3,4,4,忠诚客户
15142,2010-07-27 09:05:00,2011-10-24 12:51:00,6,1,2619.92,10.95,2608.97,46,6,2608.97,4,4,4,高价值活跃
13422,2011-10-06 13:42:00,2011-10-06 13:42:00,1,1,2626.3,24.75,2601.55,64,1,2601.55,3,1,4,潜力客户
13644,2011-08-26 11:53:00,2011-11-23 14:07:00,4,1,2624.26,26.74,2597.52,16,4,2597.52,5,3,4,潜力客户
13211,2009-12-06 15:24:00,2011-11-29 14:43:00,10,2,2618.77,22.45,2596.32,10,10,2596.32,5,5,4,高价值活跃
14163,2010-09-03 17:15:00,2011-09-13 15:18:00,5,0,2594.62,0.0,2594.62,87,5,2594.62,3,4,4,忠诚客户
17043,2009-12-09 15:20:00,2011-11-07 15:33:00,8,0,2593.65,0.0,2593.65,32,8,2593.65,4,4,4,高价值活跃
14129,2010-05-09 14:54:00,2011-12-08 11:02:00,9,0,2591.34,0.0,2591.34,1,9,2591.34,5,5,4,高价值活跃
15157,2009-12-10 14:44:00,2011-12-06 11:28:00,5,2,2654.11,66.57,2587.54,3,5,2587.54,5,4,4,高价值活跃
15062,2010-04-08 15:41:00,2011-09-29 16:51:00,8,0,2585.62,0.0,2585.62,71,8,2585.62,3,4,4,忠诚客户
17490,2010-05-19 12:40:00,2011-12-09 09:08:00,9,4,2750.5,165.44,2585.06,0,9,2585.06,5,5,4,高价值活跃
16206,2010-01-24 15:25:00,2011-10-16 10:41:00,13,1,2589.87,4.95,2584.92,54,13,2584.92,4,5,4,高价值活跃
15826,2010-05-20 17:00:00,2011-10-14 16:05:00,4,2,2598.28,15.15,2583.13,56,4,2583.13,4,3,4,潜力客户
12520,2011-03-11 11:35:00,2011-09-21 15:23:00,5,1,2634.26,51.75,2582.51,79,5,2582.51,3,4,4,忠诚客户
12412,2010-06-18 13:22:00,2011-09-26 10:16:00,6,2,2596.93,15.9,2581.03,74,6,2581.03,3,4,4,忠诚客户
13012,2010-04-26 14:14:00,2011-11-30 13:05:00,11,4,2957.83,381.65,2576.18,9,11,2576.18,5,5,4,高价值活跃
13700,2010-02-07 10:53:00,2011-11-13 13:00:00,13,1,2596.97,27.25,2569.72,26,13,2569.72,4,5,4,高价值活跃
14431,2010-01-21 10:49:00,2011-02-10 10:40:00,4,1,2614.2,47.1,2567.1,302,4,2567.1,2,3,4,高价值流失风险
17002,2010-03-08 15:46:00,2011-09-15 12:40:00,7,1,2571.55,5.95,2565.6,85,7,2565.6,3,4,4,忠诚客户
12982,2010-04-12 13:50:00,2011-04-11 11:51:00,8,9,2744.81,182.69,2562.12,242,8,2562.12,2,4,4,高价值流失风险
16036,2010-03-29 14:47:00,2011-09-13 14:53:00,4,0,2556.84,0.0,2556.84,87,4,2556.84,3,3,4,潜力客户
14397,2011-05-10 12:25:00,2011-12-07 09:22:00,19,4,2612.96,56.28,2556.68,2,19,2556.68,5,5,4,高价值活跃
15660,2010-02-05 16:01:00,2011-11-14 16:58:00,15,3,2603.69,48.85,2554.84,25,15,2554.84,4,5,4,高价值活跃
16115,2010-05-14 11:59:00,2011-11-30 11:32:00,12,0,2553.8,0.0,2553.8,9,12,2553.8,5,5,4,高价值活跃
18179,2010-02-14 15:51:00,2011-11-30 16:23:00,8,0,2547.55,0.0,2547.55,9,8,2547.55,5,4,4,高价值活跃
13192,2010-01-22 08:37:00,2011-09-05 14:13:00,6,2,2558.58,14.05,2544.53,95,6,2544.53,3,4,4,忠诚客户
15033,2011-01-14 13:28:00,2011-12-05 12:40:00,10,1,2557.18,15.65,2541.53,4,10,2541.53,5,5,4,高价值活跃
14548,2009-12-06 14:00:00,2011-07-12 12:19:00,9,0,2541.29,0.0,2541.29,150,9,2541.29,3,5,4,忠诚客户
13862,2010-11-15 13:43:00,2011-11-21 16:24:00,9,2,2556.09,22.05,2534.04,18,9,2534.04,5,5,4,高价值活跃
17465,2009-12-03 13:25:00,2010-10-10 11:56:00,7,2,2542.79,9.15,2533.64,425,7,2533.64,1,4,4,高价值流失风险
15814,2010-04-15 14:31:00,2011-11-23 08:17:00,6,2,2634.44,102.6,2531.84,16,6,2531.84,5,4,4,高价值活跃
16889,2010-05-23 10:46:00,2011-05-29 11:05:00,6,0,2526.65,0.0,2526.65,194,6,2526.65,2,4,4,高价值流失风险
14790,2009-12-11 14:37:00,2011-11-23 09:28:00,10,0,2526.62,0.0,2526.62,16,10,2526.62,5,5,4,高价值活跃
17317,2011-09-11 12:45:00,2011-10-24 17:19:00,3,2,2600.34,76.32,2524.02,46,3,2524.02,4,3,4,潜力客户
14564,2009-12-04 09:27:00,2010-10-01 09:02:00,2,3,2605.62,86.3,2519.32,434,2,2519.32,1,2,4,沉睡/低频
15434,2010-01-24 15:35:00,2011-12-01 13:33:00,11,2,2567.06,49.95,2517.11,8,11,2517.11,5,5,4,高价值活跃
17463,2010-04-29 17:57:00,2011-11-23 13:40:00,7,2,2535.26,20.0,2515.26,16,7,2515.26,5,4,4,高价值活跃
15862,2009-12-17 11:33:00,2011-12-01 13:28:00,13,0,2512.29,0.0,2512.29,8,13,2512.29,5,5,4,高价值活跃
13344,2011-03-07 10:28:00,2011-10-03 09:45:00,3,0,2511.69,0.0,2511.69,67,3,2511.69,3,3,4,潜力客户
16104,2009-12-06 10:41:00,2011-10-09 10:23:00,9,2,2774.46,263.25,2511.21,61,9,2511.21,3,5,4,忠诚客户
16499,2010-06-11 12:22:00,2010-12-14 13:31:00,8,5,2578.34,68.7,2509.64,360,8,2509.64,2,4,4,高价值流失风险
16987,2009-12-02 14:34:00,2011-12-06 17:26:00,11,1,2521.4,11.9,2509.5,3,11,2509.5,5,5,4,高价值活跃
17101,2010-06-07 15:12:00,2011-11-29 13:57:00,7,0,2507.05,0.0,2507.05,10,7,2507.05,5,4,4,高价值活跃
13786,2009-12-03 15:32:00,2010-12-07 13:53:00,6,2,3127.99,622.53,2505.46,367,6,2505.46,2,4,4,高价值流失风险
13471,2011-10-23 13:10:00,2011-12-08 15:44:00,4,0,2501.84,0.0,2501.84,1,4,2501.84,5,3,4,潜力客户
17594,2010-04-14 08:53:00,2011-09-15 16:34:00,4,0,2497.88,0.0,2497.88,85,4,2497.88,3,3,4,潜力客户
15747,2010-01-18 11:21:00,2011-11-27 12:26:00,9,1,2499.81,1.95,2497.86,12,9,2497.86,5,5,4,高价值活跃
12978,2009-12-10 12:10:00,2010-11-19 14:29:00,5,1,2502.82,6.75,2496.07,385,5,2496.07,2,4,4,高价值流失风险
14541,2010-01-07 11:59:00,2011-10-12 10:08:00,14,0,2491.38,0.0,2491.38,58,14,2491.38,4,5,4,高价值活跃
17262,2009-12-15 11:26:00,2011-10-18 12:56:00,11,0,2488.76,0.0,2488.76,52,11,2488.76,4,5,4,高价值活跃
15227,2010-03-16 08:23:00,2011-11-03 11:59:00,9,0,2488.49,0.0,2488.49,36,9,2488.49,4,5,4,高价值活跃
15716,2009-12-07 12:42:00,2011-07-17 11:59:00,11,0,2485.26,0.0,2485.26,145,11,2485.26,3,5,4,忠诚客户
15117,2010-03-15 13:39:00,2011-11-25 08:12:00,8,1,2485.97,1.65,2484.32,14,8,2484.32,5,4,4,高价值活跃
13414,2010-04-15 17:00:00,2011-07-29 11:45:00,6,1,2494.14,11.9,2482.24,133,6,2482.24,3,4,4,忠诚客户
15681,2010-05-24 14:18:00,2011-11-14 16:30:00,14,2,2989.7,509.5,2480.2,25,14,2480.2,4,5,4,高价值活跃
13507,2011-07-17 11:50:00,2011-12-06 13:13:00,4,0,2479.16,0.0,2479.16,3,4,2479.16,5,3,4,潜力客户
12967,2010-11-21 11:03:00,2010-12-16 19:10:00,3,2,2938.52,466.15,2472.37,358,3,2472.37,2,3,4,高价值流失风险
12457,2010-09-30 17:59:00,2011-10-04 13:13:00,8,6,2995.91,523.6,2472.31,66,8,2472.31,3,4,4,忠诚客户
14745,2010-03-12 10:33:00,2011-08-19 10:05:00,12,5,2551.41,80.35,2471.06,112,12,2471.06,3,5,4,忠诚客户
14229,2010-08-25 11:47:00,2011-10-19 10:04:00,7,4,2594.04,125.05,2468.99,51,7,2468.99,4,4,4,高价值活跃
17288,2010-11-10 14:44:00,2011-11-30 16:09:00,11,0,2468.43,0.0,2468.43,9,11,2468.43,5,5,4,高价值活跃
16202,2009-12-02 10:48:00,2010-12-14 10:43:00,9,2,2501.99,34.95,2467.04,360,9,2467.04,2,5,4,高价值流失风险
17164,2011-03-11 14:26:00,2011-11-07 09:14:00,7,1,2467.35,0.95,2466.4,32,7,2466.4,4,4,4,高价值活跃
14696,2010-10-14 11:43:00,2011-12-05 13:43:00,8,2,2473.28,7.98,2465.3,4,8,2465.3,5,4,4,高价值活跃
17131,2011-09-25 12:42:00,2011-12-04 12:52:00,5,0,2463.17,0.0,2463.17,5,5,2463.17,5,4,4,高价值活跃
15932,2011-02-23 14:50:00,2011-12-05 17:13:00,8,3,2495.87,34.02,2461.85,4,8,2461.85,5,4,4,高价值活跃
14842,2011-02-04 15:32:00,2011-10-27 12:37:00,4,4,2824.69,367.89,2456.8,43,4,2456.8,4,3,4,潜力客户
14421,2010-01-17 11:30:00,2011-10-13 13:24:00,6,1,2469.37,12.75,2456.62,57,6,2456.62,4,4,4,高价值活跃
14659,2011-01-28 12:43:00,2011-12-01 12:17:00,9,3,2529.93,73.4,2456.53,8,9,2456.53,5,5,4,高价值活跃
12701,2010-03-16 13:23:00,2011-09-21 10:47:00,6,0,2446.41,0.0,2446.41,79,6,2446.41,3,4,4,忠诚客户
13588,2011-03-29 15:53:00,2011-11-24 10:42:00,9,4,2478.95,33.83,2445.12,15,9,2445.12,5,5,4,高价值活跃
17320,2010-01-21 16:29:00,2011-08-31 13:31:00,6,0,2444.85,0.0,2444.85,100,6,2444.85,3,4,4,忠诚客户
14934,2010-09-24 12:08:00,2011-09-19 10:10:00,5,4,3503.5,1059.4,2444.1,81,5,2444.1,3,4,4,忠诚客户
12517,2011-06-02 15:13:00,2011-11-11 14:04:00,5,1,2481.6,37.95,2443.65,28,5,2443.65,4,4,4,高价值活跃
15906,2010-09-15 12:17:00,2011-11-20 12:24:00,10,2,2530.19,87.75,2442.44,19,10,2442.44,5,5,4,高价值活跃
15111,2010-04-26 13:12:00,2011-11-10 16:58:00,5,0,2442.37,0.0,2442.37,29,5,2442.37,4,4,4,高价值活跃
17348,2010-03-10 12:13:00,2011-11-25 11:25:00,9,0,2442.29,0.0,2442.29,14,9,2442.29,5,5,4,高价值活跃
15623,2009-12-10 14:46:00,2011-07-21 17:26:00,8,0,2437.05,0.0,2437.05,141,8,2437.05,3,4,4,忠诚客户
17505,2010-04-13 16:33:00,2011-07-01 12:50:00,5,0,2435.48,0.0,2435.48,161,5,2435.48,3,4,4,忠诚客户
13949,2011-09-06 11:55:00,2011-12-07 09:35:00,6,0,2427.32,0.0,2427.32,2,6,2427.32,5,4,4,高价值活跃
17629,2010-10-14 13:35:00,2011-12-04 10:56:00,10,1,2455.52,30.0,2425.52,5,10,2425.52,5,5,4,高价值活跃
15077,2009-12-09 17:10:00,2010-08-02 11:13:00,2,2,2428.08,4.2,2423.88,494,2,2423.88,1,2,4,沉睡/低频
12924,2009-12-09 12:40:00,2011-09-12 13:55:00,12,2,2469.4,46.25,2423.15,88,12,2423.15,3,5,4,忠诚客户
15021,2010-07-29 16:35:00,2011-12-01 11:53:00,12,5,2500.59,78.24,2422.35,8,12,2422.35,5,5,4,高价值活跃
13134,2010-10-19 13:21:00,2011-09-15 10:35:00,6,3,2475.23,52.95,2422.28,85,6,2422.28,3,4,4,忠诚客户
15089,2011-08-03 14:14:00,2011-11-29 16:31:00,6,0,2420.84,0.0,2420.84,10,6,2420.84,5,4,4,高价值活跃
13878,2010-04-14 13:50:00,2011-10-16 12:19:00,4,0,2416.9,0.0,2416.9,54,4,2416.9,4,3,4,潜力客户
18171,2010-01-05 10:46:00,2011-10-12 09:13:00,9,2,2437.31,22.8,2414.51,58,9,2414.51,4,5,4,高价值活跃
13623,2009-12-02 13:57:00,2011-11-09 12:00:00,10,5,2533.06,120.13,2412.93,30,10,2412.93,4,5,4,高价值活跃
16470,2009-12-11 12:21:00,2011-10-19 12:11:00,11,1,2416.85,4.95,2411.9,51,11,2411.9,4,5,4,高价值活跃
13473,2009-12-15 19:02:00,2011-10-10 11:20:00,8,2,2657.76,246.78,2410.98,60,8,2410.98,3,4,4,忠诚客户
12397,2011-07-27 14:21:00,2011-11-04 09:52:00,2,0,2409.9,0.0,2409.9,35,2,2409.9,4,2,4,新近客户
16833,2010-03-26 15:31:00,2011-12-08 14:39:00,6,0,2409.04,0.0,2409.04,1,6,2409.04,5,4,4,高价值活跃
16554,2009-12-15 09:42:00,2011-10-28 14:51:00,8,10,2841.72,434.55,2407.17,42,8,2407.17,4,4,4,高价值活跃
17676,2010-03-30 10:49:00,2011-12-05 15:16:00,10,3,2448.64,43.32,2405.32,4,10,2405.32,5,5,4,高价值活跃
15341,2010-09-16 16:41:00,2011-09-20 09:40:00,2,1,2402.72,1.7,2401.02,80,2,2401.02,3,2,4,潜力客户
13151,2010-03-22 10:26:00,2011-02-17 12:29:00,3,2,2465.21,69.05,2396.16,295,3,2396.16,2,3,4,高价值流失风险
16817,2010-10-04 09:06:00,2011-12-07 11:03:00,13,5,2560.7,167.85,2392.85,2,13,2392.85,5,5,4,高价值活跃
15366,2010-02-26 10:10:00,2011-09-25 15:01:00,7,0,2389.08,0.0,2389.08,75,7,2389.08,3,4,4,忠诚客户
14414,2010-11-30 10:12:00,2011-09-09 12:09:00,8,1,2399.33,11.85,2387.48,91,8,2387.48,3,4,4,忠诚客户
16105,2010-04-14 13:27:00,2011-04-05 10:13:00,5,0,2386.19,0.0,2386.19,248,5,2386.19,2,4,4,高价值流失风险
14256,2010-01-14 10:35:00,2011-03-24 13:17:00,5,4,2460.79,76.65,2384.14,260,5,2384.14,2,4,4,高价值流失风险
16040,2010-04-09 10:12:00,2011-10-05 13:47:00,7,1,2416.9,33.2,2383.7,65,7,2383.7,3,4,4,忠诚客户
15793,2009-12-01 12:54:00,2011-11-25 09:31:00,8,1,2399.57,16.65,2382.92,14,8,2382.92,5,4,4,高价值活跃
14195,2010-03-15 17:12:00,2011-05-22 10:29:00,6,4,2615.6,234.36,2381.24,201,6,2381.24,2,4,4,高价值流失风险
13173,2009-12-10 12:52:00,2011-12-05 15:51:00,11,2,2399.82,18.85,2380.97,4,11,2380.97,5,5,4,高价值活跃
16359,2010-02-16 10:39:00,2011-12-02 17:04:00,16,4,2697.75,318.35,2379.4,7,16,2379.4,5,5,4,高价值活跃
12393,2010-10-07 13:49:00,2011-09-28 15:41:00,6,1,2399.45,22.7,2376.75,72,6,2376.75,3,4,4,忠诚客户
16638,2010-08-18 13:33:00,2011-11-17 11:09:00,15,1,2380.13,4.25,2375.88,22,15,2375.88,4,5,4,高价值活跃
17827,2010-03-28 12:20:00,2011-12-04 15:00:00,6,1,2376.17,6.75,2369.42,5,6,2369.42,5,4,4,高价值活跃
16147,2010-02-05 12:26:00,2011-07-29 09:57:00,5,2,2398.91,31.89,2367.02,133,5,2367.02,3,4,4,忠诚客户
17623,2009-12-14 14:36:00,2011-11-07 11:32:00,7,0,2365.77,0.0,2365.77,32,7,2365.77,4,4,4,高价值活跃
15860,2009-12-06 12:31:00,2011-10-30 11:25:00,17,0,2361.3,0.0,2361.3,40,17,2361.3,4,5,4,高价值活跃
17634,2011-01-06 12:45:00,2011-11-03 13:09:00,9,0,2358.59,0.0,2358.59,36,9,2358.59,4,5,4,高价值活跃
15073,2010-01-27 08:48:00,2011-11-30 10:44:00,8,1,2788.02,430.98,2357.04,9,8,2357.04,5,4,4,高价值活跃
17921,2010-07-15 20:05:00,2011-10-06 18:56:00,10,2,2394.36,40.15,2354.21,64,10,2354.21,3,5,4,忠诚客户
14810,2010-10-06 13:12:00,2011-10-30 11:19:00,13,0,2354.03,0.0,2354.03,40,13,2354.03,4,5,4,高价值活跃
16083,2010-11-16 11:53:00,2011-08-31 10:47:00,4,0,2351.42,0.0,2351.42,100,4,2351.42,3,3,4,潜力客户
12802,2010-05-25 09:34:00,2011-06-06 09:36:00,7,2,2416.42,66.0,2350.42,186,7,2350.42,3,4,4,忠诚客户
13908,2011-03-08 12:04:00,2011-09-21 11:49:00,4,1,2369.55,22.5,2347.05,79,4,2347.05,3,3,4,潜力客户
14496,2010-03-16 13:15:00,2011-02-01 09:01:00,7,3,2363.89,22.35,2341.54,311,7,2341.54,2,4,4,高价值流失风险
16085,2010-01-20 14:03:00,2011-11-16 13:24:00,12,1,2341.03,5.8,2335.23,23,12,2335.23,4,5,4,高价值活跃
16742,2009-12-16 17:22:00,2011-10-24 12:02:00,14,1,2799.87,464.9,2334.97,46,14,2334.97,4,5,4,高价值活跃
13118,2010-09-26 15:46:00,2011-11-20 12:46:00,9,3,2415.41,81.31,2334.1,19,9,2334.1,5,5,4,高价值活跃
17434,2011-09-15 13:54:00,2011-12-07 13:16:00,7,2,2373.82,40.4,2333.42,2,7,2333.42,5,4,4,高价值活跃
16005,2010-09-15 13:21:00,2011-11-27 13:47:00,10,1,2365.49,32.45,2333.04,12,10,2333.04,5,5,4,高价值活跃
13614,2010-06-06 13:42:00,2011-11-15 14:47:00,6,0,2332.74,0.0,2332.74,24,6,2332.74,4,4,4,高价值活跃
16676,2010-10-17 13:07:00,2011-11-06 12:01:00,6,1,2361.9,33.4,2328.5,33,6,2328.5,4,4,4,高价值活跃
17591,2010-01-17 16:09:00,2011-09-27 13:42:00,8,1,2339.32,10.95,2328.37,73,8,2328.37,3,4,4,忠诚客户
15489,2010-01-15 16:58:00,2011-11-17 08:53:00,8,4,2419.61,92.25,2327.36,22,8,2327.36,4,4,4,高价值活跃
12733,2010-01-19 13:23:00,2011-04-19 16:19:00,4,2,2424.87,98.05,2326.82,234,4,2326.82,2,3,4,高价值流失风险
17004,2010-10-11 15:43:00,2011-10-24 14:25:00,4,0,2324.36,0.0,2324.36,46,4,2324.36,4,3,4,潜力客户
17284,2010-09-20 16:18:00,2011-10-10 14:38:00,8,3,2788.06,464.94,2323.12,60,8,2323.12,3,4,4,忠诚客户
12724,2010-06-22 14:00:00,2011-12-04 16:02:00,7,0,2317.52,0.0,2317.52,5,7,2317.52,5,4,4,高价值活跃
14295,2009-12-08 09:49:00,2011-10-30 15:50:00,5,3,2362.91,46.85,2316.06,40,5,2316.06,4,4,4,高价值活跃
14346,2010-07-30 10:44:00,2011-08-11 09:47:00,5,0,2315.75,0.0,2315.75,120,5,2315.75,3,4,4,忠诚客户
16628,2010-03-08 12:24:00,2011-11-10 12:45:00,7,1,2318.1,5.01,2313.09,29,7,2313.09,4,4,4,高价值活跃
17095,2009-12-15 12:32:00,2011-11-17 12:21:00,7,5,2572.25,259.66,2312.59,22,7,2312.59,4,4,4,高价值活跃
14502,2011-01-30 15:52:00,2011-11-20 11:50:00,11,3,2429.83,119.65,2310.18,19,11,2310.18,5,5,4,高价值活跃
17282,2010-06-09 12:07:00,2011-08-01 14:29:00,5,0,2308.54,0.0,2308.54,130,5,2308.54,3,4,4,忠诚客户
12948,2009-12-02 12:28:00,2011-11-23 17:10:00,9,1,2317.43,11.25,2306.18,16,9,2306.18,5,5,4,高价值活跃
15946,2010-03-16 10:49:00,2010-07-25 12:18:00,3,0,2304.18,0.0,2304.18,502,3,2304.18,1,3,4,高价值流失风险
18095,2010-04-19 14:09:00,2011-01-31 12:50:00,5,0,2303.09,0.0,2303.09,312,5,2303.09,2,4,4,高价值流失风险
12599,2010-05-11 10:42:00,2011-11-10 13:34:00,13,0,2296.72,0.0,2296.72,29,13,2296.72,4,5,4,高价值活跃
15549,2010-01-11 13:16:00,2011-09-23 16:22:00,8,1,2334.16,37.5,2296.66,77,8,2296.66,3,4,4,忠诚客户
13704,2011-09-12 14:40:00,2011-12-04 15:13:00,9,1,2308.06,12.75,2295.31,5,9,2295.31,5,5,4,高价值活跃
14555,2009-12-18 11:39:00,2011-10-13 16:24:00,6,1,2304.03,9.15,2294.88,57,6,2294.88,4,4,4,高价值活跃
16496,2010-07-18 13:42:00,2011-12-01 10:31:00,6,1,2330.77,37.3,2293.47,8,6,2293.47,5,4,4,高价值活跃
13055,2010-10-06 08:17:00,2011-09-22 14:26:00,4,2,2321.11,28.6,2292.51,78,4,2292.51,3,3,4,潜力客户
14938,2010-05-26 13:35:00,2010-05-26 13:38:00,2,2,2322.43,33.0,2289.43,562,2,2289.43,1,2,4,沉睡/低频
17047,2009-12-08 08:48:00,2011-09-15 13:27:00,6,0,2289.23,0.0,2289.23,85,6,2289.23,3,4,4,忠诚客户
17313,2011-11-08 15:45:00,2011-11-08 15:45:00,1,1,2328.84,40.71,2288.13,31,1,2288.13,4,1,4,新近客户
17018,2009-12-05 10:27:00,2011-10-30 11:42:00,6,0,2287.7,0.0,2287.7,40,6,2287.7,4,4,4,高价值活跃
12684,2011-05-10 12:55:00,2011-12-02 09:53:00,7,0,2283.63,0.0,2283.63,7,7,2283.63,5,4,4,高价值活跃
14554,2011-10-18 13:04:00,2011-11-29 16:44:00,4,0,2279.49,0.0,2279.49,10,4,2279.49,5,3,4,潜力客户
18051,2009-12-09 12:17:00,2010-03-15 13:58:00,7,1,2282.28,6.3,2275.98,634,7,2275.98,1,4,4,高价值流失风险
13994,2011-07-14 18:28:00,2011-12-06 11:05:00,6,0,2274.14,0.0,2274.14,3,6,2274.14,5,4,4,高价值活跃
13371,2010-03-17 15:29:00,2010-07-22 17:33:00,2,2,2297.66,26.2,2271.46,505,2,2271.46,1,2,4,沉睡/低频
13280,2010-03-05 09:07:00,2011-08-09 13:14:00,7,1,2293.33,25.5,2267.83,122,7,2267.83,3,4,4,忠诚客户
12725,2010-05-04 13:59:00,2010-12-03 15:45:00,4,0,2266.76,0.0,2266.76,371,4,2266.76,2,3,4,高价值流失风险
15015,2009-12-14 14:46:00,2010-07-26 13:50:00,13,7,2354.97,89.2,2265.77,501,13,2265.77,1,5,4,高价值流失风险
16531,2010-09-24 09:49:00,2011-11-17 16:29:00,11,1,2298.33,34.75,2263.58,22,11,2263.58,4,5,4,高价值活跃
15734,2010-06-10 14:25:00,2011-08-17 10:50:00,4,0,2263.3,0.0,2263.3,114,4,2263.3,3,3,4,潜力客户
13652,2010-02-25 17:37:00,2011-10-25 08:51:00,5,0,2262.05,0.0,2262.05,45,5,2262.05,4,4,4,高价值活跃
13059,2010-03-31 12:23:00,2011-04-04 10:40:00,10,2,2291.77,30.55,2261.22,249,10,2261.22,2,5,4,高价值流失风险
13655,2010-04-27 09:59:00,2011-08-17 14:25:00,6,2,2280.51,21.21,2259.3,114,6,2259.3,3,4,4,忠诚客户
12649,2010-01-12 17:24:00,2011-08-24 14:41:00,8,2,2294.65,36.15,2258.5,107,8,2258.5,3,4,4,忠诚客户
17193,2009-12-02 10:02:00,2011-11-04 12:47:00,9,3,2310.04,55.44,2254.6,35,9,2254.6,4,5,4,高价值活跃
13117,2010-03-26 13:50:00,2011-11-18 12:02:00,18,1,2255.66,1.7,2253.96,21,18,2253.96,4,5,4,高价值活跃
17414,2009-12-03 16:49:00,2011-10-27 12:13:00,6,0,2249.52,0.0,2249.52,43,6,2249.52,4,4,4,高价值活跃
17894,2010-08-27 14:13:00,2011-09-29 09:23:00,18,2,2304.58,55.72,2248.86,71,18,2248.86,3,5,4,忠诚客户
14432,2011-09-11 14:09:00,2011-11-30 08:04:00,6,0,2248.5,0.0,2248.5,9,6,2248.5,5,4,4,高价值活跃
16174,2010-04-15 15:12:00,2011-08-05 13:26:00,7,0,2246.75,0.0,2246.75,126,7,2246.75,3,4,4,忠诚客户
15865,2010-01-05 13:58:00,2011-10-30 12:43:00,5,0,2241.42,0.0,2241.42,40,5,2241.42,4,4,4,高价值活跃
15629,2010-06-25 11:39:00,2010-09-15 13:46:00,4,0,2240.9,0.0,2240.9,450,4,2240.9,1,3,4,高价值流失风险
13814,2010-06-30 14:12:00,2011-09-08 13:48:00,3,2,2257.32,18.25,2239.07,92,3,2239.07,3,3,4,潜力客户
16551,2009-12-13 16:12:00,2011-09-05 09:38:00,7,0,2237.12,0.0,2237.12,95,7,2237.12,3,4,4,忠诚客户
16823,2009-12-02 09:57:00,2011-04-26 15:00:00,7,1,2243.09,6.95,2236.14,227,7,2236.14,2,4,4,高价值流失风险
16883,2009-12-04 12:07:00,2011-06-05 12:51:00,19,1,2246.06,9.95,2236.11,187,19,2236.11,3,5,4,忠诚客户
17969,2009-12-06 13:53:00,2011-06-26 13:00:00,20,7,2354.29,118.75,2235.54,166,20,2235.54,3,5,4,忠诚客户
14449,2010-09-29 13:15:00,2011-11-21 12:06:00,8,0,2230.96,0.0,2230.96,18,8,2230.96,5,4,4,高价值活跃
18215,2010-03-26 13:03:00,2011-09-11 16:05:00,5,1,2232.49,8.5,2223.99,89,5,2223.99,3,4,4,忠诚客户
13338,2010-01-05 12:25:00,2011-07-05 09:06:00,4,6,2445.62,222.0,2223.62,157,4,2223.62,3,3,4,潜力客户
16350,2010-10-07 16:33:00,2011-11-18 15:53:00,9,3,2253.89,31.4,2222.49,21,9,2222.49,4,5,4,高价值活跃
12704,2011-06-23 10:20:00,2011-12-02 13:15:00,8,2,2340.84,120.0,2220.84,7,8,2220.84,5,4,4,高价值活跃
17994,2010-03-29 10:37:00,2011-08-10 11:41:00,11,3,2270.03,50.45,2219.58,121,11,2219.58,3,5,4,忠诚客户
13627,2010-03-09 14:03:00,2011-10-11 14:20:00,7,3,2245.9,28.35,2217.55,59,7,2217.55,3,4,4,忠诚客户
16812,2010-11-22 14:36:00,2010-12-14 12:35:00,4,1,2392.0,175.2,2216.8,360,4,2216.8,2,3,4,高价值流失风险
17075,2009-12-14 11:24:00,2011-11-22 11:58:00,10,1,2236.63,20.35,2216.28,17,10,2216.28,5,5,4,高价值活跃
17180,2010-01-21 17:43:00,2011-10-14 15:46:00,11,3,2236.77,20.65,2216.12,56,11,2216.12,4,5,4,高价值活跃
17648,2010-11-19 16:41:00,2011-10-10 09:41:00,5,1,2216.37,7.95,2208.42,60,5,2208.42,3,4,4,忠诚客户
14177,2010-02-26 11:59:00,2011-09-14 15:11:00,13,1,2209.69,4.95,2204.74,86,13,2204.74,3,5,4,忠诚客户
14462,2010-10-03 14:13:00,2011-10-04 15:55:00,12,4,2242.81,38.12,2204.69,66,12,2204.69,3,5,4,忠诚客户
14467,2009-12-02 12:44:00,2011-11-22 12:48:00,12,0,2203.24,0.0,2203.24,17,12,2203.24,5,5,4,高价值活跃
14748,2010-03-04 17:08:00,2011-11-10 18:33:00,10,6,2681.9,480.07,2201.83,29,10,2201.83,4,5,4,高价值活跃
14321,2010-08-23 12:56:00,2011-11-29 09:47:00,7,1,2218.06,19.48,2198.58,10,7,2198.58,5,4,4,高价值活跃
14006,2010-02-25 09:45:00,2011-08-16 09:39:00,7,0,2196.67,0.0,2196.67,115,7,2196.67,3,4,4,忠诚客户
15934,2010-10-06 12:08:00,2010-10-18 10:13:00,2,0,2190.66,0.0,2190.66,417,2,2190.66,1,2,4,沉睡/低频
14212,2010-09-20 11:48:00,2011-09-11 12:45:00,2,0,2190.14,0.0,2190.14,89,2,2190.14,3,2,4,潜力客户
18177,2009-12-15 18:57:00,2011-11-08 14:44:00,9,1,2216.32,27.25,2189.07,31,9,2189.07,4,5,4,高价值活跃
14597,2010-09-28 13:17:00,2011-11-28 13:13:00,6,0,2184.63,0.0,2184.63,11,6,2184.63,5,4,4,高价值活跃
14834,2010-10-28 17:37:00,2011-11-22 10:30:00,7,2,2206.16,21.95,2184.21,17,7,2184.21,5,4,4,高价值活跃
16042,2010-09-12 12:00:00,2011-11-17 17:50:00,8,3,2245.32,62.22,2183.1,22,8,2183.1,4,4,4,高价值活跃
15476,2010-09-23 14:00:00,2010-11-24 15:17:00,4,1,2209.98,29.7,2180.28,380,4,2180.28,2,3,4,高价值流失风险
16317,2010-05-04 10:17:00,2011-08-12 12:46:00,5,1,2192.51,12.75,2179.76,119,5,2179.76,3,4,4,忠诚客户
16076,2011-05-15 12:31:00,2011-12-06 14:59:00,10,1,2234.73,61.2,2173.53,3,10,2173.53,5,5,4,高价值活跃
13410,2009-12-08 13:43:00,2011-11-15 15:33:00,9,3,2201.96,29.45,2172.51,24,9,2172.51,4,5,4,高价值活跃
14665,2010-04-26 11:17:00,2011-10-10 09:14:00,7,2,2749.65,577.32,2172.33,60,7,2172.33,3,4,4,忠诚客户
16108,2010-03-18 14:14:00,2011-09-16 11:48:00,4,4,2235.92,63.99,2171.93,84,4,2171.93,3,3,4,潜力客户
17905,2010-01-28 17:54:00,2011-09-29 17:33:00,13,1,2178.87,9.3,2169.57,71,13,2169.57,3,5,4,忠诚客户
13662,2010-02-19 13:21:00,2011-09-15 12:04:00,11,6,2233.61,66.98,2166.63,85,11,2166.63,3,5,4,忠诚客户
13762,2010-01-10 12:13:00,2011-05-05 09:15:00,5,1,2472.48,306.72,2165.76,218,5,2165.76,2,4,4,高价值流失风险
17550,2010-02-07 15:07:00,2011-05-26 14:09:00,9,1,2506.64,341.1,2165.54,197,9,2165.54,2,5,4,高价值流失风险
14595,2010-01-20 13:59:00,2011-11-20 12:12:00,8,0,2164.45,0.0,2164.45,19,8,2164.45,5,4,4,高价值活跃
13365,2011-05-06 12:00:00,2011-11-06 12:36:00,2,2,2225.37,61.05,2164.32,33,2,2164.32,4,2,4,新近客户
15944,2009-12-13 12:57:00,2011-03-08 10:33:00,4,0,2164.24,0.0,2164.24,276,4,2164.24,2,3,4,高价值流失风险
17822,2010-05-28 12:15:00,2010-10-15 13:47:00,5,0,2162.93,0.0,2162.93,420,5,2162.93,1,4,4,高价值流失风险
12856,2011-10-07 12:38:00,2011-12-02 10:52:00,6,2,2170.78,17.25,2153.53,7,6,2153.53,5,4,4,高价值活跃
14808,2011-06-20 12:53:00,2011-10-31 12:21:00,8,7,2718.6,565.8,2152.8,39,8,2152.8,4,4,4,高价值活跃
16275,2010-03-08 14:41:00,2011-05-27 12:41:00,3,0,2151.11,0.0,2151.11,196,3,2151.11,2,3,4,高价值流失风险
13224,2011-07-11 14:10:00,2011-10-10 14:55:00,2,1,2155.95,5.1,2150.85,60,2,2150.85,3,2,4,潜力客户
16966,2011-04-13 14:17:00,2011-12-01 13:40:00,7,3,2154.97,6.5,2148.47,8,7,2148.47,5,4,4,高价值活跃
14205,2010-03-07 12:20:00,2011-11-23 10:55:00,9,3,2414.2,267.62,2146.58,16,9,2146.58,5,5,4,高价值活跃
16004,2010-01-25 13:56:00,2010-08-22 11:48:00,5,0,2146.39,0.0,2146.39,474,5,2146.39,1,4,4,高价值流失风险
17368,2009-12-15 17:45:00,2011-11-16 15:26:00,14,2,2758.29,612.9,2145.39,23,14,2145.39,4,5,4,高价值活跃
17272,2011-03-22 12:05:00,2011-10-28 16:37:00,4,1,2148.63,4.1,2144.53,42,4,2144.53,4,3,4,潜力客户
13320,2010-08-18 10:29:00,2011-09-22 18:07:00,6,3,2211.6,67.15,2144.45,78,6,2144.45,3,4,4,忠诚客户
17732,2010-08-09 08:41:00,2010-12-02 09:29:00,8,2,2166.42,22.25,2144.17,372,8,2144.17,2,4,4,高价值流失风险
14216,2010-10-21 15:07:00,2011-12-06 14:56:00,5,1,2150.04,7.65,2142.39,3,5,2142.39,5,4,4,高价值活跃
16177,2010-03-02 14:03:00,2011-10-20 12:57:00,8,4,2247.31,105.7,2141.61,50,8,2141.61,4,4,4,高价值活跃
12687,2010-08-16 12:10:00,2010-08-16 12:12:00,2,0,2138.91,0.0,2138.91,480,2,2138.91,1,2,4,沉睡/低频
15426,2010-05-02 15:10:00,2011-11-20 15:36:00,9,2,2156.35,17.49,2138.86,19,9,2138.86,5,5,4,高价值活跃
17029,2010-02-14 10:19:00,2011-08-21 11:06:00,7,0,2137.3,0.0,2137.3,110,7,2137.3,3,4,4,忠诚客户
15638,2010-04-08 14:37:00,2010-11-26 11:52:00,6,3,2265.2,128.0,2137.2,378,6,2137.2,2,4,4,高价值流失风险
17305,2010-03-01 12:47:00,2010-03-01 12:47:00,1,0,2135.46,0.0,2135.46,648,1,2135.46,1,1,4,沉睡/低频
18116,2010-10-24 15:29:00,2011-10-03 11:00:00,13,0,2134.49,0.0,2134.49,67,13,2134.49,3,5,4,忠诚客户
16379,2011-09-22 09:33:00,2011-12-05 15:38:00,4,1,2157.4,25.5,2131.9,4,4,2131.9,5,3,4,潜力客户
16520,2010-03-02 16:50:00,2011-06-06 13:24:00,6,2,2148.38,16.7,2131.68,186,6,2131.68,3,4,4,忠诚客户
16485,2009-12-06 12:28:00,2011-09-23 15:50:00,5,2,2287.19,157.0,2130.19,77,5,2130.19,3,4,4,忠诚客户
17032,2009-12-10 15:36:00,2010-06-10 12:16:00,8,5,2984.32,854.54,2129.78,547,8,2129.78,1,4,4,高价值流失风险
16134,2010-06-17 09:48:00,2011-11-18 10:05:00,5,2,2145.34,25.35,2119.99,21,5,2119.99,4,4,4,高价值活跃
14472,2010-01-19 13:09:00,2011-08-28 11:01:00,9,0,2118.72,0.0,2118.72,103,9,2118.72,3,5,4,忠诚客户
14360,2011-09-06 11:58:00,2011-11-08 09:12:00,4,0,2118.03,0.0,2118.03,31,4,2118.03,4,3,4,潜力客户
13152,2010-01-14 10:01:00,2010-10-18 13:44:00,7,2,2146.38,31.4,2114.98,417,7,2114.98,1,4,4,高价值流失风险
14691,2011-05-11 09:55:00,2011-11-09 12:30:00,5,0,2114.33,0.0,2114.33,30,5,2114.33,4,4,4,高价值活跃
14573,2010-01-08 16:34:00,2011-06-13 11:15:00,13,4,2163.12,49.7,2113.42,179,13,2113.42,3,5,4,忠诚客户
13643,2009-12-08 12:48:00,2011-11-08 15:37:00,10,5,2156.77,44.6,2112.17,31,10,2112.17,4,5,4,高价值活跃
13407,2010-02-16 11:13:00,2010-05-10 12:41:00,3,3,2244.7,132.81,2111.89,578,3,2111.89,1,3,4,高价值流失风险
14407,2011-03-08 11:59:00,2011-08-24 14:02:00,6,3,2157.73,46.65,2111.08,107,6,2111.08,3,4,4,忠诚客户
16493,2010-03-26 13:05:00,2011-09-21 11:10:00,7,2,2132.09,21.97,2110.12,79,7,2110.12,3,4,4,忠诚客户
13517,2011-06-13 08:44:00,2011-10-11 11:43:00,3,2,2128.42,19.35,2109.07,59,3,2109.07,3,3,4,潜力客户
14410,2010-09-28 15:46:00,2011-09-08 15:08:00,11,6,2631.9,526.82,2105.08,92,11,2105.08,3,5,4,忠诚客户
12560,2011-07-19 15:55:00,2011-12-04 13:54:00,3,1,2134.01,32.62,2101.39,5,3,2101.39,5,3,4,潜力客户
13755,2011-10-07 15:45:00,2011-12-06 12:26:00,9,1,2108.06,6.67,2101.39,3,9,2101.39,5,5,4,高价值活跃
15815,2011-03-25 08:43:00,2011-10-07 12:42:00,5,0,2100.6,0.0,2100.6,63,5,2100.6,3,4,4,忠诚客户
17742,2009-12-01 13:16:00,2011-08-18 15:28:00,11,0,2098.48,0.0,2098.48,113,11,2098.48,3,5,4,忠诚客户
17159,2010-03-04 14:53:00,2011-11-18 10:52:00,5,1,2099.59,4.15,2095.44,21,5,2095.44,4,4,4,高价值活跃
13753,2009-12-03 10:20:00,2011-02-25 12:48:00,4,0,2094.57,0.0,2094.57,287,4,2094.57,2,3,4,高价值流失风险
16600,2009-12-18 12:59:00,2011-12-05 16:00:00,13,3,2153.41,59.85,2093.56,4,13,2093.56,5,5,4,高价值活跃
14469,2010-01-29 11:12:00,2010-10-19 14:30:00,4,0,2093.46,0.0,2093.46,416,4,2093.46,1,3,4,高价值流失风险
14399,2010-02-03 13:09:00,2010-11-10 13:23:00,8,1,2108.21,15.0,2093.21,394,8,2093.21,2,4,4,高价值流失风险
13265,2011-03-11 09:54:00,2011-10-17 15:02:00,5,0,2092.66,0.0,2092.66,53,5,2092.66,4,4,4,高价值活跃
17113,2010-01-11 10:14:00,2010-05-14 13:59:00,6,2,2305.59,213.43,2092.16,574,6,2092.16,1,4,4,高价值流失风险
15456,2009-12-08 12:54:00,2011-03-01 13:51:00,10,0,2091.52,0.0,2091.52,283,10,2091.52,2,5,4,高价值流失风险
16054,2010-04-01 18:37:00,2011-07-17 13:08:00,4,3,2111.88,21.2,2090.68,145,4,2090.68,3,3,4,潜力客户
12501,2011-01-07 12:28:00,2011-01-07 12:28:00,1,1,2169.39,79.71,2089.68,336,1,2089.68,2,1,4,沉睡/低频
15151,2010-07-18 12:19:00,2010-10-12 16:37:00,2,0,2085.61,0.0,2085.61,423,2,2085.61,1,2,4,沉睡/低频
12576,2010-07-01 13:46:00,2011-11-04 10:11:00,8,3,2142.72,58.85,2083.87,35,8,2083.87,4,4,4,高价值活跃
14499,2010-08-27 11:57:00,2011-11-13 13:01:00,7,3,2101.79,18.35,2083.44,26,7,2083.44,4,4,4,高价值活跃
13591,2009-12-14 15:44:00,2011-10-06 12:26:00,7,1,2093.94,12.75,2081.19,64,7,2081.19,3,4,4,忠诚客户
13455,2009-12-09 08:58:00,2011-11-15 11:21:00,6,5,2212.99,132.11,2080.88,24,6,2080.88,4,4,4,高价值活跃
14644,2009-12-03 16:24:00,2011-10-03 08:30:00,7,5,2247.72,170.25,2077.47,67,7,2077.47,3,4,4,忠诚客户
17897,2010-05-12 16:03:00,2011-06-20 11:23:00,9,1,2099.89,25.5,2074.39,172,9,2074.39,3,5,4,忠诚客户
18026,2010-07-22 16:21:00,2010-07-27 10:37:00,2,0,2074.07,0.0,2074.07,500,2,2074.07,1,2,4,沉睡/低频
13610,2010-01-05 14:12:00,2011-11-27 15:38:00,14,3,2103.71,31.75,2071.96,12,14,2071.96,5,5,4,高价值活跃
16201,2010-10-20 12:00:00,2011-12-06 16:02:00,5,1,2112.12,41.95,2070.17,3,5,2070.17,5,4,4,高价值活跃
13478,2010-01-31 15:51:00,2010-08-27 13:23:00,5,2,2215.78,147.75,2068.03,469,5,2068.03,1,4,4,高价值流失风险
18009,2010-02-25 11:49:00,2011-04-18 13:36:00,8,6,2144.23,78.75,2065.48,235,8,2065.48,2,4,4,高价值流失风险
12997,2010-04-06 11:06:00,2011-11-17 15:47:00,8,8,2110.91,45.8,2065.11,22,8,2065.11,4,4,4,高价值活跃
16807,2010-03-26 14:38:00,2011-07-20 12:00:00,6,2,2123.88,59.0,2064.88,142,6,2064.88,3,4,4,忠诚客户
17585,2010-08-18 16:39:00,2011-08-22 13:30:00,7,0,2064.71,0.0,2064.71,109,7,2064.71,3,4,4,忠诚客户
13748,2009-12-01 16:44:00,2011-09-05 09:45:00,9,0,2064.35,0.0,2064.35,95,9,2064.35,3,5,4,忠诚客户
16726,2010-10-24 16:09:00,2011-11-13 14:53:00,7,0,2063.88,0.0,2063.88,26,7,2063.88,4,4,4,高价值活跃
14443,2010-11-25 14:18:00,2011-10-17 10:10:00,5,3,2082.97,19.32,2063.65,53,5,2063.65,4,4,4,高价值活跃
16934,2010-03-28 12:43:00,2011-10-16 12:40:00,6,1,2083.14,20.25,2062.89,54,6,2062.89,4,4,4,高价值活跃
12610,2011-08-05 13:52:00,2011-11-17 09:34:00,5,2,2099.54,41.55,2057.99,22,5,2057.99,4,4,4,高价值活跃
12518,2011-08-21 13:18:00,2011-12-09 10:13:00,5,0,2056.89,0.0,2056.89,0,5,2056.89,5,4,4,高价值活跃
15252,2010-04-07 10:24:00,2011-11-03 13:30:00,5,2,2103.41,50.35,2053.06,36,5,2053.06,4,4,4,高价值活跃
16016,2010-11-02 13:27:00,2011-12-06 14:35:00,11,3,2083.4,30.4,2053.0,3,11,2053.0,5,5,4,高价值活跃
17086,2011-10-07 11:22:00,2011-12-02 13:54:00,6,0,2050.08,0.0,2050.08,7,6,2050.08,5,4,4,高价值活跃
17666,2010-06-30 12:03:00,2011-12-06 09:06:00,5,0,2047.8,0.0,2047.8,3,5,2047.8,5,4,4,高价值活跃
12586,2009-12-16 13:15:00,2011-11-22 16:24:00,4,1,2062.67,17.0,2045.67,17,4,2045.67,5,3,4,潜力客户
16996,2010-10-18 12:24:00,2011-11-09 16:43:00,9,4,2123.61,79.45,2044.16,30,9,2044.16,4,5,4,高价值活跃
14232,2011-03-20 12:44:00,2011-10-28 11:09:00,5,3,2048.07,4.14,2043.93,42,5,2043.93,4,4,4,高价值活跃
12868,2010-11-12 10:05:00,2011-06-07 10:42:00,8,0,2043.76,0.0,2043.76,185,8,2043.76,3,4,4,忠诚客户
17705,2010-05-12 09:47:00,2011-12-06 13:45:00,11,1,2083.9,42.4,2041.5,3,11,2041.5,5,5,4,高价值活跃
18258,2010-05-16 11:35:00,2010-09-01 14:20:00,6,2,2059.67,18.7,2040.97,464,6,2040.97,1,4,4,高价值流失风险
13799,2010-03-05 16:39:00,2011-08-15 12:07:00,9,4,2803.57,763.75,2039.82,116,9,2039.82,3,5,4,忠诚客户
14988,2010-04-16 13:34:00,2011-05-12 12:05:00,7,0,2038.65,0.0,2038.65,211,7,2038.65,2,4,4,高价值流失风险
16214,2010-09-30 13:57:00,2011-06-22 11:30:00,4,0,2038.25,0.0,2038.25,170,4,2038.25,3,3,4,潜力客户
16331,2010-03-07 10:55:00,2010-10-03 13:47:00,6,0,2037.7,0.0,2037.7,432,6,2037.7,1,4,4,高价值流失风险
16795,2010-01-25 13:14:00,2010-12-09 14:08:00,3,2,2062.41,27.2,2035.21,365,3,2035.21,2,3,4,高价值流失风险
15253,2010-05-02 11:17:00,2011-11-23 16:22:00,8,4,2055.09,21.8,2033.29,16,8,2033.29,5,4,4,高价值活跃
17846,2011-09-15 15:20:00,2011-09-15 15:20:00,1,0,2033.1,0.0,2033.1,85,1,2033.1,3,1,4,潜力客户
17289,2010-03-08 12:52:00,2011-11-08 12:01:00,9,2,2041.8,9.5,2032.3,31,9,2032.3,4,5,4,高价值活跃
16794,2010-03-25 15:17:00,2011-12-08 17:54:00,15,2,2052.7,21.2,2031.5,1,15,2031.5,5,5,4,高价值活跃
15272,2010-02-14 13:39:00,2011-10-13 12:59:00,6,0,2030.95,0.0,2030.95,57,6,2030.95,4,4,4,高价值活跃
15506,2010-08-19 12:38:00,2011-11-17 12:11:00,6,0,2030.33,0.0,2030.33,22,6,2030.33,4,4,4,高价值活跃
12873,2010-01-27 09:50:00,2011-03-02 14:58:00,3,0,2027.3,0.0,2027.3,282,3,2027.3,2,3,4,高价值流失风险
13989,2010-05-25 12:13:00,2011-10-05 09:47:00,5,0,2026.06,0.0,2026.06,65,5,2026.06,3,4,4,忠诚客户
14651,2010-03-18 11:39:00,2011-10-03 15:52:00,9,0,2025.52,0.0,2025.52,67,9,2025.52,3,5,4,忠诚客户
14631,2010-08-09 14:45:00,2011-10-20 11:17:00,6,1,2025.69,2.52,2023.17,50,6,2023.17,4,4,4,高价值活跃
15384,2010-04-26 12:38:00,2011-06-23 10:57:00,4,1,2027.79,6.65,2021.14,169,4,2021.14,3,3,4,潜力客户
12348,2010-09-27 14:59:00,2011-09-25 13:13:00,5,0,2019.4,0.0,2019.4,75,5,2019.4,3,4,4,忠诚客户
14147,2010-03-09 13:43:00,2011-09-22 18:10:00,9,3,2590.2,570.9,2019.3,78,9,2019.3,3,5,4,忠诚客户
14188,2011-02-02 13:46:00,2011-11-09 12:45:00,6,4,2054.36,35.45,2018.91,30,6,2018.91,4,4,4,高价值活跃
17324,2009-12-18 15:29:00,2011-11-22 10:34:00,12,1,2171.07,153.0,2018.07,17,12,2018.07,5,5,4,高价值活跃
12418,2010-03-19 14:47:00,2011-08-19 11:08:00,4,1,2021.2,4.25,2016.95,112,4,2016.95,3,3,4,潜力客户
16197,2009-12-16 11:44:00,2010-08-27 12:56:00,9,0,2016.71,0.0,2016.71,469,9,2016.71,1,5,4,高价值流失风险
15864,2010-11-23 15:02:00,2011-11-17 13:32:00,7,2,2180.76,166.54,2014.22,22,7,2014.22,4,4,4,高价值活跃
13663,2010-03-03 10:11:00,2011-06-13 15:44:00,5,1,2047.51,33.9,2013.61,179,5,2013.61,3,4,4,忠诚客户
16221,2010-08-10 13:32:00,2011-11-03 11:43:00,9,1,2019.92,6.5,2013.42,36,9,2013.42,4,5,4,高价值活跃
15164,2010-01-18 13:34:00,2011-10-02 12:05:00,9,1,2028.11,16.9,2011.21,68,9,2011.21,3,5,4,忠诚客户
14225,2010-01-12 15:02:00,2010-10-01 10:32:00,4,1,2031.07,21.9,2009.17,434,4,2009.17,1,3,4,高价值流失风险
13696,2010-02-11 14:17:00,2010-10-14 09:44:00,3,1,2020.4,11.7,2008.7,421,3,2008.7,1,3,4,高价值流失风险
13092,2010-02-10 08:44:00,2011-09-30 11:18:00,12,3,2140.28,132.95,2007.33,70,12,2007.33,3,5,4,忠诚客户
17126,2010-08-31 13:41:00,2011-07-10 13:52:00,9,2,2016.43,12.9,2003.53,152,9,2003.53,3,5,4,忠诚客户
13888,2010-05-13 11:57:00,2011-08-12 10:13:00,7,0,2001.59,0.0,2001.59,119,7,2001.59,3,4,4,忠诚客户
12986,2010-01-21 10:45:00,2010-10-07 11:57:00,10,2,2729.84,731.5,1998.34,428,10,1998.34,1,5,4,高价值流失风险
14628,2010-01-25 14:40:00,2011-09-09 14:58:00,5,0,1998.0,0.0,1998.0,91,5,1998.0,3,4,4,忠诚客户
16698,2011-03-31 13:33:00,2011-04-27 10:52:00,2,0,1998.0,0.0,1998.0,226,2,1998.0,2,2,4,沉睡/低频
15990,2010-02-28 12:30:00,2011-10-26 15:58:00,7,0,1997.75,0.0,1997.75,44,7,1997.75,4,4,4,高价值活跃
13630,2011-02-27 12:49:00,2011-12-04 15:16:00,7,4,2031.78,36.1,1995.68,5,7,1995.68,5,4,4,高价值活跃
12975,2009-12-06 10:38:00,2010-09-29 09:46:00,6,2,2100.09,106.1,1993.99,436,6,1993.99,1,4,4,高价值流失风险
15481,2010-11-03 14:52:00,2010-11-03 14:52:00,1,0,1993.34,0.0,1993.34,401,1,1993.34,2,1,4,沉睡/低频
17048,2010-01-18 13:55:00,2011-08-14 11:49:00,7,4,2071.68,80.23,1991.45,117,7,1991.45,3,4,4,忠诚客户
17088,2011-03-31 09:48:00,2011-11-11 14:23:00,4,0,1991.01,0.0,1991.01,28,4,1991.01,4,3,4,潜力客户
13094,2010-11-15 14:15:00,2011-11-18 14:07:00,13,4,2209.44,218.46,1990.98,21,13,1990.98,4,5,4,高价值活跃
16235,2010-08-26 12:10:00,2011-10-30 10:56:00,9,2,2053.71,63.1,1990.61,40,9,1990.61,4,5,4,高价值活跃
13874,2010-02-04 18:39:00,2010-12-16 18:20:00,7,3,2049.15,59.95,1989.2,358,7,1989.2,2,4,4,高价值流失风险
14623,2010-04-16 17:12:00,2011-11-07 13:56:00,10,2,2016.98,28.75,1988.23,32,10,1988.23,4,5,4,高价值活跃
17351,2009-12-10 18:43:00,2011-11-03 18:45:00,12,0,1988.23,0.0,1988.23,36,12,1988.23,4,5,4,高价值活跃
15550,2009-12-03 15:15:00,2011-12-05 15:38:00,12,2,2211.05,223.2,1987.85,4,12,1987.85,5,5,4,高价值活跃
16529,2010-06-27 13:29:00,2011-06-02 17:23:00,4,0,1986.8,0.0,1986.8,190,4,1986.8,2,3,4,高价值流失风险
15478,2010-05-13 18:49:00,2011-10-30 14:19:00,3,0,1983.48,0.0,1983.48,40,3,1983.48,4,3,4,潜力客户
12585,2010-12-23 12:58:00,2011-04-19 13:39:00,2,2,2040.1,57.29,1982.81,234,2,1982.81,2,2,4,沉睡/低频
12582,2010-05-11 09:55:00,2011-04-15 08:45:00,4,0,1980.4,0.0,1980.4,238,4,1980.4,2,3,4,高价值流失风险
15795,2010-01-18 11:31:00,2011-07-13 10:43:00,8,0,1979.87,0.0,1979.87,149,8,1979.87,3,4,4,忠诚客户
16332,2010-04-29 13:41:00,2011-11-11 14:22:00,11,2,2000.01,20.44,1979.57,28,11,1979.57,4,5,4,高价值活跃
14152,2010-02-18 13:57:00,2011-09-25 12:54:00,7,2,1997.34,21.9,1975.44,75,7,1975.44,3,4,4,忠诚客户
16065,2010-09-02 13:27:00,2010-12-09 13:03:00,8,2,1992.13,17.0,1975.13,365,8,1975.13,2,4,4,高价值流失风险
17633,2010-11-15 14:55:00,2011-11-08 13:25:00,7,2,2057.39,82.5,1974.89,31,7,1974.89,4,4,4,高价值活跃
15531,2011-11-09 17:47:00,2011-12-01 18:43:00,2,0,1972.39,0.0,1972.39,8,2,1972.39,5,2,4,新近客户
17797,2009-12-15 14:30:00,2011-11-17 13:21:00,8,0,1971.87,0.0,1971.87,22,8,1971.87,4,4,4,高价值活跃
14634,2010-06-16 09:48:00,2010-09-28 10:40:00,4,3,2124.46,152.64,1971.82,437,4,1971.82,1,3,4,高价值流失风险
16960,2010-03-02 13:36:00,2011-11-01 11:35:00,8,1,1990.88,21.45,1969.43,38,8,1969.43,4,4,4,高价值活跃
14396,2009-12-02 14:21:00,2011-10-05 16:09:00,7,0,1969.38,0.0,1969.38,65,7,1969.38,3,4,4,忠诚客户
16032,2010-07-04 13:31:00,2010-09-09 18:00:00,6,0,1965.72,0.0,1965.72,456,6,1965.72,1,4,4,高价值流失风险
15030,2010-03-04 17:10:00,2011-09-29 10:50:00,8,1,1979.91,15.25,1964.66,71,8,1964.66,3,4,4,忠诚客户
15658,2009-12-03 11:19:00,2011-06-02 15:22:00,8,5,2117.27,153.13,1964.14,190,8,1964.14,2,4,4,高价值流失风险
16176,2010-03-29 14:52:00,2010-10-14 13:54:00,4,3,2052.69,88.65,1964.04,421,4,1964.04,1,3,4,高价值流失风险
17966,2010-01-18 13:24:00,2011-11-02 10:26:00,10,0,1963.92,0.0,1963.92,37,10,1963.92,4,5,4,高价值活跃
17158,2010-03-07 15:50:00,2011-11-07 15:15:00,5,1,1980.0,17.7,1962.3,32,5,1962.3,4,4,4,高价值活跃
12399,2010-03-05 08:45:00,2011-08-12 13:15:00,7,0,1962.3,0.0,1962.3,119,7,1962.3,3,4,4,忠诚客户
18204,2011-05-31 15:26:00,2011-09-29 16:44:00,3,1,1975.35,14.4,1960.95,71,3,1960.95,3,3,4,潜力客户
14477,2010-01-04 15:41:00,2011-11-20 11:11:00,7,3,1969.6,8.99,1960.61,19,7,1960.61,5,4,4,高价值活跃
13208,2009-12-03 13:25:00,2011-10-12 09:54:00,9,1,1976.3,18.0,1958.3,58,9,1958.3,4,5,4,高价值活跃
16290,2010-05-23 11:46:00,2010-09-01 11:52:00,4,0,1957.7,0.0,1957.7,464,4,1957.7,1,3,4,高价值流失风险
14301,2010-02-11 13:07:00,2011-08-14 15:33:00,4,3,1992.18,35.95,1956.23,117,4,1956.23,3,3,4,潜力客户
17039,2010-04-14 12:56:00,2010-04-14 12:56:00,1,0,1954.99,0.0,1954.99,604,1,1954.99,1,1,4,沉睡/低频
18016,2010-01-27 16:00:00,2011-11-07 13:25:00,7,0,1954.56,0.0,1954.56,32,7,1954.56,4,4,4,高价值活跃
17554,2011-07-14 20:01:00,2011-12-08 14:15:00,5,0,1952.45,0.0,1952.45,1,5,1952.45,5,4,4,高价值活跃
13761,2010-02-21 11:08:00,2011-10-20 14:01:00,6,0,1952.17,0.0,1952.17,50,6,1952.17,4,4,4,高价值活跃
13693,2009-12-07 11:29:00,2010-11-30 18:21:00,9,4,2011.82,63.5,1948.32,374,9,1948.32,2,5,4,高价值流失风险
14014,2010-05-12 09:04:00,2011-09-23 13:18:00,3,0,1948.21,0.0,1948.21,77,3,1948.21,3,3,4,潜力客户
15425,2010-02-14 12:36:00,2010-11-04 18:13:00,4,0,1941.12,0.0,1941.12,400,4,1941.12,2,3,4,高价值流失风险
14905,2009-12-03 14:36:00,2011-07-05 12:41:00,8,2,1971.39,31.7,1939.69,157,8,1939.69,3,4,4,忠诚客户
14418,2011-08-23 17:18:00,2011-12-06 11:39:00,3,0,1937.25,0.0,1937.25,3,3,1937.25,5,3,4,潜力客户
17460,2010-01-22 13:25:00,2011-09-06 15:04:00,16,5,2157.97,220.87,1937.1,94,16,1937.1,3,5,4,忠诚客户
15789,2010-03-26 11:21:00,2010-12-16 14:35:00,6,1,1962.01,30.0,1932.01,358,6,1932.01,2,4,4,高价值流失风险
15803,2010-02-01 16:29:00,2011-10-19 14:56:00,4,0,1929.66,0.0,1929.66,51,4,1929.66,4,3,4,潜力客户
14276,2010-02-17 13:10:00,2011-09-02 09:45:00,7,6,2102.68,173.36,1929.32,98,7,1929.32,3,4,4,忠诚客户
17236,2010-03-07 13:00:00,2011-11-27 12:00:00,12,0,1929.26,0.0,1929.26,12,12,1929.26,5,5,4,高价值活跃
16788,2010-02-07 12:40:00,2011-08-08 14:53:00,5,0,1928.93,0.0,1928.93,123,5,1928.93,3,4,4,忠诚客户
13029,2010-07-04 13:46:00,2011-11-09 09:13:00,5,0,1927.3,0.0,1927.3,30,5,1927.3,4,4,4,高价值活跃
12385,2010-11-25 15:14:00,2010-11-25 15:14:00,1,1,1938.4,15.0,1923.4,379,1,1923.4,2,1,4,沉睡/低频
12528,2011-01-31 09:05:00,2011-11-30 14:40:00,6,2,1933.48,11.2,1922.28,9,6,1922.28,5,4,4,高价值活跃
12674,2011-05-16 09:10:00,2011-11-01 12:12:00,4,3,1970.6,48.34,1922.26,38,4,1922.26,4,3,4,潜力客户
16681,2010-03-08 14:10:00,2011-09-28 11:11:00,7,0,1921.84,0.0,1921.84,72,7,1921.84,3,4,4,忠诚客户
12842,2009-12-02 08:15:00,2011-09-30 15:33:00,4,0,1917.99,0.0,1917.99,70,4,1917.99,3,3,4,潜力客户
14332,2010-10-19 13:01:00,2011-11-17 11:54:00,5,0,1917.41,0.0,1917.41,22,5,1917.41,4,4,4,高价值活跃
16619,2010-02-22 12:05:00,2011-03-21 08:18:00,4,1,1938.33,21.8,1916.53,263,4,1916.53,2,3,4,高价值流失风险
16650,2010-07-08 14:18:00,2011-09-29 09:51:00,7,0,1916.11,0.0,1916.11,71,7,1916.11,3,4,4,忠诚客户
13476,2010-03-05 09:39:00,2011-06-14 12:00:00,5,2,2061.47,145.7,1915.77,178,5,1915.77,3,4,4,忠诚客户
16692,2010-09-24 11:31:00,2011-03-28 14:46:00,4,0,1914.7,0.0,1914.7,256,4,1914.7,2,3,4,高价值流失风险
14901,2010-07-29 11:11:00,2011-11-28 17:09:00,12,1,1919.0,6.3,1912.7,11,12,1912.7,5,5,4,高价值活跃
15620,2010-10-26 11:32:00,2011-10-14 12:41:00,4,4,1942.36,32.43,1909.93,56,4,1909.93,4,3,4,潜力客户
14481,2010-01-31 12:43:00,2011-06-28 10:38:00,5,1,2284.69,376.17,1908.52,164,5,1908.52,3,4,4,忠诚客户
17046,2010-03-29 13:46:00,2011-07-05 14:24:00,5,0,1906.07,0.0,1906.07,157,5,1906.07,3,4,4,忠诚客户
14250,2011-09-11 13:44:00,2011-12-02 14:30:00,3,0,1904.05,0.0,1904.05,7,3,1904.05,5,3,4,潜力客户
14127,2010-10-10 11:53:00,2011-08-09 10:49:00,6,0,1900.08,0.0,1900.08,122,6,1900.08,3,4,4,忠诚客户
14710,2009-12-03 17:12:00,2011-11-25 14:53:00,13,0,1899.79,0.0,1899.79,14,13,1899.79,5,5,4,高价值活跃
12531,2010-01-22 14:17:00,2011-11-25 11:12:00,2,1,1933.2,34.15,1899.05,14,2,1899.05,5,2,4,新近客户
12762,2011-11-14 14:23:00,2011-12-02 10:23:00,2,0,1898.52,0.0,1898.52,7,2,1898.52,5,2,4,新近客户
14730,2011-03-08 12:49:00,2011-12-08 14:39:00,8,0,1897.57,0.0,1897.57,1,8,1897.57,5,4,4,高价值活跃
17337,2011-02-02 17:06:00,2011-07-11 14:55:00,4,3,1981.06,83.55,1897.51,151,4,1897.51,3,3,4,潜力客户
17560,2010-02-17 12:11:00,2011-09-06 09:18:00,8,0,1895.8,0.0,1895.8,94,8,1895.8,3,4,4,忠诚客户
14327,2010-01-08 14:04:00,2011-06-29 13:58:00,6,0,1894.93,0.0,1894.93,163,6,1894.93,3,4,4,忠诚客户
12584,2011-03-04 15:15:00,2011-12-06 09:35:00,9,9,2338.15,444.2,1893.95,3,9,1893.95,5,5,4,高价值活跃
12352,2010-11-12 10:20:00,2011-11-03 14:37:00,10,3,2849.84,960.63,1889.21,36,10,1889.21,4,5,4,高价值活跃
14794,2010-08-09 15:44:00,2011-12-07 10:11:00,10,3,1953.9,64.75,1889.15,2,10,1889.15,5,5,4,高价值活跃
15381,2010-05-05 14:35:00,2011-05-10 11:55:00,5,1,1890.57,2.95,1887.62,213,5,1887.62,2,4,4,高价值流失风险
16172,2010-07-14 15:34:00,2011-09-05 13:22:00,8,0,1884.55,0.0,1884.55,95,8,1884.55,3,4,4,忠诚客户
17227,2010-01-15 15:05:00,2011-11-21 10:51:00,12,0,1878.93,0.0,1878.93,18,12,1878.93,5,5,4,高价值活跃
16942,2011-04-26 11:59:00,2011-11-27 12:40:00,9,1,1904.99,26.48,1878.51,12,9,1878.51,5,5,4,高价值活跃
14000,2009-12-02 09:50:00,2011-05-12 16:50:00,5,3,2046.34,168.75,1877.59,211,5,1877.59,2,4,4,高价值流失风险
13276,2010-03-07 14:05:00,2011-10-07 12:44:00,5,2,1891.91,20.7,1871.21,63,5,1871.21,3,4,4,忠诚客户
16631,2010-02-26 10:49:00,2010-08-15 11:20:00,7,1,1892.52,25.5,1867.02,481,7,1867.02,1,4,4,高价值流失风险
15248,2010-06-23 14:34:00,2010-10-24 13:09:00,3,1,1893.93,28.9,1865.03,411,3,1865.03,1,3,4,高价值流失风险
17350,2010-02-01 15:38:00,2011-12-01 15:47:00,7,1,1893.701,29.88,1863.821,8,7,1863.821,5,4,4,高价值活跃
16426,2011-03-08 15:45:00,2011-12-07 14:01:00,10,0,1863.76,0.0,1863.76,2,10,1863.76,5,5,4,高价值活跃
14887,2011-09-21 15:32:00,2011-09-21 15:32:00,1,0,1862.0,0.0,1862.0,79,1,1862.0,3,1,4,潜力客户
14130,2009-12-11 16:33:00,2011-01-24 16:05:00,4,0,1858.77,0.0,1858.77,319,4,1858.77,2,3,4,高价值流失风险
16043,2010-08-15 11:26:00,2011-11-02 12:50:00,8,0,1856.59,0.0,1856.59,37,8,1856.59,4,4,4,高价值活跃
15561,2010-02-14 12:22:00,2011-11-28 11:07:00,8,1,1934.39,77.85,1856.54,11,8,1856.54,5,4,4,高价值活跃
13889,2010-01-22 14:32:00,2011-09-08 09:13:00,6,2,1991.23,135.5,1855.73,92,6,1855.73,3,4,4,忠诚客户
18151,2010-03-04 10:47:00,2011-07-28 11:35:00,6,1,1879.44,25.5,1853.94,134,6,1853.94,3,4,4,忠诚客户
16049,2010-07-11 13:53:00,2011-10-30 13:19:00,6,0,1852.15,0.0,1852.15,40,6,1852.15,4,4,4,高价值活跃
18180,2011-07-20 08:59:00,2011-12-05 08:39:00,6,0,1843.75,0.0,1843.75,4,6,1843.75,5,4,4,高价值活跃
12950,2011-11-15 13:48:00,2011-12-07 13:17:00,3,0,1843.0,0.0,1843.0,2,3,1843.0,5,3,4,潜力客户
16917,2010-03-17 15:24:00,2011-03-08 11:55:00,2,1,1851.88,8.95,1842.93,276,2,1842.93,2,2,4,沉睡/低频
16102,2011-08-03 12:50:00,2011-10-28 13:19:00,3,0,1842.14,0.0,1842.14,42,3,1842.14,4,3,4,潜力客户
14224,2010-06-13 13:46:00,2011-08-21 13:24:00,9,0,1841.71,0.0,1841.71,110,9,1841.71,3,5,4,忠诚客户
17919,2010-09-27 10:40:00,2011-09-12 13:41:00,2,0,1840.32,0.0,1840.32,88,2,1840.32,3,2,4,潜力客户
12694,2010-10-14 19:39:00,2011-09-30 13:06:00,3,1,1843.35,3.9,1839.45,70,3,1839.45,3,3,4,潜力客户
12383,2010-12-22 14:28:00,2011-06-08 08:02:00,5,1,1850.56,11.25,1839.31,184,5,1839.31,3,4,4,忠诚客户
17015,2011-06-07 13:19:00,2011-11-11 10:45:00,3,0,1838.61,0.0,1838.61,28,3,1838.61,4,3,4,潜力客户
15081,2010-06-22 10:25:00,2011-11-17 17:08:00,12,1,1854.57,17.45,1837.12,22,12,1837.12,4,5,4,高价值活跃
16175,2010-05-25 12:01:00,2011-09-06 14:32:00,7,0,1836.44,0.0,1836.44,94,7,1836.44,3,4,4,忠诚客户
13168,2010-06-15 15:00:00,2011-11-03 12:56:00,5,1,1840.73,9.05,1831.68,36,5,1831.68,4,4,4,高价值活跃
17152,2010-10-10 12:40:00,2011-05-29 12:19:00,4,1,2016.5,186.0,1830.5,194,4,1830.5,2,3,4,高价值流失风险
16152,2011-03-16 09:47:00,2011-03-16 09:47:00,1,0,1829.04,0.0,1829.04,268,1,1829.04,2,1,4,沉睡/低频
16825,2010-06-23 13:14:00,2011-11-01 11:51:00,5,0,1826.89,0.0,1826.89,38,5,1826.89,4,4,4,高价值活跃
17244,2009-12-06 11:27:00,2011-10-17 15:19:00,5,0,1826.04,0.0,1826.04,53,5,1826.04,4,4,4,高价值活跃
15678,2010-07-05 12:49:00,2011-10-18 09:25:00,3,0,1825.94,0.0,1825.94,52,3,1825.94,4,3,4,潜力客户
14715,2010-01-19 12:18:00,2011-11-15 12:10:00,8,0,1825.45,0.0,1825.45,24,8,1825.45,4,4,4,高价值活跃
17642,2009-12-05 16:01:00,2011-08-12 09:11:00,5,0,1824.49,0.0,1824.49,119,5,1824.49,3,4,4,忠诚客户
16169,2011-09-25 11:33:00,2011-12-01 15:28:00,4,0,1822.97,0.0,1822.97,8,4,1822.97,5,3,4,潜力客户
14403,2010-03-10 14:00:00,2011-08-01 12:57:00,6,3,1880.51,57.75,1822.76,130,6,1822.76,3,4,4,忠诚客户
16163,2009-12-02 10:00:00,2011-04-21 15:15:00,6,8,2407.98,585.95,1822.03,232,6,1822.03,2,4,4,高价值流失风险
14389,2010-04-28 14:57:00,2011-10-05 15:17:00,5,6,1898.01,76.94,1821.07,65,5,1821.07,3,4,4,忠诚客户
16205,2010-06-15 11:58:00,2011-11-09 09:32:00,7,0,1820.11,0.0,1820.11,30,7,1820.11,4,4,4,高价值活跃
17787,2010-12-03 13:43:00,2011-07-10 11:24:00,4,0,1817.54,0.0,1817.54,152,4,1817.54,3,3,4,潜力客户
15402,2010-04-27 12:12:00,2011-07-14 12:17:00,6,1,1830.54,13.9,1816.64,148,6,1816.64,3,4,4,忠诚客户
12644,2010-01-14 13:02:00,2011-08-02 10:33:00,4,2,1918.49,102.95,1815.54,129,4,1815.54,3,3,4,潜力客户
16880,2010-08-03 13:54:00,2011-11-09 11:33:00,8,0,1813.21,0.0,1813.21,30,8,1813.21,4,4,4,高价值活跃
13725,2011-02-04 12:18:00,2011-10-21 10:03:00,8,3,1980.56,170.75,1809.81,49,8,1809.81,4,4,4,高价值活跃
15530,2010-07-15 11:10:00,2011-11-18 12:25:00,5,0,1808.68,0.0,1808.68,21,5,1808.68,4,4,4,高价值活跃
15807,2010-02-11 15:32:00,2011-10-20 14:10:00,5,1,1817.52,9.95,1807.57,50,5,1807.57,4,4,4,高价值活跃
15133,2010-07-07 12:31:00,2011-08-04 10:44:00,5,0,1806.9,0.0,1806.9,127,5,1806.9,3,4,4,忠诚客户
12381,2011-08-12 09:57:00,2011-12-05 12:44:00,5,1,1845.31,41.35,1803.96,4,5,1803.96,5,4,4,高价值活跃
14305,2011-07-27 14:14:00,2011-09-29 15:29:00,3,2,1858.96,55.2,1803.76,71,3,1803.76,3,3,4,潜力客户
13561,2010-02-28 13:42:00,2011-05-08 12:39:00,11,0,1803.4,0.0,1803.4,215,11,1803.4,2,5,4,高价值流失风险
14723,2009-12-04 11:22:00,2011-11-29 15:23:00,11,0,1803.06,0.0,1803.06,10,11,1803.06,5,5,4,高价值活跃
16249,2011-04-14 13:50:00,2011-10-18 10:07:00,5,0,1800.07,0.0,1800.07,52,5,1800.07,4,4,4,高价值活跃
16027,2010-01-08 13:21:00,2011-09-09 10:47:00,15,3,2048.36,248.52,1799.84,91,15,1799.84,3,5,4,忠诚客户
12507,2010-05-04 09:23:00,2011-07-28 17:09:00,4,1,1844.06,46.75,1797.31,134,4,1797.31,3,3,4,潜力客户
18161,2010-11-25 15:55:00,2011-11-24 16:40:00,6,1,1803.1,5.9,1797.2,15,6,1797.2,5,4,4,高价值活跃
18235,2011-05-06 13:35:00,2011-09-29 08:27:00,3,0,1796.48,0.0,1796.48,71,3,1796.48,3,3,4,潜力客户
18236,2010-04-15 13:39:00,2011-11-10 08:06:00,12,0,1795.35,0.0,1795.35,29,12,1795.35,4,5,4,高价值活跃
14870,2010-01-25 09:05:00,2011-03-23 10:51:00,6,3,1838.95,44.35,1794.6,261,6,1794.6,2,4,4,高价值流失风险
14553,2010-07-18 12:07:00,2011-11-20 13:20:00,9,1,1818.6,25.5,1793.1,19,9,1793.1,5,5,4,高价值活跃
18122,2011-07-12 11:37:00,2011-12-01 13:08:00,6,0,1793.06,0.0,1793.06,8,6,1793.06,5,4,4,高价值活跃
12369,2010-03-08 08:09:00,2010-10-22 13:13:00,3,0,1791.15,0.0,1791.15,413,3,1791.15,1,3,4,高价值流失风险
13884,2010-08-26 19:57:00,2011-12-02 16:30:00,10,4,1825.03,36.1,1788.93,7,10,1788.93,5,5,4,高价值活跃
13375,2010-09-21 08:12:00,2011-09-12 10:19:00,2,1,1792.23,5.75,1786.48,88,2,1786.48,3,2,4,潜力客户
15608,2010-10-20 10:10:00,2011-11-11 13:20:00,5,0,1785.98,0.0,1785.98,28,5,1785.98,4,4,4,高价值活跃
15452,2010-07-16 14:23:00,2011-11-10 12:13:00,6,0,1785.11,0.0,1785.11,29,6,1785.11,4,4,4,高价值活跃
17165,2009-12-11 09:18:00,2011-02-28 16:39:00,6,2,1794.32,10.69,1783.63,284,6,1783.63,2,4,4,高价值流失风险
14893,2010-04-01 09:03:00,2011-11-30 12:31:00,3,3,1809.61,27.35,1782.26,9,3,1782.26,5,3,4,潜力客户
16110,2010-07-05 13:04:00,2011-10-25 14:35:00,4,0,1781.59,0.0,1781.59,45,4,1781.59,4,3,4,潜力客户
13782,2009-12-06 12:52:00,2011-11-27 11:54:00,13,1,1786.08,7.95,1778.13,12,13,1778.13,5,5,4,高价值活跃
15822,2009-12-06 15:12:00,2011-12-06 14:50:00,6,2,1840.06,62.15,1777.91,3,6,1777.91,5,4,4,高价值活跃
16510,2010-01-17 12:30:00,2010-12-02 13:39:00,6,0,1777.5,0.0,1777.5,372,6,1777.5,2,4,4,高价值流失风险
12458,2010-08-09 10:33:00,2011-09-29 15:25:00,4,0,1777.49,0.0,1777.49,71,4,1777.49,3,3,4,潜力客户
16611,2010-03-10 16:07:00,2011-06-06 15:46:00,6,1,1785.13,8.5,1776.63,186,6,1776.63,3,4,4,忠诚客户
18220,2009-12-15 11:42:00,2011-04-27 09:03:00,6,5,1921.76,150.06,1771.7,226,6,1771.7,2,4,4,高价值流失风险
15972,2010-04-18 14:06:00,2010-09-09 13:20:00,5,0,1769.33,0.0,1769.33,456,5,1769.33,1,4,4,高价值流失风险
15594,2011-04-19 10:08:00,2011-11-24 08:53:00,5,1,1771.78,4.25,1767.53,15,5,1767.53,5,4,4,高价值活跃
16751,2011-11-09 10:48:00,2011-11-09 10:48:00,1,0,1764.72,0.0,1764.72,30,1,1764.72,4,1,4,新近客户
14738,2009-12-07 10:21:00,2011-10-28 08:56:00,9,3,1821.9,58.26,1763.64,42,9,1763.64,4,5,4,高价值活跃
14708,2010-09-10 10:26:00,2011-12-07 08:21:00,5,1,1793.22,29.7,1763.52,2,5,1763.52,5,4,4,高价值活跃
12784,2010-06-28 13:06:00,2011-11-30 15:38:00,3,0,1763.15,0.0,1763.15,9,3,1763.15,5,3,4,潜力客户
16797,2009-12-02 13:33:00,2010-11-11 19:14:00,5,4,1802.02,41.0,1761.02,393,5,1761.02,2,4,4,高价值流失风险
16511,2010-03-01 12:21:00,2011-11-18 10:41:00,6,0,1760.49,0.0,1760.49,21,6,1760.49,4,4,4,高价值活跃
16620,2009-12-01 14:35:00,2011-12-06 12:19:00,6,0,1758.93,0.0,1758.93,3,6,1758.93,5,4,4,高价值活跃
15220,2011-03-04 10:24:00,2011-10-19 12:39:00,6,1,1778.96,20.04,1758.92,51,6,1758.92,4,4,4,高价值活跃
16266,2010-02-04 16:21:00,2011-09-27 12:08:00,14,0,1757.95,0.0,1757.95,73,14,1757.95,3,5,4,忠诚客户
16595,2010-01-17 12:12:00,2011-10-09 13:15:00,5,0,1757.75,0.0,1757.75,61,5,1757.75,3,4,4,忠诚客户
12778,2010-04-16 09:57:00,2011-11-20 11:30:00,9,1,1775.68,18.0,1757.68,19,9,1757.68,5,5,4,高价值活跃
14704,2010-03-25 17:21:00,2011-11-28 12:51:00,11,0,1752.92,0.0,1752.92,11,11,1752.92,5,5,4,高价值活跃
14915,2009-12-03 10:17:00,2011-09-09 13:34:00,11,2,1811.25,58.6,1752.65,91,11,1752.65,3,5,4,忠诚客户
17609,2010-04-09 16:54:00,2011-10-30 12:28:00,11,3,1887.9,135.35,1752.55,40,11,1752.55,4,5,4,高价值活跃
16474,2011-07-17 14:51:00,2011-12-02 13:02:00,7,4,1810.65,60.03,1750.62,7,7,1750.62,5,4,4,高价值活跃
15100,2010-01-07 14:33:00,2011-01-10 10:35:00,7,7,2193.9,443.8,1750.1,333,7,1750.1,2,4,4,高价值流失风险
14522,2010-01-24 13:55:00,2011-11-15 13:24:00,8,0,1748.42,0.0,1748.42,24,8,1748.42,4,4,4,高价值活跃
13717,2010-08-11 09:40:00,2011-11-07 14:13:00,8,3,1763.3,15.25,1748.05,32,8,1748.05,4,4,4,高价值活跃
13808,2011-09-04 12:07:00,2011-12-04 12:18:00,5,0,1747.66,0.0,1747.66,5,5,1747.66,5,4,4,高价值活跃
13503,2010-02-16 13:49:00,2011-09-29 13:23:00,6,6,1859.24,111.85,1747.39,71,6,1747.39,3,4,4,忠诚客户
16770,2010-08-22 16:08:00,2011-10-13 12:21:00,9,2,1778.93,32.1,1746.83,57,9,1746.83,4,5,4,高价值活跃
13946,2009-12-04 11:07:00,2011-09-21 13:33:00,6,1,1876.23,130.8,1745.43,79,6,1745.43,3,4,4,忠诚客户
16348,2010-10-05 13:57:00,2011-11-07 15:44:00,8,0,1744.42,0.0,1744.42,32,8,1744.42,4,4,4,高价值活跃
16380,2011-10-09 15:40:00,2011-10-09 15:40:00,1,0,1743.15,0.0,1743.15,61,1,1743.15,3,1,4,潜力客户
15473,2010-09-21 09:14:00,2011-11-25 15:15:00,8,3,2046.0,306.0,1740.0,14,8,1740.0,5,5,4,高价值活跃
16087,2010-01-19 12:30:00,2010-11-15 16:44:00,5,0,1739.92,0.0,1739.92,389,5,1739.92,2,4,4,高价值流失风险
17974,2010-10-28 20:03:00,2011-11-15 11:37:00,6,0,1739.09,0.0,1739.09,24,6,1739.09,4,4,4,高价值活跃
15605,2010-01-14 14:03:00,2011-11-03 14:17:00,9,1,1741.95,3.4,1738.55,36,9,1738.55,4,5,4,高价值活跃
13456,2011-05-16 15:34:00,2011-11-22 09:18:00,6,1,1766.72,28.9,1737.82,17,6,1737.82,5,4,4,高价值活跃
15885,2010-01-21 12:47:00,2011-09-08 10:43:00,15,5,1951.82,214.25,1737.57,92,15,1737.57,3,5,4,忠诚客户
13920,2010-05-26 15:48:00,2010-10-04 12:37:00,4,1,1774.68,39.8,1734.88,431,4,1734.88,1,3,4,高价值流失风险
14075,2010-06-16 14:47:00,2011-12-05 08:38:00,6,0,1734.87,0.0,1734.87,4,6,1734.87,5,4,4,高价值活跃
17268,2009-12-08 11:46:00,2011-08-24 10:06:00,11,0,1733.89,0.0,1733.89,107,11,1733.89,3,5,4,忠诚客户
15128,2010-10-05 16:46:00,2011-10-10 13:54:00,5,4,1783.68,51.46,1732.22,60,5,1732.22,3,4,4,忠诚客户
15777,2010-05-20 10:37:00,2011-04-12 16:43:00,7,2,1762.61,30.45,1732.16,241,7,1732.16,2,4,4,高价值流失风险
17432,2009-12-03 19:13:00,2011-11-21 17:33:00,9,0,1728.99,0.0,1728.99,18,9,1728.99,5,5,4,高价值活跃
16891,2009-12-04 12:37:00,2011-12-08 11:15:00,11,0,1727.94,0.0,1727.94,1,11,1727.94,5,5,4,高价值活跃
14387,2011-08-22 14:13:00,2011-11-07 12:29:00,3,0,1727.6,0.0,1727.6,32,3,1727.6,4,3,4,潜力客户
14896,2009-12-06 12:42:00,2011-05-19 10:20:00,8,2,1826.0,98.7,1727.3,204,8,1727.3,2,5,4,高价值流失风险
16809,2010-04-13 15:34:00,2011-11-16 15:45:00,9,1,1727.43,1.95,1725.48,23,9,1725.48,4,5,4,高价值活跃
14584,2010-02-17 14:01:00,2011-06-23 18:33:00,8,1,1738.16,13.0,1725.16,169,8,1725.16,3,5,4,忠诚客户
13363,2010-10-26 11:07:00,2011-11-22 12:40:00,3,0,1723.86,0.0,1723.86,17,3,1723.86,5,3,4,潜力客户
16374,2010-04-30 13:10:00,2011-10-04 15:21:00,5,0,1723.4,0.0,1723.4,66,5,1723.4,3,4,4,忠诚客户
16119,2009-12-16 11:56:00,2011-12-01 15:11:00,8,0,1720.81,0.0,1720.81,8,8,1720.81,5,5,4,高价值活跃
17695,2010-01-28 09:27:00,2011-07-31 10:40:00,5,1,1746.04,25.5,1720.54,131,5,1720.54,3,4,4,忠诚客户
17671,2010-11-29 11:53:00,2011-11-24 12:21:00,5,2,2009.16,288.63,1720.53,15,5,1720.53,5,4,4,高价值活跃
15267,2011-06-10 10:24:00,2011-11-17 15:59:00,5,0,1717.36,0.0,1717.36,22,5,1717.36,4,4,4,高价值活跃
13705,2010-03-25 17:19:00,2011-12-02 12:32:00,7,0,1717.19,0.0,1717.19,7,7,1717.19,5,4,4,高价值活跃
14021,2010-04-26 11:22:00,2011-07-07 15:46:00,7,0,1716.58,0.0,1716.58,155,7,1716.58,3,4,4,忠诚客户
15369,2009-12-08 07:43:00,2010-08-04 13:54:00,11,2,6251.26,4537.87,1713.39,492,11,1713.39,1,5,4,高价值流失风险
14741,2010-10-18 09:33:00,2011-11-28 08:48:00,7,0,1713.09,0.0,1713.09,11,7,1713.09,5,4,4,高价值活跃
18239,2010-10-13 10:11:00,2011-05-05 12:38:00,6,0,1712.26,0.0,1712.26,218,6,1712.26,2,4,4,高价值流失风险
14447,2010-11-04 13:32:00,2011-11-21 08:28:00,6,0,1711.73,0.0,1711.73,18,6,1711.73,5,4,4,高价值活跃
13665,2010-07-23 13:29:00,2010-11-18 13:06:00,3,0,1711.66,0.0,1711.66,386,3,1711.66,2,3,4,高价值流失风险
17135,2010-05-09 16:03:00,2011-11-23 16:48:00,10,1,1722.18,10.92,1711.26,16,10,1711.26,5,5,4,高价值活跃
17750,2011-06-28 15:44:00,2011-12-04 14:09:00,9,0,1710.45,0.0,1710.45,5,9,1710.45,5,5,4,高价值活跃
12405,2011-07-14 08:52:00,2011-07-14 08:52:00,1,0,1710.39,0.0,1710.39,148,1,1710.39,3,1,4,潜力客户
16124,2009-12-07 10:33:00,2011-01-26 14:45:00,4,2,1772.49,63.1,1709.39,317,4,1709.39,2,3,4,高价值流失风险
13104,2010-02-24 15:06:00,2011-12-06 13:10:00,9,0,1709.1,0.0,1709.1,3,9,1709.1,5,5,4,高价值活跃
15947,2011-09-18 10:46:00,2011-09-18 10:46:00,1,0,1708.24,0.0,1708.24,82,1,1708.24,3,1,4,潜力客户
15730,2010-10-04 14:15:00,2011-10-05 12:31:00,5,2,1726.58,18.4,1708.18,65,5,1708.18,3,4,4,忠诚客户
12407,2011-03-20 13:21:00,2011-10-21 10:11:00,5,0,1708.12,0.0,1708.12,49,5,1708.12,4,4,4,高价值活跃
17162,2011-02-07 12:27:00,2011-11-11 11:34:00,10,1,1715.46,8.25,1707.21,28,10,1707.21,4,5,4,高价值活跃
16902,2011-08-15 14:17:00,2011-08-15 14:17:00,1,0,1706.88,0.0,1706.88,116,1,1706.88,3,1,4,潜力客户
13309,2010-11-12 12:10:00,2011-12-02 16:34:00,6,0,1706.37,0.0,1706.37,7,6,1706.37,5,4,4,高价值活跃
14692,2010-04-01 14:04:00,2011-07-25 15:08:00,12,1,1715.14,9.5,1705.64,137,12,1705.64,3,5,4,忠诚客户
12809,2010-03-02 14:19:00,2011-06-15 10:51:00,3,5,1755.94,50.6,1705.34,177,3,1705.34,3,3,4,潜力客户
14859,2010-06-03 10:26:00,2011-11-27 11:18:00,5,1,1705.64,1.7,1703.94,12,5,1703.94,5,4,4,高价值活跃
14400,2010-03-18 12:11:00,2011-07-13 15:50:00,3,2,1732.47,29.47,1703.0,149,3,1703.0,3,3,4,潜力客户
15221,2010-03-12 10:40:00,2010-12-08 13:08:00,4,3,2062.2,360.2,1702.0,366,4,1702.0,2,3,4,高价值流失风险
12932,2010-02-10 08:46:00,2010-06-18 14:22:00,8,0,1698.56,0.0,1698.56,539,8,1698.56,1,5,4,高价值流失风险
17694,2010-05-26 08:27:00,2011-07-21 12:00:00,3,0,1695.97,0.0,1695.97,141,3,1695.97,3,3,4,潜力客户
16899,2010-11-07 15:00:00,2011-12-02 12:03:00,8,0,1695.77,0.0,1695.77,7,8,1695.77,5,5,4,高价值活跃
15976,2010-06-06 14:01:00,2011-06-27 13:00:00,6,0,1694.41,0.0,1694.41,165,6,1694.41,3,4,4,忠诚客户
12764,2011-01-27 10:19:00,2011-01-27 10:19:00,1,0,1693.88,0.0,1693.88,316,1,1693.88,2,1,4,沉睡/低频
16010,2010-10-24 10:54:00,2011-04-08 10:14:00,11,1,1694.86,1.95,1692.91,245,11,1692.91,2,5,4,高价值流失风险
16671,2011-06-28 11:20:00,2011-11-11 13:40:00,3,0,1692.27,0.0,1692.27,28,3,1692.27,4,3,4,潜力客户
13026,2009-12-13 11:34:00,2011-12-08 16:58:00,9,4,1733.08,42.96,1690.12,1,9,1690.12,5,5,4,高价值活跃
13838,2010-05-09 11:40:00,2011-12-04 11:00:00,10,0,1690.07,0.0,1690.07,5,10,1690.07,5,5,4,高价值活跃
13294,2010-03-03 12:54:00,2011-06-03 08:54:00,3,0,1689.53,0.0,1689.53,189,3,1689.53,3,3,4,潜力客户
13566,2010-03-10 12:22:00,2011-10-30 11:59:00,5,0,1688.6,0.0,1688.6,40,5,1688.6,4,4,4,高价值活跃
16993,2010-05-12 13:55:00,2010-09-02 12:16:00,2,1,1950.95,262.8,1688.15,463,2,1688.15,1,2,4,沉睡/低频
12813,2010-01-15 16:52:00,2010-07-26 09:50:00,3,0,1687.8,0.0,1687.8,501,3,1687.8,1,3,4,高价值流失风险
12494,2010-05-12 13:52:00,2011-11-24 09:34:00,9,8,1815.27,129.35,1685.92,15,9,1685.92,5,5,4,高价值活跃
13516,2010-10-18 08:52:00,2011-11-18 13:15:00,4,0,1685.26,0.0,1685.26,21,4,1685.26,4,3,4,潜力客户
13924,2011-09-28 15:07:00,2011-12-08 09:39:00,6,5,1838.85,156.77,1682.08,1,6,1682.08,5,4,4,高价值活跃
12425,2010-09-17 14:10:00,2011-09-22 17:31:00,2,1,1741.41,60.6,1680.81,78,2,1680.81,3,2,4,潜力客户
14967,2009-12-03 14:07:00,2011-10-21 11:06:00,6,1,1982.61,302.09,1680.52,49,6,1680.52,4,4,4,高价值活跃
13800,2009-12-03 10:03:00,2011-02-03 12:27:00,3,0,1679.56,0.0,1679.56,309,3,1679.56,2,3,4,高价值流失风险
13648,2009-12-01 18:13:00,2010-11-04 14:46:00,8,3,1764.02,85.01,1679.01,400,8,1679.01,2,5,4,高价值流失风险
14245,2011-03-21 10:41:00,2011-05-04 08:40:00,2,3,1693.45,15.97,1677.48,219,2,1677.48,2,2,4,沉睡/低频
16725,2009-12-13 15:54:00,2011-02-10 16:52:00,14,2,1688.26,11.4,1676.86,302,14,1676.86,2,5,4,高价值流失风险
13149,2011-02-23 13:57:00,2011-11-25 13:09:00,4,0,1676.06,0.0,1676.06,14,4,1676.06,5,3,4,潜力客户
17656,2011-08-03 10:45:00,2011-09-27 13:04:00,5,0,1674.69,0.0,1674.69,73,5,1674.69,3,4,4,忠诚客户
16233,2009-12-02 13:23:00,2011-09-29 17:27:00,9,3,1818.31,147.0,1671.31,71,9,1671.31,3,5,4,忠诚客户
17534,2010-02-25 16:55:00,2011-10-17 12:47:00,5,0,1668.83,0.0,1668.83,53,5,1668.83,4,4,4,高价值活跃
15736,2010-09-30 14:19:00,2010-09-30 14:20:00,2,1,1767.12,98.45,1668.67,435,2,1668.67,1,2,4,沉睡/低频
13434,2010-02-22 09:54:00,2011-09-26 14:30:00,5,0,1666.86,0.0,1666.86,74,5,1666.86,3,4,4,忠诚客户
13064,2010-04-27 10:08:00,2011-11-27 12:31:00,6,0,1666.84,0.0,1666.84,12,6,1666.84,5,4,4,高价值活跃
15192,2010-01-29 10:13:00,2011-08-12 11:41:00,5,0,1666.39,0.0,1666.39,119,5,1666.39,3,4,4,忠诚客户
17321,2010-05-11 12:10:00,2011-12-01 13:41:00,6,0,1665.21,0.0,1665.21,8,6,1665.21,5,4,4,高价值活跃
16329,2009-12-01 11:34:00,2010-10-08 12:44:00,4,0,1664.92,0.0,1664.92,427,4,1664.92,1,3,4,高价值流失风险
12912,2011-10-30 11:35:00,2011-12-07 08:55:00,5,0,1662.3,0.0,1662.3,2,5,1662.3,5,4,4,高价值活跃
12870,2010-03-25 14:32:00,2010-11-29 13:42:00,3,1,1676.95,14.9,1662.05,375,3,1662.05,2,3,4,高价值流失风险
15214,2011-04-11 09:46:00,2011-12-08 12:07:00,8,0,1661.44,0.0,1661.44,1,8,1661.44,5,5,4,高价值活跃
15649,2010-11-17 16:22:00,2011-01-07 13:34:00,4,0,1660.35,0.0,1660.35,336,4,1660.35,2,3,4,高价值流失风险
14583,2010-03-28 15:16:00,2011-12-04 12:32:00,8,0,1660.29,0.0,1660.29,5,8,1660.29,5,5,4,高价值活跃
16639,2010-10-26 18:23:00,2011-11-08 13:20:00,4,1,1747.98,88.13,1659.85,31,4,1659.85,4,3,4,潜力客户
18096,2010-07-14 14:30:00,2011-11-28 12:44:00,6,0,1657.87,0.0,1657.87,11,6,1657.87,5,4,4,高价值活跃
16859,2010-03-04 12:37:00,2011-07-18 12:19:00,7,3,1932.41,274.67,1657.74,144,7,1657.74,3,4,4,忠诚客户
14643,2009-12-11 11:52:00,2011-06-22 14:41:00,5,1,1679.89,25.2,1654.69,170,5,1654.69,3,4,4,忠诚客户
13308,2010-04-22 09:22:00,2011-11-17 09:31:00,4,1,1670.37,17.9,1652.47,22,4,1652.47,4,3,4,潜力客户
16813,2011-05-19 13:28:00,2011-12-01 14:03:00,10,0,1652.18,0.0,1652.18,8,10,1652.18,5,5,4,高价值活跃
12911,2010-06-06 12:13:00,2010-06-06 12:13:00,1,0,1651.72,0.0,1651.72,551,1,1651.72,1,1,4,沉睡/低频
12775,2010-10-26 14:24:00,2011-11-22 16:33:00,7,1,1686.12,34.8,1651.32,17,7,1651.32,5,4,4,高价值活跃
16625,2010-06-14 11:56:00,2011-03-10 12:50:00,5,1,1654.03,2.95,1651.08,274,5,1651.08,2,4,4,高价值流失风险
17451,2011-08-26 11:54:00,2011-12-08 15:02:00,7,3,1721.4,72.45,1648.95,1,7,1648.95,5,4,4,高价值活跃
17813,2011-09-29 15:57:00,2011-11-25 16:13:00,5,2,1698.07,56.28,1641.79,14,5,1641.79,5,4,4,高价值活跃
12693,2010-07-05 13:56:00,2011-08-04 17:51:00,7,4,1703.02,62.6,1640.42,127,7,1640.42,3,4,4,忠诚客户
17041,2010-04-18 14:25:00,2011-11-13 11:21:00,6,1,1655.2,15.8,1639.4,26,6,1639.4,4,4,4,高价值活跃
16768,2009-12-07 11:47:00,2011-10-23 10:38:00,9,5,1698.57,61.05,1637.52,47,9,1637.52,4,5,4,高价值活跃
12398,2011-10-25 10:27:00,2011-10-25 10:27:00,1,0,1635.66,0.0,1635.66,45,1,1635.66,4,1,4,新近客户
17006,2010-03-05 13:33:00,2011-12-05 12:09:00,8,0,1635.27,0.0,1635.27,4,8,1635.27,5,5,4,高价值活跃
15310,2010-08-18 11:38:00,2010-08-18 11:38:00,1,0,1634.64,0.0,1634.64,478,1,1634.64,1,1,4,沉睡/低频
13711,2009-12-15 19:04:00,2011-05-05 10:31:00,9,6,1792.26,159.65,1632.61,218,9,1632.61,2,5,4,高价值流失风险
14164,2011-09-20 12:18:00,2011-09-30 12:24:00,2,0,1631.77,0.0,1631.77,70,2,1631.77,3,2,4,潜力客户
16398,2011-03-31 09:38:00,2011-07-08 15:16:00,2,2,1705.8,74.65,1631.15,154,2,1631.15,3,2,4,潜力客户
17571,2010-06-15 12:50:00,2011-10-20 15:57:00,5,0,1630.91,0.0,1630.91,50,5,1630.91,4,4,4,高价值活跃
14904,2010-10-08 12:48:00,2011-12-07 12:55:00,4,0,1630.49,0.0,1630.49,2,4,1630.49,5,3,4,潜力客户
15551,2010-06-07 15:05:00,2011-11-03 12:37:00,7,2,1679.81,50.8,1629.01,36,7,1629.01,4,4,4,高价值活跃
14420,2010-01-17 12:41:00,2011-09-01 18:07:00,4,3,1639.17,11.45,1627.72,99,4,1627.72,3,3,4,潜力客户
15167,2010-02-04 14:13:00,2011-01-23 12:41:00,5,0,1627.62,0.0,1627.62,320,5,1627.62,2,4,4,高价值流失风险
15339,2010-02-08 13:38:00,2011-10-04 12:51:00,7,4,1821.02,193.75,1627.27,66,7,1627.27,3,4,4,忠诚客户
14759,2011-04-21 10:55:00,2011-12-05 12:03:00,3,0,1625.97,0.0,1625.97,4,3,1625.97,5,3,4,潜力客户
15172,2011-04-17 11:56:00,2011-12-01 11:51:00,5,0,1624.05,0.0,1624.05,8,5,1624.05,5,4,4,高价值活跃
14831,2009-12-02 09:21:00,2010-01-28 14:31:00,3,4,1676.57,52.6,1623.97,680,3,1623.97,1,3,4,高价值流失风险
18276,2009-12-10 17:14:00,2011-10-27 10:54:00,6,4,1656.52,35.85,1620.67,43,6,1620.67,4,4,4,高价值活跃
12379,2010-06-23 12:49:00,2011-09-19 10:09:00,4,1,1620.22,1.95,1618.27,81,4,1618.27,3,3,4,潜力客户
14937,2011-08-01 14:16:00,2011-10-14 12:29:00,3,1,1621.88,4.25,1617.63,56,3,1617.63,4,3,4,潜力客户
16224,2010-11-17 13:14:00,2011-10-13 17:51:00,5,0,1616.54,0.0,1616.54,57,5,1616.54,4,4,4,高价值活跃
13184,2011-02-22 17:25:00,2011-11-25 12:02:00,10,2,1668.95,52.5,1616.45,14,10,1616.45,5,5,4,高价值活跃
15422,2010-02-07 11:52:00,2011-01-20 16:17:00,7,1,1619.97,4.95,1615.02,323,7,1615.02,2,4,4,高价值流失风险
14336,2011-03-08 16:48:00,2011-11-23 11:40:00,4,0,1614.91,0.0,1614.91,16,4,1614.91,5,3,4,潜力客户
15013,2010-01-31 12:15:00,2010-08-09 12:05:00,10,0,1610.82,0.0,1610.82,487,10,1610.82,1,5,4,高价值流失风险
16256,2010-04-21 10:34:00,2011-03-18 12:18:00,3,1,1629.37,19.8,1609.57,266,3,1609.57,2,3,4,高价值流失风险
17814,2010-10-13 14:03:00,2010-11-29 14:21:00,2,0,1609.37,0.0,1609.37,375,2,1609.37,2,2,4,沉睡/低频
12847,2010-11-17 12:44:00,2011-11-17 13:16:00,2,0,1609.0,0.0,1609.0,22,2,1609.0,4,2,4,新近客户
13249,2010-01-24 12:11:00,2011-09-08 13:26:00,9,0,1608.93,0.0,1608.93,92,9,1608.93,3,5,4,忠诚客户
13900,2010-03-25 13:46:00,2011-06-09 19:26:00,6,1,1610.59,2.5,1608.09,183,6,1608.09,3,4,4,忠诚客户
12669,2011-03-28 10:15:00,2011-07-12 09:54:00,3,1,2744.03,1136.3,1607.73,150,3,1607.73,3,3,4,潜力客户
14920,2010-05-23 15:25:00,2011-05-11 10:32:00,3,0,1607.17,0.0,1607.17,212,3,1607.17,2,3,4,高价值流失风险
12783,2011-09-25 15:35:00,2011-12-07 15:56:00,6,2,2225.91,622.04,1603.87,2,6,1603.87,5,4,4,高价值活跃
17515,2010-06-07 13:29:00,2011-11-08 14:04:00,9,0,1602.51,0.0,1602.51,31,9,1602.51,4,5,4,高价值活跃
14178,2011-06-10 12:51:00,2011-12-01 12:01:00,7,0,1600.26,0.0,1600.26,8,7,1600.26,5,4,4,高价值活跃
17828,2011-06-08 08:31:00,2011-11-17 08:41:00,4,5,1820.09,220.12,1599.97,22,4,1599.97,4,3,4,潜力客户
14850,2010-05-20 13:28:00,2011-02-01 11:21:00,7,2,1770.96,171.2,1599.76,311,7,1599.76,2,4,4,高价值流失风险
12514,2010-03-08 12:18:00,2011-03-17 16:38:00,2,0,1597.76,0.0,1597.76,267,2,1597.76,2,2,4,沉睡/低频
17853,2009-12-03 15:09:00,2010-10-28 15:29:00,3,0,1596.29,0.0,1596.29,407,3,1596.29,2,3,4,高价值流失风险
15134,2010-10-13 12:44:00,2011-11-25 08:55:00,10,0,1596.29,0.0,1596.29,14,10,1596.29,5,5,4,高价值活跃
15325,2010-02-16 13:30:00,2011-08-28 11:55:00,8,1,1601.46,5.2,1596.26,103,8,1596.26,3,5,4,忠诚客户
13417,2010-02-08 12:39:00,2011-12-05 08:49:00,6,1,1669.49,75.6,1593.89,4,6,1593.89,5,4,4,高价值活跃
17028,2009-12-18 14:28:00,2010-05-07 15:33:00,3,0,1593.83,0.0,1593.83,581,3,1593.83,1,3,4,高价值流失风险
16860,2010-02-15 13:46:00,2010-09-13 10:05:00,3,1,1610.62,16.95,1593.67,452,3,1593.67,1,3,4,高价值流失风险
13850,2011-08-02 14:04:00,2011-08-02 14:04:00,1,1,1595.48,8.67,1586.81,129,1,1586.81,3,1,4,潜力客户
13156,2010-02-01 13:45:00,2010-11-19 13:09:00,3,0,1586.54,0.0,1586.54,385,3,1586.54,2,3,4,高价值流失风险
16096,2010-03-04 15:44:00,2011-03-20 13:38:00,4,0,1584.97,0.0,1584.97,264,4,1584.97,2,3,4,高价值流失风险
13740,2009-12-02 12:22:00,2011-04-13 10:32:00,5,0,1582.77,0.0,1582.77,240,5,1582.77,2,4,4,高价值流失风险
17540,2010-04-19 09:47:00,2011-11-15 11:56:00,6,1,1590.6,8.5,1582.1,24,6,1582.1,4,4,4,高价值活跃
13239,2010-07-25 13:34:00,2011-03-23 10:25:00,5,1,1594.69,14.85,1579.84,261,5,1579.84,2,4,4,高价值流失风险
13752,2010-06-30 10:23:00,2011-08-07 14:16:00,7,0,1579.83,0.0,1579.83,124,7,1579.83,3,4,4,忠诚客户
17222,2010-01-10 15:24:00,2011-10-05 13:58:00,6,0,1579.51,0.0,1579.51,65,6,1579.51,3,4,4,忠诚客户
15607,2010-01-08 12:16:00,2011-01-07 12:44:00,9,4,1708.97,130.4,1578.57,336,9,1578.57,2,5,4,高价值流失风险
14587,2011-01-12 13:16:00,2011-11-21 11:34:00,9,1,1580.29,2.9,1577.39,18,9,1577.39,5,5,4,高价值活跃
12933,2009-12-10 16:39:00,2011-11-15 16:38:00,8,3,1636.63,59.75,1576.88,24,8,1576.88,4,5,4,高价值活跃
12549,2010-01-11 12:29:00,2010-05-13 12:05:00,6,0,1575.68,0.0,1575.68,575,6,1575.68,1,4,4,高价值流失风险
14489,2010-04-06 09:52:00,2011-05-16 14:51:00,4,0,1574.93,0.0,1574.93,207,4,1574.93,2,3,4,高价值流失风险
14492,2010-03-30 14:23:00,2010-10-05 13:21:00,7,3,1921.91,347.55,1574.36,430,7,1574.36,1,4,4,高价值流失风险
14719,2011-04-04 14:17:00,2011-12-08 12:43:00,5,1,1581.84,9.95,1571.89,1,5,1571.89,5,4,4,高价值活跃
13202,2009-12-09 10:48:00,2010-11-10 16:24:00,7,1,1580.3,8.95,1571.35,394,7,1571.35,2,4,4,高价值流失风险
15289,2010-03-28 11:45:00,2011-11-10 13:49:00,5,2,1593.09,22.38,1570.71,29,5,1570.71,4,4,4,高价值活跃
17624,2009-12-20 12:35:00,2011-11-25 10:52:00,4,0,1568.63,0.0,1568.63,14,4,1568.63,5,3,4,潜力客户
16716,2010-03-19 11:05:00,2011-03-18 10:03:00,3,1,2149.68,581.4,1568.28,266,3,1568.28,2,3,4,高价值流失风险
16099,2010-03-03 11:13:00,2011-10-20 13:13:00,7,1,1573.2,4.95,1568.25,50,7,1568.25,4,4,4,高价值活跃
17235,2010-06-04 17:01:00,2011-11-14 15:51:00,8,0,1562.98,0.0,1562.98,25,8,1562.98,4,5,4,高价值活跃
17886,2010-04-29 11:10:00,2011-11-08 10:09:00,6,1,1572.55,9.95,1562.6,31,6,1562.6,4,4,4,高价值活跃
16774,2010-02-16 16:53:00,2011-10-03 12:41:00,8,1,1567.48,6.6,1560.88,67,8,1560.88,3,5,4,忠诚客户
15466,2009-12-03 12:28:00,2011-09-15 14:08:00,4,0,1560.46,0.0,1560.46,85,4,1560.46,3,3,4,潜力客户
12629,2010-10-12 16:40:00,2010-11-19 09:18:00,2,0,1558.22,0.0,1558.22,385,2,1558.22,2,2,4,沉睡/低频
15279,2010-02-02 10:15:00,2010-12-20 10:48:00,5,2,1580.54,25.7,1554.84,354,5,1554.84,2,4,4,高价值流失风险
12577,2009-12-03 19:31:00,2011-11-04 13:24:00,8,1,1617.1,62.4,1554.7,35,8,1554.7,4,5,4,高价值活跃
15149,2010-02-28 11:13:00,2011-07-29 10:58:00,5,0,1554.61,0.0,1554.61,133,5,1554.61,3,4,4,忠诚客户
18149,2010-03-14 12:41:00,2011-10-20 12:04:00,7,0,1553.96,0.0,1553.96,50,7,1553.96,4,4,4,高价值活跃
14136,2009-12-08 09:19:00,2010-11-04 11:53:00,5,2,1570.81,16.85,1553.96,400,5,1553.96,2,4,4,高价值流失风险
14078,2010-03-28 15:05:00,2011-08-30 12:16:00,9,0,1553.47,0.0,1553.47,101,9,1553.47,3,5,4,忠诚客户
15074,2010-08-29 11:47:00,2011-08-26 14:45:00,3,0,1553.13,0.0,1553.13,105,3,1553.13,3,3,4,潜力客户
17851,2009-12-03 17:46:00,2010-10-13 15:13:00,6,0,1552.35,0.0,1552.35,422,6,1552.35,1,4,4,高价值流失风险
14186,2010-03-05 11:17:00,2010-10-08 13:30:00,5,0,1550.63,0.0,1550.63,427,5,1550.63,1,4,4,高价值流失风险
13337,2010-06-11 13:27:00,2010-06-11 13:27:00,1,1,1575.26,26.71,1548.55,546,1,1548.55,1,1,4,沉睡/低频
16366,2009-12-16 10:39:00,2011-11-21 08:19:00,4,0,1548.13,0.0,1548.13,18,4,1548.13,5,3,4,潜力客户
13554,2010-09-19 12:39:00,2010-11-24 15:05:00,7,3,1629.35,81.89,1547.46,380,7,1547.46,2,4,4,高价值流失风险
16461,2010-03-03 13:57:00,2011-06-15 12:07:00,3,0,1545.83,0.0,1545.83,177,3,1545.83,3,3,4,潜力客户
16017,2010-01-05 12:06:00,2011-10-23 12:56:00,5,0,1545.58,0.0,1545.58,47,5,1545.58,4,4,4,高价值活跃
18036,2009-12-18 12:04:00,2011-11-07 14:40:00,11,0,1545.49,0.0,1545.49,32,11,1545.49,4,5,4,高价值活跃
14754,2010-01-18 11:04:00,2011-10-26 12:01:00,6,1,1547.93,4.2,1543.73,44,6,1543.73,4,4,4,高价值活跃
14236,2010-07-22 14:27:00,2011-09-20 09:13:00,5,2,1555.34,11.9,1543.44,80,5,1543.44,3,4,4,忠诚客户
16915,2010-05-19 13:32:00,2011-11-30 16:39:00,11,0,1543.18,0.0,1543.18,9,11,1543.18,5,5,4,高价值活跃
17649,2010-08-24 13:01:00,2011-07-24 15:53:00,3,2,1578.89,36.45,1542.44,138,3,1542.44,3,3,4,潜力客户
13783,2010-02-04 13:47:00,2010-08-09 09:23:00,4,0,1542.09,0.0,1542.09,487,4,1542.09,1,3,4,高价值流失风险
13186,2011-08-03 09:09:00,2011-10-31 11:40:00,3,2,1575.89,36.2,1539.69,39,3,1539.69,4,3,4,潜力客户
17323,2010-01-10 11:58:00,2011-11-24 17:29:00,12,2,1551.04,12.08,1538.96,15,12,1538.96,5,5,4,高价值活跃
15987,2010-11-25 12:56:00,2011-11-27 15:38:00,8,0,1535.99,0.0,1535.99,12,8,1535.99,5,5,4,高价值活跃
15798,2010-01-27 11:55:00,2010-08-04 09:13:00,3,0,1535.37,0.0,1535.37,492,3,1535.37,1,3,4,高价值流失风险
13939,2010-04-06 12:43:00,2011-11-16 13:33:00,7,3,1560.96,27.3,1533.66,23,7,1533.66,4,4,4,高价值活跃
17454,2010-01-15 15:40:00,2011-05-31 13:58:00,10,1,1547.94,15.3,1532.64,192,10,1532.64,2,5,4,高价值流失风险
18136,2010-09-14 15:50:00,2011-10-07 15:40:00,5,4,1631.36,99.65,1531.71,63,5,1531.71,3,4,4,忠诚客户
17190,2010-03-05 13:21:00,2011-10-12 11:33:00,7,1,1726.57,195.0,1531.57,58,7,1531.57,4,4,4,高价值活跃
13539,2010-04-28 12:04:00,2011-09-15 10:18:00,7,2,1569.36,38.1,1531.26,85,7,1531.26,3,4,4,忠诚客户
15326,2009-12-01 13:19:00,2011-01-10 11:38:00,5,5,1700.52,170.7,1529.82,333,5,1529.82,2,4,4,高价值流失风险
15701,2011-08-21 12:36:00,2011-12-07 14:39:00,4,0,1529.0,0.0,1529.0,2,4,1529.0,5,3,4,潜力客户
14198,2010-01-05 10:07:00,2011-11-21 16:35:00,9,4,1569.73,42.15,1527.58,18,9,1527.58,5,5,4,高价值活跃
15201,2010-04-07 14:50:00,2011-09-13 14:53:00,7,7,1842.95,317.05,1525.9,87,7,1525.9,3,4,4,忠诚客户
14567,2011-08-01 13:48:00,2011-10-14 10:21:00,2,1,1530.36,5.9,1524.46,56,2,1524.46,4,2,4,新近客户
16491,2010-10-22 15:42:00,2011-10-24 10:18:00,2,1,1533.16,8.85,1524.31,46,2,1524.31,4,2,4,新近客户
12926,2009-12-14 14:35:00,2010-10-24 15:57:00,4,0,1523.97,0.0,1523.97,411,4,1523.97,1,3,4,高价值流失风险
14304,2010-05-18 10:50:00,2011-05-01 11:50:00,3,2,1725.01,201.2,1523.81,222,3,1523.81,2,3,4,高价值流失风险
18062,2010-04-21 08:55:00,2011-06-19 14:47:00,6,3,1632.67,109.3,1523.37,173,6,1523.37,3,4,4,忠诚客户
16244,2010-12-02 11:41:00,2011-05-12 10:18:00,2,0,1522.75,0.0,1522.75,211,2,1522.75,2,2,4,沉睡/低频
17990,2009-12-07 15:19:00,2011-04-17 11:44:00,6,1,1527.61,5.04,1522.57,236,6,1522.57,2,4,4,高价值流失风险
15587,2010-08-05 08:44:00,2011-10-20 13:37:00,7,0,1522.08,0.0,1522.08,50,7,1522.08,4,4,4,高价值活跃
16066,2011-08-07 14:33:00,2011-11-23 11:54:00,5,0,1521.04,0.0,1521.04,16,5,1521.04,5,4,4,高价值活跃
14055,2009-12-16 15:11:00,2011-08-25 15:04:00,3,0,1520.96,0.0,1520.96,106,3,1520.96,3,3,4,潜力客户
16790,2011-11-02 11:23:00,2011-12-06 11:53:00,6,2,1545.62,25.5,1520.12,3,6,1520.12,5,4,4,高价值活跃
12818,2011-03-23 12:06:00,2011-03-23 12:06:00,1,1,1542.08,24.2,1517.88,261,1,1517.88,2,1,4,沉睡/低频
16092,2010-05-09 16:10:00,2011-08-17 10:46:00,6,4,1587.94,72.45,1515.49,114,6,1515.49,3,4,4,忠诚客户
14220,2010-05-19 13:26:00,2011-04-06 13:23:00,4,0,1515.0,0.0,1515.0,247,4,1515.0,2,3,4,高价值流失风险
14682,2010-02-05 14:47:00,2011-06-05 12:12:00,6,0,1514.81,0.0,1514.81,187,6,1514.81,3,4,4,忠诚客户
17764,2009-12-03 14:28:00,2011-10-20 11:03:00,5,0,1513.57,0.0,1513.57,50,5,1513.57,4,4,4,高价值活跃
15948,2010-10-11 12:16:00,2011-12-01 15:32:00,3,0,1509.09,0.0,1509.09,8,3,1509.09,5,3,4,潜力客户
16910,2011-09-09 14:14:00,2011-12-05 12:51:00,8,0,1508.96,0.0,1508.96,4,8,1508.96,5,5,4,高价值活跃
17837,2011-06-29 16:44:00,2011-10-28 16:13:00,8,2,1541.23,32.85,1508.38,42,8,1508.38,4,5,4,高价值活跃
13158,2010-11-16 17:12:00,2011-09-06 11:58:00,5,0,1508.18,0.0,1508.18,94,5,1508.18,3,4,4,忠诚客户
15261,2010-10-01 11:59:00,2011-07-27 15:20:00,4,0,1508.0,0.0,1508.0,135,4,1508.0,3,3,4,潜力客户
17179,2010-05-26 11:22:00,2011-06-14 16:48:00,6,0,1507.26,0.0,1507.26,178,6,1507.26,3,4,4,忠诚客户
18022,2010-06-11 13:59:00,2011-11-04 12:45:00,5,0,1507.25,0.0,1507.25,35,5,1507.25,4,4,4,高价值活跃
17997,2011-06-28 17:28:00,2011-09-26 16:13:00,8,4,1962.46,459.37,1503.09,74,8,1503.09,3,5,4,忠诚客户
15732,2010-02-04 10:10:00,2011-05-11 14:24:00,10,2,1543.97,44.55,1499.42,212,10,1499.42,2,5,4,高价值流失风险
15215,2010-04-06 11:21:00,2011-10-24 11:41:00,7,4,2422.43,925.97,1496.46,46,7,1496.46,4,4,4,高价值活跃
16340,2010-06-06 13:26:00,2011-08-24 14:53:00,3,0,1496.24,0.0,1496.24,107,3,1496.24,3,3,4,潜力客户
14885,2010-08-31 10:11:00,2011-07-31 12:05:00,3,1,1598.12,102.0,1496.12,131,3,1496.12,3,3,4,潜力客户
13377,2010-03-04 10:06:00,2010-11-08 12:20:00,2,2,1552.88,57.45,1495.43,396,2,1495.43,2,2,4,沉睡/低频
14068,2010-01-31 10:10:00,2011-01-23 16:02:00,4,1,1516.72,23.4,1493.32,320,4,1493.32,2,3,4,高价值流失风险
13310,2010-11-02 17:03:00,2011-11-11 17:23:00,5,3,1541.2,48.4,1492.8,28,5,1492.8,4,4,4,高价值活跃
16314,2010-08-24 11:52:00,2010-11-15 12:06:00,3,0,1491.4,0.0,1491.4,389,3,1491.4,2,3,4,高价值流失风险
16037,2010-03-01 12:31:00,2011-03-15 09:13:00,5,2,1509.34,19.9,1489.44,269,5,1489.44,2,4,4,高价值流失风险
17290,2009-12-13 13:28:00,2011-12-06 12:38:00,8,0,1487.96,0.0,1487.96,3,8,1487.96,5,5,4,高价值活跃
15110,2010-08-11 15:49:00,2011-11-16 11:16:00,6,3,1505.85,22.9,1482.95,23,6,1482.95,4,4,4,高价值活跃
18214,2010-06-03 19:47:00,2010-06-27 11:21:00,4,1,1780.34,299.35,1480.99,530,4,1480.99,1,3,4,高价值流失风险
16654,2010-04-06 13:29:00,2011-07-21 15:23:00,8,1,1484.07,6.3,1477.77,141,8,1477.77,3,5,4,忠诚客户
14264,2010-04-07 13:21:00,2011-07-08 10:20:00,6,2,1517.36,41.5,1475.86,154,6,1475.86,3,4,4,忠诚客户
16450,2010-02-21 15:46:00,2011-07-13 11:47:00,3,1,1505.73,30.0,1475.73,149,3,1475.73,3,3,4,潜力客户
15630,2010-03-05 14:30:00,2011-10-25 15:36:00,3,1,1481.4,5.95,1475.45,45,3,1475.45,4,3,4,潜力客户
14246,2011-04-08 08:25:00,2011-08-21 11:50:00,3,0,1474.06,0.0,1474.06,110,3,1474.06,3,3,4,潜力客户
16907,2010-07-01 17:30:00,2011-11-10 18:04:00,9,0,1470.89,0.0,1470.89,29,9,1470.89,4,5,4,高价值活跃
14987,2009-12-02 14:56:00,2011-11-24 09:59:00,8,1,1550.65,81.6,1469.05,15,8,1469.05,5,5,4,高价值活跃
17590,2011-10-30 14:05:00,2011-12-07 12:55:00,3,0,1468.02,0.0,1468.02,2,3,1468.02,5,3,4,潜力客户
14695,2009-12-07 11:05:00,2010-07-08 14:18:00,3,1,1534.22,67.5,1466.72,519,3,1466.72,1,3,4,高价值流失风险
15590,2010-04-12 10:09:00,2010-11-22 14:49:00,5,1,1496.6,30.19,1466.41,382,5,1466.41,2,4,4,高价值流失风险
17345,2009-12-01 16:17:00,2011-11-24 15:03:00,10,2,1586.63,120.3,1466.33,15,10,1466.33,5,5,4,高价值活跃
13360,2010-01-08 11:16:00,2010-10-04 12:37:00,4,3,1553.65,89.55,1464.1,431,4,1464.1,1,3,4,高价值流失风险
12882,2011-11-06 11:22:00,2011-11-30 16:18:00,2,0,1463.04,0.0,1463.04,9,2,1463.04,5,2,4,新近客户
16586,2010-03-14 11:24:00,2011-04-05 09:32:00,3,0,1462.78,0.0,1462.78,248,3,1462.78,2,3,4,高价值流失风险
13984,2009-12-07 11:51:00,2011-11-13 12:38:00,12,1,1893.8,432.48,1461.32,26,12,1461.32,4,5,4,高价值活跃
13085,2009-12-01 07:45:00,2011-07-05 12:11:00,8,2,2433.28,973.82,1459.46,157,8,1459.46,3,5,4,忠诚客户
18196,2010-03-17 14:55:00,2011-09-05 16:22:00,4,0,1457.19,0.0,1457.19,95,4,1457.19,3,3,4,潜力客户
18252,2009-12-18 16:13:00,2011-10-20 12:43:00,7,1,1533.69,76.5,1457.19,50,7,1457.19,4,4,4,高价值活跃
15071,2010-05-18 12:45:00,2011-09-07 11:43:00,4,0,1455.56,0.0,1455.56,93,4,1455.56,3,3,4,潜力客户
16569,2009-12-16 15:05:00,2011-12-06 15:32:00,5,0,1455.23,0.0,1455.23,3,5,1455.23,5,4,4,高价值活跃
13042,2009-12-07 15:42:00,2010-04-20 13:43:00,3,1,1488.59,33.75,1454.84,598,3,1454.84,1,3,4,高价值流失风险
13649,2010-06-30 16:35:00,2011-03-28 11:51:00,6,0,1453.68,0.0,1453.68,256,6,1453.68,2,4,4,高价值流失风险
12970,2009-12-04 14:19:00,2011-12-02 14:30:00,10,0,1453.6,0.0,1453.6,7,10,1453.6,5,5,4,高价值活跃
17977,2010-11-04 14:26:00,2011-11-10 13:28:00,2,1,1511.45,57.9,1453.55,29,2,1453.55,4,2,4,新近客户
17259,2010-02-22 13:38:00,2011-07-14 15:01:00,6,0,1452.39,0.0,1452.39,148,6,1452.39,3,4,4,忠诚客户
18268,2009-12-11 10:27:00,2011-07-28 19:13:00,6,2,1490.23,39.01,1451.22,134,6,1451.22,3,4,4,忠诚客户
13165,2010-10-22 17:04:00,2011-10-24 15:05:00,3,0,1451.16,0.0,1451.16,46,3,1451.16,4,3,4,潜力客户
16419,2010-02-09 13:26:00,2011-08-19 12:33:00,8,1,1463.7,12.75,1450.95,112,8,1450.95,3,5,4,忠诚客户
16239,2010-09-02 19:17:00,2011-10-14 08:29:00,6,1,1492.2,41.3,1450.9,56,6,1450.9,4,4,4,高价值活跃
13361,2010-04-01 07:49:00,2010-08-24 14:56:00,2,0,1450.5,0.0,1450.5,472,2,1450.5,1,2,4,沉睡/低频
15876,2010-09-17 15:26:00,2010-10-26 18:58:00,2,0,1449.14,0.0,1449.14,409,2,1449.14,2,2,4,沉睡/低频
13023,2010-06-29 09:51:00,2011-10-06 16:27:00,3,0,1449.03,0.0,1449.03,64,3,1449.03,3,3,4,潜力客户
17073,2011-08-22 14:37:00,2011-11-22 11:47:00,4,0,1446.09,0.0,1446.09,17,4,1446.09,5,3,4,潜力客户
13583,2010-01-29 13:53:00,2011-07-07 10:40:00,2,0,1445.031,0.0,1445.031,155,2,1445.031,3,2,4,潜力客户
15636,2010-05-19 11:37:00,2011-09-11 11:17:00,4,0,1444.58,0.0,1444.58,89,4,1444.58,3,3,4,潜力客户
17734,2010-03-07 13:55:00,2011-10-17 12:33:00,6,0,1442.32,0.0,1442.32,53,6,1442.32,4,4,4,高价值活跃
18106,2010-01-15 11:36:00,2011-01-14 12:23:00,6,0,1441.06,0.0,1441.06,329,6,1441.06,2,4,4,高价值流失风险
18066,2010-10-20 11:42:00,2011-09-25 15:30:00,3,0,1440.4,0.0,1440.4,75,3,1440.4,3,3,4,潜力客户
14657,2010-09-30 19:57:00,2011-11-22 12:47:00,6,1,1450.19,9.95,1440.24,17,6,1440.24,5,4,4,高价值活跃
13543,2010-01-21 14:30:00,2010-03-15 13:34:00,2,0,1439.61,0.0,1439.61,634,2,1439.61,1,2,4,沉睡/低频
16088,2010-04-27 10:56:00,2010-05-13 10:16:00,2,0,1437.43,0.0,1437.43,575,2,1437.43,1,2,4,沉睡/低频
13500,2010-11-03 13:16:00,2011-11-16 15:35:00,4,1,1466.3,30.0,1436.3,23,4,1436.3,4,3,4,潜力客户
12805,2010-02-03 09:06:00,2010-11-23 12:27:00,4,0,1434.95,0.0,1434.95,381,4,1434.95,2,3,4,高价值流失风险
12389,2010-02-22 10:15:00,2010-11-02 11:52:00,3,0,1433.33,0.0,1433.33,402,3,1433.33,2,3,4,高价值流失风险
17941,2010-01-06 15:37:00,2011-08-01 08:30:00,4,0,1433.28,0.0,1433.28,130,4,1433.28,3,3,4,潜力客户
13531,2009-12-03 15:20:00,2011-05-18 16:56:00,6,0,1433.07,0.0,1433.07,205,6,1433.07,2,4,4,高价值流失风险
13475,2011-02-14 12:36:00,2011-06-01 13:52:00,4,0,1431.78,0.0,1431.78,191,4,1431.78,2,3,4,高价值流失风险
17175,2011-02-16 14:56:00,2011-10-26 15:31:00,4,1,1443.69,12.75,1430.94,44,4,1430.94,4,3,4,潜力客户
15427,2011-10-23 14:47:00,2011-11-06 14:29:00,3,0,1430.54,0.0,1430.54,33,3,1430.54,4,3,4,潜力客户
16121,2010-05-23 10:52:00,2011-10-13 12:59:00,5,1,1450.04,19.9,1430.14,57,5,1430.14,4,4,4,高价值活跃
14684,2010-11-14 14:07:00,2011-11-14 11:33:00,6,0,1430.03,0.0,1430.03,25,6,1430.03,4,4,4,高价值活跃
17582,2010-03-26 12:23:00,2011-04-17 13:18:00,5,1,1446.95,17.0,1429.95,236,5,1429.95,2,4,4,高价值流失风险
13278,2010-04-08 11:59:00,2011-10-30 11:49:00,4,1,1435.85,7.65,1428.2,40,4,1428.2,4,3,4,潜力客户
15197,2009-12-11 12:56:00,2011-11-29 10:00:00,6,4,1877.51,449.67,1427.84,10,6,1427.84,5,4,4,高价值活跃
15076,2010-07-05 14:11:00,2011-06-20 08:23:00,3,2,1447.74,21.9,1425.84,172,3,1425.84,3,3,4,潜力客户
16980,2010-10-07 14:05:00,2011-03-29 16:36:00,3,0,1422.83,0.0,1422.83,255,3,1422.83,2,3,4,高价值流失风险
16660,2010-01-14 11:09:00,2011-11-23 14:53:00,7,1,1879.55,457.2,1422.35,16,7,1422.35,5,4,4,高价值活跃
15799,2010-10-17 14:26:00,2011-09-25 12:46:00,4,0,1421.34,0.0,1421.34,75,4,1421.34,3,3,4,潜力客户
14412,2010-10-11 12:33:00,2011-10-28 10:45:00,3,1,1426.19,8.7,1417.49,42,3,1417.49,4,3,4,潜力客户
15889,2009-12-10 12:21:00,2011-07-06 11:10:00,8,1,1427.6,10.45,1417.15,156,8,1417.15,3,5,4,忠诚客户
17438,2010-03-08 16:53:00,2011-03-31 10:26:00,5,1,1422.77,10.15,1412.62,253,5,1412.62,2,4,4,高价值流失风险
15237,2011-04-26 15:04:00,2011-12-08 09:46:00,4,0,1412.32,0.0,1412.32,1,4,1412.32,5,3,4,潜力客户
14894,2009-12-02 10:42:00,2011-09-15 13:51:00,3,2,1492.81,80.6,1412.21,85,3,1412.21,3,3,4,潜力客户
16394,2011-02-23 10:58:00,2011-10-14 09:48:00,5,4,1555.34,143.28,1412.06,56,5,1412.06,4,4,4,高价值活跃
16140,2010-09-24 12:03:00,2011-10-05 12:15:00,3,2,1433.46,21.41,1412.05,65,3,1412.05,3,3,4,潜力客户
16848,2010-10-03 11:01:00,2011-10-18 08:42:00,4,0,1411.62,0.0,1411.62,52,4,1411.62,4,3,4,潜力客户
15444,2011-10-30 16:12:00,2011-11-30 17:37:00,2,0,1411.21,0.0,1411.21,9,2,1411.21,5,2,4,新近客户
16906,2010-05-13 13:23:00,2011-09-19 11:49:00,7,0,1410.92,0.0,1410.92,81,7,1410.92,3,4,4,忠诚客户
17610,2009-12-06 16:07:00,2010-06-17 16:34:00,5,3,1511.94,101.65,1410.29,540,5,1410.29,1,4,4,高价值流失风险
17545,2010-05-11 10:04:00,2011-10-27 14:04:00,6,0,1409.86,0.0,1409.86,43,6,1409.86,4,4,4,高价值活跃
16854,2010-03-09 14:32:00,2010-10-18 16:31:00,2,0,1408.96,0.0,1408.96,417,2,1408.96,1,2,4,沉睡/低频
15106,2011-03-15 12:52:00,2011-11-22 09:16:00,5,2,1422.52,14.79,1407.73,17,5,1407.73,5,4,4,高价值活跃
12947,2010-12-01 16:21:00,2011-07-19 10:06:00,6,5,1603.99,196.7,1407.29,143,6,1407.29,3,4,4,忠诚客户
12695,2010-02-12 13:22:00,2011-12-02 13:22:00,7,0,1407.12,0.0,1407.12,7,7,1407.12,5,4,4,高价值活跃
16173,2011-09-02 15:23:00,2011-11-24 10:53:00,6,1,1418.32,11.75,1406.57,15,6,1406.57,5,4,4,高价值活跃
12765,2010-03-08 09:43:00,2010-08-24 13:51:00,6,0,1404.58,0.0,1404.58,472,6,1404.58,1,4,4,高价值流失风险
15186,2010-01-12 10:14:00,2011-11-25 14:58:00,5,0,1403.2,0.0,1403.2,14,5,1403.2,5,4,4,高价值活跃
14829,2010-09-29 13:14:00,2011-11-10 16:16:00,7,2,1455.87,52.9,1402.97,29,7,1402.97,4,4,4,高价值活跃
13259,2010-01-10 10:26:00,2011-10-09 10:48:00,9,0,1402.54,0.0,1402.54,61,9,1402.54,3,5,4,忠诚客户
14687,2010-06-06 10:36:00,2011-08-25 11:59:00,3,0,1402.06,0.0,1402.06,106,3,1402.06,3,3,4,潜力客户
15911,2009-12-09 13:26:00,2010-03-26 12:06:00,8,2,1700.24,300.79,1399.45,623,8,1399.45,1,5,4,高价值流失风险
15173,2010-04-01 12:26:00,2010-11-24 10:21:00,7,1,1494.6,95.34,1399.26,380,7,1399.26,2,4,4,高价值流失风险
14019,2011-07-24 15:39:00,2011-10-24 10:13:00,3,1,1421.61,22.65,1398.96,46,3,1398.96,4,3,4,潜力客户
13240,2010-02-25 13:17:00,2011-09-04 14:08:00,8,1,1475.79,77.35,1398.44,96,8,1398.44,3,5,4,忠诚客户
15652,2010-08-11 16:58:00,2011-09-09 14:22:00,5,1,1405.94,8.5,1397.44,91,5,1397.44,3,4,4,忠诚客户
18202,2011-02-01 13:36:00,2011-05-24 12:12:00,3,0,1396.99,0.0,1396.99,199,3,1396.99,2,3,4,高价值流失风险
18189,2010-03-24 09:57:00,2011-09-23 12:40:00,3,2,1403.73,7.15,1396.58,77,3,1396.58,3,3,4,潜力客户
16129,2010-07-20 12:32:00,2010-10-28 14:29:00,3,0,1396.05,0.0,1396.05,407,3,1396.05,2,3,4,高价值流失风险
17856,2011-03-03 11:40:00,2011-12-08 09:40:00,4,2,1418.03,24.24,1393.79,1,4,1393.79,5,3,4,潜力客户
16835,2010-05-19 08:41:00,2011-08-03 13:50:00,6,4,1456.66,66.9,1389.76,128,6,1389.76,3,4,4,忠诚客户
13382,2009-12-08 09:56:00,2011-03-04 10:03:00,5,0,1387.58,0.0,1387.58,280,5,1387.58,2,4,4,高价值流失风险
15468,2010-11-12 09:39:00,2011-10-19 13:49:00,3,4,1430.48,43.0,1387.48,51,3,1387.48,4,3,4,潜力客户
17496,2010-01-14 13:36:00,2010-12-16 08:39:00,4,1,1412.89,27.0,1385.89,358,4,1385.89,2,3,4,高价值流失风险
13572,2011-05-18 11:59:00,2011-05-18 11:59:00,1,0,1384.25,0.0,1384.25,205,1,1384.25,2,1,4,沉睡/低频
13049,2010-11-03 15:39:00,2011-10-06 15:31:00,4,1,1408.24,24.1,1384.14,64,4,1384.14,3,3,4,潜力客户
16463,2011-05-19 14:45:00,2011-11-18 14:01:00,4,3,1422.4,38.7,1383.7,21,4,1383.7,4,3,4,潜力客户
12952,2011-09-22 16:37:00,2011-12-04 10:35:00,4,1,1387.79,4.95,1382.84,5,4,1382.84,5,3,4,潜力客户
14116,2011-08-10 12:44:00,2011-11-20 10:29:00,5,0,1382.74,0.0,1382.74,19,5,1382.74,5,4,4,高价值活跃
14909,2010-02-14 15:47:00,2010-09-28 16:56:00,3,2,1404.68,23.7,1380.98,437,3,1380.98,1,3,4,高价值流失风险
17878,2010-11-09 13:50:00,2011-10-27 11:24:00,3,0,1378.93,0.0,1378.93,43,3,1378.93,4,3,4,潜力客户
15141,2010-03-28 15:58:00,2010-09-08 11:33:00,7,2,1388.47,10.16,1378.31,457,7,1378.31,1,4,4,高价值流失风险
16727,2010-01-20 10:48:00,2010-12-10 13:48:00,4,0,1377.77,0.0,1377.77,364,4,1377.77,2,3,4,高价值流失风险
17714,2010-07-14 10:41:00,2011-01-23 10:32:00,5,4,1410.18,33.6,1376.58,320,5,1376.58,2,4,4,高价值流失风险
14662,2009-12-03 16:47:00,2011-11-11 12:13:00,7,0,1376.43,0.0,1376.43,28,7,1376.43,4,4,4,高价值活跃
14265,2010-04-06 14:39:00,2011-08-22 13:32:00,4,0,1373.35,0.0,1373.35,109,4,1373.35,3,3,4,潜力客户
14434,2011-09-28 15:31:00,2011-11-18 08:56:00,6,0,1372.8,0.0,1372.8,21,6,1372.8,4,4,4,高价值活跃
15453,2011-06-05 12:37:00,2011-12-08 10:59:00,7,0,1371.77,0.0,1371.77,1,7,1371.77,5,4,4,高价值活跃
13159,2011-08-16 11:44:00,2011-12-01 11:20:00,4,1,1429.35,58.1,1371.25,8,4,1371.25,5,3,4,潜力客户
13579,2010-02-18 13:53:00,2011-11-25 08:41:00,5,1,1374.34,3.2,1371.14,14,5,1371.14,5,4,4,高价值活跃
14538,2010-01-25 15:42:00,2011-10-06 10:31:00,5,0,1370.84,0.0,1370.84,64,5,1370.84,3,4,4,忠诚客户
15996,2010-11-07 15:49:00,2011-09-12 15:14:00,7,1,1386.4,15.9,1370.5,88,7,1370.5,3,4,4,忠诚客户
13155,2010-08-05 09:30:00,2011-11-06 15:41:00,6,0,1370.48,0.0,1370.48,33,6,1370.48,4,4,4,高价值活跃
18221,2010-11-14 15:46:00,2011-11-17 14:40:00,6,2,1424.94,54.6,1370.34,22,6,1370.34,4,4,4,高价值活跃
16300,2010-02-02 11:40:00,2010-10-05 13:14:00,3,0,1367.32,0.0,1367.32,430,3,1367.32,1,3,4,高价值流失风险
14609,2010-02-09 09:48:00,2011-09-28 12:54:00,10,1,1486.2,120.0,1366.2,72,10,1366.2,3,5,4,忠诚客户
14577,2009-12-11 12:09:00,2011-11-27 12:47:00,7,0,1364.15,0.0,1364.15,12,7,1364.15,5,4,4,高价值活跃
14114,2010-04-12 11:07:00,2011-03-11 09:42:00,7,0,1364.09,0.0,1364.09,273,7,1364.09,2,4,4,高价值流失风险
13074,2009-12-16 11:46:00,2010-07-16 16:53:00,4,1,1378.74,15.9,1362.84,511,4,1362.84,1,3,4,高价值流失风险
16389,2011-03-01 15:47:00,2011-10-17 14:41:00,4,1,1382.07,19.8,1362.27,53,4,1362.27,4,3,4,潜力客户
16588,2010-05-14 13:43:00,2010-11-18 17:56:00,4,0,1361.28,0.0,1361.28,386,4,1361.28,2,3,4,高价值流失风险
16384,2010-04-28 14:01:00,2011-09-11 11:19:00,4,0,1358.95,0.0,1358.95,89,4,1358.95,3,3,4,潜力客户
13760,2010-04-25 13:10:00,2011-10-16 16:13:00,5,1,1363.64,5.0,1358.64,54,5,1358.64,4,4,4,高价值活跃
17150,2009-12-06 10:51:00,2010-11-28 11:27:00,6,0,1357.95,0.0,1357.95,376,6,1357.95,2,4,4,高价值流失风险
12875,2010-01-11 12:37:00,2011-07-19 15:30:00,5,0,1356.99,0.0,1356.99,143,5,1356.99,3,4,4,忠诚客户
18167,2011-08-26 11:40:00,2011-11-16 15:56:00,3,3,1384.86,29.35,1355.51,23,3,1355.51,4,3,4,潜力客户
13821,2010-01-04 13:36:00,2011-07-18 09:49:00,6,1,1379.08,23.7,1355.38,144,6,1355.38,3,4,4,忠诚客户
14316,2010-03-19 15:18:00,2010-10-13 16:31:00,5,1,1370.34,15.0,1355.34,422,5,1355.34,1,4,4,高价值流失风险
17054,2011-04-08 13:14:00,2011-11-11 12:56:00,5,1,1356.33,2.5,1353.83,28,5,1353.83,4,4,4,高价值活跃
15116,2011-05-19 08:50:00,2011-11-22 12:25:00,4,0,1352.75,0.0,1352.75,17,4,1352.75,5,3,4,潜力客户
16245,2011-03-28 09:30:00,2011-11-16 10:14:00,3,2,1413.66,61.3,1352.36,23,3,1352.36,4,3,4,潜力客户
16079,2011-10-30 13:06:00,2011-11-23 12:48:00,3,0,1352.0,0.0,1352.0,16,3,1352.0,5,3,4,潜力客户
14853,2010-04-13 09:26:00,2011-11-15 16:56:00,5,2,1376.87,25.5,1351.37,24,5,1351.37,4,4,4,高价值活跃
12886,2011-05-04 11:21:00,2011-10-03 10:09:00,2,1,1378.4,27.31,1351.09,67,2,1351.09,3,2,4,潜力客户
16367,2010-11-21 13:23:00,2011-11-02 13:13:00,3,0,1350.48,0.0,1350.48,37,3,1350.48,4,3,4,潜力客户
17025,2010-03-08 13:37:00,2011-10-10 09:06:00,5,0,1349.67,0.0,1349.67,60,5,1349.67,3,4,4,忠诚客户
17731,2010-02-09 12:37:00,2011-09-21 15:02:00,6,1,1708.99,361.91,1347.08,79,6,1347.08,3,4,4,忠诚客户
12646,2011-10-21 12:52:00,2011-12-05 10:14:00,2,0,1346.97,0.0,1346.97,4,2,1346.97,5,2,4,新近客户
13639,2010-09-29 10:05:00,2011-09-26 13:36:00,2,0,1346.27,0.0,1346.27,74,2,1346.27,3,2,4,潜力客户
14550,2010-08-13 12:05:00,2011-11-29 12:12:00,4,0,1345.06,0.0,1345.06,10,4,1345.06,5,3,4,潜力客户
17429,2010-10-06 12:30:00,2011-08-03 13:22:00,5,2,1357.46,15.3,1342.16,128,5,1342.16,3,4,4,忠诚客户
18085,2010-03-21 11:57:00,2011-01-13 15:17:00,4,0,1341.85,0.0,1341.85,330,4,1341.85,2,3,4,高价值流失风险
13743,2011-03-25 14:46:00,2011-12-07 10:09:00,7,1,1341.6,1.45,1340.15,2,7,1340.15,5,4,4,高价值活跃
15398,2011-09-22 14:56:00,2011-11-23 16:47:00,2,1,1345.53,5.9,1339.63,16,2,1339.63,5,2,4,新近客户
12620,2011-05-19 12:10:00,2011-11-25 10:20:00,3,0,1339.41,0.0,1339.41,14,3,1339.41,5,3,4,潜力客户
12711,2010-02-01 11:30:00,2010-04-07 11:59:00,2,0,1339.05,0.0,1339.05,611,2,1339.05,1,2,4,沉睡/低频
12591,2010-10-27 10:42:00,2011-01-26 14:35:00,3,0,1338.95,0.0,1338.95,317,3,1338.95,2,3,4,高价值流失风险
15411,2011-06-10 12:30:00,2011-11-13 15:19:00,4,1,1348.93,12.5,1336.43,26,4,1336.43,4,3,4,潜力客户
13220,2010-05-13 10:35:00,2011-09-22 13:38:00,5,0,1336.09,0.0,1336.09,78,5,1336.09,3,4,4,忠诚客户
17033,2010-11-07 12:55:00,2011-09-14 14:34:00,4,0,1332.79,0.0,1332.79,86,4,1332.79,3,3,4,潜力客户
17932,2011-05-12 13:58:00,2011-11-10 19:49:00,3,0,1331.57,0.0,1331.57,29,3,1331.57,4,3,4,潜力客户
14899,2010-11-09 15:20:00,2010-11-09 15:20:00,1,0,1331.38,0.0,1331.38,395,1,1331.38,2,1,4,沉睡/低频
13035,2010-10-04 15:41:00,2011-09-27 08:57:00,3,1,1364.2,35.25,1328.95,73,3,1328.95,3,3,4,潜力客户
16295,2011-10-06 10:45:00,2011-11-30 08:17:00,4,0,1328.55,0.0,1328.55,9,4,1328.55,5,3,4,潜力客户
13232,2011-04-10 13:48:00,2011-11-27 10:39:00,7,0,1328.35,0.0,1328.35,12,7,1328.35,5,4,4,高价值活跃
14712,2010-10-17 14:49:00,2011-11-10 12:59:00,4,0,1328.07,0.0,1328.07,29,4,1328.07,4,3,4,潜力客户
13919,2010-06-17 09:30:00,2011-10-11 14:24:00,4,1,1360.68,34.65,1326.03,59,4,1326.03,3,3,4,潜力客户
13396,2011-01-24 13:37:00,2011-11-10 16:59:00,2,2,1360.99,35.7,1325.29,29,2,1325.29,4,2,4,新近客户
14956,2010-10-14 16:40:00,2010-10-14 16:40:00,1,0,1325.0,0.0,1325.0,421,1,1325.0,1,1,4,沉睡/低频
17951,2010-10-31 15:15:00,2011-10-31 12:30:00,4,1,1340.58,17.7,1322.88,39,4,1322.88,4,3,4,潜力客户
12960,2010-02-16 13:32:00,2010-10-22 09:31:00,4,0,1322.07,0.0,1322.07,413,4,1322.07,1,3,4,高价值流失风险
14847,2010-05-24 12:29:00,2011-07-14 10:52:00,3,1,1348.95,28.35,1320.6,148,3,1320.6,3,3,4,潜力客户
14591,2011-05-10 14:09:00,2011-11-24 13:57:00,4,0,1320.21,0.0,1320.21,15,4,1320.21,5,3,4,潜力客户
13803,2010-03-31 10:00:00,2011-03-29 12:57:00,3,1,1338.91,19.8,1319.11,255,3,1319.11,2,3,4,高价值流失风险
15751,2009-12-06 13:08:00,2010-09-05 12:44:00,11,3,1380.44,61.6,1318.84,460,11,1318.84,1,5,4,高价值流失风险
14861,2009-12-08 12:12:00,2011-10-18 12:54:00,10,4,1380.73,62.33,1318.4,52,10,1318.4,4,5,4,高价值活跃
12526,2011-09-06 14:19:00,2011-12-09 12:09:00,3,0,1316.66,0.0,1316.66,0,3,1316.66,5,3,4,潜力客户
17411,2009-12-03 12:02:00,2011-11-27 14:25:00,5,4,1425.38,108.85,1316.53,12,5,1316.53,5,4,4,高价值活跃
14921,2011-05-22 12:51:00,2011-11-09 13:17:00,2,0,1316.07,0.0,1316.07,30,2,1316.07,4,2,4,新近客户
14973,2011-04-28 12:22:00,2011-08-24 15:51:00,3,0,1314.45,0.0,1314.45,107,3,1314.45,3,3,4,潜力客户
15154,2010-08-18 17:41:00,2011-09-25 16:05:00,3,1,1343.72,29.55,1314.17,75,3,1314.17,3,3,4,潜力客户
15322,2010-08-20 13:10:00,2011-09-15 09:34:00,2,1,1390.86,76.71,1314.15,85,2,1314.15,3,2,4,潜力客户
15146,2011-02-21 13:07:00,2011-06-28 12:09:00,2,1,1327.16,13.5,1313.66,164,2,1313.66,3,2,4,潜力客户
12364,2011-08-19 15:24:00,2011-12-02 10:22:00,4,0,1313.1,0.0,1313.1,7,4,1313.1,5,3,4,潜力客户
12639,2010-03-22 09:05:00,2011-04-15 12:48:00,3,0,1312.37,0.0,1312.37,238,3,1312.37,2,3,4,高价值流失风险
12426,2010-02-15 08:41:00,2011-05-29 12:26:00,2,1,1345.21,33.8,1311.41,194,2,1311.41,2,2,4,沉睡/低频
14618,2010-06-11 10:11:00,2011-11-30 13:45:00,7,2,1342.32,31.8,1310.52,9,7,1310.52,5,4,4,高价值活跃
13506,2010-09-05 12:33:00,2011-01-27 13:53:00,5,3,1338.08,29.55,1308.53,316,5,1308.53,2,4,4,高价值流失风险
13328,2011-01-27 15:22:00,2011-01-27 15:22:00,1,0,1308.48,0.0,1308.48,316,1,1308.48,2,1,4,沉睡/低频
16377,2010-04-01 10:36:00,2011-03-17 15:41:00,2,0,1308.48,0.0,1308.48,267,2,1308.48,2,2,4,沉睡/低频
13587,2010-02-14 13:17:00,2011-10-07 12:31:00,4,2,1673.5,365.4,1308.1,63,4,1308.1,3,3,4,潜力客户
16282,2009-12-21 11:52:00,2011-01-04 11:42:00,3,0,1307.58,0.0,1307.58,339,3,1307.58,2,3,4,高价值流失风险
14071,2011-03-20 11:33:00,2011-12-06 12:27:00,8,1,1437.57,131.41,1306.16,3,8,1306.16,5,5,4,高价值活跃
17888,2009-12-21 16:34:00,2011-11-18 13:45:00,25,6,1807.44,501.54,1305.9,21,25,1305.9,4,5,4,高价值活跃
15677,2010-09-02 12:08:00,2011-10-21 15:36:00,3,0,1305.63,0.0,1305.63,49,3,1305.63,4,3,4,潜力客户
15813,2011-04-14 09:09:00,2011-05-16 08:13:00,2,0,1303.91,0.0,1303.91,207,2,1303.91,2,2,4,沉睡/低频
12463,2011-04-12 12:47:00,2011-10-17 13:44:00,4,3,1344.78,41.15,1303.63,53,4,1303.63,4,3,4,潜力客户
15101,2010-04-28 15:00:00,2011-12-01 10:18:00,6,5,1477.94,174.45,1303.49,8,6,1303.49,5,4,4,高价值活跃
16370,2011-04-28 16:40:00,2011-09-18 15:55:00,4,0,1301.91,0.0,1301.91,82,4,1301.91,3,3,4,潜力客户
16574,2010-02-19 11:46:00,2011-09-29 13:39:00,3,0,1301.78,0.0,1301.78,71,3,1301.78,3,3,4,潜力客户
12919,2011-06-23 09:22:00,2011-12-01 13:47:00,6,2,1335.19,33.75,1301.44,8,6,1301.44,5,4,4,高价值活跃
12488,2011-09-25 10:34:00,2011-11-30 08:50:00,3,0,1298.66,0.0,1298.66,9,3,1298.66,5,3,4,潜力客户
16464,2011-07-20 13:53:00,2011-11-20 12:11:00,3,0,1298.66,0.0,1298.66,19,3,1298.66,4,3,4,潜力客户
12987,2010-01-20 09:57:00,2011-09-27 12:03:00,5,1,1312.21,13.7,1298.51,73,5,1298.51,3,4,4,忠诚客户
12372,2011-02-16 12:46:00,2011-09-29 12:12:00,3,0,1298.04,0.0,1298.04,71,3,1298.04,3,3,4,潜力客户
17499,2010-05-27 09:59:00,2011-02-23 09:14:00,2,1,1341.39,44.55,1296.84,289,2,1296.84,2,2,4,沉睡/低频
16929,2011-07-07 12:39:00,2011-12-06 08:37:00,7,0,1295.39,0.0,1295.39,3,7,1295.39,5,4,4,高价值活跃
14480,2009-12-21 16:32:00,2011-11-28 16:35:00,4,1,1299.52,4.25,1295.27,11,4,1295.27,5,3,4,潜力客户
15471,2010-06-07 12:17:00,2011-12-07 14:12:00,3,0,1292.01,0.0,1292.01,2,3,1292.01,5,3,4,潜力客户
16744,2011-06-19 15:13:00,2011-11-28 13:06:00,7,0,1291.91,0.0,1291.91,11,7,1291.91,5,4,4,高价值活跃
15108,2011-04-26 10:54:00,2011-07-21 10:24:00,4,1,1300.25,8.5,1291.75,141,4,1291.75,3,3,4,潜力客户
14856,2011-10-14 09:35:00,2011-11-03 14:53:00,3,0,1290.53,0.0,1290.53,36,3,1290.53,4,3,4,潜力客户
13846,2010-11-05 09:47:00,2011-11-15 12:07:00,4,1,1307.79,17.45,1290.34,24,4,1290.34,4,3,4,潜力客户
16756,2010-03-09 15:56:00,2011-05-09 09:33:00,7,2,1312.37,24.95,1287.42,214,7,1287.42,2,4,4,高价值流失风险
16608,2010-02-14 11:57:00,2010-09-12 11:44:00,2,0,1286.62,0.0,1286.62,453,2,1286.62,1,2,4,沉睡/低频
16212,2010-02-07 15:26:00,2011-11-20 13:00:00,4,1,1293.71,9.15,1284.56,19,4,1284.56,4,3,4,潜力客户
14297,2011-03-10 08:31:00,2011-11-22 09:06:00,4,2,1305.33,21.27,1284.06,17,4,1284.06,5,3,4,潜力客户
14284,2010-02-24 12:06:00,2011-11-09 08:11:00,3,1,1299.65,16.8,1282.85,30,3,1282.85,4,3,4,潜力客户
15774,2010-02-21 12:57:00,2011-10-02 12:04:00,6,1,1288.34,5.74,1282.6,68,6,1282.6,3,4,4,忠诚客户
15136,2011-09-04 16:05:00,2011-12-07 12:26:00,4,1,1286.7,4.25,1282.45,2,4,1282.45,5,3,4,潜力客户
17521,2010-10-01 11:49:00,2011-11-10 11:22:00,5,1,1278.06,1.25,1276.81,29,5,1276.81,4,4,4,高价值活跃
14478,2009-12-01 13:20:00,2010-11-22 15:29:00,4,0,1276.66,0.0,1276.66,382,4,1276.66,2,3,4,高价值流失风险
17109,2010-07-30 12:42:00,2011-11-10 16:59:00,8,2,1291.71,15.36,1276.35,29,8,1276.35,4,5,4,高价值活跃
14619,2010-06-16 14:41:00,2011-04-08 07:37:00,2,1,1291.24,14.93,1276.31,245,2,1276.31,2,2,4,沉睡/低频
17142,2010-01-24 15:23:00,2011-04-14 18:22:00,4,0,1275.25,0.0,1275.25,239,4,1275.25,2,3,4,高价值流失风险
14820,2010-01-31 12:49:00,2011-11-18 15:41:00,9,0,1274.76,0.0,1274.76,21,9,1274.76,4,5,4,高价值活跃
14167,2010-01-27 16:07:00,2011-10-31 14:29:00,8,0,1274.29,0.0,1274.29,39,8,1274.29,4,5,4,高价值活跃
14490,2010-10-07 11:36:00,2010-10-29 15:04:00,2,0,1273.47,0.0,1273.47,406,2,1273.47,2,2,4,沉睡/低频
14679,2009-12-08 17:13:00,2010-11-23 11:51:00,3,2,1289.44,16.49,1272.95,381,3,1272.95,2,3,4,高价值流失风险
17478,2010-03-16 14:19:00,2010-10-27 15:01:00,2,0,1272.8,0.0,1272.8,408,2,1272.8,2,2,4,沉睡/低频
12394,2011-05-06 14:01:00,2011-10-07 08:08:00,2,0,1272.48,0.0,1272.48,63,2,1272.48,3,2,4,潜力客户
17341,2010-06-17 18:17:00,2011-07-06 12:33:00,5,0,1272.21,0.0,1272.21,156,5,1272.21,3,4,4,忠诚客户
16222,2009-12-18 14:31:00,2011-01-25 13:38:00,2,0,1272.05,0.0,1272.05,318,2,1272.05,2,2,4,沉睡/低频
12908,2010-03-19 15:59:00,2011-06-16 15:39:00,5,2,1776.0,504.0,1272.0,176,5,1272.0,3,4,4,忠诚客户
12630,2011-10-27 10:41:00,2011-11-30 10:48:00,2,0,1270.88,0.0,1270.88,9,2,1270.88,5,2,4,新近客户
13492,2011-05-09 10:06:00,2011-07-26 14:25:00,3,0,1269.84,0.0,1269.84,136,3,1269.84,3,3,4,潜力客户
15439,2010-02-24 12:05:00,2010-10-31 10:38:00,4,0,1269.05,0.0,1269.05,404,4,1269.05,2,3,4,高价值流失风险
17027,2009-12-10 12:10:00,2011-09-22 12:24:00,9,1,1310.63,41.7,1268.93,78,9,1268.93,3,5,4,忠诚客户
13892,2010-05-13 10:32:00,2011-11-13 11:50:00,6,0,1267.65,0.0,1267.65,26,6,1267.65,4,4,4,高价值活跃
14511,2011-07-29 12:13:00,2011-11-28 17:05:00,5,1,1314.81,47.4,1267.41,11,5,1267.41,5,4,4,高价值活跃
13300,2010-05-14 15:56:00,2011-06-23 13:09:00,3,2,1285.51,18.3,1267.21,169,3,1267.21,3,3,4,潜力客户
13515,2010-03-05 11:58:00,2011-09-28 11:26:00,6,0,1265.82,0.0,1265.82,72,6,1265.82,3,4,4,忠诚客户
15584,2010-02-07 12:16:00,2011-11-16 10:55:00,6,1,1268.2,2.5,1265.7,23,6,1265.7,4,4,4,高价值活跃
16894,2010-06-22 14:21:00,2010-07-25 15:43:00,3,2,1306.96,41.7,1265.26,502,3,1265.26,1,3,4,高价值流失风险
14379,2010-08-16 15:31:00,2011-10-26 16:43:00,4,0,1265.16,0.0,1265.16,44,4,1265.16,4,3,4,潜力客户
13617,2010-08-01 15:23:00,2011-10-30 13:50:00,8,1,1278.75,14.95,1263.8,40,8,1263.8,4,5,4,高价值活跃
14427,2010-03-18 09:49:00,2011-10-20 14:23:00,4,0,1263.52,0.0,1263.52,50,4,1263.52,4,3,4,潜力客户
16951,2011-02-08 14:58:00,2011-07-28 12:05:00,3,1,1277.75,15.0,1262.75,134,3,1262.75,3,3,4,潜力客户
17759,2010-05-05 11:40:00,2011-11-22 16:02:00,5,0,1261.88,0.0,1261.88,17,5,1261.88,5,4,4,高价值活跃
16777,2010-03-17 12:42:00,2011-09-20 13:41:00,5,1,1292.18,30.75,1261.43,80,5,1261.43,3,4,4,忠诚客户
13138,2010-11-08 11:45:00,2011-11-17 16:51:00,7,1,1274.01,12.75,1261.26,22,7,1261.26,4,4,4,高价值活跃
16688,2011-10-10 12:23:00,2011-12-08 15:24:00,4,0,1260.86,0.0,1260.86,1,4,1260.86,5,3,4,潜力客户
14984,2010-01-11 13:22:00,2011-11-20 14:28:00,6,0,1260.51,0.0,1260.51,19,6,1260.51,4,4,4,高价值活跃
13916,2010-02-02 10:06:00,2010-09-02 10:04:00,4,1,1275.81,15.3,1260.51,463,4,1260.51,1,3,4,高价值流失风险
16842,2011-02-10 14:51:00,2011-08-31 10:42:00,3,1,1264.19,3.75,1260.44,100,3,1260.44,3,3,4,潜力客户
16372,2010-04-11 15:20:00,2011-11-06 13:08:00,5,1,1290.31,30.0,1260.31,33,5,1260.31,4,4,4,高价值活跃
18035,2010-11-19 13:42:00,2011-11-04 12:39:00,5,0,1260.23,0.0,1260.23,35,5,1260.23,4,4,4,高价值活跃
17343,2009-12-03 18:30:00,2010-12-19 15:07:00,6,0,1259.94,0.0,1259.94,355,6,1259.94,2,4,4,高价值流失风险
13689,2010-09-21 10:27:00,2011-10-07 13:21:00,2,0,1259.5,0.0,1259.5,63,2,1259.5,3,2,4,潜力客户
15009,2011-11-14 17:40:00,2011-11-27 13:35:00,3,0,1259.43,0.0,1259.43,12,3,1259.43,5,3,4,潜力客户
14267,2011-03-24 11:38:00,2011-06-30 10:09:00,3,6,1516.24,257.05,1259.19,162,3,1259.19,3,3,4,潜力客户
15651,2010-04-22 13:26:00,2011-11-03 08:41:00,5,0,1259.06,0.0,1259.06,36,5,1259.06,4,4,4,高价值活跃
12717,2010-04-28 14:34:00,2011-07-11 14:47:00,3,1,1308.91,50.0,1258.91,151,3,1258.91,3,3,4,潜力客户
17635,2010-04-28 10:51:00,2010-10-11 15:12:00,3,1,1265.58,8.75,1256.83,424,3,1256.83,1,3,4,高价值流失风险
17862,2010-05-25 17:22:00,2011-01-20 12:23:00,4,0,1254.89,0.0,1254.89,323,4,1254.89,2,3,4,高价值流失风险
14419,2010-11-22 11:09:00,2011-11-29 11:22:00,7,0,1254.64,0.0,1254.64,10,7,1254.64,5,4,4,高价值活跃
15064,2009-12-22 16:17:00,2010-10-25 14:32:00,4,0,1254.41,0.0,1254.41,410,4,1254.41,2,3,4,高价值流失风险
15441,2009-12-09 14:55:00,2010-11-08 15:50:00,3,0,1254.21,0.0,1254.21,396,3,1254.21,2,3,4,高价值流失风险
13855,2009-12-08 16:56:00,2010-07-27 09:53:00,4,1,1310.34,56.4,1253.94,500,4,1253.94,1,3,4,高价值流失风险
14487,2010-11-25 13:36:00,2011-11-13 12:17:00,7,1,1266.27,12.75,1253.52,26,7,1253.52,4,4,4,高价值活跃
17037,2011-09-13 12:49:00,2011-09-13 12:49:00,1,1,1267.32,14.1,1253.22,87,1,1253.22,3,1,4,潜力客户
15400,2010-05-28 08:33:00,2011-09-08 13:57:00,8,1,1302.3,49.5,1252.8,92,8,1252.8,3,5,4,忠诚客户
15599,2010-09-20 10:15:00,2011-11-13 11:44:00,3,0,1250.06,0.0,1250.06,26,3,1250.06,4,3,4,潜力客户
17481,2011-09-07 09:57:00,2011-12-06 12:28:00,4,1,1255.59,6.25,1249.34,3,4,1249.34,5,3,4,潜力客户
14474,2010-05-09 12:12:00,2011-10-24 13:26:00,2,1,1258.89,9.95,1248.94,46,2,1248.94,4,2,4,新近客户
14383,2011-06-29 10:18:00,2011-11-01 15:53:00,3,0,1247.69,0.0,1247.69,38,3,1247.69,4,3,4,潜力客户
12689,2011-08-04 10:04:00,2011-11-14 08:31:00,2,0,1247.61,0.0,1247.61,25,2,1247.61,4,2,4,新近客户
14240,2010-10-12 12:48:00,2011-11-09 13:45:00,3,0,1247.49,0.0,1247.49,30,3,1247.49,4,3,4,潜力客户
16296,2009-12-18 12:03:00,2010-03-23 13:11:00,4,2,1313.67,67.7,1245.97,626,4,1245.97,1,3,4,高价值流失风险
12402,2010-02-07 12:41:00,2011-01-20 13:49:00,6,1,1256.9,12.75,1244.15,323,6,1244.15,2,4,4,高价值流失风险
17076,2009-12-04 12:12:00,2011-11-03 17:53:00,6,0,1242.75,0.0,1242.75,36,6,1242.75,4,4,4,高价值活跃
13443,2010-01-31 13:30:00,2010-09-17 12:31:00,6,1,1273.16,32.45,1240.71,448,6,1240.71,1,4,4,高价值流失风险
17529,2010-01-11 12:29:00,2010-04-08 17:51:00,2,0,1240.25,0.0,1240.25,610,2,1240.25,1,2,4,沉睡/低频
13860,2011-09-14 09:27:00,2011-12-08 12:57:00,5,1,1245.9,5.9,1240.0,1,5,1240.0,5,4,4,高价值活跃
17796,2010-10-14 13:37:00,2011-10-30 15:38:00,7,0,1236.39,0.0,1236.39,40,7,1236.39,4,4,4,高价值活跃
13201,2010-03-07 11:01:00,2010-07-25 14:30:00,4,0,1233.06,0.0,1233.06,502,4,1233.06,1,3,4,高价值流失风险
16527,2010-10-11 13:25:00,2011-09-19 16:21:00,2,0,1232.94,0.0,1232.94,81,2,1232.94,3,2,4,潜力客户
17034,2010-07-14 12:55:00,2011-11-23 15:14:00,5,2,1276.42,44.6,1231.82,16,5,1231.82,5,4,4,高价值活跃
18080,2011-04-11 10:10:00,2011-11-21 08:02:00,2,0,1231.5,0.0,1231.5,18,2,1231.5,5,2,4,新近客户
16723,2009-12-04 13:23:00,2011-09-09 13:01:00,4,0,1231.36,0.0,1231.36,91,4,1231.36,3,3,4,潜力客户
16159,2009-12-03 11:51:00,2011-03-03 12:27:00,4,1,1232.79,2.5,1230.29,281,4,1230.29,2,3,4,高价值流失风险
14821,2010-02-01 13:33:00,2010-12-08 08:43:00,7,0,1230.15,0.0,1230.15,366,7,1230.15,2,4,4,高价值流失风险
12673,2010-11-03 10:46:00,2011-12-04 13:55:00,3,0,1230.02,0.0,1230.02,5,3,1230.02,5,3,4,潜力客户
18135,2010-03-15 13:55:00,2011-11-10 19:32:00,10,3,1249.62,20.4,1229.22,29,10,1229.22,4,5,4,高价值活跃
13282,2010-10-29 14:11:00,2011-11-21 15:33:00,4,3,1313.19,84.3,1228.89,18,4,1228.89,5,3,4,潜力客户
14871,2009-12-01 11:57:00,2011-12-06 13:42:00,9,0,1228.17,0.0,1228.17,3,9,1228.17,5,5,4,高价值活跃
12866,2010-07-25 11:37:00,2011-03-01 14:11:00,3,0,1227.35,0.0,1227.35,283,3,1227.35,2,3,4,高价值流失风险
15800,2010-03-31 13:17:00,2011-08-24 14:23:00,7,0,1227.07,0.0,1227.07,107,7,1227.07,3,4,4,忠诚客户
13402,2010-05-24 10:56:00,2011-08-04 15:51:00,4,0,1226.85,0.0,1226.85,127,4,1226.85,3,3,4,潜力客户
12605,2010-09-07 14:21:00,2010-11-28 14:18:00,4,1,1232.95,7.5,1225.45,376,4,1225.45,2,3,4,高价值流失风险
15269,2010-11-14 12:58:00,2011-11-16 09:32:00,3,0,1225.36,0.0,1225.36,23,3,1225.36,4,3,4,潜力客户
16714,2010-02-07 11:17:00,2011-05-05 11:09:00,4,3,1497.33,275.09,1222.24,218,4,1222.24,2,3,4,高价值流失风险
15376,2011-05-01 13:45:00,2011-10-30 15:04:00,3,0,1221.56,0.0,1221.56,40,3,1221.56,4,3,4,潜力客户
17132,2010-08-08 13:49:00,2010-09-13 16:31:00,2,0,1220.91,0.0,1220.91,452,2,1220.91,1,2,4,沉睡/低频
15004,2011-07-15 14:05:00,2011-07-15 14:05:00,1,0,1220.77,0.0,1220.77,147,1,1220.77,3,1,4,潜力客户
13243,2010-03-18 13:10:00,2011-05-20 13:14:00,5,0,1220.38,0.0,1220.38,203,5,1220.38,2,4,4,高价值流失风险
13863,2010-04-25 13:09:00,2011-04-06 10:20:00,4,2,1239.55,21.92,1217.63,247,4,1217.63,2,3,4,高价值流失风险
14698,2011-10-19 12:54:00,2011-12-08 12:26:00,5,0,1217.27,0.0,1217.27,1,5,1217.27,5,4,4,高价值活跃
15390,2010-10-26 17:23:00,2010-11-08 15:19:00,2,0,1216.66,0.0,1216.66,396,2,1216.66,2,2,4,沉睡/低频
15580,2010-02-07 11:21:00,2010-11-28 11:00:00,8,6,1375.39,159.24,1216.15,376,8,1216.15,2,5,4,高价值流失风险
14512,2009-12-07 13:49:00,2011-06-05 12:39:00,7,0,1215.97,0.0,1215.97,187,7,1215.97,3,4,4,忠诚客户
15661,2010-05-10 07:59:00,2011-01-26 13:56:00,8,0,1215.95,0.0,1215.95,317,8,1215.95,2,5,4,高价值流失风险
12985,2011-11-11 12:44:00,2011-12-09 10:46:00,2,1,1239.38,23.76,1215.62,0,2,1215.62,5,2,4,新近客户
15579,2010-10-03 14:37:00,2011-10-02 12:45:00,5,2,1250.63,35.25,1215.38,68,5,1215.38,3,4,4,忠诚客户
17410,2011-05-08 15:21:00,2011-11-23 15:46:00,5,0,1214.72,0.0,1214.72,16,5,1214.72,5,4,4,高价值活跃
13440,2010-09-14 10:34:00,2010-10-12 13:11:00,7,3,1295.25,81.3,1213.95,423,7,1213.95,1,4,4,高价值流失风险
14020,2010-06-28 15:29:00,2011-11-23 09:22:00,4,1,1249.01,35.75,1213.26,16,4,1213.26,5,3,4,潜力客户
16872,2010-09-02 17:36:00,2011-09-23 16:05:00,6,0,1213.13,0.0,1213.13,77,6,1213.13,3,4,4,忠诚客户
13019,2009-12-06 15:40:00,2010-11-25 14:56:00,6,2,1229.95,17.0,1212.95,379,6,1212.95,2,4,4,高价值流失风险
13918,2011-03-31 18:05:00,2011-10-21 12:25:00,2,0,1212.84,0.0,1212.84,49,2,1212.84,4,2,4,新近客户
15664,2010-02-28 12:50:00,2011-10-20 10:57:00,4,3,1254.03,41.68,1212.35,50,4,1212.35,4,3,4,潜力客户
12464,2011-02-03 13:30:00,2011-11-29 13:33:00,8,0,1212.05,0.0,1212.05,10,8,1212.05,5,5,4,高价值活跃
18263,2011-04-01 11:48:00,2011-11-14 09:00:00,3,1,1213.16,2.08,1211.08,25,3,1211.08,4,3,4,潜力客户
14193,2010-11-08 12:31:00,2011-10-03 09:34:00,3,0,1210.19,0.0,1210.19,67,3,1210.19,3,3,4,潜力客户
14428,2011-01-18 16:39:00,2011-12-02 13:17:00,5,2,1224.06,14.69,1209.37,7,5,1209.37,5,4,4,高价值活跃
16762,2011-07-18 12:52:00,2011-11-20 11:43:00,3,0,1207.24,0.0,1207.24,19,3,1207.24,4,3,4,潜力客户
14320,2010-01-21 11:44:00,2011-05-17 09:24:00,5,2,1346.75,142.63,1204.12,206,5,1204.12,2,4,4,高价值流失风险
14725,2010-06-23 11:34:00,2011-11-15 12:42:00,4,1,1252.74,50.4,1202.34,24,4,1202.34,4,3,4,潜力客户
14446,2010-11-18 12:08:00,2011-12-09 11:34:00,5,0,1200.28,0.0,1200.28,0,5,1200.28,5,4,4,高价值活跃
16946,2010-03-02 10:49:00,2010-11-21 14:06:00,5,1,1222.04,22.5,1199.54,383,5,1199.54,2,4,4,高价值流失风险
16634,2010-01-21 09:30:00,2011-05-01 12:09:00,6,4,1649.81,451.51,1198.3,222,6,1198.3,2,4,4,高价值流失风险
17397,2010-10-19 13:20:00,2011-11-17 14:08:00,3,0,1198.28,0.0,1198.28,22,3,1198.28,4,3,4,潜力客户
17713,2010-06-09 09:33:00,2010-11-22 16:50:00,4,0,1198.09,0.0,1198.09,382,4,1198.09,2,3,4,高价值流失风险
13405,2009-12-15 14:13:00,2011-09-26 17:01:00,6,3,1213.811,17.25,1196.561,74,6,1196.561,3,4,4,忠诚客户
16307,2010-05-11 14:40:00,2010-10-06 14:31:00,3,0,1194.92,0.0,1194.92,429,3,1194.92,1,3,4,高价值流失风险
15145,2011-04-05 15:20:00,2011-12-05 17:21:00,4,0,1194.73,0.0,1194.73,4,4,1194.73,5,3,4,潜力客户
13723,2010-04-07 14:32:00,2011-05-06 17:04:00,6,0,1194.08,0.0,1194.08,217,6,1194.08,2,4,4,高价值流失风险
12611,2011-10-18 13:12:00,2011-10-18 13:12:00,1,0,1193.32,0.0,1193.32,52,1,1193.32,4,1,4,新近客户
13976,2010-02-09 13:08:00,2011-05-17 09:13:00,4,0,1192.36,0.0,1192.36,206,4,1192.36,2,3,4,高价值流失风险
12993,2010-02-18 10:35:00,2011-11-16 15:49:00,8,2,1259.63,68.37,1191.26,23,8,1191.26,4,5,4,高价值活跃
16501,2010-11-21 14:10:00,2010-11-21 14:10:00,1,0,1191.23,0.0,1191.23,383,1,1191.23,2,1,4,沉睡/低频
17531,2010-03-31 12:57:00,2011-06-02 19:17:00,3,6,1266.82,75.6,1191.22,190,3,1191.22,2,3,4,高价值流失风险
14275,2010-04-11 12:32:00,2010-11-09 09:06:00,6,0,1189.38,0.0,1189.38,395,6,1189.38,2,4,4,高价值流失风险
18057,2010-01-18 12:42:00,2010-11-11 16:55:00,3,0,1188.46,0.0,1188.46,393,3,1188.46,2,3,4,高价值流失风险
18286,2009-12-16 10:45:00,2010-08-20 11:57:00,2,1,1296.43,108.0,1188.43,476,2,1188.43,1,2,4,沉睡/低频
15573,2009-12-10 14:19:00,2011-11-08 11:38:00,5,0,1188.42,0.0,1188.42,31,5,1188.42,4,4,4,高价值活跃
14382,2010-11-14 16:32:00,2011-11-13 16:18:00,2,1,1193.63,5.95,1187.68,26,2,1187.68,4,2,4,新近客户
17800,2011-01-09 13:50:00,2011-11-02 12:57:00,9,0,1187.21,0.0,1187.21,37,9,1187.21,4,5,4,高价值活跃
16471,2010-02-25 10:07:00,2011-03-10 09:41:00,4,2,1189.98,3.8,1186.18,274,4,1186.18,2,3,4,高价值流失风险
18060,2010-05-24 08:34:00,2010-10-27 16:41:00,2,0,1185.46,0.0,1185.46,408,2,1185.46,2,2,4,沉睡/低频
12742,2010-03-24 12:43:00,2010-03-24 12:43:00,1,1,1201.52,16.5,1185.02,625,1,1185.02,1,1,4,沉睡/低频
16830,2009-12-13 12:11:00,2011-11-01 11:35:00,4,1,1207.5,23.8,1183.7,38,4,1183.7,4,3,4,潜力客户
15259,2010-01-26 09:41:00,2010-07-15 08:47:00,4,0,1182.38,0.0,1182.38,512,4,1182.38,1,3,4,高价值流失风险
17021,2010-04-29 20:05:00,2010-09-23 20:01:00,6,0,1182.22,0.0,1182.22,442,6,1182.22,1,4,4,高价值流失风险
13293,2010-02-09 12:05:00,2010-11-12 13:28:00,6,1,1192.94,12.6,1180.34,392,6,1180.34,2,4,4,高价值流失风险
13395,2010-10-14 13:00:00,2011-06-07 15:04:00,3,0,1180.23,0.0,1180.23,185,3,1180.23,3,3,4,潜力客户
15377,2010-10-20 11:42:00,2010-11-22 08:55:00,4,1,1211.75,31.8,1179.95,382,4,1179.95,2,3,4,高价值流失风险
17058,2011-04-14 09:18:00,2011-09-19 10:13:00,3,0,1179.89,0.0,1179.89,81,3,1179.89,3,3,4,潜力客户
16614,2010-05-10 15:18:00,2011-06-10 11:36:00,3,0,1179.79,0.0,1179.79,182,3,1179.79,3,3,4,潜力客户
16693,2010-02-21 12:42:00,2011-10-02 11:10:00,5,0,1179.48,0.0,1179.48,68,5,1179.48,3,4,3,忠诚客户
16345,2010-08-13 17:13:00,2011-10-26 16:03:00,2,0,1178.79,0.0,1178.79,44,2,1178.79,4,2,3,新近客户
15303,2010-01-25 09:42:00,2011-02-22 13:59:00,3,1,1224.18,45.4,1178.78,290,3,1178.78,2,3,3,高价值流失风险
15600,2010-04-25 11:50:00,2010-10-07 14:30:00,4,1,1199.31,20.6,1178.71,428,4,1178.71,1,3,3,高价值流失风险
18025,2010-03-30 17:33:00,2010-11-25 12:37:00,6,0,1177.72,0.0,1177.72,379,6,1177.72,2,4,3,高价值流失风险
18193,2010-09-23 13:33:00,2011-06-27 13:58:00,3,2,1207.35,30.8,1176.55,165,3,1176.55,3,3,3,潜力客户
13233,2010-01-14 14:10:00,2011-09-26 13:25:00,4,0,1176.46,0.0,1176.46,74,4,1176.46,3,3,3,潜力客户
15210,2010-05-13 14:42:00,2011-04-28 16:11:00,3,0,1176.19,0.0,1176.19,225,3,1176.19,2,3,3,高价值流失风险
17653,2011-08-11 15:24:00,2011-11-03 12:46:00,4,1,1207.56,31.68,1175.88,36,4,1175.88,4,3,3,潜力客户
15068,2010-03-28 13:18:00,2011-10-24 14:47:00,4,0,1174.9,0.0,1174.9,46,4,1174.9,4,3,3,潜力客户
12640,2011-09-19 12:01:00,2011-11-16 11:52:00,3,0,1174.58,0.0,1174.58,23,3,1174.58,4,3,3,潜力客户
17239,2010-07-01 10:53:00,2011-01-31 09:41:00,4,2,1189.45,15.3,1174.15,312,4,1174.15,2,3,3,高价值流失风险
13787,2010-01-14 10:13:00,2011-09-25 12:06:00,6,3,1222.5,48.8,1173.7,75,6,1173.7,3,4,3,忠诚客户
13299,2010-06-29 11:30:00,2011-03-16 12:55:00,3,2,1218.7,45.4,1173.3,268,3,1173.3,2,3,3,高价值流失风险
15994,2010-03-14 11:55:00,2011-10-16 12:28:00,3,2,1175.68,3.34,1172.34,54,3,1172.34,4,3,3,潜力客户
16292,2010-04-14 13:29:00,2011-08-10 12:24:00,5,4,1253.76,82.3,1171.46,121,5,1171.46,3,4,3,忠诚客户
17360,2010-10-01 12:07:00,2011-11-22 13:11:00,6,1,1200.51,29.95,1170.56,17,6,1170.56,5,4,3,忠诚客户
12691,2010-10-15 12:00:00,2011-11-11 16:49:00,7,0,1170.4,0.0,1170.4,28,7,1170.4,4,4,3,忠诚客户
18071,2009-12-05 10:31:00,2011-03-27 11:59:00,6,0,1169.68,0.0,1169.68,257,6,1169.68,2,4,3,高价值流失风险
13797,2010-03-02 12:17:00,2010-09-29 10:34:00,3,1,1179.45,11.0,1168.45,436,3,1168.45,1,3,3,高价值流失风险
17373,2010-02-28 14:17:00,2011-10-30 15:28:00,7,0,1167.5,0.0,1167.5,40,7,1167.5,4,4,3,忠诚客户
16653,2011-09-29 13:38:00,2011-11-23 14:51:00,2,1,1212.66,45.74,1166.92,16,2,1166.92,5,2,3,新近客户
18181,2009-12-04 15:30:00,2011-11-15 15:08:00,5,2,1188.34,21.73,1166.61,24,5,1166.61,4,4,3,忠诚客户
17664,2010-03-29 17:17:00,2011-11-21 11:29:00,4,0,1166.23,0.0,1166.23,18,4,1166.23,5,3,3,潜力客户
14261,2011-09-22 10:47:00,2011-10-20 10:04:00,2,0,1163.45,0.0,1163.45,50,2,1163.45,4,2,3,新近客户
16800,2011-11-28 14:06:00,2011-11-28 14:06:00,1,0,1162.65,0.0,1162.65,11,1,1162.65,5,1,3,新近客户
17525,2010-10-07 09:12:00,2010-12-15 12:05:00,3,0,1161.9,0.0,1161.9,359,3,1161.9,2,3,3,高价值流失风险
16949,2011-01-27 12:11:00,2011-12-06 11:07:00,6,1,1286.27,125.0,1161.27,3,6,1161.27,5,4,3,忠诚客户
13897,2010-01-31 13:48:00,2011-10-20 14:30:00,3,0,1160.72,0.0,1160.72,50,3,1160.72,4,3,3,潜力客户
13459,2010-01-26 13:35:00,2010-03-25 10:24:00,2,0,1160.41,0.0,1160.41,624,2,1160.41,1,2,3,沉睡/低频
13601,2010-06-11 15:03:00,2011-10-25 17:31:00,4,0,1159.99,0.0,1159.99,45,4,1159.99,4,3,3,潜力客户
17978,2009-12-08 13:27:00,2010-12-09 14:05:00,4,0,1159.99,0.0,1159.99,365,4,1159.99,2,3,3,高价值流失风险
17513,2010-08-17 15:08:00,2011-09-28 16:42:00,3,0,1158.8,0.0,1158.8,72,3,1158.8,3,3,3,潜力客户
15621,2011-11-18 11:49:00,2011-12-05 14:01:00,4,2,1293.03,134.26,1158.77,4,4,1158.77,5,3,3,潜力客户
16926,2010-07-01 12:57:00,2010-12-03 13:42:00,5,1,1169.61,10.95,1158.66,371,5,1158.66,2,4,3,高价值流失风险
12885,2011-08-08 11:45:00,2011-10-07 13:40:00,3,1,1175.22,16.95,1158.27,63,3,1158.27,3,3,3,潜力客户
14788,2010-04-22 18:16:00,2011-12-02 17:06:00,3,0,1156.32,0.0,1156.32,7,3,1156.32,5,3,3,潜力客户
17950,2010-01-04 17:39:00,2011-09-28 15:18:00,7,1,1166.29,10.08,1156.21,72,7,1156.21,3,4,3,忠诚客户
17342,2010-02-08 09:16:00,2010-11-25 11:07:00,4,3,1227.54,71.7,1155.84,379,4,1155.84,2,3,3,高价值流失风险
16184,2011-05-12 13:33:00,2011-10-06 17:43:00,6,1,1158.79,3.25,1155.54,64,6,1155.54,3,4,3,忠诚客户
17127,2009-12-04 15:18:00,2010-10-07 09:54:00,5,0,1155.03,0.0,1155.03,428,5,1155.03,1,4,3,高价值流失风险
14818,2010-03-02 12:48:00,2011-09-27 11:01:00,6,0,1153.56,0.0,1153.56,73,6,1153.56,3,4,3,忠诚客户
12592,2010-07-08 14:06:00,2011-09-08 15:04:00,5,3,2582.66,1430.04,1152.62,92,5,1152.62,3,4,3,忠诚客户
17984,2009-12-01 11:51:00,2011-07-17 15:59:00,5,0,1152.19,0.0,1152.19,145,5,1152.19,3,4,3,忠诚客户
12657,2011-09-22 11:40:00,2011-11-28 15:47:00,4,1,1643.18,491.12,1152.06,11,4,1152.06,5,3,3,潜力客户
12533,2009-12-01 11:50:00,2010-03-22 10:56:00,2,4,1367.89,217.9,1149.99,627,2,1149.99,1,2,3,沉睡/低频
16167,2009-12-01 10:46:00,2010-10-21 15:33:00,5,1,1386.12,236.25,1149.87,414,5,1149.87,1,4,3,高价值流失风险
12475,2010-10-26 08:49:00,2011-10-17 10:10:00,2,0,1149.64,0.0,1149.64,53,2,1149.64,4,2,3,新近客户
13499,2011-03-15 08:52:00,2011-11-22 11:21:00,5,2,1159.11,12.15,1146.96,17,5,1146.96,5,4,3,忠诚客户
13462,2009-12-14 09:48:00,2011-04-01 11:20:00,5,1,1153.85,8.25,1145.6,252,5,1145.6,2,4,3,高价值流失风险
16766,2011-03-11 13:34:00,2011-03-11 15:22:00,2,0,1145.6,0.0,1145.6,273,2,1145.6,2,2,3,沉睡/低频
14206,2010-11-02 11:37:00,2011-04-14 16:38:00,3,2,1185.01,39.8,1145.21,239,3,1145.21,2,3,3,高价值流失风险
12769,2011-04-15 10:25:00,2011-04-15 10:25:00,1,0,1143.6,0.0,1143.6,238,1,1143.6,2,1,3,沉睡/低频
14585,2010-10-19 12:17:00,2011-10-20 14:33:00,5,0,1143.27,0.0,1143.27,50,5,1143.27,4,4,3,忠诚客户
17770,2011-03-02 13:35:00,2011-05-25 12:34:00,5,0,1143.27,0.0,1143.27,198,5,1143.27,2,4,3,高价值流失风险
12546,2011-09-23 09:44:00,2011-10-24 12:09:00,2,1,1161.5,20.0,1141.5,46,2,1141.5,4,2,3,新近客户
16270,2010-12-21 14:26:00,2010-12-21 14:26:00,1,0,1141.24,0.0,1141.24,353,1,1141.24,2,1,3,沉睡/低频
15088,2011-10-03 14:05:00,2011-11-18 13:14:00,2,1,1160.07,19.8,1140.27,21,2,1140.27,4,2,3,新近客户
16521,2010-03-01 13:22:00,2010-10-20 13:09:00,3,0,1140.11,0.0,1140.11,415,3,1140.11,1,3,3,高价值流失风险
14693,2010-07-02 08:28:00,2011-03-20 12:50:00,7,1,1165.36,25.5,1139.86,264,7,1139.86,2,4,3,高价值流失风险
13497,2010-02-08 10:27:00,2011-03-02 09:04:00,6,1,1166.83,27.0,1139.83,282,6,1139.83,2,4,3,高价值流失风险
17500,2011-11-10 09:08:00,2011-11-22 14:25:00,3,0,1138.0,0.0,1138.0,17,3,1138.0,5,3,3,潜力客户
15879,2009-12-17 19:54:00,2010-10-31 16:21:00,4,0,1137.8,0.0,1137.8,404,4,1137.8,2,3,3,高价值流失风险
13388,2010-04-15 10:18:00,2011-07-31 12:52:00,3,1,1185.65,49.95,1135.7,131,3,1135.7,3,3,3,潜力客户
14201,2010-04-30 13:00:00,2011-10-10 13:27:00,10,2,1193.54,59.4,1134.14,60,10,1134.14,3,5,3,忠诚客户
15022,2010-01-31 16:02:00,2011-11-28 12:35:00,5,0,1133.44,0.0,1133.44,11,5,1133.44,5,4,3,忠诚客户
16989,2011-07-12 09:11:00,2011-12-02 16:39:00,6,0,1133.25,0.0,1133.25,7,6,1133.25,5,4,3,忠诚客户
15347,2010-09-28 12:50:00,2010-12-08 15:25:00,4,2,1162.0,29.7,1132.3,366,4,1132.3,2,3,3,高价值流失风险
14231,2010-09-15 09:52:00,2011-06-09 11:05:00,4,2,1235.62,103.65,1131.97,183,4,1131.97,3,3,3,潜力客户
15500,2011-09-19 13:47:00,2011-12-01 13:47:00,4,0,1131.56,0.0,1131.56,8,4,1131.56,5,3,3,潜力客户
13882,2011-10-06 15:28:00,2011-12-07 11:16:00,5,1,1191.13,59.85,1131.28,2,5,1131.28,5,4,3,忠诚客户
15695,2010-01-27 10:56:00,2011-03-18 08:32:00,4,0,1131.04,0.0,1131.04,266,4,1131.04,2,3,3,高价值流失风险
17866,2009-12-14 16:01:00,2011-07-20 11:07:00,3,1,1134.95,3.95,1131.0,142,3,1131.0,3,3,3,潜力客户
12710,2011-05-22 14:05:00,2011-09-04 12:00:00,3,1,1149.02,18.45,1130.57,96,3,1130.57,3,3,3,潜力客户
18125,2011-01-27 15:02:00,2011-11-10 12:29:00,4,1,1131.75,1.65,1130.1,29,4,1130.1,4,3,3,潜力客户
17169,2010-05-10 13:00:00,2011-10-13 10:25:00,3,3,1156.73,26.85,1129.88,57,3,1129.88,4,3,3,潜力客户
15586,2010-01-08 10:02:00,2010-04-26 11:00:00,3,1,1139.1,10.44,1128.66,592,3,1128.66,1,3,3,高价值流失风险
14450,2010-04-08 12:09:00,2011-06-12 10:46:00,7,0,1128.44,0.0,1128.44,180,7,1128.44,3,4,3,忠诚客户
12373,2010-02-04 12:08:00,2011-02-01 13:10:00,3,0,1127.65,0.0,1127.65,311,3,1127.65,2,3,3,高价值流失风险
17201,2010-02-10 12:26:00,2011-10-17 11:55:00,4,1,1143.1,15.6,1127.5,53,4,1127.5,4,3,3,潜力客户
14671,2010-05-20 18:21:00,2010-06-08 13:39:00,2,0,1127.45,0.0,1127.45,549,2,1127.45,1,2,3,沉睡/低频
17097,2010-10-05 14:09:00,2011-12-07 17:05:00,9,1,1143.36,16.5,1126.86,2,9,1126.86,5,5,3,忠诚客户
16838,2010-02-14 15:27:00,2011-05-26 13:13:00,4,2,1159.61,32.95,1126.66,197,4,1126.66,2,3,3,高价值流失风险
17622,2010-04-20 13:38:00,2010-04-21 12:36:00,2,1,1130.21,5.04,1125.17,597,2,1125.17,1,2,3,沉睡/低频
13167,2010-11-14 12:58:00,2011-11-21 12:24:00,5,0,1125.15,0.0,1125.15,18,5,1125.15,5,4,3,忠诚客户
13145,2010-04-19 11:11:00,2011-10-31 12:45:00,7,1,1128.52,3.75,1124.77,39,7,1124.77,4,4,3,忠诚客户
14479,2009-12-06 13:48:00,2011-03-31 09:07:00,4,0,1124.71,0.0,1124.71,253,4,1124.71,2,3,3,高价值流失风险
16637,2011-04-28 10:20:00,2011-11-07 13:17:00,4,1,1154.47,29.88,1124.59,32,4,1124.59,4,3,3,潜力客户
12462,2011-02-09 14:44:00,2011-11-21 09:11:00,2,2,1189.59,65.58,1124.01,18,2,1124.01,5,2,3,新近客户
14917,2010-04-22 09:44:00,2010-04-22 11:28:00,2,0,1123.75,0.0,1123.75,596,2,1123.75,1,2,3,沉睡/低频
17492,2010-07-09 13:27:00,2011-04-05 15:21:00,3,0,1122.42,0.0,1122.42,248,3,1122.42,2,3,3,高价值流失风险
13486,2011-07-07 17:19:00,2011-09-22 13:13:00,3,0,1122.41,0.0,1122.41,78,3,1122.41,3,3,3,潜力客户
15737,2011-04-11 10:01:00,2011-11-25 11:21:00,8,4,1188.12,66.91,1121.21,14,8,1121.21,5,5,3,忠诚客户
13304,2010-02-08 12:42:00,2010-12-23 14:35:00,4,3,1217.99,97.2,1120.79,351,4,1120.79,2,3,3,高价值流失风险
13589,2009-12-06 10:26:00,2011-11-25 12:10:00,6,0,1120.74,0.0,1120.74,14,6,1120.74,5,4,3,忠诚客户
17302,2011-02-07 10:14:00,2011-11-25 09:36:00,5,1,1135.63,15.7,1119.93,14,5,1119.93,5,4,3,忠诚客户
16354,2010-04-27 13:33:00,2011-10-07 14:28:00,5,0,1119.46,0.0,1119.46,63,5,1119.46,3,4,3,忠诚客户
16430,2010-01-27 12:45:00,2011-10-13 14:47:00,7,0,1117.94,0.0,1117.94,57,7,1117.94,4,4,3,忠诚客户
17788,2011-08-02 10:38:00,2011-09-27 10:09:00,2,0,1117.9,0.0,1117.9,73,2,1117.9,3,2,3,潜力客户
15223,2009-12-05 11:19:00,2011-04-28 11:31:00,5,1,1417.95,300.85,1117.1,225,5,1117.1,2,4,3,高价值流失风险
16769,2009-12-14 11:10:00,2011-03-24 13:41:00,4,0,1117.05,0.0,1117.05,260,4,1117.05,2,3,3,高价值流失风险
13778,2010-05-23 13:34:00,2011-08-28 15:25:00,4,1,1124.49,7.95,1116.54,103,4,1116.54,3,3,3,潜力客户
12972,2010-02-16 14:30:00,2010-10-22 08:41:00,4,2,1161.2,45.25,1115.95,413,4,1115.95,1,3,3,高价值流失风险
13509,2010-07-20 12:10:00,2011-12-01 10:10:00,8,0,1114.72,0.0,1114.72,8,8,1114.72,5,5,3,忠诚客户
14672,2010-01-28 11:33:00,2011-04-19 10:19:00,4,0,1113.14,0.0,1113.14,234,4,1113.14,2,3,3,高价值流失风险
18277,2010-08-02 10:26:00,2011-10-12 15:22:00,5,3,1180.05,68.67,1111.38,58,5,1111.38,4,4,3,忠诚客户
16139,2009-12-03 13:51:00,2011-11-21 08:37:00,5,0,1111.15,0.0,1111.15,18,5,1111.15,5,4,3,忠诚客户
14126,2010-09-21 14:51:00,2011-12-02 11:45:00,4,1,1172.46,62.5,1109.96,7,4,1109.96,5,3,3,潜力客户
15069,2011-06-13 14:16:00,2011-06-13 14:16:00,1,0,1109.53,0.0,1109.53,179,1,1109.53,3,1,3,潜力客户
15559,2010-05-20 14:06:00,2010-05-20 14:06:00,1,0,1109.4,0.0,1109.4,568,1,1109.4,1,1,3,沉睡/低频
15828,2010-11-29 16:41:00,2010-11-29 16:41:00,1,0,1108.82,0.0,1108.82,375,1,1108.82,2,1,3,沉睡/低频
17007,2010-09-28 13:51:00,2011-10-20 10:47:00,7,1,1120.1,12.5,1107.6,50,7,1107.6,4,4,3,忠诚客户
13109,2010-06-06 12:59:00,2011-10-11 10:16:00,3,4,1134.03,26.45,1107.58,59,3,1107.58,3,3,3,潜力客户
15933,2011-09-14 12:05:00,2011-11-18 13:14:00,3,0,1107.46,0.0,1107.46,21,3,1107.46,4,3,3,潜力客户
17562,2011-06-19 13:06:00,2011-11-25 14:21:00,7,1,1122.38,15.0,1107.38,14,7,1107.38,5,4,3,忠诚客户
14375,2010-06-16 14:34:00,2011-06-07 13:44:00,3,0,1106.82,0.0,1106.82,185,3,1106.82,3,3,3,潜力客户
14891,2010-09-29 12:41:00,2011-07-14 18:08:00,4,0,1106.73,0.0,1106.73,148,4,1106.73,3,3,3,潜力客户
15038,2010-10-10 14:35:00,2011-10-12 11:33:00,9,1,1146.53,39.9,1106.63,58,9,1106.63,4,5,3,忠诚客户
13393,2009-12-07 18:12:00,2010-05-05 09:34:00,4,2,1131.45,25.6,1105.85,583,4,1105.85,1,3,3,高价值流失风险
13447,2011-11-04 10:10:00,2011-11-16 13:38:00,3,1,1129.14,24.91,1104.23,23,3,1104.23,4,3,3,潜力客户
16895,2010-02-12 11:07:00,2011-10-06 12:15:00,5,0,1102.9,0.0,1102.9,64,5,1102.9,3,4,3,忠诚客户
16702,2009-12-07 16:40:00,2010-10-20 14:10:00,4,1,1110.83,9.95,1100.88,415,4,1100.88,1,3,3,高价值流失风险
17137,2010-01-31 12:27:00,2010-10-19 14:51:00,6,0,1099.81,0.0,1099.81,416,6,1099.81,1,4,3,高价值流失风险
15882,2009-12-10 15:33:00,2011-05-25 11:35:00,8,2,1124.66,26.07,1098.59,198,8,1098.59,2,5,3,高价值流失风险
14971,2011-10-27 13:33:00,2011-11-04 17:07:00,3,0,1097.98,0.0,1097.98,35,3,1097.98,4,3,3,潜力客户
12648,2010-01-07 18:38:00,2011-07-08 11:55:00,4,1,1112.0,15.0,1097.0,154,4,1097.0,3,3,3,潜力客户
17703,2010-10-17 16:16:00,2011-11-04 15:51:00,4,0,1094.84,0.0,1094.84,35,4,1094.84,4,3,3,潜力客户
16306,2010-10-01 09:36:00,2011-05-10 12:12:00,7,3,1124.72,30.0,1094.72,213,7,1094.72,2,4,3,高价值流失风险
12421,2010-07-22 13:57:00,2011-11-24 09:07:00,6,2,1098.6,5.77,1092.83,15,6,1092.83,5,4,3,忠诚客户
12803,2010-11-11 14:57:00,2010-11-11 14:57:00,1,0,1092.81,0.0,1092.81,393,1,1092.81,2,1,3,沉睡/低频
14370,2010-02-01 08:35:00,2010-09-15 10:53:00,6,3,1175.78,83.65,1092.13,450,6,1092.13,1,4,3,高价值流失风险
16805,2009-12-08 14:29:00,2011-06-19 11:23:00,5,0,1091.34,0.0,1091.34,173,5,1091.34,3,4,3,忠诚客户
16014,2010-01-31 12:43:00,2011-11-02 12:04:00,5,1,1100.28,9.25,1091.03,37,5,1091.03,4,4,3,忠诚客户
14009,2010-09-03 12:08:00,2011-05-25 15:47:00,3,1,1099.91,9.68,1090.23,198,3,1090.23,2,3,3,高价值流失风险
17726,2010-01-26 14:58:00,2010-11-09 13:37:00,7,1,1092.06,2.5,1089.56,395,7,1089.56,2,4,3,高价值流失风险
12439,2009-12-14 08:40:00,2010-01-26 12:11:00,2,1,1142.88,53.7,1089.18,682,2,1089.18,1,2,3,沉睡/低频
12534,2011-08-01 10:26:00,2011-08-01 10:26:00,1,0,1089.18,0.0,1089.18,130,1,1089.18,3,1,3,潜力客户
17908,2009-12-14 12:24:00,2010-12-01 11:45:00,5,2,1142.47,53.65,1088.82,373,5,1088.82,2,4,3,高价值流失风险
16223,2010-11-09 12:07:00,2010-11-30 11:50:00,2,0,1087.05,0.0,1087.05,374,2,1087.05,2,2,3,沉睡/低频
14139,2010-06-15 09:17:00,2011-10-24 13:34:00,4,0,1086.8,0.0,1086.8,46,4,1086.8,4,3,3,潜力客户
16211,2010-09-27 15:24:00,2011-09-12 12:11:00,3,1,1090.59,4.25,1086.34,88,3,1086.34,3,3,3,潜力客户
13546,2010-10-11 17:23:00,2011-11-27 14:50:00,5,0,1086.24,0.0,1086.24,12,5,1086.24,5,4,3,忠诚客户
18218,2010-02-17 15:11:00,2011-05-12 12:53:00,4,2,1121.84,35.7,1086.14,211,4,1086.14,2,3,3,高价值流失风险
13368,2010-10-12 10:43:00,2011-03-28 09:59:00,4,1,1121.5,35.4,1086.1,256,4,1086.1,2,3,3,高价值流失风险
17423,2010-11-11 12:26:00,2011-10-24 13:36:00,3,2,1118.95,34.78,1084.17,46,3,1084.17,4,3,3,潜力客户
14805,2010-03-28 12:34:00,2011-11-24 16:20:00,7,0,1082.55,0.0,1082.55,15,7,1082.55,5,4,3,忠诚客户
14083,2009-12-18 11:34:00,2011-12-05 13:14:00,11,0,1082.19,0.0,1082.19,4,11,1082.19,5,5,3,忠诚客户
14561,2011-06-08 13:26:00,2011-09-25 12:39:00,3,0,1080.76,0.0,1080.76,75,3,1080.76,3,3,3,潜力客户
13744,2011-02-20 14:08:00,2011-09-05 15:19:00,2,0,1080.52,0.0,1080.52,95,2,1080.52,3,2,3,潜力客户
16298,2010-09-23 15:23:00,2011-11-17 11:59:00,7,2,1085.7,5.7,1080.0,22,7,1080.0,4,4,3,忠诚客户
13726,2011-08-31 11:06:00,2011-11-01 10:49:00,2,0,1079.66,0.0,1079.66,38,2,1079.66,4,2,3,新近客户
14343,2010-01-18 16:47:00,2010-10-14 13:05:00,4,0,1079.66,0.0,1079.66,421,4,1079.66,1,3,3,高价值流失风险
12354,2011-04-21 13:11:00,2011-04-21 13:11:00,1,0,1079.4,0.0,1079.4,232,1,1079.4,2,1,3,沉睡/低频
12785,2009-12-08 13:56:00,2010-12-10 13:48:00,3,2,1100.4,21.09,1079.31,364,3,1079.31,2,3,3,高价值流失风险
17477,2010-03-02 11:53:00,2010-04-06 10:06:00,2,3,1144.3,65.3,1079.0,612,2,1079.0,1,2,3,沉睡/低频
14352,2011-03-11 14:58:00,2011-07-05 15:41:00,4,0,1078.96,0.0,1078.96,157,4,1078.96,3,3,3,潜力客户
16183,2010-10-28 14:43:00,2011-10-03 14:59:00,4,0,1077.81,0.0,1077.81,67,4,1077.81,3,3,3,潜力客户
16188,2010-10-27 11:50:00,2011-10-26 12:19:00,5,1,1087.66,9.95,1077.71,44,5,1077.71,4,4,3,忠诚客户
16071,2010-02-22 14:48:00,2011-10-26 11:14:00,4,0,1076.8,0.0,1076.8,44,4,1076.8,4,3,3,潜力客户
14080,2009-12-02 15:01:00,2011-11-07 11:09:00,5,1,1115.68,39.95,1075.73,32,5,1075.73,4,4,3,忠诚客户
17366,2010-09-09 19:46:00,2010-10-03 16:04:00,2,1,1077.24,1.65,1075.59,432,2,1075.59,1,2,3,沉睡/低频
15912,2009-12-10 12:58:00,2011-06-14 14:29:00,9,0,1074.7,0.0,1074.7,178,9,1074.7,3,5,3,忠诚客户
16231,2010-04-21 12:06:00,2010-11-25 15:00:00,4,0,1074.47,0.0,1074.47,379,4,1074.47,2,3,3,高价值流失风险
13567,2010-06-16 12:48:00,2010-10-07 12:51:00,4,1,1079.29,5.1,1074.19,428,4,1074.19,1,3,3,高价值流失风险
15254,2010-05-28 10:08:00,2011-08-04 15:04:00,3,1,1088.35,14.95,1073.4,127,3,1073.4,3,3,3,潜力客户
16955,2010-01-31 11:38:00,2011-06-08 10:36:00,6,3,1120.31,48.25,1072.06,184,6,1072.06,3,4,3,忠诚客户
13467,2011-11-03 16:56:00,2011-11-29 10:01:00,2,0,1071.91,0.0,1071.91,10,2,1071.91,5,2,3,新近客户
13521,2011-11-29 15:09:00,2011-12-08 13:50:00,3,0,1071.73,0.0,1071.73,1,3,1071.73,5,3,3,潜力客户
15745,2011-04-17 13:04:00,2011-11-20 13:45:00,4,2,1094.59,23.35,1071.24,19,4,1071.24,4,3,3,潜力客户
14484,2009-12-17 10:57:00,2011-10-20 14:11:00,4,0,1070.98,0.0,1070.98,50,4,1070.98,4,3,3,潜力客户
16884,2010-05-18 12:00:00,2011-11-02 11:52:00,4,0,1070.97,0.0,1070.97,37,4,1070.97,4,3,3,潜力客户
17522,2011-05-05 16:31:00,2011-12-08 12:31:00,5,0,1070.71,0.0,1070.71,1,5,1070.71,5,4,3,忠诚客户
12728,2010-11-21 11:34:00,2011-09-29 15:31:00,5,0,1070.17,0.0,1070.17,71,5,1070.17,3,4,3,忠诚客户
17871,2010-01-15 14:48:00,2011-05-19 11:32:00,5,0,1068.95,0.0,1068.95,204,5,1068.95,2,4,3,高价值流失风险
17854,2009-12-08 11:13:00,2011-06-07 16:21:00,6,0,1068.5,0.0,1068.5,185,6,1068.5,3,4,3,忠诚客户
16386,2010-11-17 11:19:00,2011-11-11 12:28:00,3,0,1068.16,0.0,1068.16,28,3,1068.16,4,3,3,潜力客户
15436,2011-04-19 16:52:00,2011-11-27 16:05:00,3,0,1067.75,0.0,1067.75,12,3,1067.75,5,3,3,潜力客户
14948,2011-05-04 14:52:00,2011-11-16 17:16:00,6,1,1101.97,35.4,1066.57,23,6,1066.57,4,4,3,忠诚客户
17277,2011-01-21 12:37:00,2011-04-26 12:47:00,2,0,1065.35,0.0,1065.35,227,2,1065.35,2,2,3,沉睡/低频
13959,2010-07-16 15:11:00,2011-09-21 15:06:00,6,0,1064.77,0.0,1064.77,79,6,1064.77,3,4,3,忠诚客户
14966,2009-12-15 13:48:00,2011-11-25 12:20:00,6,0,1064.26,0.0,1064.26,14,6,1064.26,5,4,3,忠诚客户
17849,2010-03-14 15:17:00,2011-05-05 13:46:00,8,0,1063.76,0.0,1063.76,218,8,1063.76,2,5,3,高价值流失风险
12815,2011-05-25 13:34:00,2011-07-15 10:21:00,2,0,1063.46,0.0,1063.46,147,2,1063.46,3,2,3,潜力客户
14411,2011-02-02 10:56:00,2011-02-02 10:56:00,1,0,1063.0,0.0,1063.0,310,1,1063.0,2,1,3,沉睡/低频
12434,2010-11-23 13:38:00,2011-09-16 12:38:00,3,2,1103.43,40.95,1062.48,84,3,1062.48,3,3,3,潜力客户
13727,2009-12-09 13:25:00,2011-11-11 09:46:00,8,1,1074.15,12.75,1061.4,28,8,1061.4,4,5,3,忠诚客户
13295,2010-05-12 09:13:00,2010-12-15 11:21:00,4,5,1101.97,40.7,1061.27,359,4,1061.27,2,3,3,高价值流失风险
14102,2011-10-26 12:46:00,2011-12-04 15:38:00,5,3,1105.88,45.55,1060.33,5,5,1060.33,5,4,3,忠诚客户
15574,2010-09-01 14:37:00,2011-06-15 12:01:00,6,1,1101.44,42.0,1059.44,177,6,1059.44,3,4,3,忠诚客户
17421,2009-12-04 15:43:00,2010-11-18 16:57:00,3,0,1059.41,0.0,1059.41,386,3,1059.41,2,3,3,高价值流失风险
13856,2010-03-30 15:40:00,2011-06-24 10:03:00,11,4,1142.03,83.15,1058.88,168,11,1058.88,3,5,3,忠诚客户
12679,2011-03-01 12:26:00,2011-10-12 12:30:00,4,5,1113.02,54.35,1058.67,58,4,1058.67,4,3,3,潜力客户
13607,2010-11-02 11:48:00,2011-10-30 16:17:00,2,1,1075.81,17.7,1058.11,40,2,1058.11,4,2,3,新近客户
13853,2011-10-13 14:18:00,2011-10-13 14:18:00,1,1,1090.14,33.2,1056.94,57,1,1056.94,4,1,3,新近客户
16278,2010-07-28 15:40:00,2011-08-31 17:12:00,3,4,1117.84,61.25,1056.59,100,3,1056.59,3,3,3,潜力客户
15238,2011-06-08 16:00:00,2011-11-10 14:28:00,3,2,1071.99,15.45,1056.54,29,3,1056.54,4,3,3,潜力客户
13140,2010-08-05 19:05:00,2011-08-23 15:33:00,5,0,1054.92,0.0,1054.92,108,5,1054.92,3,4,3,忠诚客户
15977,2011-10-31 16:24:00,2011-11-22 13:29:00,2,0,1054.73,0.0,1054.73,17,2,1054.73,5,2,3,新近客户
12716,2011-07-29 13:28:00,2011-12-06 08:55:00,2,0,1053.49,0.0,1053.49,3,2,1053.49,5,2,3,新近客户
13656,2010-04-23 12:50:00,2011-06-28 10:31:00,4,3,1078.85,25.5,1053.35,164,4,1053.35,3,3,3,潜力客户
12580,2010-05-12 11:45:00,2011-04-07 10:24:00,2,0,1052.9,0.0,1052.9,246,2,1052.9,2,2,3,沉睡/低频
15886,2010-04-20 15:03:00,2011-10-10 14:25:00,4,0,1052.87,0.0,1052.87,60,4,1052.87,3,3,3,潜力客户
15855,2010-08-20 17:15:00,2011-07-26 10:20:00,6,0,1052.72,0.0,1052.72,136,6,1052.72,3,4,3,忠诚客户
16391,2010-05-27 11:27:00,2010-11-04 12:27:00,4,0,1052.26,0.0,1052.26,400,4,1052.26,2,3,3,高价值流失风险
16642,2010-10-20 14:22:00,2011-12-05 11:31:00,3,2,1077.45,25.99,1051.46,4,3,1051.46,5,3,3,潜力客户
16593,2009-12-05 10:44:00,2011-10-20 12:41:00,8,1,1071.14,19.9,1051.24,50,8,1051.24,4,5,3,忠诚客户
13065,2010-06-10 11:44:00,2010-12-01 16:52:00,5,1,1055.05,4.95,1050.1,373,5,1050.1,2,4,3,高价值流失风险
14947,2010-03-25 11:29:00,2011-09-28 15:48:00,6,0,1049.79,0.0,1049.79,72,6,1049.79,3,4,3,忠诚客户
13775,2010-04-28 12:15:00,2010-04-28 12:15:00,1,0,1049.66,0.0,1049.66,590,1,1049.66,1,1,3,沉睡/低频
15626,2010-10-14 17:16:00,2011-09-26 10:03:00,3,1,1067.52,18.15,1049.37,74,3,1049.37,3,3,3,潜力客户
17934,2010-10-29 12:23:00,2011-10-19 11:16:00,3,0,1049.15,0.0,1049.15,51,3,1049.15,4,3,3,潜力客户
15026,2010-09-17 13:52:00,2011-09-20 13:52:00,5,0,1048.89,0.0,1048.89,80,5,1048.89,3,4,3,忠诚客户
15763,2011-09-23 12:10:00,2011-11-08 09:44:00,2,1,1086.92,38.25,1048.67,31,2,1048.67,4,2,3,新近客户
16728,2011-03-20 13:28:00,2011-10-24 14:36:00,4,0,1048.28,0.0,1048.28,46,4,1048.28,4,3,3,潜力客户
13791,2011-06-24 16:38:00,2011-08-04 11:44:00,2,1,1516.0,468.32,1047.68,127,2,1047.68,3,2,3,潜力客户
14488,2011-10-03 09:30:00,2011-10-03 09:30:00,1,1,1064.28,16.85,1047.43,67,1,1047.43,3,1,3,潜力客户
17474,2010-04-19 10:43:00,2010-04-19 10:43:00,1,0,1047.0,0.0,1047.0,599,1,1047.0,1,1,3,沉睡/低频
15407,2011-02-07 13:18:00,2011-11-06 11:55:00,4,0,1046.74,0.0,1046.74,33,4,1046.74,4,3,3,潜力客户
17555,2010-05-02 16:02:00,2011-11-20 12:22:00,5,0,1045.74,0.0,1045.74,19,5,1045.74,4,4,3,忠诚客户
18130,2011-10-13 15:58:00,2011-11-24 14:40:00,3,1,1059.39,13.65,1045.74,15,3,1045.74,5,3,3,潜力客户
14734,2010-06-06 15:15:00,2010-10-10 12:04:00,4,1,1056.42,10.95,1045.47,425,4,1045.47,1,3,3,高价值流失风险
12616,2010-11-16 11:38:00,2011-09-05 15:17:00,3,4,1131.1,85.75,1045.35,95,3,1045.35,3,3,3,潜力客户
13835,2010-03-04 08:26:00,2011-11-14 15:37:00,7,1,1095.27,50.45,1044.82,25,7,1044.82,4,4,3,忠诚客户
15464,2011-01-05 15:56:00,2011-01-05 15:56:00,1,0,1044.65,0.0,1044.65,338,1,1044.65,2,1,3,沉睡/低频
15969,2010-07-05 13:10:00,2011-12-07 11:06:00,5,1,1127.05,83.2,1043.85,2,5,1043.85,5,4,3,忠诚客户
15645,2010-10-10 12:51:00,2011-11-21 11:55:00,3,1,1055.17,12.6,1042.57,18,3,1042.57,5,3,3,潜力客户
17727,2011-11-24 17:06:00,2011-11-24 17:06:00,1,1,1060.25,17.7,1042.55,15,1,1042.55,5,1,3,新近客户
15801,2011-08-22 09:53:00,2011-10-24 13:52:00,3,1,1063.95,21.76,1042.19,46,3,1042.19,4,3,3,潜力客户
14108,2009-12-01 18:07:00,2011-11-09 10:41:00,4,1,1044.96,3.75,1041.21,30,4,1041.21,4,3,3,潜力客户
16991,2010-10-14 14:08:00,2010-10-14 14:08:00,1,0,1041.21,0.0,1041.21,421,1,1041.21,1,1,3,沉睡/低频
16261,2010-09-23 16:40:00,2011-11-22 17:23:00,6,0,1041.16,0.0,1041.16,17,6,1041.16,5,4,3,忠诚客户
13613,2010-02-17 12:40:00,2010-09-13 12:01:00,5,0,1039.85,0.0,1039.85,452,5,1039.85,1,4,3,高价值流失风险
12486,2010-10-04 12:14:00,2010-10-04 12:14:00,1,0,1037.28,0.0,1037.28,431,1,1037.28,1,1,3,沉睡/低频
17042,2011-04-06 14:53:00,2011-12-07 12:26:00,5,0,1036.58,0.0,1036.58,2,5,1036.58,5,4,3,忠诚客户
17926,2010-05-09 14:07:00,2011-07-29 14:39:00,5,0,1035.49,0.0,1035.49,133,5,1035.49,3,4,3,忠诚客户
16260,2011-10-20 09:40:00,2011-10-20 09:40:00,1,0,1035.45,0.0,1035.45,50,1,1035.45,4,1,3,新近客户
15171,2011-01-12 15:36:00,2011-01-12 15:36:00,1,1,1289.5,255.0,1034.5,331,1,1034.5,2,1,3,沉睡/低频
12811,2010-10-08 12:20:00,2011-03-24 09:42:00,5,0,1033.9,0.0,1033.9,260,5,1033.9,2,4,3,高价值流失风险
14248,2010-07-12 14:27:00,2011-01-25 14:45:00,3,0,1032.95,0.0,1032.95,318,3,1032.95,2,3,3,高价值流失风险
12801,2010-07-27 09:38:00,2010-07-27 09:38:00,1,1,1071.82,39.95,1031.87,500,1,1031.87,1,1,3,沉睡/低频
13873,2010-03-03 12:31:00,2011-08-12 10:08:00,8,1,1038.92,7.9,1031.02,119,8,1031.02,3,5,3,忠诚客户
16198,2010-09-28 13:59:00,2011-09-25 14:58:00,2,0,1030.041,0.0,1030.041,75,2,1030.041,3,2,3,潜力客户
16418,2010-10-13 12:31:00,2011-10-26 12:39:00,5,0,1028.74,0.0,1028.74,44,5,1028.74,4,4,3,忠诚客户
15333,2011-05-15 13:27:00,2011-05-15 13:27:00,1,0,1028.56,0.0,1028.56,208,1,1028.56,2,1,3,沉睡/低频
15639,2010-04-13 13:11:00,2011-07-28 14:30:00,3,2,1065.08,36.75,1028.33,134,3,1028.33,3,3,3,潜力客户
16682,2011-06-05 11:02:00,2011-12-05 12:13:00,5,0,1028.0,0.0,1028.0,4,5,1028.0,5,4,3,忠诚客户
15887,2010-06-02 11:53:00,2010-10-29 08:36:00,3,0,1027.15,0.0,1027.15,406,3,1027.15,2,3,3,高价值流失风险
17749,2010-06-11 14:56:00,2011-06-14 15:45:00,3,0,1026.18,0.0,1026.18,178,3,1026.18,3,3,3,潜力客户
13602,2010-05-28 11:49:00,2011-10-06 11:47:00,4,0,1025.17,0.0,1025.17,64,4,1025.17,3,3,3,潜力客户
14475,2010-10-27 09:20:00,2011-09-29 10:46:00,4,3,1151.15,126.03,1025.12,71,4,1025.12,3,3,3,潜力客户
17310,2010-06-23 11:38:00,2010-11-17 16:00:00,2,0,1025.1,0.0,1025.1,387,2,1025.1,2,2,3,沉睡/低频
14204,2009-12-02 13:26:00,2011-12-07 13:38:00,4,0,1024.83,0.0,1024.83,2,4,1024.83,5,3,3,潜力客户
15091,2010-02-03 11:46:00,2011-10-03 12:47:00,3,3,1046.61,23.5,1023.11,67,3,1023.11,3,3,3,潜力客户
15003,2010-01-26 13:04:00,2010-08-23 15:44:00,6,1,1027.03,5.0,1022.03,473,6,1022.03,1,4,3,高价值流失风险
12666,2010-11-10 16:40:00,2010-11-10 16:40:00,1,1,1248.42,227.44,1020.98,394,1,1020.98,2,1,3,沉睡/低频
16568,2010-03-08 14:51:00,2010-10-08 10:54:00,2,0,1020.9,0.0,1020.9,427,2,1020.9,1,2,3,沉睡/低频
15839,2011-07-14 16:35:00,2011-11-06 13:54:00,3,2,1048.49,27.75,1020.74,33,3,1020.74,4,3,3,潜力客户
13376,2011-04-19 13:03:00,2011-09-01 16:16:00,3,0,1019.76,0.0,1019.76,99,3,1019.76,3,3,3,潜力客户
18074,2010-07-22 10:31:00,2010-12-01 09:53:00,2,0,1019.44,0.0,1019.44,373,2,1019.44,2,2,3,沉睡/低频
13956,2011-03-13 12:51:00,2011-12-04 13:20:00,5,0,1019.27,0.0,1019.27,5,5,1019.27,5,4,3,忠诚客户
12828,2011-08-01 16:16:00,2011-12-07 08:45:00,6,0,1018.71,0.0,1018.71,2,6,1018.71,5,4,3,忠诚客户
16284,2010-11-11 13:27:00,2011-11-08 16:12:00,3,0,1018.48,0.0,1018.48,31,3,1018.48,4,3,3,潜力客户
16787,2010-01-10 11:12:00,2010-11-07 11:01:00,4,0,1017.53,0.0,1017.53,397,4,1017.53,2,3,3,高价值流失风险
15970,2010-04-20 11:30:00,2011-02-09 12:08:00,2,0,1017.32,0.0,1017.32,303,2,1017.32,2,2,3,沉睡/低频
13333,2010-02-19 09:26:00,2010-10-24 13:24:00,3,0,1015.74,0.0,1015.74,411,3,1015.74,1,3,3,高价值流失风险
14675,2010-11-16 12:22:00,2011-11-23 12:58:00,2,0,1015.58,0.0,1015.58,16,2,1015.58,5,2,3,新近客户
18142,2011-05-08 12:31:00,2011-07-05 13:19:00,2,2,1019.52,4.62,1014.9,157,2,1014.9,3,2,3,潜力客户
16533,2011-10-02 15:07:00,2011-11-20 13:08:00,3,2,1082.81,68.62,1014.19,19,3,1014.19,4,3,3,潜力客户
12642,2011-08-24 09:23:00,2011-11-14 15:03:00,3,0,1013.26,0.0,1013.26,25,3,1013.26,4,3,3,潜力客户
17197,2011-11-10 10:32:00,2011-11-10 10:32:00,1,0,1013.01,0.0,1013.01,29,1,1013.01,4,1,3,新近客户
12936,2011-09-22 13:51:00,2011-11-22 17:32:00,4,1,1063.9,51.0,1012.9,17,4,1012.9,5,3,3,潜力客户
17980,2010-11-11 14:42:00,2011-06-27 12:01:00,4,0,1012.72,0.0,1012.72,165,4,1012.72,3,3,3,潜力客户
14775,2010-12-02 16:38:00,2011-10-12 15:27:00,3,0,1011.9,0.0,1011.9,58,3,1011.9,4,3,3,潜力客户
12905,2010-01-26 14:06:00,2010-05-12 10:05:00,2,1,1018.42,6.6,1011.82,576,2,1011.82,1,2,3,沉睡/低频
12652,2010-10-01 15:16:00,2011-01-12 15:00:00,2,1,1017.03,5.45,1011.58,331,2,1011.58,2,2,3,沉睡/低频
13039,2009-12-17 16:43:00,2010-05-04 16:45:00,4,0,1010.73,0.0,1010.73,584,4,1010.73,1,3,3,高价值流失风险
17362,2010-01-06 10:53:00,2011-04-14 14:43:00,7,1,1024.04,13.5,1010.54,239,7,1010.54,2,4,3,高价值流失风险
16903,2010-10-20 14:42:00,2011-11-10 15:32:00,3,1,1041.75,32.3,1009.45,29,3,1009.45,4,3,3,潜力客户
16160,2011-09-15 10:53:00,2011-10-05 14:19:00,2,2,1025.44,15.99,1009.45,65,2,1009.45,3,2,3,潜力客户
13258,2010-11-04 12:45:00,2011-11-28 09:31:00,5,0,1009.43,0.0,1009.43,11,5,1009.43,5,4,3,忠诚客户
16451,2009-12-04 15:11:00,2011-09-13 09:17:00,3,1,1013.15,3.75,1009.4,87,3,1009.4,3,3,3,潜力客户
16441,2010-03-22 18:00:00,2011-10-03 17:48:00,5,1,1019.13,10.95,1008.18,67,5,1008.18,3,4,3,忠诚客户
16287,2010-01-19 09:46:00,2011-06-23 09:08:00,5,0,1006.98,0.0,1006.98,169,5,1006.98,3,4,3,忠诚客户
13429,2011-09-25 15:59:00,2011-11-29 09:10:00,4,0,1006.8,0.0,1006.8,10,4,1006.8,5,3,3,潜力客户
15850,2009-12-13 13:27:00,2011-11-20 14:14:00,6,0,1006.75,0.0,1006.75,19,6,1006.75,4,4,3,忠诚客户
15771,2010-01-15 12:14:00,2010-04-14 13:56:00,3,0,1006.54,0.0,1006.54,604,3,1006.54,1,3,3,高价值流失风险
13427,2009-12-17 13:44:00,2011-11-20 13:02:00,6,0,1006.53,0.0,1006.53,19,6,1006.53,4,4,3,忠诚客户
14013,2010-03-26 10:02:00,2011-08-21 15:01:00,5,1,1084.57,78.35,1006.22,110,5,1006.22,3,4,3,忠诚客户
13867,2011-05-05 17:28:00,2011-11-08 15:48:00,3,0,1005.09,0.0,1005.09,31,3,1005.09,4,3,3,潜力客户
12572,2011-10-19 08:20:00,2011-12-01 09:20:00,2,1,1020.42,15.7,1004.72,8,2,1004.72,5,2,3,新近客户
18160,2010-11-18 16:33:00,2011-10-13 15:50:00,3,0,1003.88,0.0,1003.88,57,3,1003.88,4,3,3,潜力客户
17578,2010-06-28 11:55:00,2011-05-05 18:38:00,7,3,1047.33,43.6,1003.73,218,7,1003.73,2,4,3,高价值流失风险
13549,2010-11-17 12:17:00,2011-11-14 09:20:00,8,1,1005.8,2.08,1003.72,25,8,1003.72,4,5,3,忠诚客户
16435,2010-07-13 13:29:00,2010-07-15 18:22:00,3,0,1003.07,0.0,1003.07,512,3,1003.07,1,3,3,高价值流失风险
16623,2010-04-26 14:04:00,2011-04-08 10:09:00,4,1,1015.24,12.75,1002.49,245,4,1002.49,2,3,3,高价值流失风险
12446,2011-10-13 12:50:00,2011-10-13 12:50:00,1,0,1002.31,0.0,1002.31,57,1,1002.31,4,1,3,新近客户
13359,2010-11-01 15:05:00,2011-10-07 09:30:00,2,2,1043.31,41.35,1001.96,63,2,1001.96,3,2,3,潜力客户
15706,2011-08-15 14:32:00,2011-10-07 10:09:00,4,3,1060.56,58.75,1001.81,63,4,1001.81,3,3,3,潜力客户
12410,2010-07-25 13:26:00,2011-02-04 10:39:00,3,1,1013.71,12.25,1001.46,308,3,1001.46,2,3,3,高价值流失风险
12403,2010-07-06 11:39:00,2011-10-21 10:51:00,2,1,1019.36,18.0,1001.36,49,2,1001.36,4,2,3,新近客户
12545,2011-03-25 12:04:00,2011-09-25 13:39:00,2,0,1000.39,0.0,1000.39,75,2,1000.39,3,2,3,潜力客户
14902,2010-06-04 12:35:00,2011-11-14 10:34:00,3,2,1035.62,35.35,1000.27,25,3,1000.27,4,3,3,潜力客户
15508,2011-04-18 15:31:00,2011-06-03 15:43:00,6,0,1000.27,0.0,1000.27,189,6,1000.27,2,4,3,高价值流失风险
14214,2011-03-07 12:26:00,2011-11-09 10:31:00,5,2,1004.38,4.15,1000.23,30,5,1000.23,4,4,3,忠诚客户
18143,2011-07-21 10:44:00,2011-08-15 12:07:00,2,0,1000.16,0.0,1000.16,116,2,1000.16,3,2,3,潜力客户
16572,2011-03-09 12:04:00,2011-08-04 16:34:00,3,1,1009.6,9.9,999.7,127,3,999.7,3,3,3,潜力客户
17205,2010-05-24 15:36:00,2011-10-17 12:46:00,3,0,999.35,0.0,999.35,53,3,999.35,4,3,3,潜力客户
17329,2009-12-03 16:09:00,2011-11-25 14:24:00,5,0,998.53,0.0,998.53,14,5,998.53,5,4,3,忠诚客户
17631,2009-12-09 14:15:00,2011-12-08 09:47:00,7,0,998.49,0.0,998.49,1,7,998.49,5,4,3,忠诚客户
13154,2009-12-04 08:46:00,2010-11-05 16:00:00,3,2,1624.84,627.41,997.43,399,3,997.43,2,3,3,高价值流失风险
17539,2009-12-13 12:36:00,2010-04-01 12:07:00,4,3,1176.84,179.5,997.34,617,4,997.34,1,3,3,高价值流失风险
13857,2010-05-17 14:21:00,2010-11-11 12:54:00,6,1,1001.01,3.9,997.11,393,6,997.11,2,4,3,高价值流失风险
17724,2011-07-24 13:26:00,2011-09-29 15:26:00,3,1,1033.0,37.35,995.65,71,3,995.65,3,3,3,潜力客户
17237,2010-11-23 11:45:00,2011-11-28 15:02:00,4,0,994.13,0.0,994.13,11,4,994.13,5,3,3,潜力客户
17299,2010-08-15 16:00:00,2011-11-28 12:01:00,6,0,993.23,0.0,993.23,11,6,993.23,5,4,3,忠诚客户
13559,2010-06-14 11:52:00,2010-07-15 09:52:00,2,0,990.0,0.0,990.0,512,2,990.0,1,2,3,沉睡/低频
13245,2010-10-03 14:03:00,2011-10-20 11:40:00,2,0,989.22,0.0,989.22,50,2,989.22,4,2,3,新近客户
13292,2010-07-01 14:36:00,2011-11-01 10:04:00,5,1,994.51,6.72,987.79,38,5,987.79,4,4,3,忠诚客户
16130,2010-04-01 13:58:00,2010-10-13 15:14:00,4,0,987.48,0.0,987.48,422,4,987.48,1,3,3,高价值流失风险
18237,2011-07-28 13:05:00,2011-12-07 12:49:00,5,0,987.1,0.0,987.1,2,5,987.1,5,4,3,忠诚客户
13238,2010-04-28 15:02:00,2011-11-22 15:37:00,6,1,1006.63,19.9,986.73,17,6,986.73,5,4,3,忠诚客户
13439,2010-07-01 14:36:00,2011-03-29 14:20:00,3,0,986.61,0.0,986.61,255,3,986.61,2,3,3,高价值流失风险
15176,2010-02-10 10:36:00,2010-02-10 10:36:00,1,1,988.04,2.95,985.09,667,1,985.09,1,1,3,沉睡/低频
12862,2010-08-01 15:20:00,2010-10-10 11:47:00,2,0,984.62,0.0,984.62,425,2,984.62,1,2,3,沉睡/低频
17144,2011-09-16 12:50:00,2011-12-08 17:57:00,2,0,984.57,0.0,984.57,1,2,984.57,5,2,3,新近客户
12541,2011-03-04 09:32:00,2011-11-10 10:40:00,3,0,981.18,0.0,981.18,29,3,981.18,4,3,3,潜力客户
12543,2010-09-17 15:51:00,2010-09-17 15:51:00,1,0,980.25,0.0,980.25,448,1,980.25,1,1,3,沉睡/低频
14230,2010-06-09 13:56:00,2010-09-30 09:07:00,3,0,979.8,0.0,979.8,435,3,979.8,1,3,3,高价值流失风险
15025,2010-05-20 13:28:00,2011-11-06 15:20:00,2,0,979.79,0.0,979.79,33,2,979.79,4,2,3,新近客户
17369,2010-09-10 09:49:00,2010-09-10 09:49:00,1,0,979.2,0.0,979.2,455,1,979.2,1,1,3,沉睡/低频
15132,2011-03-22 12:02:00,2011-11-21 17:10:00,5,0,977.93,0.0,977.93,18,5,977.93,5,4,3,忠诚客户
17123,2010-05-16 11:52:00,2011-07-01 10:47:00,3,0,977.17,0.0,977.17,161,3,977.17,3,3,3,潜力客户
17221,2010-04-11 15:34:00,2011-12-02 13:35:00,5,0,976.62,0.0,976.62,7,5,976.62,5,4,3,忠诚客户
17456,2010-09-09 15:28:00,2010-12-09 15:23:00,2,0,975.56,0.0,975.56,365,2,975.56,2,2,3,沉睡/低频
14223,2011-03-20 16:02:00,2011-09-08 13:38:00,3,1,991.13,15.9,975.23,92,3,975.23,3,3,3,潜力客户
15951,2010-11-23 18:20:00,2011-12-01 08:34:00,3,1,1013.17,38.65,974.52,8,3,974.52,5,3,3,潜力客户
17214,2010-12-15 15:14:00,2011-10-10 13:17:00,6,1,1059.12,85.0,974.12,60,6,974.12,3,4,3,忠诚客户
17958,2009-12-11 15:37:00,2011-08-15 12:19:00,2,0,973.88,0.0,973.88,116,2,973.88,3,2,3,潜力客户
17883,2010-02-25 20:07:00,2011-12-06 17:49:00,7,1,988.42,15.9,972.52,3,7,972.52,5,4,3,忠诚客户
16009,2011-07-03 11:26:00,2011-11-17 16:51:00,4,0,972.11,0.0,972.11,22,4,972.11,4,3,3,潜力客户
16535,2010-01-28 15:26:00,2011-12-04 15:18:00,3,0,972.04,0.0,972.04,5,3,972.04,5,3,3,潜力客户
17100,2011-11-21 16:36:00,2011-11-21 16:36:00,2,0,971.74,0.0,971.74,18,2,971.74,5,2,3,新近客户
15449,2011-03-23 10:43:00,2011-11-13 15:02:00,3,2,974.52,3.3,971.22,26,3,971.22,4,3,3,潜力客户
14454,2009-12-06 12:56:00,2010-11-28 13:26:00,5,1,977.3,6.6,970.7,376,5,970.7,2,4,3,高价值流失风险
18006,2009-12-17 12:27:00,2011-11-16 16:52:00,4,0,969.51,0.0,969.51,23,4,969.51,4,3,3,潜力客户
13223,2010-02-12 13:27:00,2011-05-23 13:03:00,6,0,969.12,0.0,969.12,200,6,969.12,2,4,3,高价值流失风险
15104,2011-03-02 14:16:00,2011-05-27 12:29:00,2,1,993.54,24.9,968.64,196,2,968.64,2,2,3,沉睡/低频
15208,2010-10-12 12:17:00,2011-12-08 17:24:00,6,1,970.52,2.5,968.02,1,6,968.02,5,4,3,忠诚客户
16254,2010-03-17 15:43:00,2010-11-26 13:22:00,3,0,967.44,0.0,967.44,378,3,967.44,2,3,3,高价值流失风险
17405,2011-07-12 14:17:00,2011-12-08 17:12:00,3,2,1031.41,64.19,967.22,1,3,967.22,5,3,3,潜力客户
15247,2010-06-20 14:08:00,2011-08-09 12:52:00,3,1,976.06,8.95,967.11,122,3,967.11,3,3,3,潜力客户
13204,2009-12-08 14:56:00,2009-12-08 14:56:00,1,0,966.66,0.0,966.66,731,1,966.66,1,1,3,沉睡/低频
14138,2011-10-07 09:38:00,2011-12-08 12:44:00,2,0,965.88,0.0,965.88,1,2,965.88,5,2,3,新近客户
16376,2011-11-22 16:47:00,2011-12-01 11:38:00,2,1,974.96,9.49,965.47,8,2,965.47,5,2,3,新近客户
15084,2010-03-04 10:45:00,2010-11-25 11:58:00,2,0,965.2,0.0,965.2,379,2,965.2,2,2,3,沉睡/低频
13000,2009-12-14 17:03:00,2011-08-25 10:43:00,4,1,1032.5,67.5,965.0,106,4,965.0,3,3,3,潜力客户
16699,2009-12-04 13:31:00,2010-11-24 14:38:00,7,1,994.6,29.7,964.9,380,7,964.9,2,4,3,高价值流失风险
12550,2011-09-21 14:35:00,2011-09-21 14:35:00,1,0,964.83,0.0,964.83,79,1,964.83,3,1,3,潜力客户
14931,2011-04-13 09:32:00,2011-12-05 10:19:00,5,1,1257.68,293.0,964.68,4,5,964.68,5,4,3,忠诚客户
14510,2010-09-29 13:35:00,2010-11-29 12:46:00,3,1,979.85,15.3,964.55,375,3,964.55,2,3,3,高价值流失风险
15028,2010-11-10 14:32:00,2011-12-01 14:06:00,6,0,962.94,0.0,962.94,8,6,962.94,5,4,3,忠诚客户
14953,2010-09-30 12:16:00,2011-11-14 14:59:00,4,1,971.32,8.4,962.92,25,4,962.92,4,3,3,潜力客户
15109,2009-12-04 12:33:00,2011-04-08 09:58:00,3,1,983.1,21.2,961.9,245,3,961.9,2,3,3,高价值流失风险
15156,2011-11-06 12:41:00,2011-12-08 18:22:00,3,0,961.49,0.0,961.49,1,3,961.49,5,3,3,潜力客户
18192,2011-09-29 09:53:00,2011-09-29 09:53:00,1,0,957.97,0.0,957.97,71,1,957.97,3,1,3,潜力客户
14430,2010-04-11 15:59:00,2010-07-16 11:35:00,3,2,1220.9,264.5,956.4,511,3,956.4,1,3,3,高价值流失风险
16141,2010-10-18 14:12:00,2011-09-12 13:11:00,2,0,955.94,0.0,955.94,88,2,955.94,3,2,3,潜力客户
12990,2010-03-30 11:36:00,2011-11-08 13:01:00,7,0,955.5,0.0,955.5,31,7,955.5,4,4,3,忠诚客户
17080,2010-07-01 16:03:00,2011-11-17 12:59:00,7,1,957.53,2.12,955.41,22,7,955.41,4,4,3,忠诚客户
15535,2010-09-16 20:04:00,2011-06-19 16:02:00,6,4,1044.37,89.25,955.12,173,6,955.12,3,4,3,忠诚客户
15835,2011-01-13 10:35:00,2011-10-26 15:47:00,4,0,954.09,0.0,954.09,44,4,954.09,4,3,3,潜力客户
17189,2009-12-02 11:45:00,2011-08-25 19:39:00,5,0,953.63,0.0,953.63,106,5,953.63,3,4,3,忠诚客户
15181,2009-12-08 19:02:00,2011-10-04 13:58:00,5,3,1200.2,246.8,953.4,66,5,953.4,3,4,3,忠诚客户
13466,2010-03-21 13:50:00,2011-06-08 16:39:00,5,2,1013.35,61.1,952.25,184,5,952.25,3,4,3,忠诚客户
17955,2010-02-12 16:27:00,2011-05-25 12:00:00,6,0,949.9,0.0,949.9,198,6,949.9,2,4,3,高价值流失风险
12767,2010-11-29 09:38:00,2010-11-29 09:38:00,1,0,949.82,0.0,949.82,375,1,949.82,2,1,3,沉睡/低频
17081,2010-02-22 13:19:00,2011-11-14 12:56:00,6,0,949.39,0.0,949.39,25,6,949.39,4,4,3,忠诚客户
13046,2010-09-09 13:09:00,2011-11-09 08:36:00,3,0,949.25,0.0,949.25,30,3,949.25,4,3,3,潜力客户
17298,2010-03-08 08:56:00,2011-08-30 16:43:00,5,1,954.26,5.04,949.22,101,5,949.22,3,4,3,忠诚客户
15177,2010-10-10 12:48:00,2010-10-10 12:48:00,1,0,948.93,0.0,948.93,425,1,948.93,1,1,3,沉睡/低频
16227,2010-06-22 13:28:00,2011-04-28 13:33:00,3,3,1027.22,78.4,948.82,225,3,948.82,2,3,3,高价值流失风险
14350,2010-10-05 15:52:00,2011-03-10 14:14:00,3,1,972.03,24.23,947.8,274,3,947.8,2,3,3,高价值流失风险
16763,2009-12-01 15:26:00,2011-05-25 11:52:00,2,1,964.7,16.95,947.75,198,2,947.75,2,2,3,沉睡/低频
12355,2010-05-21 11:59:00,2011-05-09 13:49:00,2,0,947.61,0.0,947.61,214,2,947.61,2,2,3,沉睡/低频
17516,2010-11-26 12:50:00,2011-11-24 16:51:00,6,0,947.5,0.0,947.5,15,6,947.5,5,4,3,忠诚客户
17356,2010-01-20 12:14:00,2011-02-01 11:07:00,5,0,946.47,0.0,946.47,311,5,946.47,2,4,3,高价值流失风险
16146,2010-09-17 10:46:00,2011-07-05 14:20:00,4,0,946.38,0.0,946.38,157,4,946.38,3,3,3,潜力客户
14157,2010-03-03 16:49:00,2011-11-20 11:32:00,5,1,978.69,32.45,946.24,19,5,946.24,4,4,3,忠诚客户
17544,2010-11-14 14:47:00,2010-11-14 15:08:00,3,0,944.82,0.0,944.82,390,3,944.82,2,3,3,高价值流失风险
13261,2011-02-27 10:41:00,2011-03-16 12:22:00,2,0,944.1,0.0,944.1,268,2,944.1,2,2,3,沉睡/低频
17420,2010-11-03 13:09:00,2011-10-20 14:52:00,6,2,953.58,9.9,943.68,50,6,943.68,4,4,3,忠诚客户
16199,2010-03-18 18:47:00,2010-11-12 12:55:00,7,0,942.75,0.0,942.75,392,7,942.75,2,4,3,高价值流失风险
13526,2009-12-01 12:56:00,2009-12-01 13:13:00,2,2,1182.0,239.4,942.6,738,2,942.6,1,2,3,沉睡/低频
17604,2010-01-27 12:19:00,2011-05-06 13:43:00,6,0,942.38,0.0,942.38,217,6,942.38,2,4,3,高价值流失风险
15385,2010-01-31 13:02:00,2011-10-30 15:11:00,3,0,942.08,0.0,942.08,40,3,942.08,4,3,3,潜力客户
14958,2009-12-03 16:02:00,2011-07-15 14:20:00,6,0,941.99,0.0,941.99,147,6,941.99,3,4,3,忠诚客户
13636,2011-02-27 14:29:00,2011-11-03 10:30:00,5,1,949.12,7.5,941.62,36,5,941.62,4,4,3,忠诚客户
15268,2010-04-13 11:27:00,2010-08-18 10:33:00,3,1,961.9,20.65,941.25,478,3,941.25,1,3,3,高价值流失风险
13416,2009-12-03 13:02:00,2011-10-27 08:56:00,3,0,940.8,0.0,940.8,43,3,940.8,4,3,3,潜力客户
16203,2010-07-23 13:09:00,2011-10-12 12:31:00,6,1,943.84,3.75,940.09,58,6,940.09,4,4,3,忠诚客户
12697,2011-06-23 15:44:00,2011-11-11 08:47:00,3,2,957.59,18.57,939.02,28,3,939.02,4,3,3,潜力客户
12588,2010-04-21 12:22:00,2011-10-31 15:01:00,4,1,958.78,19.8,938.98,39,4,938.98,4,3,3,潜力客户
16518,2010-06-01 13:31:00,2011-10-09 15:04:00,4,2,959.37,21.1,938.27,61,4,938.27,3,3,3,潜力客户
17020,2010-03-03 12:27:00,2010-06-15 13:06:00,2,0,935.62,0.0,935.62,542,2,935.62,1,2,3,沉睡/低频
12413,2010-11-02 13:26:00,2011-10-04 09:00:00,4,2,999.45,63.95,935.5,66,4,935.5,3,3,3,潜力客户
14629,2011-10-23 16:13:00,2011-12-05 16:55:00,2,1,955.26,19.8,935.46,4,2,935.46,5,2,3,新近客户
13005,2010-09-08 12:52:00,2011-06-19 10:53:00,4,2,999.68,64.65,935.03,173,4,935.03,3,3,3,潜力客户
14615,2010-06-09 13:59:00,2010-11-10 13:36:00,5,1,951.76,17.5,934.26,394,5,934.26,2,4,3,高价值流失风险
15792,2010-03-31 09:42:00,2010-11-05 08:21:00,2,0,933.84,0.0,933.84,399,2,933.84,2,2,3,沉睡/低频
12675,2010-05-10 16:44:00,2010-06-04 09:49:00,2,2,957.25,23.7,933.55,553,2,933.55,1,2,3,沉睡/低频
12874,2010-06-03 12:51:00,2010-11-19 15:23:00,2,1,948.42,15.0,933.42,385,2,933.42,2,2,3,沉睡/低频
15787,2011-10-09 13:11:00,2011-11-13 14:55:00,3,0,933.26,0.0,933.26,26,3,933.26,4,3,3,潜力客户
18154,2010-08-06 09:18:00,2011-12-06 16:41:00,5,0,932.6,0.0,932.6,3,5,932.6,5,4,3,忠诚客户
12396,2010-02-03 13:22:00,2010-02-03 13:22:00,1,0,931.43,0.0,931.43,674,1,931.43,1,1,3,沉睡/低频
13465,2010-05-02 15:30:00,2010-09-19 15:13:00,2,0,931.12,0.0,931.12,446,2,931.12,1,2,3,沉睡/低频
14924,2010-03-10 12:51:00,2011-04-08 09:25:00,3,0,931.01,0.0,931.01,245,3,931.01,2,3,3,高价值流失风险
15723,2010-05-14 12:55:00,2010-12-10 11:12:00,4,0,930.7,0.0,930.7,364,4,930.7,2,3,3,高价值流失风险
15243,2010-09-30 17:28:00,2011-09-26 14:12:00,2,0,927.28,0.0,927.28,74,2,927.28,3,2,3,潜力客户
17805,2010-04-08 14:36:00,2011-09-27 11:49:00,2,0,927.03,0.0,927.03,73,2,927.03,3,2,3,潜力客户
12745,2010-01-26 16:22:00,2010-08-10 10:14:00,3,0,925.41,0.0,925.41,486,3,925.41,1,3,3,高价值流失风险
13805,2011-08-02 15:29:00,2011-10-18 14:50:00,2,0,924.6,0.0,924.6,52,2,924.6,4,2,3,新近客户
16861,2010-07-19 11:44:00,2011-10-11 09:05:00,5,1,946.59,22.11,924.48,59,5,924.48,3,4,3,忠诚客户
13936,2010-10-21 14:21:00,2011-06-13 08:47:00,3,1,939.66,15.3,924.36,179,3,924.36,3,3,3,潜力客户
18001,2009-12-02 15:38:00,2011-11-27 16:02:00,6,0,924.14,0.0,924.14,12,6,924.14,5,4,3,忠诚客户
14326,2010-06-25 12:10:00,2011-04-11 15:04:00,3,1,940.98,17.0,923.98,242,3,923.98,2,3,3,高价值流失风险
16109,2010-01-10 10:37:00,2011-05-05 09:17:00,3,1,939.48,15.9,923.58,218,3,923.58,2,3,3,高价值流失风险
15654,2011-11-13 15:15:00,2011-11-30 13:08:00,2,0,922.53,0.0,922.53,9,2,922.53,5,2,3,新近客户
13122,2011-04-13 14:12:00,2011-09-06 15:53:00,2,0,922.39,0.0,922.39,94,2,922.39,3,2,3,潜力客户
17472,2010-03-21 13:27:00,2011-06-01 14:57:00,4,0,922.35,0.0,922.35,191,4,922.35,2,3,3,高价值流失风险
13934,2011-03-21 08:39:00,2011-03-21 08:39:00,1,0,922.1,0.0,922.1,263,1,922.1,2,1,3,沉睡/低频
13641,2009-12-05 13:17:00,2010-03-09 07:37:00,5,2,1016.47,94.65,921.82,640,5,921.82,1,4,3,高价值流失风险
14605,2009-12-08 13:59:00,2010-11-30 14:07:00,4,0,921.56,0.0,921.56,374,4,921.56,2,3,3,高价值流失风险
12638,2010-03-10 10:30:00,2011-11-06 13:11:00,2,0,921.49,0.0,921.49,33,2,921.49,4,2,3,新近客户
15576,2011-11-02 12:03:00,2011-11-02 12:03:00,1,0,921.37,0.0,921.37,37,1,921.37,4,1,3,新近客户
15957,2010-10-15 12:11:00,2011-11-08 12:14:00,3,0,921.25,0.0,921.25,31,3,921.25,4,3,3,潜力客户
16136,2010-02-14 12:49:00,2011-10-11 09:10:00,4,1,946.8,25.72,921.08,59,4,921.08,3,3,3,潜力客户
14272,2010-05-06 14:01:00,2011-09-27 10:08:00,4,0,920.81,0.0,920.81,73,4,920.81,3,3,3,潜力客户
17363,2010-11-02 17:25:00,2010-11-09 17:11:00,3,0,920.46,0.0,920.46,395,3,920.46,2,3,3,高价值流失风险
14140,2011-11-08 11:20:00,2011-12-06 09:05:00,2,1,935.05,15.0,920.05,3,2,920.05,5,2,3,新近客户
13075,2011-08-02 10:19:00,2011-08-02 10:19:00,1,0,919.61,0.0,919.61,129,1,919.61,3,1,3,潜力客户
14460,2009-12-15 19:06:00,2011-08-21 14:19:00,9,3,1093.5,173.9,919.6,110,9,919.6,3,5,3,忠诚客户
12822,2011-09-13 13:46:00,2011-09-30 10:04:00,2,1,948.88,29.9,918.98,70,2,918.98,3,2,3,潜力客户
12368,2010-03-21 15:56:00,2010-03-21 15:56:00,1,0,917.7,0.0,917.7,628,1,917.7,1,1,3,沉睡/低频
14061,2009-12-01 18:03:00,2010-07-20 17:22:00,3,0,917.43,0.0,917.43,507,3,917.43,1,3,3,高价值流失风险
14015,2011-10-18 10:02:00,2011-10-18 10:02:00,1,0,917.34,0.0,917.34,52,1,917.34,4,1,3,新近客户
15707,2011-09-14 14:19:00,2011-11-04 14:35:00,4,0,916.98,0.0,916.98,35,4,916.98,4,3,3,潜力客户
14199,2010-06-27 12:13:00,2011-05-05 13:44:00,4,2,1091.7,175.2,916.5,218,4,916.5,2,3,3,高价值流失风险
16643,2010-10-13 09:47:00,2011-04-08 08:24:00,2,1,923.11,7.55,915.56,245,2,915.56,2,2,3,沉睡/低频
14839,2010-01-04 16:29:00,2010-10-17 13:01:00,3,0,915.28,0.0,915.28,418,3,915.28,1,3,3,高价值流失风险
14423,2010-01-14 11:49:00,2011-05-05 15:12:00,3,1,916.61,1.65,914.96,218,3,914.96,2,3,3,高价值流失风险
16216,2011-03-17 15:34:00,2011-03-17 15:34:00,1,0,914.93,0.0,914.93,267,1,914.93,2,1,3,沉睡/低频
16204,2009-12-08 17:44:00,2011-11-16 13:40:00,3,1,918.71,5.0,913.71,23,3,913.71,4,3,3,潜力客户
14549,2009-12-02 14:06:00,2011-02-01 13:47:00,4,0,913.6,0.0,913.6,311,4,913.6,2,3,3,高价值流失风险
15364,2011-03-30 13:39:00,2011-09-05 09:46:00,2,0,913.19,0.0,913.19,95,2,913.19,3,2,3,潜力客户
17812,2010-06-27 13:34:00,2011-11-27 11:47:00,7,0,911.99,0.0,911.99,12,7,911.99,5,4,3,忠诚客户
14289,2011-02-23 12:33:00,2011-12-01 11:44:00,6,0,911.26,0.0,911.26,8,6,911.26,5,4,3,忠诚客户
17172,2009-12-13 11:46:00,2011-09-22 09:36:00,3,3,956.57,45.58,910.99,78,3,910.99,3,3,3,潜力客户
13350,2011-09-21 13:33:00,2011-11-23 16:33:00,2,1,979.12,68.4,910.72,16,2,910.72,5,2,3,新近客户
14568,2010-09-30 17:15:00,2010-09-30 17:15:00,1,1,919.7,10.2,909.5,435,1,909.5,1,1,3,沉睡/低频
14128,2010-06-06 14:05:00,2011-10-10 12:00:00,3,1,924.21,14.85,909.36,60,3,909.36,3,3,3,潜力客户
13038,2011-02-22 11:43:00,2011-09-20 14:37:00,3,0,908.46,0.0,908.46,80,3,908.46,3,3,3,潜力客户
16034,2010-10-26 13:00:00,2011-05-27 16:17:00,6,1,911.32,2.95,908.37,196,6,908.37,2,4,3,高价值流失风险
12505,2010-10-27 09:18:00,2010-10-27 09:18:00,1,2,955.2,47.2,908.0,408,1,908.0,2,1,3,沉睡/低频
14969,2010-01-05 12:43:00,2010-01-05 12:43:00,1,0,906.23,0.0,906.23,703,1,906.23,1,1,3,沉睡/低频
13573,2010-03-12 16:06:00,2011-10-20 14:33:00,6,0,904.52,0.0,904.52,50,6,904.52,4,4,3,忠诚客户
12722,2011-07-12 11:55:00,2011-09-15 14:50:00,4,2,997.63,93.3,904.33,85,4,904.33,3,3,3,潜力客户
15430,2010-06-29 15:04:00,2010-08-29 10:42:00,2,1,954.75,51.0,903.75,467,2,903.75,1,2,3,沉睡/低频
18217,2010-07-01 15:39:00,2011-11-10 13:18:00,4,2,945.04,42.24,902.8,29,4,902.8,4,3,3,潜力客户
16975,2010-07-22 11:38:00,2010-10-12 17:53:00,3,2,926.12,23.7,902.42,423,3,902.42,1,3,3,高价值流失风险
16138,2010-04-28 09:51:00,2010-11-26 12:13:00,3,1,910.35,7.95,902.4,378,3,902.4,2,3,3,高价值流失风险
17176,2010-01-31 15:49:00,2011-05-22 12:41:00,3,0,902.32,0.0,902.32,201,3,902.32,2,3,3,高价值流失风险
17382,2010-05-19 11:33:00,2011-10-05 13:05:00,8,0,902.28,0.0,902.28,65,8,902.28,3,5,3,忠诚客户
12994,2011-03-16 08:31:00,2011-12-05 15:43:00,3,2,974.42,72.2,902.22,4,3,902.22,5,3,3,潜力客户
16916,2010-10-20 12:56:00,2011-11-16 12:08:00,4,0,902.02,0.0,902.02,23,4,902.02,4,3,3,潜力客户
13548,2010-08-25 13:44:00,2011-09-04 14:50:00,3,0,901.44,0.0,901.44,96,3,901.44,3,3,3,潜力客户
17322,2009-12-03 11:46:00,2010-11-28 14:41:00,5,2,922.59,21.95,900.64,376,5,900.64,2,4,3,高价值流失风险
15511,2011-09-15 15:05:00,2011-11-28 09:43:00,5,0,900.53,0.0,900.53,11,5,900.53,5,4,3,忠诚客户
12945,2010-02-21 15:18:00,2011-02-24 14:15:00,2,0,900.11,0.0,900.11,288,2,900.11,2,2,3,沉睡/低频
13810,2011-10-14 12:57:00,2011-11-11 08:33:00,3,1,1499.01,599.5,899.51,28,3,899.51,4,3,3,潜力客户
16834,2010-02-03 14:24:00,2011-04-26 09:37:00,2,0,898.96,0.0,898.96,227,2,898.96,2,2,3,沉睡/低频
15710,2010-10-18 17:05:00,2010-10-18 17:05:00,1,0,898.87,0.0,898.87,417,1,898.87,1,1,3,沉睡/低频
12998,2010-02-24 11:55:00,2010-08-04 08:05:00,3,1,920.08,22.7,897.38,492,3,897.38,1,3,3,高价值流失风险
16947,2010-03-03 10:54:00,2011-04-18 09:38:00,5,5,955.21,58.48,896.73,235,5,896.73,2,4,3,高价值流失风险
15992,2010-09-12 11:52:00,2011-12-06 11:00:00,3,0,896.6,0.0,896.6,3,3,896.6,5,3,3,潜力客户
14714,2010-01-21 11:51:00,2011-11-15 13:07:00,4,3,906.24,9.84,896.4,24,4,896.4,4,3,3,潜力客户
14133,2009-12-06 12:10:00,2011-08-02 11:34:00,4,2,911.14,15.3,895.84,129,4,895.84,3,3,3,潜力客户
13996,2010-11-05 15:07:00,2010-11-18 16:27:00,2,0,895.76,0.0,895.76,386,2,895.76,2,2,3,沉睡/低频
16122,2010-10-10 15:26:00,2011-09-27 15:34:00,6,0,895.62,0.0,895.62,73,6,895.62,3,4,3,忠诚客户
17226,2010-02-12 14:31:00,2011-02-04 11:52:00,3,0,895.47,0.0,895.47,308,3,895.47,2,3,3,高价值流失风险
15211,2010-12-09 16:08:00,2011-10-10 13:31:00,2,0,894.41,0.0,894.41,60,2,894.41,3,2,3,潜力客户
14338,2010-06-21 10:32:00,2011-07-01 14:08:00,3,2,928.1,34.0,894.1,161,3,894.1,3,3,3,潜力客户
12772,2011-10-11 09:19:00,2011-10-11 09:19:00,1,0,892.47,0.0,892.47,59,1,892.47,3,1,3,潜力客户
17155,2009-12-03 11:34:00,2011-11-22 12:38:00,7,0,892.46,0.0,892.46,17,7,892.46,5,4,3,忠诚客户
16784,2010-03-28 12:55:00,2011-11-20 12:20:00,5,0,892.33,0.0,892.33,19,5,892.33,4,4,3,忠诚客户
12703,2010-01-24 12:05:00,2011-09-29 17:52:00,4,3,1006.53,114.35,892.18,71,4,892.18,3,3,3,潜力客户
13288,2010-02-11 14:59:00,2010-09-22 16:32:00,5,1,927.61,35.45,892.16,443,5,892.16,1,4,3,高价值流失风险
16442,2009-12-13 11:05:00,2011-12-08 11:43:00,5,0,891.98,0.0,891.98,1,5,891.98,5,4,3,忠诚客户
15406,2010-09-12 13:06:00,2011-11-08 13:22:00,4,2,975.87,84.1,891.77,31,4,891.77,4,3,3,潜力客户
15393,2009-12-15 17:56:00,2011-11-23 16:48:00,5,0,891.34,0.0,891.34,16,5,891.34,5,4,3,忠诚客户
13872,2009-12-14 09:56:00,2010-06-30 15:35:00,3,3,919.57,28.25,891.32,527,3,891.32,1,3,3,高价值流失风险
16361,2011-09-29 13:13:00,2011-11-30 12:32:00,4,0,891.21,0.0,891.21,9,4,891.21,5,3,3,潜力客户
15824,2010-06-25 15:10:00,2010-09-12 13:20:00,2,0,890.94,0.0,890.94,453,2,890.94,1,2,3,沉睡/低频
17987,2010-06-07 11:23:00,2011-06-07 14:22:00,5,1,965.44,75.52,889.92,185,5,889.92,3,4,3,忠诚客户
14065,2010-10-04 12:03:00,2010-11-15 16:13:00,3,1,891.02,1.65,889.37,389,3,889.37,2,3,3,高价值流失风险
14813,2010-04-08 11:49:00,2010-12-05 11:57:00,4,0,888.91,0.0,888.91,369,4,888.91,2,3,3,高价值流失风险
17527,2011-05-05 13:43:00,2011-10-17 12:32:00,4,2,939.37,50.51,888.86,53,4,888.86,4,3,3,潜力客户
17537,2011-02-09 13:37:00,2011-11-10 10:56:00,2,0,887.67,0.0,887.67,29,2,887.67,4,2,3,新近客户
17062,2010-09-26 11:57:00,2011-01-30 11:01:00,6,1,889.75,3.9,885.85,313,6,885.85,2,4,3,高价值流失风险
12793,2010-11-03 13:05:00,2011-01-09 12:12:00,3,0,885.53,0.0,885.53,334,3,885.53,2,3,3,高价值流失风险
12915,2010-04-29 19:36:00,2011-07-14 11:34:00,4,4,975.1,89.9,885.2,148,4,885.2,3,3,3,潜力客户
17704,2011-04-14 09:28:00,2011-06-24 09:40:00,2,0,885.19,0.0,885.19,168,2,885.19,3,2,3,潜力客户
14933,2010-09-21 17:29:00,2010-09-22 10:47:00,4,1,1770.0,885.0,885.0,443,4,885.0,1,3,3,高价值流失风险
17708,2010-10-12 12:13:00,2011-06-05 10:12:00,4,0,884.18,0.0,884.18,187,4,884.18,3,3,3,潜力客户
15907,2011-05-13 13:01:00,2011-12-06 12:21:00,3,0,882.72,0.0,882.72,3,3,882.72,5,3,3,潜力客户
14359,2011-09-13 09:03:00,2011-11-20 13:17:00,3,3,912.18,29.6,882.58,19,3,882.58,4,3,3,潜力客户
16387,2010-03-11 12:22:00,2011-01-21 11:34:00,5,0,882.46,0.0,882.46,322,5,882.46,2,4,3,高价值流失风险
16385,2010-03-18 12:45:00,2011-10-10 13:12:00,5,0,881.35,0.0,881.35,60,5,881.35,3,4,3,忠诚客户
16228,2010-11-04 18:54:00,2010-11-19 14:20:00,3,1,885.71,4.65,881.06,385,3,881.06,2,3,3,高价值流失风险
17143,2010-07-12 13:26:00,2010-10-18 15:27:00,2,0,880.97,0.0,880.97,417,2,880.97,1,2,3,沉睡/低频
12680,2011-08-18 15:44:00,2011-12-09 12:50:00,4,0,880.81,0.0,880.81,0,4,880.81,5,3,3,潜力客户
14141,2011-08-26 14:40:00,2011-12-07 09:53:00,4,2,915.13,36.1,879.03,2,4,879.03,5,3,3,潜力客户
14612,2010-10-20 16:01:00,2010-10-20 16:01:00,1,0,877.7,0.0,877.7,415,1,877.7,1,1,3,沉睡/低频
15653,2011-08-16 09:50:00,2011-09-08 10:49:00,2,0,877.44,0.0,877.44,92,2,877.44,3,2,3,潜力客户
17480,2010-09-21 12:31:00,2011-09-23 11:39:00,2,1,882.23,5.31,876.92,77,2,876.92,3,2,3,潜力客户
15900,2010-05-26 11:27:00,2011-11-16 12:19:00,4,1,886.57,9.9,876.67,23,4,876.67,4,3,3,潜力客户
17864,2010-10-08 11:49:00,2011-11-27 11:15:00,5,0,876.57,0.0,876.57,12,5,876.57,5,4,3,忠诚客户
15525,2010-11-22 12:10:00,2011-12-07 14:43:00,4,1,890.22,14.9,875.32,2,4,875.32,5,3,3,潜力客户
14681,2010-02-24 08:54:00,2011-09-29 15:52:00,6,0,875.15,0.0,875.15,71,6,875.15,3,4,3,忠诚客户
16513,2011-10-27 14:56:00,2011-12-05 10:18:00,4,0,874.59,0.0,874.59,4,4,874.59,5,4,3,忠诚客户
16657,2011-03-30 12:02:00,2011-11-30 11:48:00,4,0,874.43,0.0,874.43,9,4,874.43,5,4,3,忠诚客户
17746,2010-04-08 12:54:00,2011-04-13 14:31:00,4,3,904.18,30.75,873.43,240,4,873.43,2,4,3,高价值流失风险
13166,2010-10-21 14:29:00,2011-03-01 15:16:00,2,1,875.93,2.5,873.43,283,2,873.43,2,2,3,沉睡/低频
14994,2010-03-26 14:16:00,2010-11-22 12:59:00,5,3,946.72,74.3,872.42,382,5,872.42,2,4,3,高价值流失风险
17361,2010-02-01 14:30:00,2011-10-21 15:43:00,5,0,871.79,0.0,871.79,49,5,871.79,4,4,3,忠诚客户
13200,2011-08-05 14:50:00,2011-11-20 15:35:00,4,0,870.09,0.0,870.09,19,4,870.09,4,4,3,忠诚客户
17566,2011-11-14 13:42:00,2011-12-01 19:54:00,2,0,869.77,0.0,869.77,8,2,869.77,5,2,3,新近客户
14753,2010-09-05 11:04:00,2011-09-13 14:50:00,2,0,869.51,0.0,869.51,87,2,869.51,3,2,3,潜力客户
16948,2010-02-21 13:48:00,2011-07-24 12:46:00,7,0,868.77,0.0,868.77,138,7,868.77,3,4,3,忠诚客户
16357,2010-11-23 18:52:00,2011-11-06 16:04:00,4,0,868.37,0.0,868.37,33,4,868.37,4,4,3,忠诚客户
13937,2010-11-02 12:37:00,2011-06-23 16:35:00,2,1,880.13,12.75,867.38,169,2,867.38,3,2,3,潜力客户
17167,2010-09-20 14:02:00,2010-11-25 10:05:00,3,0,867.11,0.0,867.11,379,3,867.11,2,3,3,高价值流失风险
16567,2011-01-07 09:31:00,2011-05-29 13:57:00,2,0,865.6,0.0,865.6,194,2,865.6,2,2,3,沉睡/低频
14600,2010-11-11 15:56:00,2011-02-07 09:48:00,2,0,865.17,0.0,865.17,305,2,865.17,2,2,3,沉睡/低频
15809,2010-06-22 14:23:00,2011-11-03 16:40:00,7,2,1274.44,411.56,862.88,36,7,862.88,4,4,3,忠诚客户
12940,2011-09-13 10:16:00,2011-10-16 12:09:00,2,2,899.69,37.25,862.44,54,2,862.44,4,2,3,新近客户
16668,2010-03-18 18:25:00,2011-11-24 17:43:00,13,0,862.42,0.0,862.42,15,13,862.42,5,5,3,忠诚客户
17358,2010-02-24 16:42:00,2011-02-09 16:57:00,5,0,861.01,0.0,861.01,303,5,861.01,2,4,3,高价值流失风险
12794,2011-09-02 12:01:00,2011-10-17 14:54:00,2,0,860.41,0.0,860.41,53,2,860.41,4,2,3,新近客户
13339,2011-05-23 08:31:00,2011-05-23 08:31:00,1,0,860.12,0.0,860.12,200,1,860.12,2,1,3,沉睡/低频
13891,2010-05-06 16:02:00,2010-11-26 15:57:00,3,0,859.21,0.0,859.21,378,3,859.21,2,3,3,高价值流失风险
12787,2010-10-22 14:57:00,2011-11-30 08:44:00,4,1,862.18,3.0,859.18,9,4,859.18,5,4,3,忠诚客户
15870,2010-09-19 16:22:00,2011-11-07 10:58:00,4,0,857.46,0.0,857.46,32,4,857.46,4,4,3,忠诚客户
14551,2010-01-27 12:06:00,2011-11-21 13:36:00,7,2,878.09,21.45,856.64,18,7,856.64,5,4,3,忠诚客户
17867,2009-12-02 13:39:00,2011-11-09 14:15:00,15,5,1582.05,725.5,856.55,30,15,856.55,4,5,3,忠诚客户
17161,2010-09-21 16:44:00,2010-09-21 16:44:00,1,0,856.01,0.0,856.01,444,1,856.01,1,1,3,沉睡/低频
17064,2011-01-16 16:10:00,2011-10-12 10:18:00,3,0,855.45,0.0,855.45,58,3,855.45,4,3,3,潜力客户
15287,2009-12-02 12:13:00,2011-11-17 15:34:00,5,1,856.03,1.45,854.58,22,5,854.58,4,4,3,忠诚客户
13945,2010-08-17 09:59:00,2010-11-10 10:00:00,2,0,854.15,0.0,854.15,394,2,854.15,2,2,3,沉睡/低频
14873,2010-03-16 10:51:00,2011-05-13 13:52:00,2,0,854.13,0.0,854.13,210,2,854.13,2,2,3,沉睡/低频
16070,2011-11-07 16:36:00,2011-11-17 15:50:00,2,0,852.15,0.0,852.15,22,2,852.15,4,2,3,新近客户
16020,2011-10-05 13:54:00,2011-11-23 11:18:00,3,0,851.01,0.0,851.01,16,3,851.01,5,3,3,潜力客户
15244,2010-02-11 14:48:00,2011-10-05 13:19:00,3,1,912.08,61.9,850.18,65,3,850.18,3,3,3,潜力客户
16677,2010-02-25 16:11:00,2010-10-24 14:53:00,2,1,880.62,30.85,849.77,411,2,849.77,1,2,3,沉睡/低频
12713,2011-12-09 12:16:00,2011-12-09 12:16:00,1,0,848.55,0.0,848.55,0,1,848.55,5,1,3,新近客户
15784,2010-02-05 14:42:00,2010-08-29 10:38:00,2,0,848.33,0.0,848.33,467,2,848.33,1,2,3,沉睡/低频
14202,2010-03-25 10:36:00,2010-11-23 17:13:00,3,0,847.76,0.0,847.76,381,3,847.76,2,3,3,高价值流失风险
13991,2011-07-19 12:58:00,2011-11-27 16:18:00,6,1,852.88,5.34,847.54,12,6,847.54,5,4,3,忠诚客户
13221,2010-12-15 13:24:00,2011-04-13 16:58:00,2,0,847.41,0.0,847.41,240,2,847.41,2,2,3,沉睡/低频
13487,2009-12-05 10:25:00,2011-10-13 12:07:00,5,0,846.87,0.0,846.87,57,5,846.87,4,4,3,忠诚客户
16877,2011-05-15 16:13:00,2011-11-27 13:47:00,6,0,846.62,0.0,846.62,12,6,846.62,5,4,3,忠诚客户
13970,2010-09-28 11:53:00,2010-11-18 13:21:00,2,0,846.55,0.0,846.55,386,2,846.55,2,2,3,沉睡/低频
14803,2011-02-20 13:21:00,2011-06-30 13:58:00,3,0,845.55,0.0,845.55,162,3,845.55,3,3,3,潜力客户
14686,2010-02-18 18:29:00,2010-10-21 18:31:00,5,1,852.53,7.95,844.58,414,5,844.58,1,4,3,高价值流失风险
15264,2010-06-27 13:29:00,2011-10-06 13:49:00,2,1,848.4,4.2,844.2,64,2,844.2,3,2,3,潜力客户
14922,2010-07-20 09:45:00,2010-11-11 11:14:00,2,0,843.74,0.0,843.74,393,2,843.74,2,2,3,沉睡/低频
14342,2010-08-24 13:03:00,2011-11-18 13:21:00,6,3,918.44,75.7,842.74,21,6,842.74,4,4,3,忠诚客户
18108,2009-12-02 12:47:00,2011-03-30 13:56:00,3,1,848.81,6.35,842.46,254,3,842.46,2,3,3,高价值流失风险
16344,2010-02-09 12:16:00,2011-07-04 15:50:00,4,0,842.42,0.0,842.42,158,4,842.42,3,4,3,忠诚客户
16846,2010-03-10 12:03:00,2011-10-20 13:55:00,3,0,842.41,0.0,842.41,50,3,842.41,4,3,3,潜力客户
17638,2009-12-18 09:58:00,2010-03-02 14:32:00,2,0,842.4,0.0,842.4,647,2,842.4,1,2,3,沉睡/低频
16801,2011-03-11 13:56:00,2011-06-29 15:33:00,4,1,1594.23,751.9,842.33,163,4,842.33,3,4,3,忠诚客户
15266,2010-01-07 12:19:00,2011-01-05 13:40:00,5,1,852.21,10.51,841.7,338,5,841.7,2,4,3,高价值流失风险
12878,2011-03-18 14:02:00,2011-04-17 13:07:00,2,1,854.99,13.35,841.64,236,2,841.64,2,2,3,沉睡/低频
14862,2011-07-14 11:20:00,2011-11-14 10:01:00,2,0,841.2,0.0,841.2,25,2,841.2,4,2,3,新近客户
14645,2010-03-15 11:33:00,2011-07-06 09:15:00,3,1,876.89,36.65,840.24,156,3,840.24,3,3,3,潜力客户
13169,2010-05-26 15:58:00,2011-10-07 12:11:00,3,0,840.08,0.0,840.08,63,3,840.08,3,3,3,潜力客户
14355,2010-03-22 15:08:00,2010-12-09 12:16:00,3,0,840.05,0.0,840.05,365,3,840.05,2,3,3,高价值流失风险
13940,2011-07-18 16:05:00,2011-11-22 15:15:00,4,0,839.14,0.0,839.14,17,4,839.14,5,4,3,忠诚客户
18141,2010-04-29 15:32:00,2010-11-03 11:44:00,2,2,882.47,43.9,838.57,401,2,838.57,2,2,3,沉睡/低频
17332,2010-02-21 14:41:00,2010-06-29 16:10:00,5,0,838.27,0.0,838.27,528,5,838.27,1,4,3,高价值流失风险
15224,2010-01-15 16:14:00,2010-12-16 15:02:00,5,3,871.36,34.1,837.26,358,5,837.26,2,4,3,高价值流失风险
15832,2011-03-30 15:29:00,2011-03-30 15:29:00,1,0,836.79,0.0,836.79,254,1,836.79,2,1,3,沉睡/低频
14929,2010-10-14 12:22:00,2011-11-07 17:21:00,2,0,836.69,0.0,836.69,32,2,836.69,4,2,3,新近客户
13795,2010-03-12 12:44:00,2010-11-16 17:25:00,4,0,836.3,0.0,836.3,388,4,836.3,2,4,3,高价值流失风险
16500,2010-06-14 14:54:00,2011-12-05 12:04:00,9,1,843.91,7.95,835.96,4,9,835.96,5,5,3,忠诚客户
13386,2010-09-28 13:09:00,2010-10-21 12:52:00,2,0,835.46,0.0,835.46,414,2,835.46,1,2,3,沉睡/低频
16737,2010-05-11 09:53:00,2011-10-17 13:03:00,2,0,835.2,0.0,835.2,53,2,835.2,4,2,3,新近客户
12525,2010-03-02 14:01:00,2010-07-29 16:08:00,3,5,973.73,138.55,835.18,498,3,835.18,1,3,3,高价值流失风险
15190,2010-10-01 13:09:00,2010-10-01 13:09:00,1,0,834.44,0.0,834.44,434,1,834.44,1,1,3,沉睡/低频
15469,2010-09-27 10:09:00,2011-10-20 16:21:00,3,3,874.25,39.85,834.4,50,3,834.4,4,3,3,潜力客户
16644,2011-05-11 12:53:00,2011-06-15 12:39:00,2,0,833.78,0.0,833.78,177,2,833.78,3,2,3,潜力客户
12903,2010-10-07 12:39:00,2010-10-07 12:39:00,1,0,833.53,0.0,833.53,428,1,833.53,1,1,3,沉睡/低频
15542,2009-12-02 11:53:00,2010-07-15 13:32:00,3,1,855.71,22.55,833.16,512,3,833.16,1,3,3,高价值流失风险
14372,2010-04-19 15:57:00,2010-09-22 16:17:00,2,1,860.08,29.9,830.18,443,2,830.18,1,2,3,沉睡/低频
16798,2009-12-10 19:35:00,2010-06-03 19:01:00,3,1,841.16,11.15,830.01,554,3,830.01,1,3,3,高价值流失风险
14851,2010-03-19 11:52:00,2011-11-16 14:20:00,3,0,829.41,0.0,829.41,23,3,829.41,4,3,3,潜力客户
12730,2010-07-06 12:19:00,2010-07-06 12:19:00,1,0,829.25,0.0,829.25,521,1,829.25,1,1,3,沉睡/低频
12953,2010-07-05 13:37:00,2011-11-30 09:24:00,2,0,828.81,0.0,828.81,9,2,828.81,5,2,3,新近客户
15617,2010-07-20 13:16:00,2010-11-08 16:07:00,3,0,828.55,0.0,828.55,396,3,828.55,2,3,3,高价值流失风险
17003,2010-05-10 11:20:00,2010-11-02 13:15:00,4,0,828.21,0.0,828.21,402,4,828.21,2,4,3,高价值流失风险
13681,2011-07-07 15:21:00,2011-11-22 11:13:00,4,0,827.83,0.0,827.83,17,4,827.83,5,4,3,忠诚客户
17045,2010-10-06 14:52:00,2011-08-18 17:09:00,5,0,827.68,0.0,827.68,113,5,827.68,3,4,3,忠诚客户
16747,2011-10-03 10:18:00,2011-11-02 11:37:00,2,2,836.06,9.1,826.96,37,2,826.96,4,2,3,新近客户
12461,2011-07-08 10:23:00,2011-09-06 16:57:00,2,0,826.88,0.0,826.88,94,2,826.88,3,2,3,潜力客户
16494,2011-02-16 12:49:00,2011-02-16 12:49:00,1,0,826.53,0.0,826.53,296,1,826.53,2,1,3,沉睡/低频
17880,2009-12-09 16:13:00,2010-12-10 10:21:00,3,0,824.92,0.0,824.92,364,3,824.92,2,3,3,高价值流失风险
13922,2010-08-29 14:36:00,2010-12-23 10:38:00,3,2,865.2,40.5,824.7,351,3,824.7,2,3,3,高价值流失风险
14260,2010-06-09 11:23:00,2010-08-25 14:55:00,3,0,824.28,0.0,824.28,471,3,824.28,1,3,3,高价值流失风险
16264,2010-09-19 16:14:00,2010-09-27 15:00:00,2,0,823.53,0.0,823.53,438,2,823.53,1,2,3,沉睡/低频
15847,2010-03-08 08:47:00,2011-11-01 14:41:00,5,0,822.57,0.0,822.57,38,5,822.57,4,4,3,忠诚客户
16680,2010-06-23 09:30:00,2011-10-27 17:35:00,3,0,821.45,0.0,821.45,43,3,821.45,4,3,3,潜力客户
16246,2010-02-08 12:32:00,2010-09-06 12:04:00,2,0,821.35,0.0,821.35,459,2,821.35,1,2,3,沉睡/低频
13893,2011-02-15 11:30:00,2011-02-15 11:30:00,1,0,821.1,0.0,821.1,297,1,821.1,2,1,3,沉睡/低频
16898,2010-05-12 12:18:00,2011-11-13 15:44:00,5,1,885.21,64.35,820.86,26,5,820.86,4,4,3,忠诚客户
12891,2010-02-18 14:32:00,2011-06-07 12:31:00,11,1,840.5,21.0,819.5,185,11,819.5,3,5,3,忠诚客户
16135,2010-05-05 09:35:00,2011-03-22 12:30:00,2,0,819.45,0.0,819.45,262,2,819.45,2,2,3,沉睡/低频
17683,2010-06-03 17:15:00,2010-11-19 10:11:00,3,0,819.01,0.0,819.01,385,3,819.01,2,3,3,高价值流失风险
15483,2010-01-24 15:42:00,2011-07-01 13:07:00,10,0,817.82,0.0,817.82,161,10,817.82,3,5,3,忠诚客户
14890,2010-02-18 09:00:00,2011-03-31 11:57:00,3,0,817.25,0.0,817.25,253,3,817.25,2,3,3,高价值流失风险
16362,2010-09-28 09:24:00,2011-11-07 13:01:00,6,5,922.16,105.2,816.96,32,6,816.96,4,4,3,忠诚客户
15180,2010-04-29 15:27:00,2010-12-07 14:57:00,3,0,816.93,0.0,816.93,367,3,816.93,2,3,3,高价值流失风险
16943,2010-03-25 13:34:00,2011-05-12 11:57:00,5,2,1299.49,482.76,816.73,211,5,816.73,2,4,3,高价值流失风险
17464,2010-03-30 13:15:00,2011-07-04 13:19:00,3,1,907.14,90.6,816.54,158,3,816.54,3,3,3,潜力客户
13514,2010-01-26 15:11:00,2011-09-27 09:39:00,4,0,815.9,0.0,815.9,73,4,815.9,3,4,3,忠诚客户
15399,2011-09-21 15:57:00,2011-12-08 13:04:00,3,0,815.77,0.0,815.77,1,3,815.77,5,3,3,潜力客户
14556,2010-01-20 11:49:00,2010-04-22 14:57:00,3,0,815.69,0.0,815.69,596,3,815.69,1,3,3,高价值流失风险
15713,2009-12-16 09:41:00,2011-07-19 13:34:00,4,2,839.64,24.8,814.84,143,4,814.84,3,4,3,忠诚客户
14624,2010-04-14 10:44:00,2011-10-13 13:44:00,6,0,814.07,0.0,814.07,57,6,814.07,4,4,3,忠诚客户
12792,2010-06-23 10:49:00,2011-03-28 11:36:00,2,1,827.01,13.13,813.88,256,2,813.88,2,2,3,沉睡/低频
17869,2010-06-10 13:47:00,2011-08-24 16:16:00,7,0,813.64,0.0,813.64,107,7,813.64,3,4,3,忠诚客户
16621,2011-03-07 11:32:00,2011-10-19 11:38:00,4,0,813.48,0.0,813.48,51,4,813.48,4,4,3,忠诚客户
16863,2010-10-26 10:03:00,2011-11-08 15:26:00,3,2,834.27,21.45,812.82,31,3,812.82,4,3,3,潜力客户
17194,2010-06-27 13:16:00,2011-03-11 12:05:00,3,0,812.5,0.0,812.5,273,3,812.5,2,3,3,高价值流失风险
16460,2011-09-19 10:15:00,2011-11-11 13:46:00,3,0,811.23,0.0,811.23,28,3,811.23,4,3,3,潜力客户
15759,2009-12-02 10:08:00,2011-05-05 15:13:00,7,3,830.93,19.95,810.98,218,7,810.98,2,4,3,高价值流失风险
16624,2011-05-26 14:20:00,2011-09-20 12:39:00,2,0,810.57,0.0,810.57,80,2,810.57,3,2,3,潜力客户
13045,2010-08-10 13:02:00,2011-09-01 15:04:00,3,0,808.92,0.0,808.92,99,3,808.92,3,3,3,潜力客户
13479,2010-08-19 16:18:00,2011-05-23 10:45:00,4,3,851.37,42.87,808.5,200,4,808.5,2,4,3,高价值流失风险
13637,2011-04-27 13:06:00,2011-10-18 13:32:00,3,0,804.3,0.0,804.3,52,3,804.3,4,3,3,潜力客户
14508,2010-06-17 13:02:00,2011-11-17 19:48:00,5,1,822.92,18.85,804.07,22,5,804.07,4,4,3,忠诚客户
16469,2010-07-13 13:17:00,2011-11-16 12:25:00,5,0,803.9,0.0,803.9,23,5,803.9,4,4,3,忠诚客户
15644,2011-03-23 15:37:00,2011-06-26 14:54:00,4,0,803.54,0.0,803.54,166,4,803.54,3,4,3,忠诚客户
14872,2010-03-16 14:41:00,2010-08-13 12:34:00,3,1,816.6,13.92,802.68,483,3,802.68,1,3,3,高价值流失风险
16164,2011-10-28 09:12:00,2011-11-22 15:04:00,3,1,822.48,19.95,802.53,17,3,802.53,5,3,3,潜力客户
18265,2011-07-04 15:26:00,2011-09-28 14:10:00,2,0,801.51,0.0,801.51,72,2,801.51,3,2,3,潜力客户
16127,2009-12-13 12:19:00,2011-10-31 13:58:00,2,0,801.31,0.0,801.31,39,2,801.31,4,2,3,新近客户
12696,2010-07-19 10:02:00,2010-10-01 10:43:00,2,1,851.91,50.76,801.15,434,2,801.15,1,2,3,沉睡/低频
15314,2010-10-07 15:41:00,2011-05-24 14:39:00,3,1,820.45,19.8,800.65,199,3,800.65,2,3,3,高价值流失风险
17023,2010-01-11 15:09:00,2010-10-18 15:37:00,3,0,800.18,0.0,800.18,417,3,800.18,1,3,3,高价值流失风险
16048,2010-06-08 12:36:00,2010-12-01 15:28:00,4,2,818.79,18.7,800.09,373,4,800.09,2,4,3,高价值流失风险
13720,2011-03-30 09:17:00,2011-08-15 12:46:00,4,0,799.9,0.0,799.9,116,4,799.9,3,4,3,忠诚客户
15766,2010-01-26 15:55:00,2011-10-06 17:03:00,3,1,831.06,31.4,799.66,64,3,799.66,3,3,3,潜力客户
13041,2010-04-29 08:43:00,2010-09-15 11:44:00,4,0,799.13,0.0,799.13,450,4,799.13,1,4,3,高价值流失风险
16438,2011-09-18 13:31:00,2011-12-04 10:51:00,5,0,798.35,0.0,798.35,5,5,798.35,5,4,3,忠诚客户
13389,2011-04-21 12:12:00,2011-11-28 14:01:00,3,0,797.96,0.0,797.96,11,3,797.96,5,3,3,潜力客户
17281,2010-02-04 13:00:00,2010-11-30 18:05:00,6,0,797.85,0.0,797.85,374,6,797.85,2,4,3,高价值流失风险
15637,2009-12-15 17:54:00,2011-10-18 08:28:00,5,0,797.59,0.0,797.59,52,5,797.59,4,4,3,忠诚客户
16869,2011-06-17 13:01:00,2011-11-17 12:02:00,4,1,817.12,19.8,797.32,22,4,797.32,4,4,3,忠诚客户
13513,2010-02-22 16:36:00,2011-08-05 11:50:00,3,1,824.59,27.6,796.99,126,3,796.99,3,3,3,潜力客户
15396,2010-05-05 09:04:00,2011-08-19 10:56:00,2,0,796.38,0.0,796.38,112,2,796.38,3,2,3,潜力客户
16952,2009-12-11 13:52:00,2011-08-22 13:03:00,5,0,795.83,0.0,795.83,109,5,795.83,3,4,3,忠诚客户
13336,2011-09-23 14:05:00,2011-09-23 14:05:00,1,0,795.12,0.0,795.12,77,1,795.12,3,1,3,潜力客户
17212,2010-08-10 09:22:00,2011-03-31 19:42:00,3,0,794.41,0.0,794.41,253,3,794.41,2,3,3,高价值流失风险
13175,2009-12-04 12:11:00,2010-05-06 13:13:00,2,2,831.45,38.35,793.1,582,2,793.1,1,2,3,沉睡/低频
13296,2010-05-11 14:29:00,2011-07-25 13:46:00,6,0,792.51,0.0,792.51,137,6,792.51,3,4,3,忠诚客户
14022,2010-08-10 09:38:00,2011-04-28 14:39:00,2,0,792.15,0.0,792.15,225,2,792.15,2,2,3,沉睡/低频
17251,2009-12-15 10:36:00,2010-12-12 11:06:00,3,1,798.98,8.7,790.28,362,3,790.28,2,3,3,高价值流失风险
14656,2010-04-15 12:10:00,2011-06-23 13:51:00,5,0,790.0,0.0,790.0,169,5,790.0,3,4,3,忠诚客户
13016,2011-08-08 15:00:00,2011-09-27 14:08:00,3,0,789.89,0.0,789.89,73,3,789.89,3,3,3,潜力客户
16472,2010-04-21 11:48:00,2010-10-01 13:56:00,2,0,789.6,0.0,789.6,434,2,789.6,1,2,3,沉睡/低频
15448,2010-02-03 13:29:00,2011-01-31 10:42:00,2,0,788.81,0.0,788.81,312,2,788.81,2,2,3,沉睡/低频
17952,2010-06-16 11:54:00,2010-11-26 13:54:00,4,0,788.46,0.0,788.46,378,4,788.46,2,4,3,高价值流失风险
16661,2009-12-17 15:39:00,2010-06-17 15:24:00,4,1,932.76,144.45,788.31,540,4,788.31,1,4,3,高价值流失风险
13323,2011-09-16 13:23:00,2011-12-06 17:12:00,5,0,787.85,0.0,787.85,3,5,787.85,5,4,3,忠诚客户
16468,2010-08-15 13:10:00,2011-09-26 14:13:00,3,0,787.52,0.0,787.52,74,3,787.52,3,3,3,潜力客户
14087,2009-12-04 15:27:00,2011-12-07 12:41:00,3,2,829.47,42.75,786.72,2,3,786.72,5,3,3,潜力客户
14463,2010-07-28 11:35:00,2011-09-02 15:20:00,4,0,786.57,0.0,786.57,98,4,786.57,3,4,3,忠诚客户
16810,2010-10-15 15:32:00,2011-05-31 15:32:00,2,2,842.04,55.9,786.14,192,2,786.14,2,2,3,沉睡/低频
13770,2009-12-09 14:44:00,2010-10-13 15:10:00,4,0,785.37,0.0,785.37,422,4,785.37,1,4,3,高价值流失风险
15806,2011-03-08 09:24:00,2011-10-24 14:35:00,3,0,784.58,0.0,784.58,46,3,784.58,4,3,3,潜力客户
13595,2010-03-03 14:42:00,2010-07-11 12:36:00,3,0,784.48,0.0,784.48,516,3,784.48,1,3,3,高价值流失风险
15714,2010-06-02 12:08:00,2011-11-28 11:26:00,5,0,783.96,0.0,783.96,11,5,783.96,5,4,3,忠诚客户
18248,2011-06-06 13:18:00,2011-08-09 10:19:00,2,2,804.02,21.0,783.02,122,2,783.02,3,2,3,潜力客户
12761,2010-09-01 10:47:00,2010-09-08 12:17:00,2,0,782.95,0.0,782.95,457,2,782.95,1,2,3,沉睡/低频
16836,2010-05-14 12:52:00,2011-10-31 10:05:00,4,0,782.37,0.0,782.37,39,4,782.37,4,4,3,忠诚客户
15304,2010-10-14 10:24:00,2011-10-10 10:23:00,9,2,796.4,14.1,782.3,60,9,782.3,3,5,3,忠诚客户
15952,2011-04-28 12:55:00,2011-11-06 11:18:00,4,0,781.91,0.0,781.91,33,4,781.91,4,4,3,忠诚客户
17255,2010-09-19 15:53:00,2011-10-30 12:18:00,4,0,781.7,0.0,781.7,40,4,781.7,4,4,3,忠诚客户
13544,2010-03-05 11:31:00,2011-10-31 11:57:00,6,1,790.2,8.5,781.7,39,6,781.7,4,4,3,忠诚客户
17817,2010-10-13 15:07:00,2011-12-05 14:39:00,6,1,788.15,6.7,781.45,4,6,781.45,5,4,3,忠诚客户
15679,2011-06-10 08:24:00,2011-11-15 16:19:00,4,0,781.28,0.0,781.28,24,4,781.28,4,4,3,忠诚客户
16155,2010-06-18 11:23:00,2010-11-23 12:03:00,5,1,796.9,15.85,781.05,381,5,781.05,2,4,3,高价值流失风险
15246,2010-06-02 11:28:00,2011-04-15 14:45:00,3,0,780.4,0.0,780.4,238,3,780.4,2,3,3,高价值流失风险
12735,2011-01-06 14:26:00,2011-01-28 13:37:00,2,0,779.57,0.0,779.57,315,2,779.57,2,2,3,沉睡/低频
13212,2011-10-09 14:48:00,2011-11-20 12:40:00,3,1,786.83,7.5,779.33,19,3,779.33,4,3,3,潜力客户
14815,2011-10-03 11:36:00,2011-11-03 11:36:00,2,0,778.5,0.0,778.5,36,2,778.5,4,2,3,新近客户
16958,2010-09-30 14:25:00,2010-09-30 14:25:00,1,0,778.49,0.0,778.49,435,1,778.49,1,1,3,沉睡/低频
13612,2010-03-17 12:14:00,2010-03-17 12:14:00,1,1,818.29,40.5,777.79,632,1,777.79,1,1,3,沉睡/低频
13965,2010-01-05 15:21:00,2010-08-20 10:40:00,3,2,996.61,218.95,777.66,476,3,777.66,1,3,3,高价值流失风险
16505,2011-11-08 12:14:00,2011-11-08 12:14:00,1,0,777.6,0.0,777.6,31,1,777.6,4,1,3,新近客户
13563,2011-07-22 17:21:00,2011-09-16 14:45:00,2,0,777.53,0.0,777.53,84,2,777.53,3,2,3,潜力客户
15837,2010-08-11 10:16:00,2011-10-06 09:01:00,2,0,777.01,0.0,777.01,64,2,777.01,3,2,3,潜力客户
15794,2009-12-02 15:10:00,2009-12-03 13:04:00,2,0,777.0,0.0,777.0,736,2,777.0,1,2,3,沉睡/低频
12808,2010-09-03 10:24:00,2011-11-03 10:05:00,5,0,776.7,0.0,776.7,36,5,776.7,4,4,3,忠诚客户
15743,2011-06-08 10:14:00,2011-11-23 17:19:00,4,0,775.96,0.0,775.96,16,4,775.96,5,4,3,忠诚客户
13341,2011-03-24 09:50:00,2011-03-24 09:50:00,1,0,775.85,0.0,775.85,260,1,775.85,2,1,3,沉睡/低频
17482,2010-05-10 14:10:00,2010-08-09 15:33:00,2,0,775.64,0.0,775.64,487,2,775.64,1,2,3,沉睡/低频
15921,2010-03-09 11:03:00,2011-06-20 11:03:00,4,0,775.26,0.0,775.26,172,4,775.26,3,4,3,忠诚客户
15414,2011-04-11 13:45:00,2011-11-30 09:50:00,3,0,774.9,0.0,774.9,9,3,774.9,5,3,3,潜力客户
13502,2010-06-09 10:52:00,2011-11-23 10:39:00,5,1,780.5,5.9,774.6,16,5,774.6,5,4,3,忠诚客户
15773,2010-10-26 15:27:00,2011-12-04 12:48:00,2,0,774.52,0.0,774.52,5,2,774.52,5,2,3,新近客户
18058,2010-02-10 09:38:00,2011-11-30 08:38:00,3,0,774.06,0.0,774.06,9,3,774.06,5,3,3,潜力客户
18112,2010-06-06 12:40:00,2011-11-27 14:43:00,4,0,773.36,0.0,773.36,12,4,773.36,5,4,3,忠诚客户
15092,2010-09-03 12:33:00,2011-05-08 14:10:00,3,1,776.46,3.3,773.16,215,3,773.16,2,3,3,高价值流失风险
15075,2011-09-23 12:27:00,2011-09-23 12:27:00,1,0,773.03,0.0,773.03,77,1,773.03,3,1,3,潜力客户
16961,2010-06-25 14:36:00,2011-08-15 13:46:00,3,3,794.56,21.55,773.01,116,3,773.01,3,3,3,潜力客户
16759,2011-11-09 09:06:00,2011-12-02 12:42:00,3,1,789.79,16.95,772.84,7,3,772.84,5,3,3,潜力客户
17349,2010-03-18 14:26:00,2011-06-13 14:29:00,5,0,772.41,0.0,772.41,179,5,772.41,3,4,3,忠诚客户
16739,2010-06-21 09:38:00,2011-06-16 09:17:00,2,2,786.43,14.2,772.23,176,2,772.23,3,2,3,潜力客户
14997,2010-02-22 12:11:00,2011-10-24 13:28:00,4,1,776.6,5.22,771.38,46,4,771.38,4,4,3,忠诚客户
14513,2010-05-20 17:57:00,2011-08-31 11:25:00,6,1,788.01,17.1,770.91,100,6,770.91,3,4,3,忠诚客户
13781,2009-12-18 15:46:00,2011-04-03 12:08:00,3,1,778.83,7.95,770.88,250,3,770.88,2,3,3,高价值流失风险
12923,2010-05-13 14:55:00,2011-10-06 16:20:00,3,0,770.42,0.0,770.42,64,3,770.42,3,3,3,潜力客户
14838,2009-12-03 09:52:00,2010-10-12 15:46:00,2,0,769.92,0.0,769.92,423,2,769.92,1,2,3,沉睡/低频
12965,2011-09-11 15:31:00,2011-09-11 15:31:00,1,0,769.81,0.0,769.81,89,1,769.81,3,1,3,潜力客户
12628,2011-10-06 09:28:00,2011-12-05 13:15:00,3,1,786.46,16.85,769.61,4,3,769.61,5,3,3,潜力客户
16480,2011-09-25 11:40:00,2011-09-25 11:40:00,1,0,769.29,0.0,769.29,75,1,769.29,3,1,3,潜力客户
18228,2011-09-21 10:48:00,2011-10-14 09:21:00,2,1,779.9,10.7,769.2,56,2,769.2,4,2,3,新近客户
16978,2010-02-11 16:27:00,2011-09-23 12:50:00,3,0,768.88,0.0,768.88,77,3,768.88,3,3,3,潜力客户
13356,2011-09-20 14:33:00,2011-09-20 14:33:00,1,0,768.24,0.0,768.24,80,1,768.24,3,1,3,潜力客户
12440,2009-12-22 12:03:00,2010-09-03 13:11:00,2,1,859.2,91.05,768.15,462,2,768.15,1,2,3,沉睡/低频
17801,2010-01-17 11:31:00,2010-09-14 14:32:00,3,1,770.03,2.55,767.48,451,3,767.48,1,3,3,高价值流失风险
13484,2010-03-10 11:46:00,2011-04-12 16:30:00,3,1,790.72,23.4,767.32,241,3,767.32,2,3,3,高价值流失风险
13712,2010-04-08 11:16:00,2011-04-07 12:33:00,2,0,766.42,0.0,766.42,246,2,766.42,2,2,3,沉睡/低频
14976,2011-01-17 11:09:00,2011-10-13 16:37:00,7,1,790.86,25.0,765.86,57,7,765.86,4,4,3,忠诚客户
12991,2010-11-15 13:43:00,2011-11-16 15:34:00,3,0,764.82,0.0,764.82,23,3,764.82,4,3,3,潜力客户
14690,2010-10-25 12:20:00,2011-10-26 15:39:00,4,1,777.68,13.09,764.59,44,4,764.59,4,4,3,忠诚客户
14413,2010-01-19 14:27:00,2010-12-12 13:37:00,4,0,764.52,0.0,764.52,362,4,764.52,2,4,3,高价值流失风险
15239,2011-09-22 09:53:00,2011-11-29 14:14:00,2,1,780.59,16.25,764.34,10,2,764.34,5,2,3,新近客户
17466,2011-09-22 09:16:00,2011-11-29 13:15:00,2,0,763.28,0.0,763.28,10,2,763.28,5,2,3,新近客户
15428,2009-12-17 17:46:00,2011-11-24 16:54:00,4,0,762.75,0.0,762.75,15,4,762.75,5,4,3,忠诚客户
15646,2010-10-25 13:06:00,2011-07-05 09:53:00,5,1,784.81,22.5,762.31,157,5,762.31,3,4,3,忠诚客户
16806,2011-04-14 19:59:00,2011-08-28 15:27:00,4,0,762.16,0.0,762.16,103,4,762.16,3,4,3,忠诚客户
13745,2010-06-11 17:19:00,2011-06-30 16:43:00,2,2,777.36,16.09,761.27,162,2,761.27,3,2,3,潜力客户
15066,2011-10-17 13:25:00,2011-10-17 13:25:00,1,1,893.59,133.0,760.59,53,1,760.59,4,1,3,新近客户
17425,2011-10-10 11:37:00,2011-11-20 15:30:00,2,0,759.17,0.0,759.17,19,2,759.17,4,2,3,新近客户
17495,2010-11-14 11:50:00,2011-12-02 12:08:00,3,1,806.72,47.65,759.07,7,3,759.07,5,3,3,潜力客户
13453,2010-11-02 13:23:00,2011-06-27 09:34:00,3,2,781.69,22.7,758.99,165,3,758.99,3,3,3,潜力客户
18246,2010-04-09 10:19:00,2011-11-16 11:49:00,3,0,758.82,0.0,758.82,23,3,758.82,4,3,3,潜力客户
15908,2010-07-15 19:21:00,2010-08-06 11:56:00,2,0,758.62,0.0,758.62,490,2,758.62,1,2,3,沉睡/低频
15568,2011-09-27 14:37:00,2011-12-07 11:27:00,3,0,758.29,0.0,758.29,2,3,758.29,5,3,3,潜力客户
13768,2009-12-09 10:25:00,2009-12-13 10:41:00,2,6,875.97,117.9,758.07,726,2,758.07,1,2,3,沉睡/低频
15006,2010-09-12 13:03:00,2011-10-19 15:08:00,2,0,757.78,0.0,757.78,51,2,757.78,4,2,3,新近客户
13034,2010-11-03 15:22:00,2011-10-16 12:21:00,3,0,756.82,0.0,756.82,54,3,756.82,4,3,3,潜力客户
16392,2010-05-27 11:17:00,2011-03-15 12:11:00,3,0,756.7,0.0,756.7,269,3,756.7,2,3,3,高价值流失风险
14883,2011-05-12 09:49:00,2011-11-21 10:23:00,6,1,761.59,4.95,756.64,18,6,756.64,5,4,3,忠诚客户
16411,2010-10-07 15:09:00,2011-11-20 13:23:00,4,0,756.39,0.0,756.39,19,4,756.39,4,4,3,忠诚客户
14037,2009-12-07 11:39:00,2011-06-16 13:57:00,6,1,836.95,81.0,755.95,176,6,755.95,3,4,3,忠诚客户
15331,2010-04-09 14:26:00,2010-07-28 09:42:00,3,1,767.91,12.5,755.41,499,3,755.41,1,3,3,高价值流失风险
18104,2011-11-02 14:07:00,2011-11-02 14:07:00,1,0,754.64,0.0,754.64,37,1,754.64,4,1,3,新近客户
18034,2010-11-29 12:36:00,2011-11-18 12:22:00,3,0,754.2,0.0,754.2,21,3,754.2,4,3,3,潜力客户
14234,2011-10-13 13:58:00,2011-11-17 17:53:00,4,0,754.12,0.0,754.12,22,4,754.12,4,4,3,忠诚客户
14176,2010-11-23 13:21:00,2011-02-15 13:12:00,5,1,756.46,2.9,753.56,297,5,753.56,2,4,3,高价值流失风险
14998,2010-04-13 16:07:00,2011-06-22 17:30:00,4,0,753.18,0.0,753.18,170,4,753.18,3,4,3,忠诚客户
13730,2011-07-01 12:47:00,2011-07-27 08:35:00,2,0,752.6,0.0,752.6,135,2,752.6,3,2,3,潜力客户
13030,2010-12-06 14:31:00,2011-11-28 14:30:00,2,0,752.44,0.0,752.44,11,2,752.44,5,2,3,新近客户
14247,2010-06-06 15:07:00,2011-03-06 15:21:00,5,1,753.56,2.95,750.61,278,5,750.61,2,4,3,高价值流失风险
13598,2010-02-26 11:22:00,2011-10-23 14:28:00,5,1,761.96,12.75,749.21,47,5,749.21,4,4,3,忠诚客户
14923,2011-10-20 11:51:00,2011-10-20 11:51:00,1,0,749.1,0.0,749.1,50,1,749.1,4,1,3,新近客户
16972,2010-09-09 11:20:00,2010-11-22 10:59:00,2,0,749.0,0.0,749.0,382,2,749.0,2,2,3,沉睡/低频
14912,2010-01-26 16:29:00,2011-11-23 09:20:00,6,5,1889.25,1140.67,748.58,16,6,748.58,5,4,3,忠诚客户
15656,2011-02-28 15:32:00,2011-10-25 14:56:00,4,0,748.5,0.0,748.5,45,4,748.5,4,4,3,忠诚客户
13108,2010-09-30 17:09:00,2010-12-02 10:35:00,2,0,748.46,0.0,748.46,372,2,748.46,2,2,3,沉睡/低频
15137,2010-01-28 15:45:00,2010-07-07 09:41:00,2,3,823.4,75.85,747.55,520,2,747.55,1,2,3,沉睡/低频
15618,2011-07-26 10:13:00,2011-11-07 08:34:00,4,1,776.851,29.82,747.031,32,4,747.031,4,4,3,忠诚客户
15533,2011-09-11 15:41:00,2011-11-20 15:35:00,3,2,807.57,60.65,746.92,19,3,746.92,4,3,3,潜力客户
17387,2011-11-06 11:25:00,2011-11-20 11:00:00,2,0,746.81,0.0,746.81,19,2,746.81,4,2,3,新近客户
17889,2010-03-31 10:54:00,2011-05-11 16:26:00,7,0,746.42,0.0,746.42,212,7,746.42,2,4,3,高价值流失风险
14050,2011-08-25 13:46:00,2011-11-08 10:00:00,2,0,746.36,0.0,746.36,31,2,746.36,4,2,3,新近客户
14228,2010-06-11 12:29:00,2010-09-28 09:45:00,3,0,745.5,0.0,745.5,437,3,745.5,1,3,3,高价值流失风险
17579,2010-05-10 14:28:00,2011-12-05 12:28:00,4,1,753.28,8.7,744.58,4,4,744.58,5,4,3,忠诚客户
14437,2010-05-05 12:20:00,2010-12-09 09:27:00,5,2,873.34,128.9,744.44,365,5,744.44,2,4,3,高价值流失风险
12871,2010-09-26 10:34:00,2011-09-16 15:07:00,3,0,744.02,0.0,744.02,84,3,744.02,3,3,3,潜力客户
13070,2009-12-07 14:44:00,2011-05-31 13:45:00,4,1,751.7,7.8,743.9,192,4,743.9,2,4,3,高价值流失风险
13354,2011-09-29 13:17:00,2011-09-29 13:17:00,1,0,743.53,0.0,743.53,71,1,743.53,3,1,3,潜力客户
14104,2010-05-28 16:11:00,2011-07-08 12:50:00,5,0,743.53,0.0,743.53,154,5,743.53,3,4,3,忠诚客户
17038,2010-10-20 16:04:00,2011-11-09 13:50:00,2,0,743.17,0.0,743.17,30,2,743.17,4,2,3,新近客户
15420,2009-12-05 13:29:00,2010-10-01 15:46:00,6,0,743.0,0.0,743.0,434,6,743.0,1,4,3,高价值流失风险
14302,2009-12-02 08:16:00,2010-10-05 08:10:00,3,0,742.9,0.0,742.9,430,3,742.9,1,3,3,高价值流失风险
18275,2009-12-08 16:23:00,2010-05-10 15:46:00,2,0,741.85,0.0,741.85,578,2,741.85,1,2,3,沉睡/低频
13721,2010-11-09 17:59:00,2011-11-03 14:05:00,2,0,741.54,0.0,741.54,36,2,741.54,4,2,3,新近客户
13713,2010-05-05 16:48:00,2010-10-27 16:18:00,3,0,740.76,0.0,740.76,408,3,740.76,2,3,3,高价值流失风险
15831,2011-01-19 14:52:00,2011-10-12 13:14:00,3,1,794.64,54.0,740.64,58,3,740.64,4,3,3,潜力客户
15107,2010-09-14 10:47:00,2011-02-01 14:46:00,9,3,824.35,84.09,740.26,311,9,740.26,2,5,3,高价值流失风险
17114,2011-01-09 11:39:00,2011-12-04 12:17:00,8,2,801.12,61.4,739.72,5,8,739.72,5,5,3,忠诚客户
15720,2010-06-07 15:40:00,2011-11-15 14:48:00,2,0,739.22,0.0,739.22,24,2,739.22,4,2,3,新近客户
12603,2011-11-18 10:42:00,2011-11-18 10:42:00,1,0,739.2,0.0,739.2,21,1,739.2,4,1,3,新近客户
17760,2010-02-28 12:15:00,2011-11-18 10:56:00,6,1,746.39,7.25,739.14,21,6,739.14,4,4,3,忠诚客户
15988,2010-02-21 11:36:00,2011-11-20 13:23:00,3,0,738.89,0.0,738.89,19,3,738.89,4,3,3,潜力客户
12632,2010-05-24 09:07:00,2010-07-07 09:39:00,2,2,804.88,66.0,738.88,520,2,738.88,1,2,3,沉睡/低频
15070,2009-12-15 13:49:00,2010-12-02 11:23:00,3,0,737.05,0.0,737.05,372,3,737.05,2,3,3,高价值流失风险
15462,2010-09-20 10:23:00,2011-09-06 13:11:00,4,0,737.05,0.0,737.05,94,4,737.05,3,4,3,忠诚客户
17461,2011-11-10 12:01:00,2011-11-17 10:21:00,3,0,735.82,0.0,735.82,22,3,735.82,4,3,3,潜力客户
18190,2009-12-22 12:05:00,2011-05-31 14:48:00,5,1,745.62,9.95,735.67,192,5,735.67,2,4,3,高价值流失风险
12527,2010-06-28 15:37:00,2011-09-19 11:55:00,5,0,735.51,0.0,735.51,81,5,735.51,3,4,3,忠诚客户
13286,2010-04-18 15:35:00,2010-04-18 15:35:00,1,0,734.91,0.0,734.91,600,1,734.91,1,1,3,沉睡/低频
15938,2010-06-01 09:42:00,2011-08-19 12:56:00,9,0,734.81,0.0,734.81,112,9,734.81,3,5,3,忠诚客户
17616,2010-09-14 10:43:00,2011-06-19 10:11:00,4,0,734.4,0.0,734.4,173,4,734.4,3,4,3,忠诚客户
12465,2011-06-23 13:37:00,2011-11-22 16:34:00,2,1,742.19,8.3,733.89,17,2,733.89,5,2,3,新近客户
12537,2010-10-27 08:36:00,2010-10-27 08:36:00,1,0,732.94,0.0,732.94,408,1,732.94,2,1,3,沉睡/低频
13575,2011-06-16 14:24:00,2011-11-16 13:14:00,5,0,732.07,0.0,732.07,23,5,732.07,4,4,3,忠诚客户
13780,2010-10-28 19:51:00,2011-12-02 13:49:00,3,0,732.07,0.0,732.07,7,3,732.07,5,3,3,潜力客户
14778,2011-02-04 11:43:00,2011-08-04 15:23:00,2,0,730.86,0.0,730.86,127,2,730.86,3,2,3,潜力客户
13452,2010-08-24 09:53:00,2011-03-25 14:19:00,3,0,729.8,0.0,729.8,259,3,729.8,2,3,3,高价值流失风险
12925,2010-04-26 10:32:00,2011-12-05 11:11:00,3,0,729.33,0.0,729.33,4,3,729.33,5,3,3,潜力客户
15872,2010-06-07 14:53:00,2011-11-25 11:55:00,4,0,729.25,0.0,729.25,14,4,729.25,5,4,3,忠诚客户
17756,2010-11-10 12:54:00,2010-11-29 12:20:00,3,0,728.75,0.0,728.75,375,3,728.75,2,3,3,高价值流失风险
13950,2011-04-07 11:29:00,2011-11-28 14:44:00,4,1,745.06,16.5,728.56,11,4,728.56,5,4,3,忠诚客户
12786,2010-04-09 12:12:00,2010-04-09 12:12:00,1,0,728.5,0.0,728.5,609,1,728.5,1,1,3,沉睡/低频
17141,2010-01-24 14:19:00,2010-10-17 14:54:00,4,0,727.58,0.0,727.58,418,4,727.58,1,4,3,高价值流失风险
13236,2011-08-25 08:58:00,2011-11-15 12:50:00,2,1,744.85,17.58,727.27,24,2,727.27,4,2,3,新近客户
16447,2010-02-17 14:09:00,2011-07-27 12:45:00,3,0,727.1,0.0,727.1,135,3,727.1,3,3,3,潜力客户
16075,2010-05-24 15:57:00,2010-07-25 11:31:00,2,1,736.93,9.95,726.98,502,2,726.98,1,2,3,沉睡/低频
13569,2010-10-07 13:05:00,2011-11-22 13:07:00,4,0,726.54,0.0,726.54,17,4,726.54,5,4,3,忠诚客户
16465,2010-09-21 10:46:00,2010-10-15 09:27:00,2,1,746.24,19.9,726.34,420,2,726.34,1,2,3,沉睡/低频
16892,2009-12-08 14:20:00,2011-12-08 13:18:00,7,2,754.75,28.7,726.05,1,7,726.05,5,4,3,忠诚客户
18078,2010-03-21 15:50:00,2011-05-06 14:32:00,4,0,725.53,0.0,725.53,217,4,725.53,2,4,3,高价值流失风险
12723,2011-10-05 15:52:00,2011-12-06 10:19:00,5,0,725.07,0.0,725.07,3,5,725.07,5,4,3,忠诚客户
15368,2010-11-10 15:52:00,2011-11-18 14:42:00,2,0,722.74,0.0,722.74,21,2,722.74,4,2,3,新近客户
16924,2011-09-16 12:54:00,2011-11-18 12:53:00,3,1,829.89,107.25,722.64,21,3,722.64,4,3,3,潜力客户
13264,2010-09-23 12:42:00,2010-09-23 12:42:00,1,0,722.56,0.0,722.56,442,1,722.56,1,1,3,沉睡/低频
13980,2010-02-21 14:18:00,2011-10-10 13:34:00,5,4,768.82,46.8,722.02,60,5,722.02,3,4,3,忠诚客户
18247,2010-03-18 15:52:00,2010-10-21 09:49:00,3,3,839.73,118.3,721.43,414,3,721.43,1,3,3,高价值流失风险
13370,2010-12-03 10:26:00,2010-12-03 10:26:00,1,1,754.87,33.55,721.32,371,1,721.32,2,1,3,沉睡/低频
13441,2010-10-04 10:38:00,2011-09-09 09:38:00,2,0,720.9,0.0,720.9,91,2,720.9,3,2,3,潜力客户
13921,2009-12-18 12:19:00,2010-11-02 16:32:00,4,1,730.7,9.95,720.75,402,4,720.75,2,4,3,高价值流失风险
16023,2011-03-18 13:32:00,2011-10-24 16:34:00,3,0,719.81,0.0,719.81,46,3,719.81,4,3,3,潜力客户
13541,2010-05-18 16:15:00,2010-10-08 16:37:00,2,1,785.25,67.35,717.9,427,2,717.9,1,2,3,沉睡/低频
13537,2010-09-14 10:41:00,2010-10-10 12:45:00,2,0,717.85,0.0,717.85,425,2,717.85,1,2,3,沉睡/低频
12573,2010-08-31 17:25:00,2011-04-26 15:52:00,5,0,717.41,0.0,717.41,227,5,717.41,2,4,3,高价值流失风险
17860,2009-12-11 16:48:00,2010-12-06 12:41:00,4,0,717.39,0.0,717.39,368,4,717.39,2,4,3,高价值流失风险
16526,2010-05-04 16:34:00,2011-06-21 12:02:00,2,0,717.21,0.0,717.21,171,2,717.21,3,2,3,潜力客户
15274,2011-11-21 14:17:00,2011-12-05 16:57:00,2,0,716.57,0.0,716.57,4,2,716.57,5,2,3,新近客户
12535,2011-06-06 12:47:00,2011-09-09 08:48:00,2,0,716.35,0.0,716.35,91,2,716.35,3,2,3,潜力客户
15309,2009-12-04 13:01:00,2010-04-08 11:11:00,4,6,797.96,82.43,715.53,610,4,715.53,1,4,3,高价值流失风险
18133,2011-05-11 14:14:00,2011-05-11 14:14:00,1,1,931.5,216.0,715.5,212,1,715.5,2,1,3,沉睡/低频
12492,2010-11-01 14:58:00,2011-10-07 15:15:00,3,0,715.21,0.0,715.21,63,3,715.21,3,3,3,潜力客户
14798,2010-03-01 08:38:00,2011-10-18 10:58:00,8,1,724.31,9.2,715.11,52,8,715.11,4,5,3,忠诚客户
15330,2011-10-10 12:30:00,2011-11-07 17:50:00,2,0,714.96,0.0,714.96,32,2,714.96,4,2,3,新近客户
16269,2010-09-28 11:50:00,2010-09-28 11:50:00,1,1,717.57,2.98,714.59,437,1,714.59,1,1,3,沉睡/低频
17615,2010-08-11 12:54:00,2011-08-01 14:06:00,6,1,721.8,7.5,714.3,130,6,714.3,3,4,3,忠诚客户
14048,2010-11-22 14:08:00,2011-02-07 14:53:00,3,1,748.69,34.8,713.89,305,3,713.89,2,3,3,高价值流失风险
13512,2010-05-05 13:22:00,2011-03-24 10:03:00,4,0,713.39,0.0,713.39,260,4,713.39,2,4,3,高价值流失风险
13604,2010-02-19 12:02:00,2010-02-19 12:02:00,1,1,717.62,4.23,713.39,658,1,713.39,1,1,3,沉睡/低频
14026,2010-03-24 14:10:00,2010-08-26 10:31:00,2,0,713.11,0.0,713.11,470,2,713.11,1,2,3,沉睡/低频
13147,2011-09-01 12:28:00,2011-11-29 13:59:00,4,0,712.8,0.0,712.8,10,4,712.8,5,4,3,忠诚客户
17761,2011-11-07 10:23:00,2011-11-07 10:23:00,1,0,712.78,0.0,712.78,32,1,712.78,4,1,3,新近客户
17979,2011-03-25 11:34:00,2011-11-04 12:05:00,4,1,732.41,19.9,712.51,35,4,712.51,4,4,3,忠诚客户
14470,2010-10-05 12:39:00,2011-11-28 10:31:00,3,0,712.04,0.0,712.04,11,3,712.04,5,3,3,潜力客户
16602,2010-11-16 09:13:00,2011-11-03 15:54:00,2,3,763.33,51.7,711.63,36,2,711.63,4,2,3,新近客户
15127,2010-07-08 10:07:00,2011-10-05 10:30:00,2,0,711.5,0.0,711.5,65,2,711.5,3,2,3,潜力客户
13699,2010-06-07 13:03:00,2011-07-07 16:51:00,2,1,764.15,52.75,711.4,155,2,711.4,3,2,3,潜力客户
17374,2010-11-09 17:14:00,2011-05-05 09:05:00,3,1,727.11,15.9,711.21,218,3,711.21,2,3,3,高价值流失风险
13103,2010-05-11 14:41:00,2011-10-31 09:38:00,3,0,709.64,0.0,709.64,39,3,709.64,4,3,3,潜力客户
12427,2010-12-03 10:44:00,2011-11-18 08:56:00,3,2,825.8,117.43,708.37,21,3,708.37,4,3,3,潜力客户
12485,2010-06-28 15:22:00,2010-06-28 15:22:00,1,0,708.1,0.0,708.1,529,1,708.1,1,1,3,沉睡/低频
14398,2010-06-30 11:57:00,2010-11-03 13:46:00,2,0,707.79,0.0,707.79,401,2,707.79,2,2,3,沉睡/低频
12781,2011-02-28 08:43:00,2011-10-07 10:37:00,2,3,826.74,119.02,707.72,63,2,707.72,3,2,3,潜力客户
12453,2011-07-28 14:08:00,2011-07-28 14:08:00,1,0,707.09,0.0,707.09,134,1,707.09,3,1,3,潜力客户
14942,2009-12-10 10:32:00,2010-11-03 10:51:00,4,1,746.56,40.0,706.56,401,4,706.56,2,4,3,高价值流失风险
17051,2010-03-21 14:55:00,2011-05-29 14:13:00,4,0,706.49,0.0,706.49,194,4,706.49,2,4,3,高价值流失风险
12890,2010-11-17 14:05:00,2011-11-15 17:26:00,2,0,706.02,0.0,706.02,24,2,706.02,4,2,3,新近客户
16364,2011-07-25 14:35:00,2011-11-28 11:27:00,2,0,705.79,0.0,705.79,11,2,705.79,5,2,3,新近客户
16882,2011-01-26 17:43:00,2011-10-04 10:42:00,3,0,705.12,0.0,705.12,66,3,705.12,3,3,3,潜力客户
12883,2011-09-11 15:18:00,2011-11-15 09:32:00,4,0,703.47,0.0,703.47,24,4,703.47,4,4,3,忠诚客户
15103,2011-09-14 13:54:00,2011-11-08 14:53:00,2,0,703.36,0.0,703.36,31,2,703.36,4,2,3,新近客户
17561,2009-12-06 13:29:00,2011-11-20 12:53:00,4,0,703.02,0.0,703.02,19,4,703.02,4,4,3,忠诚客户
16730,2011-01-24 14:01:00,2011-10-18 14:11:00,3,1,743.11,40.32,702.79,52,3,702.79,4,3,3,潜力客户
14699,2010-07-02 12:04:00,2011-05-09 14:54:00,4,0,702.6,0.0,702.6,214,4,702.6,2,4,3,高价值流失风险
16997,2011-01-18 11:51:00,2011-02-24 17:28:00,3,0,702.0,0.0,702.0,288,3,702.0,2,3,3,高价值流失风险
17825,2009-12-14 12:09:00,2010-04-20 12:01:00,4,0,701.96,0.0,701.96,598,4,701.96,1,4,3,高价值流失风险
14324,2010-01-15 13:31:00,2010-10-26 11:44:00,2,0,701.61,0.0,701.61,409,2,701.61,2,2,3,沉睡/低频
14179,2011-10-18 14:00:00,2011-10-30 12:07:00,2,0,701.57,0.0,701.57,40,2,701.57,4,2,3,新近客户
16565,2010-06-02 12:47:00,2010-12-10 15:21:00,4,1,773.05,72.6,700.45,364,4,700.45,2,4,3,高价值流失风险
13833,2010-10-31 14:11:00,2011-07-03 13:27:00,2,0,700.41,0.0,700.41,159,2,700.41,3,2,3,潜力客户
17163,2010-02-02 10:39:00,2011-11-18 08:57:00,4,0,699.78,0.0,699.78,21,4,699.78,4,4,3,忠诚客户
13242,2010-02-09 13:12:00,2011-08-19 12:53:00,7,0,699.4,0.0,699.4,112,7,699.4,3,4,3,忠诚客户
16018,2009-12-07 13:57:00,2011-10-31 14:13:00,4,0,698.13,0.0,698.13,39,4,698.13,4,4,3,忠诚客户
16415,2010-02-01 12:30:00,2011-10-26 13:35:00,3,0,696.76,0.0,696.76,44,3,696.76,4,3,3,潜力客户
13101,2010-01-27 15:49:00,2011-04-19 14:37:00,4,0,695.4,0.0,695.4,234,4,695.4,2,4,3,高价值流失风险
15995,2010-10-21 13:57:00,2010-10-21 13:57:00,1,0,694.54,0.0,694.54,414,1,694.54,1,1,3,沉睡/低频
15053,2011-03-03 12:06:00,2011-12-05 12:08:00,3,0,693.95,0.0,693.95,4,3,693.95,5,3,3,潜力客户
12414,2010-09-02 12:22:00,2011-05-06 14:51:00,6,2,952.41,260.0,692.41,217,6,692.41,2,4,3,高价值流失风险
17547,2010-02-12 14:34:00,2010-11-29 09:41:00,2,2,727.85,35.5,692.35,375,2,692.35,2,2,3,沉睡/低频
17198,2010-12-03 14:54:00,2011-11-16 10:39:00,3,0,692.22,0.0,692.22,23,3,692.22,4,3,3,潜力客户
17733,2011-03-23 09:54:00,2011-11-01 08:16:00,2,0,692.19,0.0,692.19,38,2,692.19,4,2,3,新近客户
12817,2010-10-01 08:57:00,2011-03-03 16:28:00,3,0,690.98,0.0,690.98,281,3,690.98,2,3,3,高价值流失风险
14880,2011-02-24 12:27:00,2011-09-23 13:42:00,3,0,690.59,0.0,690.59,77,3,690.59,3,3,3,潜力客户
13927,2010-09-28 16:12:00,2011-09-26 12:00:00,2,1,708.26,18.3,689.96,74,2,689.96,3,2,3,潜力客户
16545,2010-11-29 10:39:00,2011-06-28 10:37:00,2,0,689.82,0.0,689.82,164,2,689.82,3,2,3,潜力客户
16015,2011-10-21 12:56:00,2011-12-06 10:58:00,3,1,704.55,14.85,689.7,3,3,689.7,5,3,3,潜力客户
17834,2010-09-20 15:32:00,2010-10-21 12:09:00,2,0,689.67,0.0,689.67,414,2,689.67,1,2,3,沉睡/低频
13626,2010-11-25 16:12:00,2011-04-01 10:05:00,2,1,707.04,17.55,689.49,252,2,689.49,2,2,3,沉睡/低频
17502,2011-11-10 16:39:00,2011-11-30 13:13:00,4,0,689.1,0.0,689.1,9,4,689.1,5,4,3,忠诚客户
15361,2010-06-14 13:27:00,2010-12-13 09:52:00,4,0,689.07,0.0,689.07,361,4,689.07,2,4,3,高价值流失风险
14111,2011-04-12 11:36:00,2011-11-25 13:44:00,4,1,692.85,4.25,688.6,14,4,688.6,5,4,3,忠诚客户
18017,2010-10-04 15:11:00,2011-09-19 16:15:00,4,0,688.0,0.0,688.0,81,4,688.0,3,4,3,忠诚客户
14809,2010-03-28 15:42:00,2010-03-28 15:44:00,2,0,686.76,0.0,686.76,621,2,686.76,1,2,3,沉睡/低频
16309,2011-04-13 11:46:00,2011-08-25 15:35:00,2,1,706.57,19.9,686.67,106,2,686.67,3,2,3,潜力客户
13898,2010-10-24 15:42:00,2011-01-18 10:28:00,2,0,686.4,0.0,686.4,325,2,686.4,2,2,3,沉睡/低频
16824,2010-11-11 12:21:00,2011-11-24 12:38:00,3,0,686.24,0.0,686.24,15,3,686.24,5,3,3,潜力客户
12658,2011-11-21 10:22:00,2011-11-21 10:22:00,1,0,686.05,0.0,686.05,18,1,686.05,5,1,3,新近客户
15219,2010-03-01 11:33:00,2011-06-16 16:57:00,2,0,685.45,0.0,685.45,176,2,685.45,3,2,3,潜力客户
15184,2009-12-16 12:06:00,2011-11-10 13:41:00,4,0,685.39,0.0,685.39,29,4,685.39,4,4,3,忠诚客户
12519,2010-08-20 08:21:00,2011-10-07 09:26:00,2,1,716.54,31.35,685.19,63,2,685.19,3,2,3,潜力客户
14959,2011-02-16 13:00:00,2011-10-06 18:23:00,4,1,695.42,10.45,684.97,64,4,684.97,3,4,3,忠诚客户
16885,2010-11-19 12:51:00,2011-11-24 13:40:00,4,0,684.6,0.0,684.6,15,4,684.6,5,4,3,忠诚客户
14222,2011-06-15 16:42:00,2011-06-15 16:42:00,1,0,683.17,0.0,683.17,177,1,683.17,3,1,3,潜力客户
15582,2011-05-03 13:36:00,2011-11-15 09:55:00,3,0,682.91,0.0,682.91,24,3,682.91,4,3,3,潜力客户
13987,2010-11-04 09:54:00,2010-11-25 10:20:00,2,0,682.54,0.0,682.54,379,2,682.54,2,2,3,沉睡/低频
18187,2010-03-18 09:49:00,2010-03-18 09:49:00,1,2,724.89,42.7,682.19,631,1,682.19,1,1,3,沉睡/低频
12478,2011-12-06 09:56:00,2011-12-06 09:56:00,1,0,680.99,0.0,680.99,3,1,680.99,5,1,3,新近客户
18271,2009-12-08 11:27:00,2010-04-09 09:26:00,2,0,680.85,0.0,680.85,609,2,680.85,1,2,3,沉睡/低频
18082,2011-11-14 12:45:00,2011-11-14 12:45:00,1,0,680.84,0.0,680.84,25,1,680.84,4,1,3,新近客户
13524,2011-05-04 12:26:00,2011-10-30 12:34:00,5,0,680.18,0.0,680.18,40,5,680.18,4,4,3,忠诚客户
13809,2010-09-05 11:42:00,2011-02-07 13:15:00,3,0,679.7,0.0,679.7,305,3,679.7,2,3,3,高价值流失风险
14497,2010-02-04 09:59:00,2011-02-03 17:01:00,2,1,697.06,17.9,679.16,309,2,679.16,2,2,3,沉睡/低频
17782,2010-11-22 10:03:00,2010-11-22 11:15:00,2,0,679.02,0.0,679.02,382,2,679.02,2,2,3,沉睡/低频
16262,2010-11-26 13:22:00,2010-11-26 13:22:00,1,2,755.15,77.37,677.78,378,1,677.78,2,1,3,沉睡/低频
15669,2011-03-21 09:13:00,2011-10-30 16:03:00,4,1,684.34,6.65,677.69,40,4,677.69,4,4,3,忠诚客户
16601,2010-03-26 13:39:00,2011-10-30 11:09:00,3,0,677.0,0.0,677.0,40,3,677.0,4,3,3,潜力客户
13040,2011-11-06 13:53:00,2011-12-01 10:38:00,2,0,676.99,0.0,676.99,8,2,676.99,5,2,3,新近客户
13729,2010-01-24 14:57:00,2010-09-30 10:44:00,3,2,724.73,48.3,676.43,435,3,676.43,1,3,3,高价值流失风险
18156,2010-12-05 12:29:00,2011-11-27 12:24:00,2,0,675.64,0.0,675.64,12,2,675.64,5,2,3,新近客户
12942,2010-12-09 09:34:00,2011-07-31 14:39:00,3,0,675.6,0.0,675.6,131,3,675.6,3,3,3,潜力客户
13325,2011-09-19 10:36:00,2011-09-19 10:36:00,1,0,675.3,0.0,675.3,81,1,675.3,3,1,3,潜力客户
16646,2010-09-16 13:28:00,2010-09-16 13:28:00,1,1,678.8,3.75,675.05,449,1,675.05,1,1,3,沉睡/低频
13355,2011-08-09 14:48:00,2011-08-09 14:48:00,1,0,674.7,0.0,674.7,122,1,674.7,3,1,3,潜力客户
16449,2011-03-04 12:15:00,2011-05-26 10:25:00,2,1,707.69,33.0,674.69,197,2,674.69,2,2,3,沉睡/低频
13585,2009-12-01 14:56:00,2010-06-27 12:33:00,3,1,684.54,10.08,674.46,530,3,674.46,1,3,3,高价值流失风险
13951,2011-02-18 15:21:00,2011-06-16 16:43:00,3,0,674.45,0.0,674.45,176,3,674.45,3,3,3,潜力客户
12601,2010-10-31 10:57:00,2011-06-03 10:17:00,6,1,681.26,7.5,673.76,189,6,673.76,2,4,3,高价值流失风险
14504,2011-03-06 14:38:00,2011-10-23 16:00:00,4,0,673.26,0.0,673.26,47,4,673.26,4,4,3,忠诚客户
16226,2010-10-22 11:19:00,2011-05-20 14:41:00,5,0,672.17,0.0,672.17,203,5,672.17,2,4,3,高价值流失风险
15562,2009-12-13 15:17:00,2010-12-23 09:55:00,3,0,671.43,0.0,671.43,351,3,671.43,2,3,3,高价值流失风险
17709,2010-04-15 14:48:00,2011-06-23 11:55:00,5,0,671.01,0.0,671.01,169,5,671.01,3,4,3,忠诚客户
13398,2010-09-17 09:34:00,2011-05-31 13:17:00,2,0,670.34,0.0,670.34,192,2,670.34,2,2,3,沉睡/低频
15363,2010-08-04 08:41:00,2010-12-02 12:28:00,2,1,678.11,7.95,670.16,372,2,670.16,2,2,3,沉睡/低频
17418,2010-11-17 13:42:00,2011-10-28 13:00:00,3,0,670.06,0.0,670.06,42,3,670.06,4,3,3,潜力客户
13255,2010-07-15 13:20:00,2011-11-30 13:14:00,3,1,678.76,8.85,669.91,9,3,669.91,5,3,3,潜力客户
15901,2010-06-14 12:39:00,2011-11-23 12:43:00,7,2,687.72,18.99,668.73,16,7,668.73,5,4,3,忠诚客户
16268,2011-09-29 18:30:00,2011-09-29 18:30:00,2,0,667.65,0.0,667.65,71,2,667.65,3,2,3,潜力客户
12450,2010-08-22 13:11:00,2011-07-06 14:41:00,5,2,688.2,21.25,666.95,156,5,666.95,3,4,3,忠诚客户
14356,2011-09-19 14:43:00,2011-09-21 09:18:00,2,2,701.23,34.29,666.94,79,2,666.94,3,2,3,潜力客户
14151,2009-12-23 10:54:00,2010-02-04 15:35:00,2,1,679.45,12.75,666.7,673,2,666.7,1,2,3,沉睡/低频
18123,2010-07-14 12:47:00,2011-11-15 14:23:00,3,0,666.64,0.0,666.64,24,3,666.64,4,3,3,潜力客户
13741,2011-05-06 13:43:00,2011-09-29 09:19:00,3,1,668.43,2.1,666.33,71,3,666.33,3,3,3,潜力客户
14932,2010-11-19 09:16:00,2010-12-09 11:48:00,2,0,666.13,0.0,666.13,365,2,666.13,2,2,3,沉睡/低频
17105,2011-02-06 14:46:00,2011-07-03 15:53:00,2,0,665.78,0.0,665.78,159,2,665.78,3,2,3,潜力客户
13415,2009-12-11 14:20:00,2010-08-24 11:38:00,4,1,784.17,118.75,665.42,472,4,665.42,1,4,3,高价值流失风险
16132,2010-03-22 10:25:00,2010-06-13 13:49:00,2,0,664.2,0.0,664.2,544,2,664.2,1,2,3,沉睡/低频
16704,2010-02-05 14:14:00,2010-03-31 14:02:00,2,0,664.16,0.0,664.16,618,2,664.16,1,2,3,沉睡/低频
13596,2011-11-27 11:57:00,2011-12-04 12:01:00,2,0,664.11,0.0,664.11,5,2,664.11,5,2,3,新近客户
15700,2011-06-19 15:36:00,2011-06-20 16:53:00,2,1,696.68,32.65,664.03,172,2,664.03,3,2,3,潜力客户
14720,2011-08-05 12:06:00,2011-12-04 12:02:00,3,0,663.81,0.0,663.81,5,3,663.81,5,3,3,潜力客户
13974,2010-05-06 17:55:00,2011-10-21 14:41:00,2,2,677.72,14.2,663.52,49,2,663.52,4,2,3,新近客户
16679,2010-06-10 18:35:00,2010-12-08 13:51:00,3,0,663.31,0.0,663.31,366,3,663.31,2,3,3,高价值流失风险
17462,2011-02-28 17:01:00,2011-10-10 13:56:00,2,1,675.69,12.75,662.94,60,2,662.94,3,2,3,潜力客户
12837,2010-05-19 15:10:00,2011-06-19 16:07:00,2,0,662.66,0.0,662.66,173,2,662.66,3,2,3,潜力客户
13864,2010-11-18 12:50:00,2010-11-18 12:50:00,1,0,662.4,0.0,662.4,386,1,662.4,2,1,3,沉睡/低频
16862,2010-01-07 12:57:00,2010-06-10 13:05:00,4,0,662.33,0.0,662.33,547,4,662.33,1,4,3,高价值流失风险
14182,2010-04-22 15:36:00,2010-09-22 11:45:00,4,1,678.77,18.7,660.07,443,4,660.07,1,4,3,高价值流失风险
14603,2011-03-10 10:27:00,2011-03-10 10:27:00,1,0,660.0,0.0,660.0,274,1,660.0,2,1,3,沉睡/低频
15405,2010-05-12 15:56:00,2011-06-03 14:44:00,2,0,659.84,0.0,659.84,189,2,659.84,2,2,3,沉睡/低频
13028,2011-10-25 14:09:00,2011-11-17 11:10:00,2,1,661.32,1.64,659.68,22,2,659.68,4,2,3,新近客户
15492,2011-09-26 14:02:00,2011-11-11 14:53:00,2,0,659.46,0.0,659.46,28,2,659.46,4,2,3,新近客户
13759,2011-09-29 15:40:00,2011-11-06 14:47:00,2,0,659.41,0.0,659.41,33,2,659.41,4,2,3,新近客户
14452,2010-07-06 13:13:00,2011-11-29 12:06:00,4,0,658.95,0.0,658.95,10,4,658.95,5,4,3,忠诚客户
14150,2010-12-15 10:04:00,2011-11-04 10:05:00,2,0,658.64,0.0,658.64,35,2,658.64,4,2,3,新近客户
17874,2011-03-29 11:25:00,2011-06-07 12:54:00,6,1,683.46,25.2,658.26,185,6,658.26,3,4,3,忠诚客户
16887,2009-12-01 13:41:00,2011-11-04 14:07:00,3,0,658.17,0.0,658.17,35,3,658.17,4,3,3,潜力客户
15715,2010-03-30 12:17:00,2010-06-02 09:56:00,5,0,658.02,0.0,658.02,555,5,658.02,1,4,3,高价值流失风险
16696,2011-04-05 15:20:00,2011-07-27 14:23:00,4,0,657.9,0.0,657.9,135,4,657.9,3,4,3,忠诚客户
17852,2009-12-08 12:51:00,2011-11-28 12:36:00,5,0,657.81,0.0,657.81,11,5,657.81,5,4,3,忠诚客户
17459,2011-10-10 17:00:00,2011-10-27 13:25:00,2,0,657.3,0.0,657.3,43,2,657.3,4,2,3,新近客户
13433,2010-01-12 08:59:00,2010-07-26 16:55:00,4,1,658.32,1.45,656.87,501,4,656.87,1,4,3,高价值流失风险
16708,2011-10-25 12:20:00,2011-10-25 12:20:00,1,0,656.63,0.0,656.63,45,1,656.63,4,1,3,新近客户
14142,2010-03-03 15:13:00,2010-12-01 16:33:00,2,2,671.34,15.4,655.94,373,2,655.94,2,2,3,沉睡/低频
17935,2009-12-04 14:33:00,2011-07-24 13:18:00,7,1,686.14,30.6,655.54,138,7,655.54,3,4,3,忠诚客户
17371,2009-12-08 12:25:00,2011-11-22 13:30:00,6,0,655.37,0.0,655.37,17,6,655.37,5,4,3,忠诚客户
15207,2010-06-10 17:29:00,2010-10-19 13:29:00,3,2,683.92,30.15,653.77,416,3,653.77,1,3,3,高价值流失风险
17398,2011-03-29 13:04:00,2011-08-17 09:48:00,3,0,653.38,0.0,653.38,114,3,653.38,3,3,3,潜力客户
18121,2011-07-08 12:14:00,2011-07-13 12:53:00,2,0,653.3,0.0,653.3,149,2,653.3,3,2,3,潜力客户
16648,2010-04-28 14:58:00,2011-10-28 08:58:00,3,1,672.8,19.8,653.0,42,3,653.0,4,3,3,潜力客户
17523,2011-11-20 13:40:00,2011-11-28 13:20:00,4,0,652.74,0.0,652.74,11,4,652.74,5,4,3,忠诚客户
17962,2010-01-13 15:24:00,2011-07-20 14:16:00,4,1,666.96,14.4,652.56,142,4,652.56,3,4,3,忠诚客户
17572,2009-12-15 10:00:00,2011-09-29 17:53:00,10,0,652.21,0.0,652.21,71,10,652.21,3,5,3,忠诚客户
13622,2010-01-12 13:22:00,2010-01-12 13:22:00,1,1,658.95,7.5,651.45,696,1,651.45,1,1,3,沉睡/低频
13840,2010-10-19 13:34:00,2010-10-19 13:34:00,1,0,651.4,0.0,651.4,416,1,651.4,1,1,3,沉睡/低频
16056,2011-10-25 15:19:00,2011-10-25 15:19:00,1,0,650.75,0.0,650.75,45,1,650.75,4,1,3,新近客户
16969,2011-06-01 12:10:00,2011-10-31 13:12:00,3,0,650.41,0.0,650.41,39,3,650.41,4,3,3,潜力客户
16117,2010-04-27 11:50:00,2011-06-03 11:42:00,3,1,654.4,4.35,650.05,189,3,650.05,2,3,3,高价值流失风险
15098,2011-06-10 15:22:00,2011-06-10 15:33:00,3,2,39916.5,39267.0,649.5,182,3,649.5,3,3,3,潜力客户
15205,2011-08-04 16:07:00,2011-09-15 19:36:00,2,1,653.24,4.41,648.83,85,2,648.83,3,2,3,潜力客户
13430,2011-09-14 14:26:00,2011-11-21 08:19:00,2,2,679.45,30.76,648.69,18,2,648.69,5,2,3,新近客户
12844,2010-04-25 11:51:00,2011-11-10 13:31:00,4,0,648.6,0.0,648.6,29,4,648.6,4,4,3,忠诚客户
16573,2011-02-22 15:14:00,2011-09-16 09:13:00,2,2,663.61,15.2,648.41,84,2,648.41,3,2,3,潜力客户
16495,2011-03-08 16:38:00,2011-12-06 13:20:00,3,0,648.26,0.0,648.26,3,3,648.26,5,3,3,潜力客户
17777,2011-08-31 14:35:00,2011-11-15 12:02:00,3,0,647.56,0.0,647.56,24,3,647.56,4,3,3,潜力客户
15643,2011-03-02 14:34:00,2011-06-01 07:38:00,3,3,664.0,16.6,647.4,191,3,647.4,2,3,3,高价值流失风险
16734,2011-08-17 15:00:00,2011-10-18 13:44:00,3,0,646.76,0.0,646.76,52,3,646.76,4,3,3,潜力客户
13474,2010-08-01 14:40:00,2011-04-17 13:53:00,3,0,646.59,0.0,646.59,236,3,646.59,2,3,3,高价值流失风险
15945,2009-12-01 13:47:00,2010-12-09 13:14:00,4,0,646.27,0.0,646.27,365,4,646.27,2,4,3,高价值流失风险
15012,2010-05-12 11:49:00,2011-10-17 12:22:00,3,0,646.26,0.0,646.26,53,3,646.26,4,3,3,潜力客户
14024,2010-11-14 10:51:00,2011-08-10 11:30:00,3,0,645.74,0.0,645.74,121,3,645.74,3,3,3,潜力客户
16185,2010-05-24 11:04:00,2011-11-23 09:41:00,3,0,644.72,0.0,644.72,16,3,644.72,5,3,3,潜力客户
17312,2011-07-03 13:12:00,2011-07-24 11:52:00,3,0,644.3,0.0,644.3,138,3,644.3,3,3,3,潜力客户
16157,2011-09-28 11:48:00,2011-11-24 11:41:00,3,1,656.69,12.45,644.24,15,3,644.24,5,3,3,潜力客户
17380,2010-06-23 11:24:00,2010-10-01 16:42:00,3,1,645.0,1.25,643.75,434,3,643.75,1,3,3,高价值流失风险
12612,2011-09-26 15:35:00,2011-09-26 15:35:00,1,1,704.04,60.45,643.59,74,1,643.59,3,1,3,潜力客户
17963,2010-01-19 17:25:00,2010-08-25 15:58:00,4,0,643.16,0.0,643.16,471,4,643.16,1,4,3,高价值流失风险
13237,2010-11-17 10:07:00,2010-11-17 10:07:00,1,0,643.0,0.0,643.0,387,1,643.0,2,1,3,沉睡/低频
12624,2011-06-15 12:34:00,2011-08-25 15:04:00,2,0,641.13,0.0,641.13,106,2,641.13,3,2,3,潜力客户
13318,2011-11-02 13:26:00,2011-12-08 18:51:00,3,0,640.76,0.0,640.76,1,3,640.76,5,3,3,潜力客户
14563,2010-04-26 12:51:00,2010-07-18 12:01:00,2,0,640.54,0.0,640.54,509,2,640.54,1,2,3,沉睡/低频
12538,2010-11-26 13:02:00,2011-11-10 17:16:00,2,0,640.45,0.0,640.45,29,2,640.45,4,2,3,新近客户
12880,2010-05-14 11:57:00,2010-11-23 10:50:00,2,0,640.13,0.0,640.13,381,2,640.13,2,2,3,沉睡/低频
12734,2010-11-12 13:26:00,2010-12-22 12:47:00,3,0,639.65,0.0,639.65,352,3,639.65,2,3,3,高价值流失风险
18163,2010-05-04 14:51:00,2010-05-04 14:51:00,1,1,728.84,89.5,639.34,584,1,639.34,1,1,3,沉睡/低频
12699,2010-10-18 12:07:00,2010-10-18 12:07:00,1,0,638.11,0.0,638.11,417,1,638.11,1,1,3,沉睡/低频
15183,2010-05-04 11:31:00,2010-06-10 10:43:00,3,1,639.93,2.9,637.03,547,3,637.03,1,3,3,高价值流失风险
14664,2011-11-06 14:56:00,2011-11-20 10:59:00,2,0,636.24,0.0,636.24,19,2,636.24,4,2,3,新近客户
15829,2011-07-22 10:23:00,2011-09-01 16:45:00,2,0,636.14,0.0,636.14,99,2,636.14,3,2,3,潜力客户
16534,2010-03-07 15:47:00,2010-03-07 15:47:00,1,0,635.9,0.0,635.9,642,1,635.9,1,1,3,沉睡/低频
14425,2009-12-02 11:31:00,2010-10-01 10:24:00,3,2,661.39,25.5,635.89,434,3,635.89,1,3,3,高价值流失风险
16428,2010-07-30 12:10:00,2010-10-22 12:22:00,3,1,638.49,2.95,635.54,413,3,635.54,1,3,3,高价值流失风险
14537,2010-03-26 13:44:00,2011-10-13 10:54:00,2,1,641.4,5.95,635.45,57,2,635.45,4,2,3,新近客户
15297,2011-10-07 09:42:00,2011-11-29 16:32:00,3,1,641.94,6.9,635.04,10,3,635.04,5,3,3,潜力客户
17334,2010-10-29 12:16:00,2011-02-10 14:59:00,3,1,635.15,0.42,634.73,302,3,634.73,2,3,3,高价值流失风险
14365,2010-01-27 09:44:00,2010-11-10 09:52:00,2,0,634.68,0.0,634.68,394,2,634.68,2,2,3,沉睡/低频
17779,2011-07-19 12:19:00,2011-11-18 14:15:00,3,2,650.32,16.4,633.92,21,3,633.92,4,3,3,潜力客户
14219,2010-08-03 14:42:00,2011-12-05 16:23:00,3,0,633.83,0.0,633.83,4,3,633.83,5,3,3,潜力客户
15045,2011-03-27 11:44:00,2011-07-11 11:33:00,2,1,735.66,102.0,633.66,151,2,633.66,3,2,3,潜力客户
17375,2010-10-04 09:14:00,2011-05-24 15:45:00,4,1,660.55,27.6,632.95,199,4,632.95,2,4,3,高价值流失风险
15666,2010-08-01 15:41:00,2010-08-24 16:14:00,2,0,632.94,0.0,632.94,472,2,632.94,1,2,3,沉睡/低频
13820,2010-01-28 12:26:00,2010-10-17 13:46:00,3,2,652.75,20.25,632.5,418,3,632.5,1,3,3,高价值流失风险
13540,2010-02-22 09:22:00,2010-08-29 14:20:00,3,0,632.39,0.0,632.39,467,3,632.39,1,3,3,高价值流失风险
13822,2011-10-30 15:55:00,2011-12-04 12:13:00,2,0,632.0,0.0,632.0,5,2,632.0,5,2,3,新近客户
17985,2011-11-17 14:24:00,2011-11-17 14:24:00,1,0,631.35,0.0,631.35,22,1,631.35,4,1,3,新近客户
13706,2010-03-23 09:18:00,2011-02-10 09:21:00,2,0,631.17,0.0,631.17,302,2,631.17,2,2,3,沉睡/低频
16193,2010-10-25 10:25:00,2011-04-17 11:45:00,2,0,630.43,0.0,630.43,236,2,630.43,2,2,3,沉睡/低频
16399,2010-11-15 15:03:00,2011-11-20 16:12:00,3,0,630.22,0.0,630.22,19,3,630.22,4,3,3,潜力客户
13525,2011-04-05 15:36:00,2011-11-25 12:01:00,2,0,628.78,0.0,628.78,14,2,628.78,5,2,3,新近客户
14283,2010-05-19 12:22:00,2010-09-02 14:46:00,4,0,628.44,0.0,628.44,463,4,628.44,1,4,3,高价值流失风险
13480,2010-01-29 12:35:00,2010-10-19 11:53:00,2,0,627.82,0.0,627.82,416,2,627.82,1,2,3,沉睡/低频
17691,2010-06-11 11:50:00,2010-12-16 17:20:00,4,1,637.55,10.2,627.35,358,4,627.35,2,4,3,高价值流失风险
13518,2011-09-15 10:29:00,2011-09-15 10:29:00,1,0,627.16,0.0,627.16,85,1,627.16,3,1,3,潜力客户
14036,2011-02-28 09:26:00,2011-02-28 09:26:00,1,0,626.65,0.0,626.65,284,1,626.65,2,1,3,沉睡/低频
14381,2010-09-14 16:15:00,2011-10-18 17:10:00,2,0,625.94,0.0,625.94,52,2,625.94,4,2,3,新近客户
16715,2010-05-26 12:35:00,2011-09-22 18:15:00,2,0,625.52,0.0,625.52,78,2,625.52,3,2,3,潜力客户
17134,2010-09-23 18:32:00,2011-08-25 09:53:00,3,0,625.3,0.0,625.3,106,3,625.3,3,3,3,潜力客户
16750,2011-04-21 16:53:00,2011-10-26 12:48:00,5,0,623.93,0.0,623.93,44,5,623.93,4,4,3,忠诚客户
16792,2010-01-04 13:47:00,2011-03-02 14:41:00,5,0,623.46,0.0,623.46,282,5,623.46,2,4,3,高价值流失风险
16431,2011-02-15 14:02:00,2011-05-10 14:09:00,3,0,623.28,0.0,623.28,213,3,623.28,2,3,3,高价值流失风险
15258,2011-05-06 14:16:00,2011-06-24 12:30:00,2,0,623.16,0.0,623.16,168,2,623.16,3,2,3,潜力客户
12575,2010-07-01 09:15:00,2010-09-08 13:09:00,2,0,622.82,0.0,622.82,457,2,622.82,1,2,3,沉睡/低频
14115,2010-02-11 11:44:00,2010-07-26 12:36:00,2,0,622.67,0.0,622.67,501,2,622.67,1,2,3,沉睡/低频
17430,2010-08-17 11:52:00,2011-11-07 09:24:00,4,0,622.57,0.0,622.57,32,4,622.57,4,4,3,忠诚客户
18101,2010-02-03 13:52:00,2011-11-28 13:37:00,5,0,622.01,0.0,622.01,11,5,622.01,5,4,3,忠诚客户
14169,2010-09-21 13:39:00,2010-10-05 08:45:00,2,0,621.51,0.0,621.51,430,2,621.51,1,2,3,沉睡/低频
16368,2010-09-30 11:30:00,2011-12-07 13:12:00,3,0,621.44,0.0,621.44,2,3,621.44,5,3,3,潜力客户
12667,2011-10-12 17:00:00,2011-10-12 17:00:00,1,0,620.13,0.0,620.13,58,1,620.13,4,1,3,新近客户
13444,2010-07-21 14:34:00,2010-11-30 13:02:00,2,0,619.08,0.0,619.08,374,2,619.08,2,2,3,沉睡/低频
14079,2010-01-26 17:19:00,2011-08-07 12:10:00,2,0,618.73,0.0,618.73,124,2,618.73,3,2,3,潜力客户
13493,2011-02-25 16:42:00,2011-03-09 15:35:00,2,0,618.63,0.0,618.63,275,2,618.63,2,2,3,沉睡/低频
16613,2011-09-30 15:52:00,2011-09-30 15:52:00,1,0,618.59,0.0,618.59,70,1,618.59,3,1,3,潜力客户
12596,2011-04-11 13:22:00,2011-10-19 13:02:00,2,0,618.27,0.0,618.27,51,2,618.27,4,2,3,新近客户
13301,2011-02-20 13:13:00,2011-08-28 11:25:00,4,0,618.09,0.0,618.09,103,4,618.09,3,4,3,忠诚客户
13496,2010-12-15 10:17:00,2011-11-29 10:58:00,2,1,653.33,35.4,617.93,10,2,617.93,5,2,3,新近客户
15956,2009-12-13 11:16:00,2010-06-06 13:06:00,2,0,617.6,0.0,617.6,551,2,617.6,1,2,3,沉睡/低频
14377,2011-03-22 13:38:00,2011-06-01 13:32:00,2,0,617.05,0.0,617.05,191,2,617.05,2,2,3,沉睡/低频
13925,2011-07-28 12:09:00,2011-09-08 12:47:00,4,2,678.25,61.6,616.65,92,4,616.65,3,4,3,忠诚客户
16311,2011-10-21 13:13:00,2011-11-22 08:54:00,2,0,616.26,0.0,616.26,17,2,616.26,5,2,3,新近客户
16330,2010-02-15 12:36:00,2011-11-22 12:24:00,7,1,625.38,9.7,615.68,17,7,615.68,5,4,3,忠诚客户
17639,2010-08-13 11:59:00,2011-03-08 15:22:00,6,0,615.17,0.0,615.17,276,6,615.17,2,4,3,高价值流失风险
14077,2010-11-09 16:01:00,2011-10-30 12:35:00,6,0,615.08,0.0,615.08,40,6,615.08,4,4,3,忠诚客户
16847,2010-03-31 13:32:00,2011-10-27 13:29:00,2,0,614.89,0.0,614.89,43,2,614.89,4,2,3,新近客户
16844,2010-05-06 09:16:00,2010-05-26 10:29:00,2,0,614.34,0.0,614.34,562,2,614.34,1,2,3,沉睡/低频
16343,2010-10-28 14:15:00,2011-11-23 17:45:00,3,0,614.12,0.0,614.12,16,3,614.12,5,3,3,潜力客户
14558,2009-12-08 10:41:00,2010-02-23 12:51:00,3,2,655.5,41.4,614.1,654,3,614.1,1,3,3,高价值流失风险
16566,2011-02-20 10:29:00,2011-11-24 16:34:00,5,1,614.66,0.65,614.01,15,5,614.01,5,4,3,忠诚客户
13914,2011-11-03 16:28:00,2011-11-28 10:35:00,2,1,626.45,12.5,613.95,11,2,613.95,5,2,3,新近客户
14570,2010-09-22 13:07:00,2011-03-04 10:58:00,3,0,613.75,0.0,613.75,280,3,613.75,2,3,3,高价值流失风险
15362,2009-12-01 09:08:00,2010-09-17 10:37:00,2,0,613.08,0.0,613.08,448,2,613.08,1,2,3,沉睡/低频
15016,2010-06-14 13:06:00,2011-06-20 12:06:00,5,1,620.89,8.0,612.89,172,5,612.89,3,4,3,忠诚客户
12855,2010-11-02 18:16:00,2010-12-02 09:37:00,4,0,612.84,0.0,612.84,372,4,612.84,2,4,3,高价值流失风险
16178,2010-11-03 14:46:00,2011-07-24 16:05:00,2,0,612.6,0.0,612.6,138,2,612.6,3,2,3,潜力客户
17005,2010-04-30 10:55:00,2010-08-26 10:57:00,2,1,622.36,9.95,612.41,470,2,612.41,1,2,3,沉睡/低频
16589,2010-09-15 14:56:00,2011-09-29 14:50:00,4,0,612.36,0.0,612.36,71,4,612.36,3,4,3,忠诚客户
15232,2011-07-22 12:21:00,2011-08-18 16:27:00,2,0,612.06,0.0,612.06,113,2,612.06,3,2,3,潜力客户
16158,2009-12-05 15:00:00,2010-07-05 13:55:00,9,1,628.32,17.0,611.32,522,9,611.32,1,5,3,高价值流失风险
16922,2010-05-16 11:24:00,2010-05-16 11:24:00,1,0,611.08,0.0,611.08,572,1,611.08,1,1,3,沉睡/低频
14793,2010-06-22 16:54:00,2011-11-18 14:50:00,2,1,625.9,14.85,611.05,21,2,611.05,4,2,3,新近客户
13731,2011-04-07 10:10:00,2011-05-04 14:33:00,2,0,610.59,0.0,610.59,219,2,610.59,2,2,3,沉睡/低频
14636,2011-03-16 09:52:00,2011-11-03 16:12:00,2,0,609.85,0.0,609.85,36,2,609.85,4,2,3,新近客户
15748,2010-09-16 16:52:00,2011-10-30 12:51:00,3,0,609.81,0.0,609.81,40,3,609.81,4,3,3,潜力客户
17325,2010-03-08 11:31:00,2011-03-04 13:09:00,3,0,609.57,0.0,609.57,280,3,609.57,2,3,3,高价值流失风险
15275,2011-11-02 11:20:00,2011-11-02 11:20:00,1,1,615.14,5.95,609.19,37,1,609.19,4,1,3,新近客户
16675,2010-08-18 13:11:00,2010-09-24 12:15:00,2,0,608.86,0.0,608.86,441,2,608.86,1,2,3,沉睡/低频
13933,2011-07-14 13:35:00,2011-08-22 14:03:00,2,0,608.79,0.0,608.79,109,2,608.79,3,2,3,潜力客户
15147,2011-04-13 15:57:00,2011-04-13 15:57:00,1,1,623.5,14.85,608.65,240,1,608.65,2,1,3,沉睡/低频
12719,2011-10-05 14:50:00,2011-12-04 13:45:00,2,1,644.95,36.85,608.1,5,2,608.1,5,2,3,新近客户
15717,2010-04-26 10:41:00,2011-04-19 13:21:00,5,0,607.0,0.0,607.0,234,5,607.0,2,4,3,高价值流失风险
13020,2010-02-18 10:35:00,2010-05-26 11:12:00,2,3,618.96,12.0,606.96,562,2,606.96,1,2,3,沉睡/低频
16781,2010-02-08 13:56:00,2010-12-02 14:26:00,2,1,623.0,16.6,606.4,372,2,606.4,2,2,3,沉睡/低频
17507,2011-02-03 18:08:00,2011-03-23 11:48:00,2,0,605.58,0.0,605.58,261,2,605.58,2,2,3,沉睡/低频
17707,2009-12-07 12:19:00,2011-06-07 15:03:00,8,1,609.3,4.25,605.05,185,8,605.05,3,5,3,忠诚客户
12944,2010-12-20 10:41:00,2011-11-04 11:04:00,2,0,604.51,0.0,604.51,35,2,604.51,4,2,3,新近客户
12707,2011-02-21 08:38:00,2011-02-21 08:38:00,1,0,603.42,0.0,603.42,291,1,603.42,2,1,3,沉睡/低频
18264,2010-07-29 10:02:00,2010-07-29 10:02:00,1,0,603.25,0.0,603.25,498,1,603.25,1,1,3,沉睡/低频
16022,2011-03-24 13:16:00,2011-03-24 13:16:00,1,0,602.63,0.0,602.63,260,1,602.63,2,1,3,沉睡/低频
13836,2010-10-21 13:27:00,2010-11-05 13:31:00,2,1,620.37,17.85,602.52,399,2,602.52,2,2,3,沉睡/低频
12654,2011-02-17 13:16:00,2011-11-29 10:10:00,5,0,601.98,0.0,601.98,10,5,601.98,5,4,3,忠诚客户
17998,2009-12-01 13:07:00,2010-11-24 15:31:00,3,1,639.24,37.5,601.74,380,3,601.74,2,3,3,高价值流失风险
17270,2009-12-07 17:18:00,2010-08-27 14:09:00,2,0,601.45,0.0,601.45,469,2,601.45,1,2,3,沉睡/低频
15276,2010-10-01 12:24:00,2011-10-04 16:39:00,4,1,619.8,18.5,601.3,66,4,601.3,3,4,3,忠诚客户
14254,2010-10-03 11:52:00,2010-10-03 11:52:00,1,0,601.03,0.0,601.03,432,1,601.03,1,1,3,沉睡/低频
15257,2010-10-21 14:03:00,2011-03-01 12:58:00,2,1,685.9,85.0,600.9,283,2,600.9,2,2,3,沉睡/低频
14339,2010-10-07 08:50:00,2011-04-11 11:06:00,2,3,620.27,19.61,600.66,242,2,600.66,2,2,3,沉睡/低频
18183,2011-03-10 10:08:00,2011-04-26 15:26:00,2,4,632.07,31.55,600.52,227,2,600.52,2,2,3,沉睡/低频
12420,2011-10-07 08:55:00,2011-10-07 08:55:00,1,0,600.39,0.0,600.39,63,1,600.39,3,1,3,潜力客户
17745,2010-06-02 09:03:00,2010-08-19 12:30:00,2,0,600.34,0.0,600.34,477,2,600.34,1,2,3,沉睡/低频
18211,2011-03-06 12:09:00,2011-11-14 08:10:00,5,0,600.07,0.0,600.07,25,5,600.07,4,4,3,忠诚客户
16077,2010-03-24 10:42:00,2010-03-24 10:42:00,1,1,2300.4,1700.4,600.0,625,1,600.0,1,1,3,沉睡/低频
12521,2011-07-20 10:51:00,2011-07-20 10:51:00,1,0,599.68,0.0,599.68,142,1,599.68,3,1,3,潜力客户
12556,2011-07-11 13:35:00,2011-10-20 13:06:00,2,0,599.56,0.0,599.56,50,2,599.56,4,2,3,新近客户
14611,2010-04-20 10:19:00,2010-09-22 09:19:00,2,1,604.33,4.95,599.38,443,2,599.38,1,2,3,沉睡/低频
13832,2010-10-13 14:41:00,2011-11-20 15:36:00,2,1,609.89,11.25,598.64,19,2,598.64,4,2,3,新近客户
13311,2011-07-12 14:26:00,2011-12-05 12:55:00,2,0,598.57,0.0,598.57,4,2,598.57,5,2,3,新近客户
15424,2010-09-02 17:17:00,2011-03-30 13:02:00,3,0,597.78,0.0,597.78,254,3,597.78,2,3,3,高价值流失风险
14569,2010-04-15 11:49:00,2011-12-08 14:58:00,4,0,597.33,0.0,597.33,1,4,597.33,5,4,3,忠诚客户
15631,2010-03-07 14:52:00,2010-03-07 14:52:00,1,0,596.67,0.0,596.67,642,1,596.67,1,1,3,沉睡/低频
16780,2010-10-28 19:41:00,2011-08-31 16:09:00,3,0,596.4,0.0,596.4,100,3,596.4,3,3,3,潜力客户
14965,2011-09-04 13:15:00,2011-09-04 13:20:00,2,0,596.09,0.0,596.09,96,2,596.09,3,2,3,潜力客户
17845,2010-05-12 13:04:00,2010-06-02 15:20:00,4,0,596.09,0.0,596.09,555,4,596.09,1,4,3,高价值流失风险
17209,2009-12-03 11:10:00,2010-02-28 16:01:00,3,0,595.7,0.0,595.7,649,3,595.7,1,3,3,高价值流失风险
13558,2011-10-02 13:01:00,2011-12-04 11:24:00,4,0,594.52,0.0,594.52,5,4,594.52,5,4,3,忠诚客户
15442,2011-04-05 12:24:00,2011-04-05 12:24:00,1,0,594.0,0.0,594.0,248,1,594.0,2,1,3,沉睡/低频
15929,2010-03-05 14:56:00,2010-03-05 14:56:00,1,0,594.0,0.0,594.0,644,1,594.0,1,1,3,沉睡/低频
17119,2011-10-11 11:03:00,2011-12-06 14:40:00,2,1,606.91,13.3,593.61,3,2,593.61,5,2,3,新近客户
13314,2011-09-27 10:20:00,2011-12-08 12:29:00,3,1,775.94,182.43,593.51,1,3,593.51,5,3,3,潜力客户
14746,2010-10-12 11:06:00,2010-10-29 14:44:00,4,0,593.5,0.0,593.5,406,4,593.5,2,4,3,高价值流失风险
16412,2010-02-04 13:46:00,2011-10-17 12:35:00,5,0,593.19,0.0,593.19,53,5,593.19,4,4,3,忠诚客户
16116,2011-05-12 12:01:00,2011-05-12 12:01:00,1,1,612.78,19.9,592.88,211,1,592.88,2,1,3,沉睡/低频
16776,2010-10-20 12:13:00,2011-10-10 13:04:00,2,0,592.51,0.0,592.51,60,2,592.51,3,2,3,潜力客户
13472,2010-06-02 09:48:00,2010-09-02 09:41:00,2,0,592.24,0.0,592.24,463,2,592.24,1,2,3,沉睡/低频
17473,2010-09-09 19:03:00,2010-10-27 11:45:00,2,1,607.0,14.85,592.15,408,2,592.15,2,2,3,沉睡/低频
17815,2010-11-11 14:39:00,2010-11-11 14:39:00,1,0,591.96,0.0,591.96,393,1,591.96,2,1,3,沉睡/低频
13811,2011-04-14 18:40:00,2011-06-09 09:54:00,3,1,814.5,222.75,591.75,183,3,591.75,3,3,3,潜力客户
17483,2010-10-21 12:43:00,2011-10-05 13:10:00,4,0,591.73,0.0,591.73,65,4,591.73,3,4,3,忠诚客户
15346,2010-10-04 15:11:00,2011-01-11 11:18:00,3,1,596.12,4.47,591.65,332,3,591.65,2,3,3,高价值流失风险
15524,2010-04-12 09:19:00,2011-11-15 12:09:00,2,0,591.4,0.0,591.4,24,2,591.4,4,2,3,新近客户
17098,2010-06-17 10:30:00,2010-11-23 12:13:00,3,0,591.07,0.0,591.07,381,3,591.07,2,3,3,高价值流失风险
17968,2010-07-15 15:01:00,2010-12-01 12:23:00,4,0,590.44,0.0,590.44,373,4,590.44,2,4,3,高价值流失风险
13270,2010-12-08 14:53:00,2010-12-08 14:53:00,1,0,590.0,0.0,590.0,366,1,590.0,2,1,3,沉睡/低频
15160,2010-10-14 15:26:00,2010-12-17 14:15:00,4,0,589.27,0.0,589.27,357,4,589.27,2,4,3,高价值流失风险
15624,2011-03-28 13:32:00,2011-08-15 11:38:00,4,0,588.13,0.0,588.13,116,4,588.13,3,4,2,忠诚客户
15191,2010-01-20 12:35:00,2010-09-02 15:37:00,3,0,588.05,0.0,588.05,463,3,588.05,1,3,2,高价值流失风险
15097,2010-05-05 14:22:00,2011-12-05 14:03:00,3,2,908.35,321.3,587.05,4,3,587.05,5,3,2,潜力客户
17890,2010-12-13 15:12:00,2011-01-21 11:19:00,2,0,586.89,0.0,586.89,322,2,586.89,2,2,2,沉睡/低频
12513,2011-08-19 10:51:00,2011-08-19 10:51:00,1,1,612.29,25.5,586.79,112,1,586.79,3,1,2,潜力客户
13106,2010-10-22 13:10:00,2011-07-29 15:12:00,2,1,603.46,17.0,586.46,133,2,586.46,3,2,2,潜力客户
14729,2010-03-24 13:30:00,2010-12-01 12:43:00,3,0,586.24,0.0,586.24,373,3,586.24,2,3,2,高价值流失风险
17392,2010-09-15 16:17:00,2011-02-06 12:48:00,3,0,585.92,0.0,585.92,306,3,585.92,2,3,2,高价值流失风险
12791,2010-03-25 17:29:00,2010-12-01 11:27:00,6,2,863.51,278.36,585.15,373,6,585.15,2,4,2,高价值流失风险
14455,2010-08-01 13:26:00,2010-10-03 15:48:00,4,1,617.72,33.35,584.37,432,4,584.37,1,4,2,高价值流失风险
12800,2010-02-01 11:02:00,2010-08-26 14:11:00,3,0,584.25,0.0,584.25,470,3,584.25,1,3,2,高价值流失风险
14023,2011-04-03 15:50:00,2011-12-02 13:58:00,2,0,584.07,0.0,584.07,7,2,584.07,5,2,2,新近客户
15762,2011-09-23 15:17:00,2011-10-05 16:15:00,2,0,583.75,0.0,583.75,65,2,583.75,3,2,2,潜力客户
14670,2009-12-07 13:59:00,2011-03-04 14:13:00,3,0,583.33,0.0,583.33,280,3,583.33,2,3,2,高价值流失风险
16445,2010-10-24 12:39:00,2011-11-06 12:32:00,4,0,583.16,0.0,583.16,33,4,583.16,4,4,2,忠诚客户
15918,2010-03-18 11:40:00,2011-06-02 11:42:00,3,0,582.88,0.0,582.88,190,3,582.88,2,3,2,高价值流失风险
16100,2010-09-03 11:39:00,2010-09-03 11:39:00,1,0,582.64,0.0,582.64,462,1,582.64,1,1,2,沉睡/低频
16802,2009-12-09 13:00:00,2010-01-29 13:44:00,2,0,582.61,0.0,582.61,679,2,582.61,1,2,2,沉睡/低频
18232,2011-05-26 16:30:00,2011-09-19 11:49:00,4,1,592.97,10.5,582.47,81,4,582.47,3,4,2,忠诚客户
17099,2010-06-24 16:25:00,2010-06-24 16:25:00,1,0,582.17,0.0,582.17,533,1,582.17,1,1,2,沉睡/低频
15648,2011-03-17 18:59:00,2011-05-19 15:53:00,2,2,639.5,57.45,582.05,204,2,582.05,2,2,2,沉睡/低频
14771,2009-12-03 09:44:00,2010-03-28 12:52:00,2,1,594.62,14.7,579.92,621,2,579.92,1,2,2,沉睡/低频
14742,2010-09-30 14:07:00,2010-09-30 14:07:00,1,0,579.85,0.0,579.85,435,1,579.85,1,1,2,沉睡/低频
17678,2010-04-15 13:54:00,2011-03-21 11:52:00,2,1,599.76,19.95,579.81,263,2,579.81,2,2,2,沉睡/低频
15588,2010-01-31 12:19:00,2010-01-31 12:19:00,1,0,579.6,0.0,579.6,677,1,579.6,1,1,2,沉睡/低频
14529,2011-08-21 14:10:00,2011-10-10 15:27:00,3,0,578.61,0.0,578.61,60,3,578.61,3,3,2,潜力客户
18262,2010-04-16 09:05:00,2011-07-22 16:04:00,3,0,577.54,0.0,577.54,140,3,577.54,3,3,2,潜力客户
17557,2009-12-07 10:15:00,2011-11-25 12:57:00,4,0,575.46,0.0,575.46,14,4,575.46,5,4,2,忠诚客户
17773,2010-01-18 14:32:00,2010-07-13 14:07:00,2,0,575.37,0.0,575.37,514,2,575.37,1,2,2,沉睡/低频
12859,2010-09-07 12:20:00,2010-09-07 12:20:00,1,0,575.1,0.0,575.1,458,1,575.1,1,1,2,沉睡/低频
14323,2011-04-15 11:44:00,2011-08-17 11:37:00,2,2,605.06,30.8,574.26,114,2,574.26,3,2,2,潜力客户
16658,2010-03-30 16:24:00,2010-12-06 13:47:00,6,3,690.83,117.35,573.48,368,6,573.48,2,4,2,高价值流失风险
13262,2010-04-18 12:14:00,2011-03-21 15:06:00,3,0,573.45,0.0,573.45,263,3,573.45,2,3,2,高价值流失风险
17274,2010-11-09 12:06:00,2011-11-04 13:16:00,2,0,573.22,0.0,573.22,35,2,573.22,4,2,2,新近客户
13379,2011-07-26 12:26:00,2011-11-13 13:45:00,3,0,572.56,0.0,572.56,26,3,572.56,4,3,2,潜力客户
13179,2010-03-31 11:40:00,2010-03-31 11:40:00,1,0,572.31,0.0,572.31,618,1,572.31,1,1,2,沉睡/低频
14053,2010-08-10 11:02:00,2011-08-07 14:27:00,4,0,572.3,0.0,572.3,124,4,572.3,3,4,2,忠诚客户
12816,2011-06-16 13:24:00,2011-09-05 12:41:00,2,0,572.2,0.0,572.2,95,2,572.2,3,2,2,潜力客户
17156,2010-08-05 11:30:00,2010-08-05 11:30:00,1,1,591.87,19.8,572.07,491,1,572.07,1,1,2,沉睡/低频
15821,2011-10-09 13:28:00,2011-10-26 15:48:00,2,0,570.96,0.0,570.96,44,2,570.96,4,2,2,新近客户
17122,2010-07-28 09:34:00,2011-08-12 14:33:00,4,0,570.5,0.0,570.5,119,4,570.5,3,4,2,忠诚客户
15857,2010-10-05 16:43:00,2011-11-21 12:18:00,2,0,570.48,0.0,570.48,18,2,570.48,5,2,2,新近客户
14170,2010-11-09 14:06:00,2010-11-29 13:10:00,3,0,570.18,0.0,570.18,375,3,570.18,2,3,2,高价值流失风险
17433,2010-11-19 13:37:00,2011-09-12 14:24:00,2,0,569.96,0.0,569.96,88,2,569.96,3,2,2,潜力客户
15169,2009-12-13 11:16:00,2010-11-22 13:04:00,2,0,569.22,0.0,569.22,382,2,569.22,2,2,2,沉睡/低频
15920,2009-12-14 13:09:00,2011-07-08 15:31:00,9,0,569.14,0.0,569.14,154,9,569.14,3,5,2,忠诚客户
18244,2010-07-25 10:30:00,2010-10-05 11:15:00,2,0,568.64,0.0,568.64,430,2,568.64,1,2,2,沉睡/低频
17035,2009-12-03 10:37:00,2011-04-08 11:23:00,4,1,613.59,45.2,568.39,245,4,568.39,2,4,2,高价值流失风险
13321,2011-09-14 15:18:00,2011-09-28 15:24:00,2,0,567.36,0.0,567.36,72,2,567.36,3,2,2,潜力客户
16667,2011-02-28 12:57:00,2011-10-02 15:26:00,2,0,567.18,0.0,567.18,68,2,567.18,3,2,2,潜力客户
14208,2010-06-06 13:11:00,2011-09-06 12:48:00,2,0,567.05,0.0,567.05,94,2,567.05,3,2,2,潜力客户
14173,2009-12-09 12:46:00,2011-11-29 11:54:00,6,1,586.0,19.05,566.95,10,6,566.95,5,4,2,忠诚客户
15627,2010-07-05 11:56:00,2010-09-08 14:14:00,2,0,566.9,0.0,566.9,457,2,566.9,1,2,2,沉睡/低频
13998,2010-05-12 13:18:00,2010-09-19 10:20:00,3,0,566.7,0.0,566.7,446,3,566.7,1,3,2,高价值流失风险
18150,2011-05-22 10:47:00,2011-11-07 16:49:00,3,0,566.58,0.0,566.58,32,3,566.58,4,3,2,潜力客户
12384,2011-08-10 11:23:00,2011-11-11 08:39:00,2,1,585.27,19.11,566.16,28,2,566.16,4,2,2,新近客户
16250,2010-11-18 10:43:00,2011-03-23 15:07:00,3,0,565.24,0.0,565.24,261,3,565.24,2,3,2,高价值流失风险
15143,2010-10-03 13:58:00,2011-04-28 12:03:00,2,0,563.63,0.0,563.63,225,2,563.63,2,2,2,沉睡/低频
16590,2010-10-21 12:09:00,2010-11-04 09:06:00,2,1,605.9,42.3,563.6,400,2,563.6,2,2,2,沉睡/低频
12790,2010-10-25 13:04:00,2011-05-31 14:14:00,2,1,591.85,28.4,563.45,192,2,563.45,2,2,2,沉睡/低频
14986,2010-01-24 15:54:00,2010-11-28 15:25:00,2,0,563.1,0.0,563.1,376,2,563.1,2,2,2,沉睡/低频
17665,2010-08-03 13:12:00,2010-08-03 13:12:00,1,0,563.1,0.0,563.1,493,1,563.1,1,1,2,沉睡/低频
17195,2010-02-22 13:05:00,2010-02-22 13:05:00,1,0,562.98,0.0,562.98,655,1,562.98,1,1,2,沉睡/低频
17970,2011-05-12 20:03:00,2011-05-12 20:03:00,1,0,562.79,0.0,562.79,211,1,562.79,2,1,2,沉睡/低频
17014,2011-10-04 11:36:00,2011-12-01 14:09:00,3,1,583.43,20.75,562.68,8,3,562.68,5,3,2,潜力客户
17233,2009-12-15 12:03:00,2011-11-04 14:06:00,3,0,560.86,0.0,560.86,35,3,560.86,4,3,2,潜力客户
17413,2010-05-19 11:11:00,2010-10-31 12:33:00,2,0,560.14,0.0,560.14,404,2,560.14,2,2,2,沉睡/低频
14273,2011-04-11 13:24:00,2011-10-19 13:20:00,4,0,559.97,0.0,559.97,51,4,559.97,4,4,2,忠诚客户
15415,2011-01-30 14:13:00,2011-01-30 14:13:00,1,0,559.61,0.0,559.61,313,1,559.61,2,1,2,沉睡/低频
15198,2010-01-19 10:01:00,2011-09-08 14:42:00,5,1,571.35,11.9,559.45,92,5,559.45,3,4,2,忠诚客户
17503,2011-11-01 11:12:00,2011-12-07 09:18:00,2,0,558.96,0.0,558.96,2,2,558.96,5,2,2,新近客户
17223,2010-11-29 17:19:00,2011-02-02 15:57:00,3,0,558.04,0.0,558.04,310,3,558.04,2,3,2,高价值流失风险
14592,2011-10-06 18:08:00,2011-11-04 16:35:00,3,0,557.94,0.0,557.94,35,3,557.94,4,3,2,潜力客户
13424,2010-09-16 10:49:00,2010-09-16 10:49:00,1,1,572.77,14.85,557.92,449,1,557.92,1,1,2,沉睡/低频
13260,2011-10-09 13:21:00,2011-10-09 13:21:00,1,0,557.62,0.0,557.62,61,1,557.62,3,1,2,潜力客户
13406,2010-03-18 07:29:00,2010-10-08 14:44:00,2,1,568.92,11.7,557.22,427,2,557.22,1,2,2,沉睡/低频
16720,2009-12-17 17:54:00,2011-11-13 16:22:00,3,1,758.74,202.05,556.69,26,3,556.69,4,3,2,潜力客户
18127,2010-11-01 13:56:00,2011-11-20 14:05:00,4,0,556.13,0.0,556.13,19,4,556.13,4,4,2,忠诚客户
13816,2011-10-06 14:37:00,2011-11-16 08:38:00,2,2,571.67,16.63,555.04,23,2,555.04,4,2,2,新近客户
15102,2010-06-11 10:16:00,2010-06-27 12:16:00,2,0,554.67,0.0,554.67,530,2,554.67,1,2,2,沉睡/低频
15634,2010-11-21 15:30:00,2011-11-22 16:28:00,2,0,554.65,0.0,554.65,17,2,554.65,5,2,2,新近客户
15597,2010-05-13 13:10:00,2011-11-04 13:26:00,2,1,563.37,8.85,554.52,35,2,554.52,4,2,2,新近客户
16641,2010-01-07 12:22:00,2011-08-26 12:49:00,2,0,554.5,0.0,554.5,105,2,554.5,3,2,2,潜力客户
17407,2010-10-24 11:57:00,2010-10-24 11:57:00,1,0,552.9,0.0,552.9,411,1,552.9,1,1,2,沉睡/低频
12879,2011-09-09 12:11:00,2011-10-26 12:24:00,3,1,573.22,20.65,552.57,44,3,552.57,4,3,2,潜力客户
17016,2010-05-12 12:32:00,2010-05-12 12:32:00,1,0,552.4,0.0,552.4,576,1,552.4,1,1,2,沉睡/低频
12363,2011-04-11 13:29:00,2011-08-22 10:18:00,2,0,552.0,0.0,552.0,109,2,552.0,3,2,2,潜力客户
15315,2011-08-15 15:17:00,2011-10-06 12:51:00,2,1,570.5,18.96,551.54,64,2,551.54,3,2,2,潜力客户
13677,2010-07-07 17:25:00,2010-10-31 11:32:00,2,0,551.24,0.0,551.24,404,2,551.24,2,2,2,沉睡/低频
16414,2010-01-14 10:21:00,2011-11-18 09:42:00,5,0,551.21,0.0,551.21,21,5,551.21,4,4,2,忠诚客户
17674,2010-12-06 10:20:00,2011-09-26 13:35:00,2,0,551.04,0.0,551.04,74,2,551.04,3,2,2,潜力客户
17291,2011-02-04 13:04:00,2011-02-04 13:04:00,1,0,550.8,0.0,550.8,308,1,550.8,2,1,2,沉睡/低频
17265,2011-06-12 12:00:00,2011-07-24 10:49:00,2,0,550.01,0.0,550.01,138,2,550.01,3,2,2,潜力客户
12390,2011-09-21 09:33:00,2011-09-21 09:33:00,1,0,549.84,0.0,549.84,79,1,549.84,3,1,2,潜力客户
16111,2010-10-07 19:51:00,2010-10-07 19:51:00,1,0,549.33,0.0,549.33,428,1,549.33,1,1,2,沉睡/低频
15055,2009-12-16 15:48:00,2010-08-22 11:06:00,3,0,549.12,0.0,549.12,474,3,549.12,1,3,2,高价值流失风险
15200,2010-08-02 09:38:00,2010-08-02 09:38:00,1,0,549.05,0.0,549.05,494,1,549.05,1,1,2,沉睡/低频
16936,2010-11-19 11:54:00,2011-11-14 11:04:00,2,0,548.29,0.0,548.29,25,2,548.29,4,2,2,新近客户
18039,2010-03-09 11:19:00,2010-11-30 13:07:00,4,0,548.22,0.0,548.22,374,4,548.22,2,4,2,高价值流失风险
16031,2011-04-06 14:23:00,2011-09-08 13:07:00,2,0,547.9,0.0,547.9,92,2,547.9,3,2,2,潜力客户
15830,2011-11-02 10:40:00,2011-11-02 10:40:00,1,1,576.0,28.3,547.7,37,1,547.7,4,1,2,新近客户
15350,2010-11-21 15:14:00,2010-12-01 13:33:00,2,0,547.6,0.0,547.6,373,2,547.6,2,2,2,沉睡/低频
16811,2011-11-22 17:19:00,2011-12-05 11:39:00,2,0,547.07,0.0,547.07,4,2,547.07,5,2,2,新近客户
17637,2011-08-16 13:25:00,2011-11-08 12:51:00,2,0,547.06,0.0,547.06,31,2,547.06,4,2,2,新近客户
17295,2011-10-06 12:22:00,2011-11-11 10:49:00,3,0,547.0,0.0,547.0,28,3,547.0,4,3,2,潜力客户
17520,2011-10-17 12:04:00,2011-10-17 12:04:00,1,0,546.81,0.0,546.81,53,1,546.81,4,1,2,新近客户
15080,2010-07-26 10:03:00,2010-10-08 11:52:00,2,0,546.25,0.0,546.25,427,2,546.25,1,2,2,沉睡/低频
17806,2011-11-28 14:12:00,2011-11-28 14:12:00,1,0,546.04,0.0,546.04,11,1,546.04,5,1,2,新近客户
13684,2010-03-28 14:48:00,2011-02-27 10:13:00,4,2,594.88,50.46,544.42,285,4,544.42,2,4,2,高价值流失风险
16475,2011-03-11 09:39:00,2011-09-12 14:37:00,4,0,544.3,0.0,544.3,88,4,544.3,3,4,2,忠诚客户
13390,2011-09-26 08:38:00,2011-09-26 08:38:00,1,0,544.08,0.0,544.08,74,1,544.08,3,1,2,潜力客户
13955,2010-11-29 17:35:00,2011-07-08 17:19:00,3,0,544.07,0.0,544.07,154,3,544.07,3,3,2,潜力客户
13008,2009-12-16 16:07:00,2011-01-20 14:24:00,3,4,612.13,68.85,543.28,323,3,543.28,2,3,2,高价值流失风险
14716,2010-09-21 12:07:00,2011-10-27 17:29:00,3,0,543.28,0.0,543.28,43,3,543.28,4,3,2,潜力客户
16927,2010-12-13 11:57:00,2011-08-16 11:10:00,3,0,543.05,0.0,543.05,115,3,543.05,3,3,2,潜力客户
15598,2010-10-08 09:20:00,2011-10-17 16:04:00,2,2,548.02,5.0,543.02,53,2,543.02,4,2,2,新近客户
15959,2010-01-26 16:19:00,2010-01-26 16:38:00,3,0,542.89,0.0,542.89,682,3,542.89,1,3,2,高价值流失风险
13785,2010-09-05 16:01:00,2010-10-07 09:25:00,4,0,542.49,0.0,542.49,428,4,542.49,1,4,2,高价值流失风险
15675,2010-10-31 14:14:00,2011-09-19 13:48:00,4,0,542.04,0.0,542.04,81,4,542.04,3,4,2,忠诚客户
16230,2011-05-03 15:12:00,2011-06-03 10:06:00,2,0,542.03,0.0,542.03,189,2,542.03,2,2,2,沉睡/低频
16060,2010-08-02 15:26:00,2010-11-04 12:10:00,3,0,541.95,0.0,541.95,400,3,541.95,2,3,2,高价值流失风险
16647,2010-06-13 15:52:00,2011-06-23 11:47:00,4,0,541.9,0.0,541.9,169,4,541.9,3,4,2,忠诚客户
17447,2011-09-29 10:10:00,2011-10-30 14:18:00,2,0,541.53,0.0,541.53,40,2,541.53,4,2,2,新近客户
17580,2010-10-13 14:28:00,2011-04-01 12:41:00,5,0,541.02,0.0,541.02,252,5,541.02,2,4,2,高价值流失风险
12819,2010-09-07 15:20:00,2010-09-07 15:20:00,1,0,540.52,0.0,540.52,458,1,540.52,1,1,2,沉睡/低频
12743,2011-07-28 16:06:00,2011-07-28 16:21:00,2,0,540.13,0.0,540.13,134,2,540.13,3,2,2,潜力客户
18056,2010-03-31 12:29:00,2011-02-24 14:27:00,2,1,554.6,14.85,539.75,288,2,539.75,2,2,2,沉睡/低频
15546,2010-04-12 11:45:00,2010-04-12 11:51:00,2,1,1079.1,539.55,539.55,606,2,539.55,1,2,2,沉睡/低频
15650,2010-03-21 11:46:00,2010-07-06 10:41:00,2,1,553.88,14.85,539.03,521,2,539.03,1,2,2,沉睡/低频
13812,2011-08-26 12:54:00,2011-10-28 14:27:00,3,0,539.0,0.0,539.0,42,3,539.0,4,3,2,潜力客户
15539,2011-12-02 13:36:00,2011-12-02 13:36:00,1,0,538.46,0.0,538.46,7,1,538.46,5,1,2,新近客户
16536,2011-08-21 15:54:00,2011-08-21 15:54:00,1,1,548.12,9.95,538.17,110,1,538.17,3,1,2,潜力客户
14539,2011-10-26 12:03:00,2011-11-24 09:50:00,2,0,537.48,0.0,537.48,15,2,537.48,5,2,2,新近客户
16804,2011-03-14 15:48:00,2011-11-16 16:43:00,3,0,536.99,0.0,536.99,23,3,536.99,4,3,2,潜力客户
13948,2009-12-04 12:14:00,2010-12-14 10:18:00,4,1,548.76,11.9,536.86,360,4,536.86,2,4,2,高价值流失风险
17011,2010-02-26 09:47:00,2011-11-09 13:30:00,3,1,671.7,135.0,536.7,30,3,536.7,4,3,2,潜力客户
18140,2010-08-23 11:58:00,2010-08-23 11:58:00,1,0,536.41,0.0,536.41,473,1,536.41,1,1,2,沉睡/低频
12559,2011-01-24 10:12:00,2011-02-02 09:49:00,2,1,561.71,25.5,536.21,310,2,536.21,2,2,2,沉睡/低频
13894,2011-02-02 12:54:00,2011-11-16 09:44:00,3,2,564.62,28.65,535.97,23,3,535.97,4,3,2,潜力客户
13207,2010-04-06 16:37:00,2011-11-24 14:52:00,4,0,535.86,0.0,535.86,15,4,535.86,5,4,2,忠诚客户
15890,2010-04-14 08:43:00,2010-11-10 12:46:00,5,0,535.65,0.0,535.65,394,5,535.65,2,4,2,高价值流失风险
13024,2010-05-06 14:25:00,2010-08-26 09:42:00,2,1,555.87,20.45,535.42,470,2,535.42,1,2,2,沉睡/低频
16142,2011-04-04 10:16:00,2011-04-04 10:16:00,1,0,535.34,0.0,535.34,249,1,535.34,2,1,2,沉睡/低频
12810,2010-02-01 09:52:00,2010-06-23 10:53:00,2,0,534.99,0.0,534.99,534,2,534.99,1,2,2,沉睡/低频
13385,2011-01-14 09:52:00,2011-01-14 09:52:00,1,0,534.57,0.0,534.57,329,1,534.57,2,1,2,沉睡/低频
17443,2011-05-04 10:47:00,2011-05-04 10:47:00,1,0,534.24,0.0,534.24,219,1,534.24,2,1,2,沉睡/低频
16785,2010-10-26 10:36:00,2010-10-26 10:36:00,1,0,533.78,0.0,533.78,409,1,533.78,2,1,2,沉睡/低频
16707,2010-03-09 15:16:00,2010-11-04 14:39:00,4,0,533.41,0.0,533.41,400,4,533.41,2,4,2,高价值流失风险
15825,2011-06-20 13:27:00,2011-06-20 13:27:00,1,0,532.94,0.0,532.94,172,1,532.94,3,1,2,潜力客户
15659,2010-02-24 13:32:00,2011-10-27 09:23:00,3,0,532.49,0.0,532.49,43,3,532.49,4,3,2,潜力客户
14940,2009-12-06 15:46:00,2010-10-18 10:47:00,2,0,531.49,0.0,531.49,417,2,531.49,1,2,2,沉睡/低频
16706,2011-08-17 15:53:00,2011-11-02 13:50:00,3,0,531.35,0.0,531.35,37,3,531.35,4,3,2,潜力客户
16935,2010-10-14 13:09:00,2010-11-23 09:16:00,3,0,530.86,0.0,530.86,381,3,530.86,2,3,2,高价值流失风险
15917,2009-12-02 14:55:00,2011-04-06 10:40:00,5,0,530.17,0.0,530.17,247,5,530.17,2,4,2,高价值流失风险
18159,2011-02-11 14:26:00,2011-02-11 14:26:00,1,0,530.15,0.0,530.15,301,1,530.15,2,1,2,沉睡/低频
14002,2011-07-06 14:59:00,2011-07-28 15:55:00,2,0,529.73,0.0,529.73,134,2,529.73,3,2,2,潜力客户
17681,2010-01-15 11:53:00,2010-04-21 17:22:00,5,1,731.2,201.6,529.6,597,5,529.6,1,4,2,高价值流失风险
17458,2010-11-23 11:43:00,2011-11-24 13:01:00,2,0,529.58,0.0,529.58,15,2,529.58,5,2,2,新近客户
18191,2010-08-19 17:42:00,2011-03-23 12:08:00,2,0,529.4,0.0,529.4,261,2,529.4,2,2,2,沉睡/低频
18043,2010-12-08 12:35:00,2011-11-15 12:48:00,3,0,529.29,0.0,529.29,24,3,529.29,4,3,2,潜力客户
15842,2010-06-30 09:06:00,2010-11-11 14:08:00,2,1,548.8,20.05,528.75,393,2,528.75,2,2,2,沉睡/低频
17999,2010-11-26 13:16:00,2011-11-02 15:56:00,3,0,528.46,0.0,528.46,37,3,528.46,4,3,2,潜力客户
13057,2010-03-18 12:14:00,2010-06-27 15:44:00,3,1,709.59,181.35,528.24,530,3,528.24,1,3,2,高价值流失风险
15115,2009-12-07 11:20:00,2011-11-21 14:59:00,2,1,531.85,3.75,528.1,18,2,528.1,5,2,2,新近客户
15756,2011-04-04 14:00:00,2011-10-09 13:30:00,4,0,528.01,0.0,528.01,61,4,528.01,3,4,2,忠诚客户
18098,2010-11-08 16:31:00,2010-11-08 16:31:00,1,0,527.94,0.0,527.94,396,1,527.94,2,1,2,沉睡/低频
14616,2010-06-09 09:42:00,2011-04-11 09:54:00,5,0,527.78,0.0,527.78,242,5,527.78,2,4,2,高价值流失风险
18053,2010-06-30 12:36:00,2011-09-30 09:05:00,3,3,571.07,43.3,527.77,70,3,527.77,3,3,2,潜力客户
16421,2010-08-27 12:02:00,2010-11-28 13:31:00,3,0,526.27,0.0,526.27,376,3,526.27,2,3,2,高价值流失风险
15919,2010-12-06 11:26:00,2011-11-20 11:28:00,2,0,525.69,0.0,525.69,19,2,525.69,4,2,2,新近客户
14417,2010-11-17 10:55:00,2010-11-17 10:55:00,1,0,524.65,0.0,524.65,387,1,524.65,2,1,2,沉睡/低频
15683,2010-08-23 12:01:00,2011-08-14 12:56:00,2,0,524.54,0.0,524.54,117,2,524.54,3,2,2,潜力客户
17765,2010-09-17 12:45:00,2011-07-04 12:41:00,4,0,524.0,0.0,524.0,158,4,524.0,3,4,2,忠诚客户
13277,2010-06-18 08:45:00,2011-11-24 09:21:00,7,0,523.3,0.0,523.3,15,7,523.3,5,4,2,忠诚客户
17712,2011-10-26 12:28:00,2011-10-26 12:28:00,1,0,522.91,0.0,522.91,44,1,522.91,4,1,2,新近客户
13605,2010-05-17 15:46:00,2010-11-17 17:16:00,2,0,522.67,0.0,522.67,387,2,522.67,2,2,2,沉睡/低频
16413,2010-11-29 12:49:00,2011-10-14 12:08:00,2,0,522.03,0.0,522.03,56,2,522.03,4,2,2,新近客户
17514,2010-02-08 14:00:00,2011-08-03 15:45:00,2,0,522.0,0.0,522.0,128,2,522.0,3,2,2,潜力客户
12956,2009-12-15 19:03:00,2011-02-06 16:08:00,4,0,521.89,0.0,521.89,306,4,521.89,2,4,2,高价值流失风险
17436,2009-12-07 12:31:00,2011-12-08 12:30:00,5,2,534.06,12.75,521.31,1,5,521.31,5,4,2,忠诚客户
15689,2010-04-01 09:53:00,2011-08-12 09:37:00,3,0,521.03,0.0,521.03,119,3,521.03,3,3,2,潜力客户
13977,2010-10-24 14:08:00,2010-10-24 14:08:00,1,0,519.81,0.0,519.81,411,1,519.81,1,1,2,沉睡/低频
13287,2010-01-04 10:43:00,2010-04-15 15:26:00,3,4,781.59,261.92,519.67,603,3,519.67,1,3,2,高价值流失风险
12571,2011-08-10 12:35:00,2011-10-31 10:19:00,2,0,519.61,0.0,519.61,39,2,519.61,4,2,2,新近客户
12777,2010-09-08 11:35:00,2010-09-08 11:35:00,1,0,519.45,0.0,519.45,457,1,519.45,1,1,2,沉睡/低频
16001,2010-11-23 17:10:00,2010-11-23 17:10:00,1,1,583.39,64.33,519.06,381,1,519.06,2,1,2,沉睡/低频
13190,2009-12-07 12:13:00,2010-06-13 15:47:00,3,1,570.66,51.9,518.76,544,3,518.76,1,3,2,高价值流失风险
12825,2010-03-08 10:17:00,2010-07-06 13:56:00,2,0,518.63,0.0,518.63,521,2,518.63,1,2,2,沉睡/低频
13600,2010-03-15 17:16:00,2011-01-31 15:27:00,2,0,518.42,0.0,518.42,312,2,518.42,2,2,2,沉睡/低频
18205,2011-09-26 12:02:00,2011-11-03 13:22:00,2,0,517.36,0.0,517.36,36,2,517.36,4,2,2,新近客户
14429,2010-11-01 10:08:00,2010-11-01 10:08:00,1,0,516.28,0.0,516.28,403,1,516.28,2,1,2,沉睡/低频
13859,2010-06-28 15:36:00,2011-01-17 16:14:00,2,0,515.86,0.0,515.86,326,2,515.86,2,2,2,沉睡/低频
18243,2010-10-21 14:29:00,2010-10-21 14:29:00,1,0,515.78,0.0,515.78,414,1,515.78,1,1,2,沉睡/低频
17510,2010-10-15 10:20:00,2011-11-15 10:00:00,2,0,514.56,0.0,514.56,24,2,514.56,4,2,2,新近客户
18212,2010-01-31 14:42:00,2011-01-17 16:14:00,2,0,514.37,0.0,514.37,326,2,514.37,2,2,2,沉睡/低频
12897,2010-06-14 11:58:00,2011-05-19 12:13:00,4,0,514.25,0.0,514.25,204,4,514.25,2,4,2,高价值流失风险
12977,2010-07-16 16:25:00,2011-07-06 16:40:00,4,0,513.88,0.0,513.88,156,4,513.88,3,4,2,忠诚客户
16829,2010-11-16 18:11:00,2011-07-06 10:48:00,2,0,513.32,0.0,513.32,156,2,513.32,3,2,2,潜力客户
16576,2010-07-06 10:42:00,2010-10-15 13:37:00,2,3,540.87,27.7,513.17,420,2,513.17,1,2,2,沉睡/低频
13177,2010-10-05 10:35:00,2011-10-06 09:56:00,2,0,512.2,0.0,512.2,64,2,512.2,3,2,2,潜力客户
15467,2011-07-10 14:42:00,2011-11-30 14:17:00,3,1,524.88,13.0,511.88,9,3,511.88,5,3,2,潜力客户
15691,2009-12-06 16:01:00,2011-04-01 15:13:00,4,1,571.3,59.5,511.8,252,4,511.8,2,4,2,高价值流失风险
15891,2011-04-27 12:35:00,2011-04-27 12:35:00,1,0,511.68,0.0,511.68,226,1,511.68,2,1,2,沉睡/低频
15655,2011-04-10 15:25:00,2011-04-10 15:25:00,1,1,560.67,49.35,511.32,243,1,511.32,2,1,2,沉睡/低频
12361,2010-01-26 14:37:00,2011-02-25 13:51:00,4,0,511.25,0.0,511.25,287,4,511.25,2,4,2,高价值流失风险
16561,2011-10-11 09:53:00,2011-12-04 11:50:00,2,0,511.12,0.0,511.12,5,2,511.12,5,2,2,新近客户
13367,2010-10-04 10:00:00,2010-10-04 10:00:00,1,0,510.2,0.0,510.2,431,1,510.2,1,1,2,沉睡/低频
16406,2010-02-24 11:51:00,2011-11-21 11:57:00,3,1,528.36,18.7,509.66,18,3,509.66,5,3,2,潜力客户
13710,2010-04-06 12:54:00,2011-11-08 08:16:00,3,0,509.52,0.0,509.52,31,3,509.52,4,3,2,潜力客户
14034,2011-07-05 13:06:00,2011-11-17 14:02:00,3,1,648.89,139.8,509.09,22,3,509.09,4,3,2,潜力客户
12436,2011-09-01 12:09:00,2011-09-01 12:09:00,1,0,509.01,0.0,509.01,99,1,509.01,3,1,2,潜力客户
17524,2010-09-27 16:20:00,2010-12-13 14:32:00,3,1,539.14,30.24,508.9,361,3,508.9,2,3,2,高价值流失风险
17391,2011-06-28 12:21:00,2011-06-29 09:58:00,2,0,508.8,0.0,508.8,163,2,508.8,3,2,2,潜力客户
15417,2011-09-15 15:26:00,2011-09-15 15:26:00,1,0,508.8,0.0,508.8,85,1,508.8,3,1,2,潜力客户
14317,2011-10-06 10:44:00,2011-10-06 10:44:00,1,0,508.58,0.0,508.58,64,1,508.58,3,1,2,潜力客户
13067,2010-09-19 13:43:00,2011-09-18 13:38:00,3,0,508.51,0.0,508.51,82,3,508.51,3,3,2,潜力客户
13594,2010-08-11 10:23:00,2011-10-18 10:19:00,2,1,533.32,24.9,508.42,52,2,508.42,4,2,2,新近客户
14552,2010-04-26 13:44:00,2011-07-11 12:49:00,3,0,507.93,0.0,507.93,151,3,507.93,3,3,2,潜力客户
17415,2011-09-21 12:50:00,2011-09-21 12:50:00,1,0,507.84,0.0,507.84,79,1,507.84,3,1,2,潜力客户
14158,2011-10-30 15:08:00,2011-10-30 15:08:00,1,0,507.66,0.0,507.66,40,1,507.66,4,1,2,新近客户
17384,2010-08-29 16:01:00,2011-11-20 15:48:00,3,0,507.55,0.0,507.55,19,3,507.55,4,3,2,潜力客户
13885,2011-05-23 08:52:00,2011-06-03 15:07:00,2,0,506.8,0.0,506.8,189,2,506.8,2,2,2,沉睡/低频
13123,2010-06-28 12:43:00,2010-08-24 10:18:00,2,0,506.75,0.0,506.75,472,2,506.75,1,2,2,沉睡/低频
14647,2010-07-04 13:27:00,2011-05-22 13:40:00,2,0,506.04,0.0,506.04,201,2,506.04,2,2,2,沉睡/低频
12988,2011-02-20 14:31:00,2011-02-20 14:31:00,1,0,505.82,0.0,505.82,292,1,505.82,2,1,2,沉睡/低频
18207,2010-07-28 14:26:00,2010-07-28 14:26:00,1,2,544.47,39.35,505.12,499,1,505.12,1,1,2,沉睡/低频
14807,2010-02-28 11:33:00,2010-11-14 12:47:00,2,0,504.14,0.0,504.14,390,2,504.14,2,2,2,沉睡/低频
17630,2011-04-21 14:03:00,2011-06-23 11:58:00,2,0,503.6,0.0,503.6,169,2,503.6,3,2,2,潜力客户
12376,2010-10-18 08:42:00,2010-11-15 12:15:00,2,0,503.15,0.0,503.15,389,2,503.15,2,2,2,沉睡/低频
12419,2010-10-22 10:40:00,2010-11-19 10:04:00,2,0,503.01,0.0,503.01,385,2,503.01,2,2,2,沉睡/低频
17266,2010-03-09 10:42:00,2011-12-07 14:12:00,5,0,501.72,0.0,501.72,2,5,501.72,5,4,2,忠诚客户
13865,2011-02-23 12:04:00,2011-10-12 13:31:00,4,0,501.56,0.0,501.56,58,4,501.56,4,4,2,忠诚客户
14968,2010-09-07 13:28:00,2011-11-09 13:58:00,2,0,501.24,0.0,501.24,30,2,501.24,4,2,2,新近客户
13247,2011-09-18 11:31:00,2011-11-22 10:59:00,4,0,501.12,0.0,501.12,17,4,501.12,5,4,2,忠诚客户
18049,2010-04-28 13:24:00,2010-09-28 14:26:00,2,0,500.92,0.0,500.92,437,2,500.92,1,2,2,沉睡/低频
17248,2010-08-15 11:55:00,2011-08-11 13:34:00,2,0,500.54,0.0,500.54,120,2,500.54,3,2,2,潜力客户
16616,2011-07-05 13:38:00,2011-11-24 16:31:00,2,0,500.42,0.0,500.42,15,2,500.42,5,2,2,新近客户
12366,2010-03-16 10:28:00,2010-03-16 10:28:00,1,0,500.24,0.0,500.24,633,1,500.24,1,1,2,沉睡/低频
17110,2010-04-08 13:32:00,2011-06-27 12:58:00,3,0,499.9,0.0,499.9,165,3,499.9,3,3,2,潜力客户
13553,2010-02-03 12:21:00,2010-02-03 12:21:00,1,0,499.6,0.0,499.6,674,1,499.6,1,1,2,沉睡/低频
15193,2011-10-10 08:23:00,2011-10-10 08:23:00,1,0,499.32,0.0,499.32,60,1,499.32,3,1,2,潜力客户
17256,2010-04-18 13:40:00,2011-08-24 13:30:00,5,0,498.93,0.0,498.93,107,5,498.93,3,4,2,忠诚客户
14171,2009-12-09 13:50:00,2011-09-02 16:43:00,2,0,498.79,0.0,498.79,98,2,498.79,3,2,2,潜力客户
13961,2010-11-12 14:40:00,2010-11-12 14:40:00,1,1,538.4,39.7,498.7,392,1,498.7,2,1,2,沉睡/低频
14949,2009-12-18 15:28:00,2010-08-27 15:38:00,4,2,515.0,16.45,498.55,469,4,498.55,1,4,2,高价值流失风险
16820,2011-09-05 12:06:00,2011-09-05 12:06:00,1,0,497.61,0.0,497.61,95,1,497.61,3,1,2,潜力客户
17335,2010-01-24 11:15:00,2010-11-21 10:17:00,2,0,497.04,0.0,497.04,383,2,497.04,2,2,2,沉睡/低频
17923,2010-06-13 13:58:00,2011-03-02 15:15:00,3,0,497.0,0.0,497.0,282,3,497.0,2,3,2,高价值流失风险
15300,2011-10-06 17:08:00,2011-10-06 17:08:00,1,0,496.44,0.0,496.44,64,1,496.44,3,1,2,潜力客户
17053,2011-08-01 10:23:00,2011-08-01 10:23:00,1,1,498.48,2.1,496.38,130,1,496.38,3,1,2,潜力客户
15278,2010-02-12 14:53:00,2010-05-27 10:03:00,4,0,496.16,0.0,496.16,561,4,496.16,1,4,2,高价值流失风险
12904,2011-06-20 13:18:00,2011-11-21 14:34:00,2,0,496.06,0.0,496.06,18,2,496.06,5,2,2,新近客户
16977,2010-03-18 11:06:00,2010-11-09 13:17:00,4,0,496.0,0.0,496.0,395,4,496.0,2,4,2,高价值流失风险
17995,2010-11-17 17:01:00,2011-03-03 12:30:00,3,0,495.48,0.0,495.48,281,3,495.48,2,3,2,高价值流失风险
16352,2011-11-02 08:44:00,2011-11-22 10:32:00,2,0,494.44,0.0,494.44,17,2,494.44,5,2,2,新近客户
17333,2011-09-15 10:11:00,2011-09-15 10:11:00,1,0,494.25,0.0,494.25,85,1,494.25,3,1,2,潜力客户
12763,2010-12-05 15:46:00,2011-07-24 14:12:00,2,0,494.08,0.0,494.08,138,2,494.08,3,2,2,潜力客户
14008,2010-10-03 13:09:00,2010-10-03 13:09:00,1,1,509.04,15.3,493.74,432,1,493.74,1,1,2,沉睡/低频
14270,2011-01-12 09:33:00,2011-01-12 09:33:00,1,0,492.65,0.0,492.65,331,1,492.65,2,1,2,沉睡/低频
18203,2009-12-08 13:19:00,2011-07-05 13:07:00,4,0,492.52,0.0,492.52,157,4,492.52,3,4,2,忠诚客户
16488,2011-07-14 11:46:00,2011-11-06 13:42:00,3,1,498.8,6.6,492.2,33,3,492.2,4,3,2,潜力客户
14310,2010-10-03 12:34:00,2010-10-03 12:34:00,1,0,492.1,0.0,492.1,432,1,492.1,1,1,2,沉睡/低频
13732,2011-11-11 15:49:00,2011-11-11 15:49:00,1,0,491.86,0.0,491.86,28,1,491.86,4,1,2,新近客户
17269,2010-11-19 11:12:00,2010-11-19 11:12:00,1,0,491.81,0.0,491.81,385,1,491.81,2,1,2,沉睡/低频
14663,2010-10-05 13:12:00,2010-10-05 13:21:00,2,0,490.6,0.0,490.6,430,2,490.6,1,2,2,沉睡/低频
15000,2011-10-23 11:42:00,2011-10-23 11:42:00,1,0,490.52,0.0,490.52,47,1,490.52,4,1,2,新近客户
14416,2011-10-28 15:10:00,2011-11-17 15:22:00,2,0,490.22,0.0,490.22,22,2,490.22,4,2,2,新近客户
12983,2010-04-20 12:58:00,2010-04-20 12:58:00,1,0,490.08,0.0,490.08,598,1,490.08,1,1,2,沉睡/低频
12634,2010-06-09 15:41:00,2010-06-22 10:05:00,2,0,490.0,0.0,490.0,535,2,490.0,1,2,2,沉睡/低频
17715,2010-04-26 12:17:00,2011-05-23 12:32:00,2,0,489.6,0.0,489.6,200,2,489.6,2,2,2,沉睡/低频
14722,2010-08-10 13:28:00,2011-07-15 14:58:00,3,0,489.52,0.0,489.52,147,3,489.52,3,3,2,潜力客户
12943,2010-04-13 11:03:00,2010-05-30 13:52:00,2,2,496.5,7.5,489.0,558,2,489.0,1,2,2,沉睡/低频
17608,2010-04-11 13:37:00,2011-11-06 13:06:00,4,0,488.06,0.0,488.06,33,4,488.06,4,4,2,忠诚客户
15165,2010-12-01 14:03:00,2010-12-01 14:03:00,1,0,487.75,0.0,487.75,373,1,487.75,2,1,2,沉睡/低频
13412,2010-03-29 16:28:00,2010-03-29 16:28:00,1,0,487.35,0.0,487.35,620,1,487.35,1,1,2,沉睡/低频
16021,2010-06-13 11:05:00,2010-11-09 14:48:00,2,0,487.03,0.0,487.03,395,2,487.03,2,2,2,沉睡/低频
13675,2011-02-28 12:14:00,2011-07-11 12:57:00,2,0,486.82,0.0,486.82,151,2,486.82,3,2,2,潜力客户
17453,2011-10-06 17:02:00,2011-11-22 09:42:00,2,0,486.72,0.0,486.72,17,2,486.72,5,2,2,新近客户
12920,2009-12-14 15:58:00,2011-11-22 15:05:00,4,0,486.64,0.0,486.64,17,4,486.64,5,4,2,忠诚客户
15138,2010-11-11 09:16:00,2010-11-11 09:16:00,1,1,502.52,15.93,486.59,393,1,486.59,2,1,2,沉睡/低频
17548,2010-11-08 16:19:00,2011-04-20 12:01:00,4,2,731.26,244.78,486.48,233,4,486.48,2,4,2,高价值流失风险
13153,2011-12-04 12:14:00,2011-12-04 12:14:00,1,0,486.22,0.0,486.22,5,1,486.22,5,1,2,新近客户
15216,2010-03-31 09:52:00,2011-09-13 11:41:00,2,0,486.09,0.0,486.09,87,2,486.09,3,2,2,潜力客户
17658,2011-05-12 15:23:00,2011-11-14 12:07:00,2,1,595.42,109.54,485.88,25,2,485.88,4,2,2,新近客户
12443,2009-12-07 15:42:00,2009-12-07 15:42:00,1,0,485.31,0.0,485.31,732,1,485.31,1,1,2,沉睡/低频
13116,2011-07-24 14:33:00,2011-07-24 14:33:00,1,1,501.14,15.95,485.19,138,1,485.19,3,1,2,潜力客户
15447,2010-03-24 14:40:00,2011-01-13 11:26:00,5,1,492.88,7.95,484.93,330,5,484.93,2,4,2,高价值流失风险
16999,2011-09-26 15:43:00,2011-11-16 13:53:00,2,0,484.82,0.0,484.82,23,2,484.82,4,2,2,新近客户
13733,2009-12-04 15:28:00,2010-10-25 12:18:00,2,1,487.03,2.5,484.53,410,2,484.53,1,2,2,沉睡/低频
16024,2010-10-24 11:40:00,2011-11-27 13:26:00,3,0,483.99,0.0,483.99,12,3,483.99,5,3,2,潜力客户
16603,2011-09-09 13:02:00,2011-09-26 10:06:00,2,0,482.47,0.0,482.47,74,2,482.47,3,2,2,潜力客户
17996,2010-06-11 11:48:00,2010-11-25 11:00:00,3,0,482.33,0.0,482.33,379,3,482.33,2,3,2,高价值流失风险
18216,2011-11-08 16:55:00,2011-11-08 16:55:00,1,0,481.75,0.0,481.75,31,1,481.75,4,1,2,新近客户
17106,2010-11-15 14:11:00,2010-11-15 14:11:00,1,0,481.58,0.0,481.58,389,1,481.58,2,1,2,沉睡/低频
13176,2011-10-24 15:43:00,2011-10-24 15:43:00,1,0,481.49,0.0,481.49,46,1,481.49,4,1,2,新近客户
15174,2010-10-25 09:40:00,2011-01-21 09:06:00,2,0,481.46,0.0,481.46,322,2,481.46,2,2,2,沉睡/低频
17988,2009-12-07 13:35:00,2011-11-28 11:00:00,14,1,489.54,9.95,479.59,11,14,479.59,5,5,2,忠诚客户
12979,2009-12-10 15:45:00,2009-12-10 15:45:00,1,1,517.7,38.16,479.54,729,1,479.54,1,1,2,沉睡/低频
13428,2010-07-13 13:20:00,2011-11-29 14:20:00,3,0,478.54,0.0,478.54,10,3,478.54,5,3,2,潜力客户
12479,2011-11-28 13:26:00,2011-11-28 13:26:00,1,2,527.2,49.9,477.3,11,1,477.3,5,1,2,新近客户
14319,2010-10-11 13:38:00,2010-10-11 13:38:00,1,1,494.85,17.9,476.95,424,1,476.95,1,1,2,沉睡/低频
15344,2011-09-26 14:48:00,2011-12-09 10:45:00,3,2,563.94,87.36,476.58,0,3,476.58,5,3,2,潜力客户
12447,2011-04-10 13:25:00,2011-04-10 13:25:00,1,0,476.49,0.0,476.49,243,1,476.49,2,1,2,沉睡/低频
15277,2010-10-10 16:02:00,2011-10-24 10:08:00,2,0,476.34,0.0,476.34,46,2,476.34,4,2,2,新近客户
15507,2011-06-21 11:19:00,2011-06-21 11:19:00,1,0,475.86,0.0,475.86,171,1,475.86,3,1,2,潜力客户
15780,2010-12-17 11:43:00,2011-06-09 12:01:00,3,0,475.28,0.0,475.28,183,3,475.28,3,3,2,潜力客户
17104,2010-10-12 12:21:00,2010-10-12 12:21:00,1,0,474.03,0.0,474.03,423,1,474.03,1,1,2,沉睡/低频
16635,2010-10-29 09:41:00,2010-10-29 09:41:00,1,0,473.0,0.0,473.0,406,1,473.0,2,1,2,沉睡/低频
16080,2010-09-15 14:19:00,2011-09-19 10:42:00,4,2,602.56,129.66,472.9,81,4,472.9,3,4,2,忠诚客户
13194,2010-10-14 11:54:00,2011-07-27 09:01:00,2,0,472.78,0.0,472.78,135,2,472.78,3,2,2,潜力客户
15973,2010-10-06 15:00:00,2010-12-08 11:42:00,3,2,680.62,208.05,472.57,366,3,472.57,2,3,2,高价值流失风险
18280,2010-11-10 15:51:00,2011-03-07 09:52:00,2,1,488.15,15.7,472.45,277,2,472.45,2,2,2,沉睡/低频
14975,2010-10-14 14:11:00,2011-10-13 14:08:00,2,0,472.39,0.0,472.39,57,2,472.39,4,2,2,新近客户
13161,2010-07-27 12:44:00,2011-01-30 14:03:00,2,0,472.13,0.0,472.13,313,2,472.13,2,2,2,沉睡/低频
13043,2011-03-11 14:52:00,2011-03-11 14:52:00,1,1,516.42,44.85,471.57,273,1,471.57,2,1,2,沉睡/低频
12797,2010-10-11 12:53:00,2010-12-09 10:55:00,2,4,552.08,80.65,471.43,365,2,471.43,2,2,2,沉睡/低频
15721,2011-11-28 12:14:00,2011-11-28 12:14:00,1,0,471.4,0.0,471.4,11,1,471.4,5,1,2,新近客户
15963,2011-10-25 13:05:00,2011-11-20 11:33:00,2,0,470.76,0.0,470.76,19,2,470.76,4,2,2,新近客户
16473,2010-11-30 16:29:00,2011-06-28 09:10:00,4,1,470.83,1.25,469.58,164,4,469.58,3,4,2,忠诚客户
17254,2010-11-03 14:00:00,2011-12-05 12:46:00,3,0,469.48,0.0,469.48,4,3,469.48,5,3,2,潜力客户
14058,2010-06-27 11:29:00,2010-09-03 09:31:00,2,0,469.19,0.0,469.19,462,2,469.19,1,2,2,沉睡/低频
14369,2010-02-16 10:28:00,2010-03-07 15:47:00,2,0,469.13,0.0,469.13,642,2,469.13,1,2,2,沉睡/低频
15557,2011-11-11 12:46:00,2011-11-11 12:46:00,1,0,468.91,0.0,468.91,28,1,468.91,4,1,2,新近客户
15387,2010-08-04 16:05:00,2010-08-04 16:05:00,1,0,468.65,0.0,468.65,492,1,468.65,1,1,2,沉睡/低频
12554,2010-09-17 12:29:00,2010-09-17 12:29:00,1,0,468.5,0.0,468.5,448,1,468.5,1,1,2,沉睡/低频
17294,2010-02-08 14:21:00,2010-02-08 16:12:00,2,0,467.79,0.0,467.79,669,2,467.79,1,2,2,沉睡/低频
17187,2010-07-01 14:38:00,2011-04-27 12:39:00,2,0,467.71,0.0,467.71,226,2,467.71,2,2,2,沉睡/低频
14029,2011-07-18 16:57:00,2011-10-07 14:46:00,2,0,467.66,0.0,467.66,63,2,467.66,3,2,2,潜力客户
16390,2010-01-29 15:25:00,2010-06-21 10:11:00,3,0,467.5,0.0,467.5,536,3,467.5,1,3,2,高价值流失风险
12958,2010-05-05 16:22:00,2010-11-04 16:16:00,2,0,467.34,0.0,467.34,400,2,467.34,2,2,2,沉睡/低频
14052,2010-11-14 11:37:00,2011-11-20 12:30:00,2,0,466.66,0.0,466.66,19,2,466.66,4,2,2,新近客户
14148,2010-10-21 14:08:00,2011-04-20 12:02:00,2,0,466.29,0.0,466.29,233,2,466.29,2,2,2,沉睡/低频
14237,2010-04-28 10:04:00,2010-12-01 13:20:00,2,1,471.14,5.1,466.04,373,2,466.04,2,2,2,沉睡/低频
16504,2011-11-14 15:18:00,2011-11-14 15:18:00,1,0,465.88,0.0,465.88,25,1,465.88,4,1,2,新近客户
13248,2011-06-03 13:05:00,2011-08-07 12:40:00,2,0,465.68,0.0,465.68,124,2,465.68,3,2,2,潜力客户
13928,2011-07-29 15:59:00,2011-11-29 10:33:00,4,0,464.57,0.0,464.57,10,4,464.57,5,4,2,忠诚客户
15349,2011-06-05 15:46:00,2011-07-04 16:06:00,2,0,463.91,0.0,463.91,158,2,463.91,3,2,2,潜力客户
18083,2010-11-07 11:44:00,2010-11-07 11:44:00,1,0,463.53,0.0,463.53,397,1,463.53,2,1,2,沉睡/低频
17040,2010-06-07 15:08:00,2011-07-25 10:19:00,2,0,463.25,0.0,463.25,137,2,463.25,3,2,2,潜力客户
17964,2010-12-02 13:32:00,2011-11-08 10:44:00,2,0,463.21,0.0,463.21,31,2,463.21,4,2,2,新近客户
14331,2011-07-27 15:14:00,2011-08-07 13:17:00,2,0,462.66,0.0,462.66,124,2,462.66,3,2,2,潜力客户
17680,2010-07-16 16:07:00,2011-11-16 12:42:00,3,1,497.45,34.95,462.5,23,3,462.5,4,3,2,潜力客户
14954,2010-01-05 16:38:00,2011-11-27 14:30:00,2,0,462.12,0.0,462.12,12,2,462.12,5,2,2,新近客户
15958,2010-06-07 10:59:00,2011-09-26 13:41:00,4,0,462.12,0.0,462.12,74,4,462.12,3,4,2,忠诚客户
15540,2010-11-29 11:10:00,2011-11-28 13:51:00,2,0,460.68,0.0,460.68,11,2,460.68,5,2,2,新近客户
12491,2011-11-01 12:18:00,2011-11-01 12:18:00,1,0,460.4,0.0,460.4,38,1,460.4,4,1,2,新近客户
16310,2010-03-07 15:41:00,2010-10-21 14:47:00,2,0,460.08,0.0,460.08,414,2,460.08,1,2,2,沉睡/低频
17111,2010-10-10 15:21:00,2011-10-23 15:59:00,2,0,459.58,0.0,459.58,47,2,459.58,4,2,2,新近客户
13642,2010-10-03 12:23:00,2011-05-08 12:34:00,4,1,472.2,12.75,459.45,215,4,459.45,2,4,2,高价值流失风险
16596,2009-12-10 13:09:00,2011-11-24 10:02:00,4,0,458.98,0.0,458.98,15,4,458.98,5,4,2,忠诚客户
14118,2010-10-07 11:59:00,2010-10-07 11:59:00,1,0,458.45,0.0,458.45,428,1,458.45,1,1,2,沉睡/低频
13957,2010-02-19 10:32:00,2010-10-18 10:02:00,3,0,458.25,0.0,458.25,417,3,458.25,1,3,2,高价值流失风险
14599,2010-07-18 15:54:00,2010-11-14 14:49:00,2,0,457.89,0.0,457.89,390,2,457.89,2,2,2,沉睡/低频
15121,2011-02-24 12:41:00,2011-10-20 14:51:00,2,0,457.72,0.0,457.72,50,2,457.72,4,2,2,新近客户
16069,2010-10-18 10:32:00,2010-10-18 10:32:00,1,0,457.7,0.0,457.7,417,1,457.7,1,1,2,沉睡/低频
12564,2011-03-23 14:55:00,2011-03-23 14:55:00,1,0,456.9,0.0,456.9,261,1,456.9,2,1,2,沉睡/低频
15589,2011-02-02 10:46:00,2011-03-29 09:54:00,3,1,478.53,21.95,456.58,255,3,456.58,2,3,2,高价值流失风险
14819,2009-12-21 15:54:00,2011-10-06 13:41:00,4,0,456.41,0.0,456.41,64,4,456.41,3,4,2,忠诚客户
15018,2010-12-07 10:47:00,2011-11-01 12:47:00,3,1,496.21,39.95,456.26,38,3,456.26,4,3,2,潜力客户
12999,2011-04-08 10:26:00,2011-05-27 13:24:00,3,0,455.88,0.0,455.88,196,3,455.88,2,3,2,高价值流失风险
12375,2011-09-02 14:23:00,2011-11-29 10:36:00,2,1,457.5,2.08,455.42,10,2,455.42,5,2,2,新近客户
15585,2011-06-16 08:38:00,2011-06-16 08:38:00,1,0,455.3,0.0,455.3,176,1,455.3,3,1,2,潜力客户
14335,2011-09-04 13:07:00,2011-11-23 13:41:00,2,0,454.86,0.0,454.86,16,2,454.86,5,2,2,新近客户
16765,2010-11-22 13:42:00,2011-02-18 15:41:00,2,0,454.75,0.0,454.75,294,2,454.75,2,2,2,沉睡/低频
17067,2009-12-08 12:03:00,2009-12-15 08:39:00,3,0,454.54,0.0,454.54,724,3,454.54,1,3,2,高价值流失风险
12459,2010-04-13 14:53:00,2010-04-13 14:53:00,1,0,454.36,0.0,454.36,605,1,454.36,1,1,2,沉睡/低频
16038,2011-05-22 11:29:00,2011-12-02 12:40:00,3,1,471.78,17.45,454.33,7,3,454.33,5,3,2,潜力客户
17140,2011-04-06 13:33:00,2011-04-06 13:33:00,1,0,454.12,0.0,454.12,247,1,454.12,2,1,2,沉睡/低频
15475,2011-09-23 15:20:00,2011-09-23 15:20:00,1,0,454.11,0.0,454.11,77,1,454.11,3,1,2,潜力客户
17564,2011-09-20 14:00:00,2011-11-15 13:27:00,3,0,454.01,0.0,454.01,24,3,454.01,4,3,2,潜力客户
17376,2010-07-05 11:11:00,2011-09-30 12:36:00,4,0,453.64,0.0,453.64,70,4,453.64,3,4,2,忠诚客户
12729,2011-08-18 11:40:00,2011-08-18 11:40:00,1,0,453.01,0.0,453.01,113,1,453.01,3,1,2,潜力客户
14184,2011-10-04 12:43:00,2011-10-04 12:43:00,1,0,452.89,0.0,452.89,66,1,452.89,3,1,2,潜力客户
14011,2010-04-11 13:40:00,2010-08-16 15:31:00,2,1,457.82,5.9,451.92,480,2,451.92,1,2,2,沉睡/低频
18158,2011-09-12 09:03:00,2011-11-30 16:19:00,2,1,453.4,1.65,451.75,9,2,451.75,5,2,2,新近客户
13698,2010-01-27 09:02:00,2010-04-22 11:52:00,2,0,451.73,0.0,451.73,596,2,451.73,1,2,2,沉睡/低频
18100,2010-06-07 14:19:00,2010-06-07 14:19:00,1,0,451.56,0.0,451.56,550,1,451.56,1,1,2,沉睡/低频
18031,2010-11-26 11:00:00,2010-11-26 11:00:00,1,0,451.3,0.0,451.3,378,1,451.3,2,1,2,沉睡/低频
15961,2010-11-25 15:59:00,2010-11-25 15:59:00,1,0,451.29,0.0,451.29,379,1,451.29,2,1,2,沉睡/低频
12831,2010-09-02 15:58:00,2011-03-22 13:02:00,3,0,451.11,0.0,451.11,262,3,451.11,2,3,2,高价值流失风险
15124,2010-02-26 10:49:00,2011-11-17 10:09:00,4,0,450.82,0.0,450.82,22,4,450.82,4,4,2,忠诚客户
16870,2010-08-27 13:53:00,2010-08-27 13:53:00,1,0,450.16,0.0,450.16,469,1,450.16,1,1,2,沉睡/低频
14784,2010-11-15 09:49:00,2011-11-13 13:30:00,3,0,449.93,0.0,449.93,26,3,449.93,4,3,2,潜力客户
16039,2010-03-21 15:17:00,2010-10-12 10:44:00,2,1,456.4,6.75,449.65,423,2,449.65,1,2,2,沉睡/低频
13489,2011-02-18 10:42:00,2011-08-26 13:16:00,4,0,449.52,0.0,449.52,105,4,449.52,3,4,2,忠诚客户
15126,2010-01-21 17:09:00,2010-06-21 12:31:00,2,0,449.49,0.0,449.49,536,2,449.49,1,2,2,沉睡/低频
12448,2011-10-26 13:46:00,2011-10-26 13:46:00,1,0,449.45,0.0,449.45,44,1,449.45,4,1,2,新近客户
15418,2010-05-02 11:31:00,2010-10-10 13:38:00,2,0,449.42,0.0,449.42,425,2,449.42,1,2,2,沉睡/低频
17823,2010-10-14 16:14:00,2010-10-14 16:24:00,2,0,449.25,0.0,449.25,421,2,449.25,1,2,2,沉睡/低频
15739,2011-10-04 13:42:00,2011-10-04 13:42:00,1,0,449.12,0.0,449.12,66,1,449.12,3,1,2,潜力客户
18176,2010-12-16 15:45:00,2010-12-16 15:45:00,1,1,476.35,27.7,448.65,358,1,448.65,2,1,2,沉睡/低频
14296,2010-05-14 14:34:00,2010-10-14 14:14:00,2,1,456.4,7.95,448.45,421,2,448.45,1,2,2,沉睡/低频
14761,2010-09-21 14:22:00,2011-10-12 12:10:00,3,0,447.92,0.0,447.92,58,3,447.92,4,3,2,潜力客户
16799,2010-09-12 12:46:00,2010-10-03 14:28:00,2,1,452.78,4.95,447.83,432,2,447.83,1,2,2,沉睡/低频
14780,2011-09-21 15:15:00,2011-10-16 12:46:00,2,0,447.68,0.0,447.68,54,2,447.68,4,2,2,新近客户
18201,2009-12-17 08:55:00,2009-12-17 08:55:00,1,0,447.53,0.0,447.53,722,1,447.53,1,1,2,沉睡/低频
16095,2010-09-09 16:54:00,2010-09-09 16:54:00,1,0,447.05,0.0,447.05,456,1,447.05,1,1,2,沉睡/低频
13754,2010-09-28 15:29:00,2011-07-11 11:51:00,3,0,447.05,0.0,447.05,151,3,447.05,3,3,2,潜力客户
17476,2009-12-02 12:09:00,2010-11-09 10:21:00,2,2,489.86,43.35,446.51,395,2,446.51,2,2,2,沉睡/低频
13877,2010-01-19 10:53:00,2011-09-14 15:49:00,3,2,449.68,3.35,446.33,86,3,446.33,3,3,2,潜力客户
17370,2011-06-23 11:50:00,2011-09-28 10:14:00,4,0,446.18,0.0,446.18,72,4,446.18,3,4,2,忠诚客户
17276,2010-11-02 16:20:00,2010-11-02 16:20:00,1,1,502.49,57.05,445.44,402,1,445.44,2,1,2,沉睡/低频
18134,2010-01-14 11:59:00,2010-04-20 14:02:00,2,0,445.0,0.0,445.0,598,2,445.0,1,2,2,沉睡/低频
12788,2010-06-29 13:05:00,2010-09-02 14:21:00,4,0,444.9,0.0,444.9,463,4,444.9,1,4,2,高价值流失风险
17344,2009-12-11 12:31:00,2011-10-24 12:56:00,2,1,457.36,13.5,443.86,46,2,443.86,4,2,2,新近客户
14638,2011-10-20 10:10:00,2011-10-20 10:10:00,1,0,443.6,0.0,443.6,50,1,443.6,4,1,2,新近客户
18222,2011-09-08 10:45:00,2011-09-08 10:45:00,1,0,443.0,0.0,443.0,92,1,443.0,3,1,2,潜力客户
14996,2010-08-15 13:41:00,2010-08-15 13:44:00,2,0,442.29,0.0,442.29,481,2,442.29,1,2,2,沉睡/低频
17699,2010-05-27 11:53:00,2010-08-20 09:39:00,2,0,442.0,0.0,442.0,476,2,442.0,1,2,2,沉睡/低频
12907,2010-08-02 14:33:00,2010-11-09 12:08:00,2,1,508.91,68.55,440.36,395,2,440.36,2,2,2,沉睡/低频
18233,2011-01-18 08:44:00,2011-01-18 08:44:00,1,0,440.0,0.0,440.0,325,1,440.0,2,1,2,沉睡/低频
17643,2010-07-22 13:07:00,2010-12-01 14:38:00,2,0,439.7,0.0,439.7,373,2,439.7,2,2,2,沉睡/低频
16025,2011-11-10 11:45:00,2011-11-10 11:45:00,1,0,439.66,0.0,439.66,29,1,439.66,4,1,2,新近客户
16968,2011-08-24 10:51:00,2011-12-05 15:02:00,2,0,439.43,0.0,439.43,4,2,439.43,5,2,2,新近客户
13086,2010-11-22 10:28:00,2010-11-22 10:28:00,1,0,439.33,0.0,439.33,382,1,439.33,2,1,2,沉睡/低频
13432,2010-04-06 14:42:00,2010-05-17 13:18:00,2,0,439.1,0.0,439.1,571,2,439.1,1,2,2,沉睡/低频
16519,2010-03-01 13:51:00,2011-11-14 15:41:00,4,0,439.06,0.0,439.06,25,4,439.06,4,4,2,忠诚客户
13358,2011-03-16 11:52:00,2011-03-16 11:52:00,1,0,439.03,0.0,439.03,268,1,439.03,2,1,2,沉睡/低频
17729,2010-04-22 15:03:00,2010-04-22 15:03:00,1,0,438.65,0.0,438.65,596,1,438.65,1,1,2,沉睡/低频
15859,2010-10-03 12:52:00,2010-10-03 12:52:00,1,0,438.46,0.0,438.46,432,1,438.46,1,1,2,沉睡/低频
15881,2010-12-10 13:32:00,2011-01-31 16:59:00,5,3,501.39,63.15,438.24,312,5,438.24,2,4,2,高价值流失风险
17807,2010-01-04 14:00:00,2010-11-09 16:21:00,3,0,437.87,0.0,437.87,395,3,437.87,2,3,2,高价值流失风险
15877,2011-11-22 11:18:00,2011-12-08 11:53:00,2,1,490.33,52.5,437.83,1,2,437.83,5,2,2,新近客户
12552,2011-10-31 12:11:00,2011-11-01 10:02:00,2,0,437.82,0.0,437.82,38,2,437.82,4,2,2,新近客户
15158,2010-11-03 13:46:00,2011-10-25 13:53:00,2,1,606.02,168.36,437.66,45,2,437.66,4,2,2,新近客户
17070,2010-10-25 15:57:00,2011-08-17 17:01:00,2,0,437.42,0.0,437.42,114,2,437.42,3,2,2,潜力客户
18284,2010-10-04 11:33:00,2010-10-04 11:33:00,1,1,461.68,25.0,436.68,431,1,436.68,1,1,2,沉睡/低频
14123,2009-12-06 15:35:00,2009-12-06 15:35:00,1,0,436.18,0.0,436.18,733,1,436.18,1,1,2,沉睡/低频
16084,2011-02-13 16:05:00,2011-02-13 16:05:00,1,0,436.18,0.0,436.18,299,1,436.18,2,1,2,沉睡/低频
14311,2010-05-21 10:28:00,2011-04-11 10:14:00,2,1,516.45,80.55,435.9,242,2,435.9,2,2,2,沉睡/低频
13150,2010-03-19 09:03:00,2010-08-12 12:59:00,3,1,449.97,14.95,435.02,484,3,435.02,1,3,2,高价值流失风险
13738,2010-11-08 15:23:00,2010-11-08 15:23:00,1,0,434.78,0.0,434.78,396,1,434.78,2,1,2,沉睡/低频
14238,2009-12-05 10:58:00,2011-01-17 14:40:00,3,0,434.23,0.0,434.23,326,3,434.23,2,3,2,高价值流失风险
16888,2010-01-07 13:07:00,2010-11-04 12:39:00,3,0,434.2,0.0,434.2,400,3,434.2,2,3,2,高价值流失风险
14093,2011-11-27 16:27:00,2011-11-27 16:27:00,1,0,433.86,0.0,433.86,12,1,433.86,5,1,2,新近客户
16939,2010-02-28 13:33:00,2010-08-08 12:24:00,3,0,433.85,0.0,433.85,488,3,433.85,1,3,2,高价值流失风险
18029,2010-03-07 15:30:00,2010-03-07 15:30:00,1,0,433.77,0.0,433.77,642,1,433.77,1,1,2,沉睡/低频
15613,2010-04-08 12:51:00,2010-04-08 12:51:00,1,0,433.72,0.0,433.72,610,1,433.72,1,1,2,沉睡/低频
16522,2010-09-15 13:32:00,2010-09-30 10:54:00,2,0,433.36,0.0,433.36,435,2,433.36,1,2,2,沉睡/低频
17178,2009-12-08 16:20:00,2009-12-08 16:20:00,1,0,432.96,0.0,432.96,731,1,432.96,1,1,2,沉睡/低频
17687,2010-10-15 12:30:00,2010-10-15 12:30:00,1,0,432.68,0.0,432.68,420,1,432.68,1,1,2,沉睡/低频
16236,2011-09-22 14:10:00,2011-09-22 14:10:00,1,0,432.2,0.0,432.2,78,1,432.2,3,1,2,潜力客户
16881,2011-10-04 10:33:00,2011-10-04 10:33:00,1,0,432.0,0.0,432.0,66,1,432.0,3,1,2,潜力客户
14042,2009-12-14 15:07:00,2009-12-14 15:07:00,1,0,431.98,0.0,431.98,725,1,431.98,1,1,2,沉睡/低频
15488,2010-05-05 13:03:00,2011-09-08 10:11:00,5,0,431.92,0.0,431.92,92,5,431.92,3,4,2,忠诚客户
13066,2011-11-07 17:06:00,2011-11-15 12:57:00,2,1,470.8,39.9,430.9,24,2,430.9,4,2,2,新近客户
17842,2010-04-16 14:23:00,2010-04-16 14:23:00,1,0,430.69,0.0,430.69,602,1,430.69,1,1,2,沉睡/低频
12795,2011-11-21 10:27:00,2011-11-21 10:27:00,1,0,430.48,0.0,430.48,18,1,430.48,5,1,2,新近客户
16404,2011-09-30 14:55:00,2011-09-30 14:55:00,1,1,443.05,12.75,430.3,70,1,430.3,3,1,2,潜力客户
12827,2011-10-26 15:44:00,2011-12-04 12:17:00,3,0,430.15,0.0,430.15,5,3,430.15,5,3,2,潜力客户
15450,2011-11-09 17:11:00,2011-11-09 17:11:00,1,0,429.84,0.0,429.84,30,1,429.84,4,1,2,新近客户
14979,2009-12-04 12:54:00,2009-12-04 12:54:00,1,0,429.66,0.0,429.66,735,1,429.66,1,1,2,沉睡/低频
15230,2011-04-13 11:04:00,2011-04-14 14:39:00,2,0,429.6,0.0,429.6,239,2,429.6,2,2,2,沉睡/低频
15036,2011-06-13 12:19:00,2011-09-28 15:42:00,3,0,429.56,0.0,429.56,72,3,429.56,3,3,2,潜力客户
15553,2011-10-10 14:02:00,2011-10-10 14:02:00,1,0,428.93,0.0,428.93,60,1,428.93,3,1,2,潜力客户
12452,2011-11-23 08:05:00,2011-11-23 10:28:00,2,1,430.57,2.0,428.57,16,2,428.57,5,2,2,新近客户
18089,2010-09-19 11:57:00,2010-09-19 11:57:00,1,0,428.45,0.0,428.45,446,1,428.45,1,1,2,沉睡/低频
16481,2010-01-26 13:09:00,2010-01-26 13:09:00,1,2,453.38,25.15,428.23,682,1,428.23,1,1,2,沉睡/低频
15360,2011-10-31 09:35:00,2011-10-31 09:35:00,1,0,427.93,0.0,427.93,39,1,427.93,4,1,2,新近客户
12740,2011-10-07 10:44:00,2011-10-07 10:44:00,1,0,427.6,0.0,427.6,63,1,427.6,3,1,2,潜力客户
13624,2010-11-16 13:43:00,2010-11-16 13:43:00,1,1,462.08,34.9,427.18,388,1,427.18,2,1,2,沉睡/低频
18285,2010-02-17 10:24:00,2010-02-17 10:24:00,1,0,427.0,0.0,427.0,660,1,427.0,1,1,2,沉睡/低频
17740,2010-01-11 13:11:00,2010-11-15 16:33:00,6,0,426.9,0.0,426.9,389,6,426.9,2,4,2,高价值流失风险
13171,2011-02-13 14:16:00,2011-11-18 10:27:00,3,2,468.41,41.6,426.81,21,3,426.81,4,3,2,潜力客户
18152,2010-03-03 15:26:00,2010-03-03 15:26:00,1,0,426.69,0.0,426.69,646,1,426.69,1,1,2,沉睡/低频
15930,2011-10-03 14:52:00,2011-10-03 14:52:00,1,0,426.63,0.0,426.63,67,1,426.63,3,1,2,潜力客户
12445,2010-10-15 12:28:00,2011-11-17 18:43:00,2,1,434.98,8.5,426.48,22,2,426.48,4,2,2,新近客户
15217,2010-05-25 13:51:00,2010-05-25 13:51:00,1,0,426.24,0.0,426.24,563,1,426.24,1,1,2,沉睡/低频
14877,2010-03-07 12:25:00,2010-10-17 13:09:00,2,0,425.85,0.0,425.85,418,2,425.85,1,2,2,沉睡/低频
17103,2009-12-17 14:08:00,2009-12-17 14:08:00,1,0,424.3,0.0,424.3,722,1,424.3,1,1,2,沉睡/低频
16913,2010-02-26 12:06:00,2011-02-22 12:56:00,3,0,423.91,0.0,423.91,290,3,423.91,2,3,2,高价值流失风险
17330,2010-03-02 09:20:00,2011-11-17 08:56:00,4,0,423.8,0.0,423.8,22,4,423.8,4,4,2,忠诚客户
12542,2010-03-09 16:26:00,2010-08-12 19:12:00,2,2,481.88,58.5,423.38,484,2,423.38,1,2,2,沉睡/低频
14097,2010-03-04 10:46:00,2010-08-15 14:20:00,2,0,422.86,0.0,422.86,481,2,422.86,1,2,2,沉睡/低频
13374,2010-09-16 10:29:00,2010-10-21 10:04:00,2,0,422.8,0.0,422.8,414,2,422.8,1,2,2,沉睡/低频
16137,2010-01-28 15:04:00,2010-01-28 15:04:00,1,0,422.7,0.0,422.7,680,1,422.7,1,1,2,沉睡/低频
18240,2011-10-24 13:06:00,2011-10-24 13:06:00,1,0,422.58,0.0,422.58,46,1,422.58,4,1,2,新近客户
16149,2010-10-06 15:54:00,2011-12-05 11:29:00,3,0,422.22,0.0,422.22,4,3,422.22,5,3,2,潜力客户
13964,2010-10-05 12:38:00,2010-11-17 13:53:00,2,1,438.9,17.0,421.9,387,2,421.9,2,2,2,沉睡/低频
16773,2009-12-06 15:01:00,2011-10-13 14:37:00,3,0,421.24,0.0,421.24,57,3,421.24,4,3,2,潜力客户
14757,2011-09-25 14:36:00,2011-09-25 14:36:00,1,0,420.5,0.0,420.5,75,1,420.5,3,1,2,潜力客户
15206,2011-03-09 08:59:00,2011-11-29 13:41:00,4,0,420.3,0.0,420.3,10,4,420.3,5,4,2,忠诚客户
15711,2010-01-24 12:13:00,2010-06-01 12:14:00,2,0,420.25,0.0,420.25,556,2,420.25,1,2,2,沉睡/低频
14575,2010-08-08 14:51:00,2010-08-08 14:51:00,1,0,420.22,0.0,420.22,488,1,420.22,1,1,2,沉睡/低频
13442,2009-12-01 14:59:00,2010-02-10 14:03:00,3,0,419.87,0.0,419.87,667,3,419.87,1,3,2,高价值流失风险
16541,2009-12-04 13:22:00,2009-12-04 13:22:00,1,1,424.03,4.25,419.78,735,1,419.78,1,1,2,沉睡/低频
13096,2010-11-10 14:08:00,2010-11-10 14:08:00,1,0,419.7,0.0,419.7,394,1,419.7,2,1,2,沉睡/低频
14124,2011-09-16 13:32:00,2011-09-16 13:32:00,1,0,419.58,0.0,419.58,84,1,419.58,3,1,2,潜力客户
13079,2010-10-18 14:15:00,2011-12-05 16:53:00,6,0,419.18,0.0,419.18,4,6,419.18,5,4,2,忠诚客户
15262,2010-08-08 15:55:00,2011-01-20 12:16:00,3,0,418.82,0.0,418.82,323,3,418.82,2,3,2,高价值流失风险
12593,2011-05-05 09:29:00,2011-08-23 12:43:00,3,0,418.1,0.0,418.1,108,3,418.1,3,3,2,潜力客户
13073,2010-09-28 09:27:00,2010-10-24 14:06:00,2,0,418.08,0.0,418.08,411,2,418.08,1,2,2,沉睡/低频
17701,2011-04-01 12:25:00,2011-04-01 12:25:00,1,0,417.95,0.0,417.95,252,1,417.95,2,1,2,沉睡/低频
15433,2011-03-17 14:12:00,2011-05-10 10:45:00,2,1,533.3,115.43,417.87,213,2,417.87,2,2,2,沉睡/低频
17232,2011-11-25 12:24:00,2011-12-07 12:21:00,2,0,417.77,0.0,417.77,2,2,417.77,5,2,2,新近客户
16832,2010-09-07 12:35:00,2011-06-08 15:36:00,5,0,417.61,0.0,417.61,184,5,417.61,3,4,2,忠诚客户
14762,2010-03-23 15:36:00,2011-03-21 08:20:00,2,0,417.57,0.0,417.57,263,2,417.57,2,2,2,沉睡/低频
12833,2011-07-17 13:46:00,2011-07-17 13:46:00,1,0,417.38,0.0,417.38,145,1,417.38,3,1,2,潜力客户
17258,2010-02-12 15:51:00,2010-11-08 12:37:00,2,0,417.3,0.0,417.3,396,2,417.3,2,2,2,沉睡/低频
16816,2010-12-16 17:01:00,2011-08-28 14:16:00,4,0,417.06,0.0,417.06,103,4,417.06,3,4,2,忠诚客户
12493,2011-05-26 14:53:00,2011-06-27 10:17:00,2,1,433.74,16.95,416.79,165,2,416.79,3,2,2,潜力客户
16957,2011-03-03 09:25:00,2011-04-14 13:56:00,2,0,416.64,0.0,416.64,239,2,416.64,2,2,2,沉睡/低频
15011,2010-10-19 12:05:00,2010-11-09 11:10:00,2,0,416.6,0.0,416.6,395,2,416.6,2,2,2,沉睡/低频
12608,2010-10-31 10:49:00,2010-10-31 10:49:00,1,0,415.79,0.0,415.79,404,1,415.79,2,1,2,沉睡/低频
15725,2011-11-24 14:51:00,2011-11-24 14:51:00,1,0,415.25,0.0,415.25,15,1,415.25,5,1,2,新近客户
13565,2010-10-24 15:51:00,2011-11-20 14:33:00,3,0,414.8,0.0,414.8,19,3,414.8,4,3,2,潜力客户
16356,2010-06-06 11:26:00,2011-05-26 11:51:00,6,1,415.87,1.45,414.42,197,6,414.42,2,4,2,高价值流失风险
18278,2010-10-31 12:13:00,2011-09-27 11:58:00,2,0,414.2,0.0,414.2,73,2,414.2,3,2,2,潜力客户
13002,2010-10-01 11:58:00,2011-01-25 15:18:00,3,0,414.13,0.0,414.13,318,3,414.13,2,3,2,高价值流失风险
14288,2011-05-10 13:22:00,2011-05-10 13:22:00,1,1,426.6,12.75,413.85,213,1,413.85,2,1,2,沉睡/低频
13669,2010-10-28 15:05:00,2011-10-20 09:32:00,3,0,413.55,0.0,413.55,50,3,413.55,4,3,2,潜力客户
14082,2010-11-12 11:47:00,2010-12-10 11:02:00,2,0,413.36,0.0,413.36,364,2,413.36,2,2,2,沉睡/低频
17601,2010-11-24 14:29:00,2011-04-14 18:02:00,2,0,413.08,0.0,413.08,239,2,413.08,2,2,2,沉睡/低频
17767,2010-10-25 16:22:00,2011-11-24 14:42:00,2,0,413.05,0.0,413.05,15,2,413.05,5,2,2,新近客户
17662,2009-12-17 09:54:00,2010-02-16 09:38:00,2,0,412.92,0.0,412.92,661,2,412.92,1,2,2,沉睡/低频
16932,2010-05-17 14:15:00,2011-10-17 14:12:00,3,0,412.55,0.0,412.55,53,3,412.55,4,3,2,潜力客户
18050,2010-11-11 15:51:00,2010-12-15 14:25:00,2,0,412.06,0.0,412.06,359,2,412.06,2,2,2,沉睡/低频
16272,2011-08-15 10:53:00,2011-08-15 10:54:00,1,0,411.7,0.0,411.7,116,1,411.7,3,1,2,潜力客户
12504,2010-04-22 10:24:00,2011-11-21 16:02:00,4,2,779.05,368.05,411.0,18,4,411.0,5,4,2,忠诚客户
18011,2010-05-21 13:28:00,2010-12-01 17:35:00,2,0,410.79,0.0,410.79,373,2,410.79,2,2,2,沉睡/低频
12579,2011-09-22 17:15:00,2011-09-22 17:15:00,1,2,440.42,29.7,410.72,78,1,410.72,3,1,2,潜力客户
12672,2010-04-23 09:57:00,2011-01-14 09:20:00,2,1,437.05,26.55,410.5,329,2,410.5,2,2,2,沉睡/低频
15099,2011-09-16 13:13:00,2011-09-16 13:13:00,1,0,410.48,0.0,410.48,84,1,410.48,3,1,2,潜力客户
17598,2010-11-23 17:43:00,2010-11-23 17:43:00,1,0,409.98,0.0,409.98,381,1,409.98,2,1,2,沉睡/低频
12930,2011-06-21 13:25:00,2011-09-22 15:18:00,2,2,415.8,5.9,409.9,78,2,409.9,3,2,2,潜力客户
13827,2011-07-19 15:38:00,2011-10-13 12:38:00,3,0,409.8,0.0,409.8,57,3,409.8,4,3,2,潜力客户
15728,2010-09-21 14:46:00,2010-11-25 10:39:00,2,1,544.6,134.8,409.8,379,2,409.8,2,2,2,沉睡/低频
14581,2010-06-13 15:48:00,2011-11-23 12:39:00,2,0,409.65,0.0,409.65,16,2,409.65,5,2,2,新近客户
14348,2011-03-24 16:23:00,2011-03-24 16:23:00,1,0,409.57,0.0,409.57,260,1,409.57,2,1,2,沉睡/低频
15225,2011-04-19 14:51:00,2011-04-19 14:51:00,1,0,409.4,0.0,409.4,234,1,409.4,2,1,2,沉睡/低频
16864,2010-04-20 11:56:00,2010-10-01 16:16:00,2,0,409.25,0.0,409.25,434,2,409.25,1,2,2,沉睡/低频
16921,2010-04-18 15:34:00,2011-10-09 16:22:00,3,0,409.21,0.0,409.21,61,3,409.21,3,3,2,潜力客户
16243,2011-10-16 12:09:00,2011-11-06 12:32:00,2,0,409.1,0.0,409.1,33,2,409.1,4,2,2,新近客户
13686,2010-11-03 13:44:00,2011-06-10 09:10:00,3,0,409.04,0.0,409.04,182,3,409.04,3,3,2,潜力客户
12974,2010-05-23 11:45:00,2011-05-26 09:33:00,2,0,408.95,0.0,408.95,197,2,408.95,2,2,2,沉睡/低频
16629,2011-09-04 16:12:00,2011-09-27 10:34:00,2,0,408.63,0.0,408.63,73,2,408.63,3,2,2,潜力客户
16324,2011-06-15 14:26:00,2011-08-03 12:58:00,3,0,408.59,0.0,408.59,128,3,408.59,3,3,2,潜力客户
17285,2010-02-14 14:10:00,2010-03-21 13:38:00,2,0,407.94,0.0,407.94,628,2,407.94,1,2,2,沉睡/低频
14846,2010-10-08 17:07:00,2010-10-08 17:07:00,1,1,437.4,30.6,406.8,427,1,406.8,1,1,2,沉睡/低频
12353,2010-10-27 12:44:00,2011-05-19 17:47:00,2,0,406.76,0.0,406.76,204,2,406.76,2,2,2,沉睡/低频
14627,2010-11-25 16:32:00,2010-11-25 16:32:00,1,2,462.75,56.35,406.4,379,1,406.4,2,1,2,沉睡/低频
16632,2010-05-07 16:46:00,2010-08-11 11:39:00,2,0,406.4,0.0,406.4,485,2,406.4,1,2,2,沉睡/低频
17000,2010-10-27 14:16:00,2010-11-08 13:35:00,2,0,406.3,0.0,406.3,396,2,406.3,2,2,2,沉睡/低频
12741,2010-06-24 16:24:00,2010-06-28 14:36:00,2,0,406.07,0.0,406.07,529,2,406.07,1,2,2,沉睡/低频
16815,2010-06-21 12:05:00,2010-09-12 10:59:00,2,0,406.02,0.0,406.02,453,2,406.02,1,2,2,沉睡/低频
12922,2011-07-01 15:35:00,2011-07-01 15:35:00,1,0,405.38,0.0,405.38,161,1,405.38,3,1,2,潜力客户
13640,2010-04-07 15:33:00,2010-04-07 15:33:00,1,0,405.0,0.0,405.0,611,1,405.0,1,1,2,沉睡/低频
15968,2010-11-16 13:04:00,2010-11-16 13:04:00,1,0,404.55,0.0,404.55,388,1,404.55,2,1,2,沉睡/低频
13574,2010-10-24 13:28:00,2010-10-24 13:28:00,1,0,404.45,0.0,404.45,411,1,404.45,1,1,2,沉睡/低频
16319,2011-05-06 11:27:00,2011-05-06 11:27:00,1,0,404.4,0.0,404.4,217,1,404.4,2,1,2,沉睡/低频
12498,2011-10-13 09:30:00,2011-11-18 12:53:00,3,0,403.7,0.0,403.7,21,3,403.7,4,3,2,潜力客户
17785,2010-05-23 13:01:00,2011-10-17 13:43:00,3,0,403.38,0.0,403.38,53,3,403.38,4,3,2,潜力客户
17431,2011-01-30 14:36:00,2011-01-30 14:36:00,1,0,403.3,0.0,403.3,313,1,403.3,2,1,2,沉睡/低频
13530,2010-03-15 14:10:00,2010-03-15 14:10:00,1,0,402.98,0.0,402.98,634,1,402.98,1,1,2,沉睡/低频
16315,2010-06-21 13:53:00,2011-01-13 11:57:00,2,0,402.71,0.0,402.71,330,2,402.71,2,2,2,沉睡/低频
15888,2010-07-01 11:51:00,2011-09-20 12:30:00,3,1,429.16,27.04,402.12,80,3,402.12,3,3,2,潜力客户
12386,2010-12-08 09:53:00,2011-01-06 12:37:00,2,0,401.9,0.0,401.9,337,2,401.9,2,2,2,沉睡/低频
14494,2009-12-08 13:25:00,2011-11-14 09:21:00,3,0,401.46,0.0,401.46,25,3,401.46,4,3,2,潜力客户
14471,2009-12-07 12:26:00,2010-04-27 17:12:00,2,0,400.95,0.0,400.95,591,2,400.95,1,2,2,沉睡/低频
18270,2010-10-03 10:49:00,2011-11-01 13:57:00,3,1,444.55,44.2,400.35,38,3,400.35,4,3,2,潜力客户
17168,2010-07-29 12:33:00,2010-07-29 12:33:00,1,0,400.2,0.0,400.2,498,1,400.2,1,1,2,沉睡/低频
15501,2010-10-20 12:47:00,2010-10-31 11:15:00,2,0,399.95,0.0,399.95,404,2,399.95,2,2,2,沉睡/低频
15966,2010-09-15 10:44:00,2010-09-15 10:44:00,1,1,426.53,26.95,399.58,450,1,399.58,1,1,2,沉睡/低频
18128,2010-06-20 13:19:00,2010-06-20 13:19:00,1,0,399.29,0.0,399.29,537,1,399.29,1,1,2,沉睡/低频
13143,2010-05-04 12:22:00,2010-05-04 12:22:00,1,1,405.1,5.9,399.2,584,1,399.2,1,1,2,沉睡/低频
17052,2011-11-11 14:50:00,2011-11-11 14:50:00,1,0,399.09,0.0,399.09,28,1,399.09,4,1,2,新近客户
18111,2010-04-29 12:58:00,2010-04-29 12:58:00,1,1,405.85,6.95,398.9,589,1,398.9,1,1,2,沉睡/低频
17830,2011-02-24 10:15:00,2011-12-08 12:28:00,3,0,398.7,0.0,398.7,1,3,398.7,5,3,2,潜力客户
15522,2011-09-13 12:26:00,2011-11-07 11:26:00,2,0,397.99,0.0,397.99,32,2,397.99,4,2,2,新近客户
12508,2011-11-10 16:27:00,2011-11-13 15:37:00,2,0,397.88,0.0,397.88,26,2,397.88,4,2,2,新近客户
15037,2010-11-28 12:14:00,2010-11-28 13:05:00,2,0,397.76,0.0,397.76,376,2,397.76,2,2,2,沉睡/低频
15280,2010-05-17 14:17:00,2011-06-20 17:14:00,3,0,397.52,0.0,397.52,172,3,397.52,3,3,2,潜力客户
13807,2009-12-04 12:41:00,2010-12-07 15:48:00,3,1,422.2,24.9,397.3,367,3,397.3,2,3,2,高价值流失风险
17789,2010-02-16 13:16:00,2011-03-03 13:14:00,2,0,397.15,0.0,397.15,281,2,397.15,2,2,2,沉睡/低频
12824,2011-10-11 12:49:00,2011-10-11 12:49:00,1,0,397.12,0.0,397.12,59,1,397.12,3,1,2,潜力客户
17486,2011-03-23 14:00:00,2011-03-23 14:00:00,1,0,396.87,0.0,396.87,261,1,396.87,2,1,2,沉睡/低频
15883,2011-11-06 14:50:00,2011-12-07 17:05:00,2,0,396.48,0.0,396.48,2,2,396.48,5,2,2,新近客户
17918,2010-07-22 14:20:00,2010-07-27 11:51:00,3,0,396.39,0.0,396.39,500,3,396.39,1,3,2,高价值流失风险
18067,2011-10-30 15:58:00,2011-10-30 15:58:00,1,0,396.33,0.0,396.33,40,1,396.33,4,1,2,新近客户
15577,2009-12-13 16:17:00,2011-07-11 17:03:00,5,0,396.03,0.0,396.03,151,5,396.03,3,4,2,忠诚客户
13879,2010-03-04 10:49:00,2010-03-04 10:49:00,1,0,395.5,0.0,395.5,645,1,395.5,1,1,2,沉睡/低频
13083,2010-10-10 13:38:00,2011-12-05 15:01:00,3,0,395.43,0.0,395.43,4,3,395.43,5,3,2,潜力客户
16538,2010-04-23 16:25:00,2010-06-16 16:59:00,3,0,395.07,0.0,395.07,541,3,395.07,1,3,2,高价值流失风险
18048,2010-08-03 13:03:00,2011-05-20 14:58:00,3,0,394.93,0.0,394.93,203,3,394.93,2,3,2,高价值流失风险
18164,2011-11-02 12:56:00,2011-11-02 12:56:00,1,1,399.65,4.95,394.7,37,1,394.7,4,1,2,新近客户
16207,2011-11-14 13:51:00,2011-11-14 13:51:00,1,0,394.38,0.0,394.38,25,1,394.38,4,1,2,新近客户
15386,2011-06-06 13:47:00,2011-06-06 13:47:00,1,0,394.14,0.0,394.14,186,1,394.14,3,1,2,潜力客户
16998,2010-09-21 14:39:00,2011-07-13 09:44:00,5,2,402.0,7.98,394.02,149,5,394.02,3,4,2,忠诚客户
15960,2010-09-30 15:50:00,2010-11-30 15:57:00,4,1,410.95,16.95,394.0,374,4,394.0,2,4,2,高价值流失风险
12499,2010-05-28 15:12:00,2010-05-28 15:12:00,1,0,393.72,0.0,393.72,560,1,393.72,1,1,2,沉睡/低频
17300,2010-08-15 11:02:00,2010-11-14 10:56:00,2,0,393.64,0.0,393.64,390,2,393.64,2,2,2,沉睡/低频
15437,2010-03-09 10:45:00,2011-03-22 13:11:00,2,0,393.45,0.0,393.45,262,2,393.45,2,2,2,沉睡/低频
14620,2011-03-01 08:30:00,2011-05-18 11:58:00,2,1,412.78,19.5,393.28,205,2,393.28,2,2,2,沉睡/低频
15504,2010-02-12 12:34:00,2011-09-19 13:45:00,4,1,402.7,9.95,392.75,81,4,392.75,3,4,2,忠诚客户
16827,2010-04-29 19:07:00,2010-11-11 14:04:00,5,0,392.13,0.0,392.13,393,5,392.13,2,4,2,高价值流失风险
16424,2010-11-22 11:24:00,2011-06-01 13:40:00,2,1,443.06,51.0,392.06,191,2,392.06,2,2,2,沉睡/低频
16783,2010-09-29 11:53:00,2010-09-29 11:53:00,1,0,391.95,0.0,391.95,436,1,391.95,1,1,2,沉睡/低频
15342,2011-08-02 10:19:00,2011-08-02 10:19:00,1,1,406.09,14.33,391.76,129,1,391.76,3,1,2,潜力客户
15446,2009-12-13 13:53:00,2010-11-28 11:59:00,3,2,399.75,8.1,391.65,376,3,391.65,2,3,2,高价值流失风险
15461,2010-03-18 12:40:00,2010-09-05 12:31:00,2,1,429.7,38.4,391.3,460,2,391.3,1,2,2,沉睡/低频
14072,2010-02-11 12:31:00,2010-02-11 12:31:00,1,0,390.85,0.0,390.85,666,1,390.85,1,1,2,沉睡/低频
14197,2010-10-25 10:01:00,2010-10-25 10:01:00,1,0,390.05,0.0,390.05,410,1,390.05,1,1,2,沉睡/低频
14910,2011-10-16 11:06:00,2011-12-07 10:06:00,4,3,434.35,44.49,389.86,2,4,389.86,5,4,2,忠诚客户
17116,2010-03-01 16:29:00,2010-03-01 16:29:00,1,0,389.78,0.0,389.78,648,1,389.78,1,1,2,沉睡/低频
17379,2011-11-28 13:56:00,2011-11-28 13:56:00,1,0,389.72,0.0,389.72,11,1,389.72,5,1,2,新近客户
14752,2011-10-27 11:55:00,2011-10-27 11:55:00,1,0,389.64,0.0,389.64,43,1,389.64,4,1,2,新近客户
12677,2010-02-11 13:55:00,2010-06-02 14:30:00,2,1,395.1,5.8,389.3,555,2,389.3,1,2,2,沉睡/低频
13352,2011-10-10 13:55:00,2011-10-10 13:55:00,1,1,397.98,8.7,389.28,60,1,389.28,3,1,2,潜力客户
17479,2010-03-17 09:26:00,2010-03-17 09:26:00,1,0,389.26,0.0,389.26,632,1,389.26,1,1,2,沉睡/低频
17286,2010-11-04 13:43:00,2011-11-18 12:47:00,3,0,389.18,0.0,389.18,21,3,389.18,4,3,2,潜力客户
12690,2011-05-18 09:09:00,2011-05-18 09:09:00,1,0,389.01,0.0,389.01,205,1,389.01,2,1,2,沉睡/低频
15592,2011-10-24 08:59:00,2011-10-24 08:59:00,1,0,388.58,0.0,388.58,46,1,388.58,4,1,2,新近客户
13896,2010-03-24 08:55:00,2010-03-24 08:55:00,1,0,388.55,0.0,388.55,625,1,388.55,1,1,2,沉睡/低频
13899,2011-03-10 09:30:00,2011-11-23 13:40:00,2,0,388.52,0.0,388.52,16,2,388.52,5,2,2,新近客户
13673,2011-11-07 15:40:00,2011-11-21 12:11:00,2,0,387.44,0.0,387.44,18,2,387.44,5,2,2,新近客户
17771,2010-04-29 13:21:00,2011-10-14 11:43:00,4,0,387.41,0.0,387.41,56,4,387.41,4,4,2,忠诚客户
17718,2010-03-05 08:01:00,2011-04-21 13:39:00,2,1,439.18,52.2,386.98,232,2,386.98,2,2,2,沉睡/低频
17595,2011-11-02 16:19:00,2011-11-27 16:08:00,2,0,386.69,0.0,386.69,12,2,386.69,5,2,2,新近客户
14678,2010-05-09 14:32:00,2010-05-09 14:32:00,1,1,403.39,16.95,386.44,579,1,386.44,1,1,2,沉睡/低频
17614,2011-10-13 16:01:00,2011-10-13 16:01:00,1,0,386.32,0.0,386.32,57,1,386.32,4,1,2,新近客户
14779,2011-01-20 12:04:00,2011-03-04 12:42:00,3,0,386.15,0.0,386.15,280,3,386.15,2,3,2,高价值流失风险
16492,2010-06-17 08:20:00,2010-06-17 08:20:00,1,0,385.56,0.0,385.56,540,1,385.56,1,1,2,沉睡/低频
12973,2010-10-22 10:14:00,2010-10-22 10:14:00,1,0,385.55,0.0,385.55,413,1,385.55,1,1,2,沉睡/低频
14826,2010-01-13 13:08:00,2010-05-07 09:00:00,2,0,385.2,0.0,385.2,581,2,385.2,1,2,2,沉睡/低频
17711,2011-02-23 11:32:00,2011-11-29 11:40:00,2,0,385.1,0.0,385.1,10,2,385.1,5,2,2,新近客户
17171,2010-02-16 12:02:00,2011-02-23 16:37:00,2,0,384.59,0.0,384.59,289,2,384.59,2,2,2,沉睡/低频
16868,2010-04-25 11:31:00,2010-11-10 13:17:00,3,0,384.56,0.0,384.56,394,3,384.56,2,3,2,高价值流失风险
16433,2010-10-27 12:26:00,2011-11-11 14:09:00,2,0,384.52,0.0,384.52,28,2,384.52,4,2,2,新近客户
17357,2011-11-15 16:29:00,2011-11-15 16:30:00,2,0,384.39,0.0,384.39,24,2,384.39,4,2,2,新近客户
14322,2010-02-18 08:49:00,2010-10-06 15:17:00,4,2,474.1,89.8,384.3,429,4,384.3,1,4,2,高价值流失风险
14358,2010-10-07 17:26:00,2010-11-15 15:51:00,2,1,400.06,15.76,384.3,389,2,384.3,2,2,2,沉睡/低频
13966,2010-09-30 13:08:00,2010-09-30 13:08:00,1,0,384.26,0.0,384.26,435,1,384.26,1,1,2,沉睡/低频
16982,2011-10-10 12:28:00,2011-10-10 12:28:00,1,0,384.06,0.0,384.06,60,1,384.06,3,1,2,潜力客户
15155,2010-11-21 12:59:00,2010-11-21 12:59:00,1,0,383.97,0.0,383.97,383,1,383.97,2,1,2,沉睡/低频
13792,2010-10-13 11:05:00,2011-10-04 14:31:00,3,0,383.95,0.0,383.95,66,3,383.95,3,3,2,潜力客户
12515,2010-12-21 15:43:00,2010-12-21 15:43:00,1,0,383.7,0.0,383.7,353,1,383.7,2,1,2,沉睡/低频
15440,2011-05-15 11:30:00,2011-10-16 12:16:00,3,0,383.68,0.0,383.68,54,3,383.68,4,3,2,潜力客户
12547,2010-07-27 13:55:00,2011-05-26 12:38:00,3,0,383.58,0.0,383.58,197,3,383.58,2,3,2,高价值流失风险
12832,2011-09-02 13:48:00,2011-11-07 13:30:00,2,0,383.03,0.0,383.03,32,2,383.03,4,2,2,新近客户
13817,2010-12-23 11:46:00,2011-11-10 17:49:00,2,0,382.98,0.0,382.98,29,2,382.98,4,2,2,新近客户
17403,2010-09-15 12:29:00,2011-11-03 15:18:00,2,0,382.87,0.0,382.87,36,2,382.87,4,2,2,新近客户
14767,2010-08-22 14:54:00,2010-08-22 14:54:00,1,0,382.81,0.0,382.81,474,1,382.81,1,1,2,沉睡/低频
16988,2010-11-25 09:22:00,2011-12-04 16:02:00,2,0,382.67,0.0,382.67,5,2,382.67,5,2,2,新近客户
13657,2011-05-22 12:35:00,2011-11-29 12:32:00,2,0,382.14,0.0,382.14,10,2,382.14,5,2,2,新近客户
17250,2011-03-23 16:45:00,2011-12-06 12:15:00,2,0,381.97,0.0,381.97,3,2,381.97,5,2,2,新近客户
14908,2010-09-02 16:39:00,2011-09-26 12:56:00,2,0,381.9,0.0,381.9,74,2,381.9,3,2,2,潜力客户
16304,2010-01-14 08:30:00,2010-01-14 08:30:00,1,0,381.66,0.0,381.66,694,1,381.66,1,1,2,沉睡/低频
15090,2011-02-04 14:03:00,2011-02-04 14:03:00,1,0,381.32,0.0,381.32,308,1,381.32,2,1,2,沉睡/低频
17393,2010-08-08 15:53:00,2010-10-25 11:10:00,2,0,381.15,0.0,381.15,410,2,381.15,1,2,2,沉睡/低频
17903,2010-11-10 15:39:00,2010-11-10 15:39:00,1,0,381.09,0.0,381.09,394,1,381.09,2,1,2,沉睡/低频
12796,2010-03-21 15:49:00,2010-03-21 15:49:00,1,0,381.0,0.0,381.0,628,1,381.0,1,1,2,沉睡/低频
17936,2011-12-04 13:32:00,2011-12-04 13:32:00,1,0,380.13,0.0,380.13,5,1,380.13,5,1,2,新近客户
14731,2011-05-11 13:06:00,2011-10-23 15:54:00,3,0,380.02,0.0,380.02,47,3,380.02,4,3,2,潜力客户
16577,2010-02-11 09:45:00,2010-02-11 09:45:00,1,0,380.0,0.0,380.0,666,1,380.0,1,1,2,沉睡/低频
16552,2010-12-01 12:36:00,2011-04-11 10:04:00,2,0,379.73,0.0,379.73,242,2,379.73,2,2,2,沉睡/低频
17753,2010-01-06 14:20:00,2010-09-01 15:49:00,4,1,382.06,2.5,379.56,464,4,379.56,1,4,2,高价值流失风险
16484,2011-06-02 10:39:00,2011-06-19 12:06:00,2,1,404.3,24.9,379.4,173,2,379.4,3,2,2,潜力客户
14200,2010-04-01 13:01:00,2010-04-01 13:01:00,1,0,379.2,0.0,379.2,617,1,379.2,1,1,2,沉睡/低频
16930,2011-10-02 14:25:00,2011-11-13 16:13:00,3,0,378.89,0.0,378.89,26,3,378.89,4,3,2,潜力客户
17804,2009-12-01 12:22:00,2010-11-28 14:01:00,3,1,383.78,5.1,378.68,376,3,378.68,2,3,2,高价值流失风险
13372,2011-09-11 12:46:00,2011-09-11 12:46:00,1,0,378.64,0.0,378.64,89,1,378.64,3,1,2,潜力客户
13954,2011-09-30 10:52:00,2011-12-08 12:50:00,2,1,439.92,61.33,378.59,1,2,378.59,5,2,2,新近客户
17078,2011-11-03 18:49:00,2011-11-03 19:17:00,2,0,378.2,0.0,378.2,36,2,378.2,4,2,2,新近客户
13345,2011-02-25 09:01:00,2011-02-25 09:01:00,1,1,389.5,11.9,377.6,287,1,377.6,2,1,2,沉睡/低频
15048,2010-12-06 12:15:00,2011-10-05 14:55:00,4,1,381.0,3.48,377.52,65,4,377.52,3,4,2,忠诚客户
12941,2009-12-15 13:12:00,2009-12-15 13:12:00,1,0,377.49,0.0,377.49,724,1,377.49,1,1,2,沉睡/低频
17783,2010-07-15 12:50:00,2011-09-28 16:07:00,3,0,376.96,0.0,376.96,72,3,376.96,3,3,2,潜力客户
17717,2010-10-14 12:54:00,2010-10-14 12:54:00,1,0,376.92,0.0,376.92,421,1,376.92,1,1,2,沉睡/低频
17489,2011-05-11 11:34:00,2011-10-12 08:56:00,2,0,376.64,0.0,376.64,58,2,376.64,4,2,2,新近客户
14353,2010-10-04 12:38:00,2011-05-08 16:06:00,3,0,376.5,0.0,376.5,215,3,376.5,2,3,2,高价值流失风险
13997,2010-06-07 17:33:00,2010-07-08 18:06:00,3,0,376.46,0.0,376.46,519,3,376.46,1,3,2,高价值流失风险
14531,2010-08-17 10:16:00,2010-08-17 10:16:00,1,0,376.34,0.0,376.34,479,1,376.34,1,1,2,沉睡/低频
13688,2010-03-14 14:11:00,2010-03-14 14:11:00,1,0,375.5,0.0,375.5,635,1,375.5,1,1,2,沉睡/低频
14448,2010-12-10 17:26:00,2011-11-30 13:50:00,2,0,375.35,0.0,375.35,9,2,375.35,5,2,2,新近客户
14294,2010-10-28 16:25:00,2010-10-28 16:25:00,1,0,375.34,0.0,375.34,407,1,375.34,2,1,2,沉睡/低频
14067,2011-09-04 12:00:00,2011-10-07 10:21:00,2,0,374.7,0.0,374.7,63,2,374.7,3,2,2,潜力客户
17568,2010-03-16 16:45:00,2010-03-16 16:45:00,1,0,374.45,0.0,374.45,633,1,374.45,1,1,2,沉睡/低频
14736,2010-08-11 15:13:00,2010-08-11 15:21:00,2,0,374.05,0.0,374.05,485,2,374.05,1,2,2,沉睡/低频
13351,2011-10-04 12:55:00,2011-10-04 12:55:00,1,0,373.94,0.0,373.94,66,1,373.94,3,1,2,潜力客户
13283,2010-03-09 14:36:00,2011-10-11 09:50:00,4,0,373.36,0.0,373.36,59,4,373.36,3,4,2,忠诚客户
13197,2010-04-09 09:14:00,2010-04-09 09:14:00,1,0,373.01,0.0,373.01,609,1,373.01,1,1,2,沉睡/低频
12981,2011-07-29 14:14:00,2011-11-10 12:00:00,2,0,372.22,0.0,372.22,29,2,372.22,4,2,2,新近客户
13597,2010-11-02 09:30:00,2010-11-04 14:54:00,2,1,396.71,24.5,372.21,400,2,372.21,2,2,2,沉睡/低频
17245,2010-01-19 15:39:00,2011-05-19 10:43:00,2,0,371.63,0.0,371.63,204,2,371.63,2,2,2,沉睡/低频
15472,2011-08-18 15:17:00,2011-08-18 15:17:00,1,0,371.56,0.0,371.56,113,1,371.56,3,1,2,潜力客户
18162,2009-12-07 13:24:00,2009-12-07 13:24:00,1,0,371.51,0.0,371.51,732,1,371.51,1,1,2,沉睡/低频
15975,2011-09-16 13:33:00,2011-09-16 13:33:00,1,0,371.01,0.0,371.01,84,1,371.01,3,1,2,潜力客户
15063,2011-05-10 13:25:00,2011-05-10 13:25:00,1,0,370.8,0.0,370.8,213,1,370.8,2,1,2,沉睡/低频
15765,2010-02-11 10:25:00,2010-02-11 10:25:00,1,0,370.63,0.0,370.63,666,1,370.63,1,1,2,沉睡/低频
15458,2010-11-02 19:50:00,2011-11-14 13:08:00,2,0,370.44,0.0,370.44,25,2,370.44,4,2,2,新近客户
17094,2010-10-12 10:48:00,2011-01-21 13:09:00,2,1,402.2,31.8,370.4,322,2,370.4,2,2,2,沉睡/低频
16148,2010-09-29 10:12:00,2011-02-16 14:01:00,2,2,386.62,16.25,370.37,296,2,370.37,2,2,2,沉睡/低频
17437,2010-06-28 11:11:00,2010-06-28 11:11:00,1,0,369.68,0.0,369.68,529,1,369.68,1,1,2,沉睡/低频
16758,2011-10-05 14:47:00,2011-10-05 14:47:00,1,0,369.34,0.0,369.34,65,1,369.34,3,1,2,潜力客户
14888,2011-05-16 14:58:00,2011-05-16 14:58:00,1,0,369.2,0.0,369.2,207,1,369.2,2,1,2,沉睡/低频
15477,2010-02-28 10:37:00,2010-02-28 10:37:00,1,0,368.4,0.0,368.4,649,1,368.4,1,1,2,沉睡/低频
17792,2010-08-18 13:08:00,2010-08-29 14:30:00,2,0,368.35,0.0,368.35,467,2,368.35,1,2,2,沉睡/低频
15989,2009-12-02 15:51:00,2010-11-29 12:03:00,2,0,368.31,0.0,368.31,375,2,368.31,2,2,2,沉睡/低频
15345,2011-10-25 11:28:00,2011-10-25 11:28:00,1,1,393.54,25.85,367.69,45,1,367.69,4,1,2,新近客户
14706,2010-03-31 11:09:00,2010-03-31 11:09:00,1,0,367.54,0.0,367.54,618,1,367.54,1,1,2,沉睡/低频
14018,2010-03-04 14:23:00,2010-03-04 14:23:00,1,0,367.15,0.0,367.15,645,1,367.15,1,1,2,沉睡/低频
14962,2010-05-04 14:57:00,2011-03-14 09:42:00,4,0,366.91,0.0,366.91,270,4,366.91,2,4,2,高价值流失风险
12899,2010-10-22 09:53:00,2010-10-22 09:53:00,1,0,366.4,0.0,366.4,413,1,366.4,1,1,2,沉睡/低频
17911,2011-11-30 14:52:00,2011-11-30 14:52:00,1,0,366.23,0.0,366.23,9,1,366.23,5,1,2,新近客户
12889,2010-07-25 14:32:00,2010-11-23 16:08:00,4,2,385.46,19.8,365.66,381,4,365.66,2,4,2,高价值流失风险
16974,2010-05-24 10:43:00,2010-07-05 10:18:00,2,0,365.5,0.0,365.5,522,2,365.5,1,2,2,沉睡/低频
12651,2010-08-31 15:21:00,2011-01-09 12:46:00,4,1,377.75,12.45,365.3,334,4,365.3,2,4,2,高价值流失风险
15429,2011-09-25 13:42:00,2011-11-13 12:28:00,2,1,397.35,32.45,364.9,26,2,364.9,4,2,2,新近客户
17536,2010-01-26 12:00:00,2011-06-15 13:23:00,3,0,364.83,0.0,364.83,177,3,364.83,3,3,2,潜力客户
14886,2011-04-01 08:56:00,2011-04-01 08:56:00,1,0,364.8,0.0,364.8,252,1,364.8,2,1,2,沉睡/低频
15949,2011-09-29 17:34:00,2011-11-23 09:09:00,2,0,364.72,0.0,364.72,16,2,364.72,5,2,2,新近客户
15343,2011-09-13 13:55:00,2011-09-13 13:55:00,1,0,364.5,0.0,364.5,87,1,364.5,3,1,2,潜力客户
15915,2010-11-03 11:13:00,2010-11-03 11:13:00,1,0,364.45,0.0,364.45,401,1,364.45,2,1,2,沉睡/低频
14528,2011-11-02 17:09:00,2011-11-02 17:09:00,1,0,364.22,0.0,364.22,37,1,364.22,4,1,2,新近客户
16909,2011-09-28 16:45:00,2011-09-28 16:45:00,1,1,379.14,15.0,364.14,72,1,364.14,3,1,2,潜力客户
16509,2011-02-16 09:25:00,2011-02-16 09:25:00,1,0,363.7,0.0,363.7,296,1,363.7,2,1,2,沉睡/低频
15922,2010-12-01 13:51:00,2010-12-01 13:51:00,1,1,369.5,5.9,363.6,373,1,363.6,2,1,2,沉睡/低频
14253,2010-03-26 15:08:00,2010-08-03 14:55:00,2,0,363.4,0.0,363.4,493,2,363.4,1,2,2,沉睡/低频
14594,2010-12-01 13:54:00,2011-12-02 13:28:00,2,0,363.33,0.0,363.33,7,2,363.33,5,2,2,新近客户
16078,2010-02-08 13:29:00,2011-03-01 09:47:00,2,0,362.99,0.0,362.99,283,2,362.99,2,2,2,沉睡/低频
16378,2011-02-02 12:42:00,2011-04-06 15:07:00,3,0,362.95,0.0,362.95,247,3,362.95,2,3,2,高价值流失风险
17573,2011-09-07 10:36:00,2011-11-10 13:01:00,3,1,380.6,17.7,362.9,29,3,362.9,4,3,2,潜力客户
13962,2010-09-30 10:35:00,2011-11-18 08:47:00,3,0,362.8,0.0,362.8,21,3,362.8,4,3,2,潜力客户
15029,2010-03-30 12:16:00,2010-03-30 12:16:00,1,1,365.1,2.95,362.15,619,1,362.15,1,1,2,沉睡/低频
16052,2011-10-16 15:13:00,2011-10-16 15:13:00,1,0,362.06,0.0,362.06,54,1,362.06,4,1,2,新近客户
18110,2010-10-24 14:21:00,2011-11-20 12:34:00,2,1,392.28,30.25,362.03,19,2,362.03,4,2,2,新近客户
13844,2011-11-28 13:21:00,2011-11-28 13:21:00,1,0,361.62,0.0,361.62,11,1,361.62,5,1,2,新近客户
14950,2011-11-20 13:48:00,2011-11-20 13:48:00,1,1,371.2,9.95,361.25,19,1,361.25,4,1,2,新近客户
16305,2011-07-24 12:18:00,2011-07-24 12:18:00,1,0,361.22,0.0,361.22,138,1,361.22,3,1,2,潜力客户
16448,2010-08-25 16:58:00,2011-05-25 16:28:00,2,0,361.12,0.0,361.12,198,2,361.12,2,2,2,沉睡/低频
18091,2010-04-25 13:18:00,2010-04-25 13:18:00,1,0,360.85,0.0,360.85,593,1,360.85,1,1,2,沉睡/低频
13274,2010-10-26 13:48:00,2010-10-26 13:48:00,1,0,360.85,0.0,360.85,409,1,360.85,2,1,2,沉睡/低频
17772,2010-11-12 11:31:00,2011-11-29 11:05:00,3,0,360.75,0.0,360.75,10,3,360.75,5,3,2,潜力客户
17012,2009-12-14 17:34:00,2009-12-14 17:34:00,1,0,360.61,0.0,360.61,725,1,360.61,1,1,2,沉睡/低频
17945,2010-01-12 11:33:00,2010-01-12 11:40:00,3,0,360.35,0.0,360.35,696,3,360.35,1,3,2,高价值流失风险
18208,2010-05-23 11:54:00,2010-05-23 11:54:00,1,0,360.08,0.0,360.08,565,1,360.08,1,1,2,沉睡/低频
15008,2010-03-12 11:13:00,2010-08-16 13:09:00,2,0,360.0,0.0,360.0,480,2,360.0,1,2,2,沉睡/低频
13298,2011-12-08 13:11:00,2011-12-08 13:11:00,1,0,360.0,0.0,360.0,1,1,360.0,5,1,2,新近客户
13181,2010-11-23 15:05:00,2010-11-23 15:05:00,1,0,359.69,0.0,359.69,381,1,359.69,2,1,2,沉睡/低频
14919,2010-06-18 13:06:00,2010-06-18 13:06:00,1,0,359.35,0.0,359.35,539,1,359.35,1,1,2,沉睡/低频
17912,2010-11-29 13:53:00,2011-02-02 14:25:00,6,1,374.55,15.4,359.15,310,6,359.15,2,4,2,高价值流失风险
17948,2011-07-15 12:58:00,2011-07-15 12:58:00,1,0,358.56,0.0,358.56,147,1,358.56,3,1,2,潜力客户
16856,2010-09-23 13:11:00,2011-11-25 08:59:00,3,0,358.49,0.0,358.49,14,3,358.49,5,3,2,潜力客户
17748,2010-06-30 13:49:00,2010-06-30 13:49:00,1,0,358.15,0.0,358.15,527,1,358.15,1,1,2,沉睡/低频
13228,2011-09-19 14:28:00,2011-09-19 14:28:00,1,0,358.0,0.0,358.0,81,1,358.0,3,1,2,潜力客户
16606,2010-10-01 13:21:00,2010-10-31 13:57:00,2,0,357.66,0.0,357.66,404,2,357.66,2,2,2,沉睡/低频
15595,2010-08-09 12:27:00,2010-08-09 12:27:00,1,0,357.6,0.0,357.6,487,1,357.6,1,1,2,沉睡/低频
18040,2011-04-08 08:27:00,2011-11-20 14:20:00,2,0,357.2,0.0,357.2,19,2,357.2,4,2,2,新近客户
18273,2010-04-28 12:24:00,2011-12-07 13:16:00,4,0,357.0,0.0,357.0,2,4,357.0,5,4,2,忠诚客户
14500,2011-06-03 10:08:00,2011-09-12 16:45:00,3,0,356.85,0.0,356.85,88,3,356.85,3,3,2,潜力客户
17200,2010-02-25 13:23:00,2010-11-17 13:04:00,4,0,356.71,0.0,356.71,387,4,356.71,2,4,2,高价值流失风险
14172,2010-03-07 10:58:00,2010-04-13 13:26:00,3,1,369.02,12.75,356.27,605,3,356.27,1,3,2,高价值流失风险
12544,2011-11-03 16:15:00,2011-11-03 16:15:00,1,1,372.7,17.0,355.7,36,1,355.7,4,1,2,新近客户
12996,2010-11-29 09:27:00,2010-11-29 09:27:00,1,0,355.5,0.0,355.5,375,1,355.5,2,1,2,沉睡/低频
16920,2010-10-24 14:07:00,2010-10-24 14:07:00,1,0,355.45,0.0,355.45,411,1,355.45,1,1,2,沉睡/低频
15863,2009-12-17 10:20:00,2011-11-14 12:49:00,5,0,355.1,0.0,355.1,25,5,355.1,4,4,2,忠诚客户
14268,2010-08-26 10:45:00,2010-08-26 10:45:00,1,0,354.85,0.0,354.85,470,1,354.85,1,1,2,沉睡/低频
14244,2010-02-17 11:40:00,2010-02-17 11:40:00,1,1,366.42,11.6,354.82,660,1,354.82,1,1,2,沉睡/低频
15986,2010-11-23 10:02:00,2011-11-09 15:17:00,2,0,354.42,0.0,354.42,30,2,354.42,4,2,2,新近客户
12845,2011-02-22 14:10:00,2011-03-17 13:34:00,4,0,354.09,0.0,354.09,267,4,354.09,2,4,2,高价值流失风险
16323,2010-05-11 09:48:00,2011-05-27 14:48:00,2,0,353.66,0.0,353.66,196,2,353.66,2,2,2,沉睡/低频
18003,2010-11-28 15:09:00,2010-11-28 15:09:00,1,0,353.51,0.0,353.51,376,1,353.51,2,1,2,沉睡/低频
13210,2011-09-07 08:18:00,2011-09-07 08:18:00,1,0,353.48,0.0,353.48,93,1,353.48,3,1,2,潜力客户
14804,2011-12-01 11:20:00,2011-12-01 11:20:00,1,0,353.27,0.0,353.27,8,1,353.27,5,1,2,新近客户
16382,2010-06-07 12:42:00,2010-10-27 16:23:00,2,0,353.1,0.0,353.1,408,2,353.1,2,2,2,沉睡/低频
12617,2011-11-10 14:39:00,2011-11-10 14:39:00,1,0,352.98,0.0,352.98,29,1,352.98,4,1,2,新近客户
13765,2010-02-24 13:46:00,2010-02-24 13:46:00,1,0,352.821,0.0,352.821,653,1,352.821,1,1,2,沉睡/低频
16857,2010-09-23 10:49:00,2010-09-23 10:49:00,1,0,352.8,0.0,352.8,442,1,352.8,1,1,2,沉睡/低频
16274,2010-12-01 15:35:00,2010-12-01 15:35:00,1,0,351.75,0.0,351.75,373,1,351.75,2,1,2,沉睡/低频
14333,2011-10-03 10:38:00,2011-10-03 10:38:00,1,1,415.2,63.75,351.45,67,1,351.45,3,1,2,潜力客户
16192,2009-12-04 12:28:00,2009-12-04 12:28:00,1,0,351.3,0.0,351.3,735,1,351.3,1,1,2,沉睡/低频
13923,2011-10-17 12:33:00,2011-10-17 12:33:00,1,0,351.13,0.0,351.13,53,1,351.13,4,1,2,新近客户
14252,2010-11-23 13:36:00,2010-11-23 13:36:00,1,0,350.99,0.0,350.99,381,1,350.99,2,1,2,沉睡/低频
13332,2011-11-25 13:30:00,2011-11-25 13:30:00,1,0,350.9,0.0,350.9,14,1,350.9,5,1,2,新近客户
15334,2011-06-19 13:51:00,2011-07-06 11:22:00,3,0,350.82,0.0,350.82,156,3,350.82,3,3,2,潜力客户
12532,2011-11-09 13:47:00,2011-11-09 13:47:00,1,0,349.83,0.0,349.83,30,1,349.83,4,1,2,新近客户
13670,2011-09-25 15:25:00,2011-09-25 15:25:00,1,0,349.7,0.0,349.7,75,1,349.7,3,1,2,潜力客户
13887,2011-05-19 17:22:00,2011-05-19 17:22:00,1,0,349.55,0.0,349.55,204,1,349.55,2,1,2,沉睡/低频
14545,2010-02-03 15:23:00,2010-02-03 15:23:00,1,0,349.25,0.0,349.25,674,1,349.25,1,1,2,沉睡/低频
16355,2010-11-29 14:21:00,2010-11-29 14:21:00,1,1,416.35,67.15,349.2,375,1,349.2,2,1,2,沉睡/低频
17252,2011-06-06 16:41:00,2011-08-15 09:45:00,2,0,348.91,0.0,348.91,116,2,348.91,3,2,2,潜力客户
13790,2011-12-05 15:48:00,2011-12-05 15:48:00,1,0,348.8,0.0,348.8,4,1,348.8,5,1,2,新近客户
17577,2010-02-09 10:10:00,2010-03-04 13:01:00,2,0,348.75,0.0,348.75,645,2,348.75,1,2,2,沉睡/低频
15282,2010-05-18 16:27:00,2010-05-18 16:27:00,1,0,348.59,0.0,348.59,570,1,348.59,1,1,2,沉睡/低频
16263,2010-10-12 14:52:00,2010-10-12 14:52:00,1,0,348.16,0.0,348.16,423,1,348.16,1,1,2,沉睡/低频
18155,2011-02-21 10:36:00,2011-09-25 13:32:00,3,1,371.62,23.8,347.82,75,3,347.82,3,3,2,潜力客户
12760,2010-09-10 08:50:00,2010-09-10 08:50:00,1,0,347.8,0.0,347.8,455,1,347.8,1,1,2,沉睡/低频
17668,2011-11-01 14:45:00,2011-12-08 13:25:00,2,0,347.75,0.0,347.75,1,2,347.75,5,2,2,新近客户
15085,2009-12-10 11:47:00,2009-12-10 11:47:00,1,0,347.54,0.0,347.54,729,1,347.54,1,1,2,沉睡/低频
12895,2011-09-14 08:35:00,2011-10-28 13:51:00,2,1,372.8,25.5,347.3,42,2,347.3,4,2,2,新近客户
13062,2011-06-01 15:12:00,2011-06-01 15:12:00,1,0,346.98,0.0,346.98,191,1,346.98,2,1,2,沉睡/低频
12411,2010-10-26 09:25:00,2010-10-26 09:25:00,1,0,346.9,0.0,346.9,409,1,346.9,2,1,2,沉睡/低频
12566,2011-09-14 14:30:00,2011-09-14 14:30:00,1,1,351.65,4.95,346.7,86,1,346.7,3,1,2,潜力客户
17780,2010-01-24 11:21:00,2010-02-10 13:43:00,3,0,346.56,0.0,346.56,667,3,346.56,1,3,2,高价值流失风险
13234,2009-12-07 12:32:00,2010-02-05 11:41:00,2,0,346.5,0.0,346.5,672,2,346.5,1,2,2,沉睡/低频
16423,2011-11-15 09:21:00,2011-11-15 09:21:00,1,0,346.12,0.0,346.12,24,1,346.12,4,1,2,新近客户
13413,2010-01-21 17:43:00,2010-03-10 12:17:00,6,2,429.44,83.64,345.8,639,6,345.8,1,4,2,高价值流失风险
15840,2011-06-20 11:42:00,2011-10-12 09:08:00,2,1,355.56,9.9,345.66,58,2,345.66,3,2,2,潜力客户
12829,2010-06-07 15:04:00,2011-01-07 11:13:00,3,1,385.3,39.95,345.35,336,3,345.35,2,3,2,高价值流失风险
13774,2011-09-19 12:06:00,2011-09-19 12:06:00,1,0,345.0,0.0,345.0,81,1,345.0,3,1,2,潜力客户
14633,2011-03-18 17:07:00,2011-03-18 17:07:00,1,0,344.9,0.0,344.9,266,1,344.9,2,1,2,沉睡/低频
15337,2010-10-24 15:29:00,2010-10-24 15:29:00,1,1,373.02,28.3,344.72,411,1,344.72,1,1,2,沉睡/低频
15519,2010-09-19 13:57:00,2010-11-21 14:35:00,2,0,344.61,0.0,344.61,383,2,344.61,2,2,2,沉睡/低频
17569,2011-01-11 14:15:00,2011-01-11 14:15:00,1,0,344.14,0.0,344.14,332,1,344.14,2,1,2,沉睡/低频
16990,2010-10-13 11:42:00,2011-05-05 08:30:00,2,0,344.0,0.0,344.0,218,2,344.0,2,2,2,沉睡/低频
13068,2011-01-24 08:20:00,2011-11-29 15:00:00,2,0,344.0,0.0,344.0,10,2,344.0,5,2,2,新近客户
15120,2011-07-29 09:48:00,2011-07-29 09:48:00,1,1,358.82,15.0,343.82,133,1,343.82,3,1,2,潜力客户
15047,2011-03-15 10:49:00,2011-03-15 10:49:00,1,0,343.62,0.0,343.62,269,1,343.62,2,1,2,沉睡/低频
15520,2011-12-08 10:58:00,2011-12-08 10:58:00,1,0,343.5,0.0,343.5,1,1,343.5,5,1,2,新近客户
18081,2011-07-29 11:56:00,2011-11-03 16:30:00,3,0,343.45,0.0,343.45,36,3,343.45,4,3,2,潜力客户
12715,2011-08-25 15:22:00,2011-08-25 15:22:00,1,0,343.36,0.0,343.36,106,1,343.36,3,1,2,潜力客户
17810,2010-01-25 10:26:00,2010-02-09 10:47:00,2,1,373.16,29.95,343.21,668,2,343.21,1,2,2,沉睡/低频
18250,2011-02-02 13:16:00,2011-02-02 13:16:00,1,1,349.27,6.35,342.92,310,1,342.92,2,1,2,沉睡/低频
17795,2011-03-20 12:02:00,2011-06-13 12:36:00,2,0,342.83,0.0,342.83,179,2,342.83,3,2,2,潜力客户
13550,2010-11-21 15:24:00,2010-11-21 15:24:00,1,0,342.55,0.0,342.55,383,1,342.55,2,1,2,沉睡/低频
16851,2011-10-19 09:48:00,2011-12-05 13:32:00,3,0,342.45,0.0,342.45,4,3,342.45,5,3,2,潜力客户
14989,2010-02-16 10:40:00,2010-02-16 10:40:00,1,0,342.4,0.0,342.4,661,1,342.4,1,1,2,沉睡/低频
17835,2011-11-16 16:30:00,2011-12-07 11:48:00,3,0,342.24,0.0,342.24,2,3,342.24,5,3,2,潜力客户
17660,2009-12-02 16:02:00,2011-07-21 13:37:00,2,0,342.22,0.0,342.22,141,2,342.22,3,2,2,潜力客户
18199,2010-01-25 11:32:00,2010-01-25 11:32:00,1,1,344.75,2.55,342.2,683,1,342.2,1,1,2,沉睡/低频
14724,2010-04-28 13:26:00,2010-04-28 13:26:00,1,0,341.9,0.0,341.9,590,1,341.9,1,1,2,沉睡/低频
16826,2011-10-19 14:05:00,2011-10-19 14:05:00,1,0,341.7,0.0,341.7,51,1,341.7,4,1,2,新近客户
16585,2010-01-13 13:31:00,2010-04-25 10:34:00,2,0,341.59,0.0,341.59,593,2,341.59,1,2,2,沉睡/低频
13347,2011-09-30 13:28:00,2011-09-30 13:28:00,1,0,341.36,0.0,341.36,70,1,341.36,3,1,2,潜力客户
13252,2010-03-24 10:30:00,2010-11-10 16:00:00,2,1,399.3,58.0,341.3,394,2,341.3,2,2,2,沉睡/低频
17928,2010-05-17 15:30:00,2011-10-25 13:52:00,3,0,341.24,0.0,341.24,45,3,341.24,4,3,2,潜力客户
16259,2010-04-13 16:57:00,2010-10-25 14:27:00,3,0,340.94,0.0,340.94,410,3,340.94,1,3,2,高价值流失风险
14491,2010-12-02 12:10:00,2011-06-17 15:22:00,2,0,340.93,0.0,340.93,175,2,340.93,3,2,2,潜力客户
17542,2010-03-08 12:08:00,2011-03-15 11:45:00,3,0,340.85,0.0,340.85,269,3,340.85,2,3,2,高价值流失风险
16044,2010-09-30 18:12:00,2010-09-30 18:12:00,1,0,340.84,0.0,340.84,435,1,340.84,1,1,2,沉睡/低频
15818,2010-04-30 12:58:00,2010-04-30 12:58:00,1,0,340.5,0.0,340.5,588,1,340.5,1,1,2,沉睡/低频
13584,2010-02-02 08:40:00,2011-02-06 12:49:00,3,2,385.7,45.3,340.4,306,3,340.4,2,3,2,高价值流失风险
12900,2010-10-13 15:17:00,2010-10-13 15:17:00,1,0,340.33,0.0,340.33,422,1,340.33,1,1,2,沉睡/低频
14840,2010-06-18 15:42:00,2011-03-17 12:00:00,2,1,362.71,22.5,340.21,267,2,340.21,2,2,2,沉睡/低频
12698,2010-04-28 15:51:00,2010-04-28 15:51:00,1,0,339.75,0.0,339.75,590,1,339.75,1,1,2,沉睡/低频
13737,2011-05-23 16:32:00,2011-05-23 16:32:00,1,0,339.6,0.0,339.6,200,1,339.6,2,1,2,沉睡/低频
14203,2010-11-07 13:35:00,2010-11-07 13:35:00,1,0,339.34,0.0,339.34,397,1,339.34,2,1,2,沉睡/低频
17697,2011-04-17 15:40:00,2011-04-17 15:40:00,1,0,338.95,0.0,338.95,236,1,338.95,2,1,2,沉睡/低频
14630,2010-08-12 16:38:00,2010-08-12 16:38:00,1,0,338.65,0.0,338.65,484,1,338.65,1,1,2,沉睡/低频
17833,2009-12-16 13:40:00,2009-12-16 13:40:00,1,0,338.46,0.0,338.46,723,1,338.46,1,1,2,沉睡/低频
14799,2009-12-02 11:18:00,2011-10-19 16:16:00,2,0,338.15,0.0,338.15,51,2,338.15,4,2,2,新近客户
17296,2009-12-09 14:01:00,2009-12-09 14:01:00,1,0,338.13,0.0,338.13,730,1,338.13,1,1,2,沉睡/低频
12869,2010-01-27 12:10:00,2010-01-27 12:10:00,1,0,337.67,0.0,337.67,681,1,337.67,1,1,2,沉睡/低频
14926,2010-04-20 09:59:00,2010-11-23 07:13:00,2,1,359.4,21.75,337.65,381,2,337.65,2,2,2,沉睡/低频
13545,2010-06-13 11:49:00,2010-11-14 11:27:00,2,1,364.93,27.29,337.64,390,2,337.64,2,2,2,沉睡/低频
17736,2011-08-18 14:33:00,2011-11-30 15:36:00,3,1,377.44,39.95,337.49,9,3,337.49,5,3,2,潜力客户
15942,2011-07-29 09:01:00,2011-07-29 09:01:00,1,0,337.44,0.0,337.44,133,1,337.44,3,1,2,潜力客户
12780,2010-04-20 09:40:00,2010-04-20 09:40:00,1,0,337.4,0.0,337.4,598,1,337.4,1,1,2,沉睡/低频
13930,2011-07-26 11:00:00,2011-10-13 09:45:00,2,0,337.34,0.0,337.34,57,2,337.34,4,2,2,新近客户
17973,2011-10-19 10:34:00,2011-10-19 10:34:00,1,0,337.04,0.0,337.04,51,1,337.04,4,1,2,新近客户
16476,2010-10-04 10:29:00,2010-10-04 10:29:00,1,2,350.35,13.35,337.0,431,1,337.0,1,1,2,沉睡/低频
17488,2010-03-08 14:07:00,2010-03-08 14:07:00,1,0,336.5,0.0,336.5,641,1,336.5,1,1,2,沉睡/低频
15619,2011-11-29 08:14:00,2011-11-29 08:14:00,1,0,336.4,0.0,336.4,10,1,336.4,5,1,2,新近客户
13482,2010-03-22 10:31:00,2011-04-21 17:03:00,2,0,336.09,0.0,336.09,232,2,336.09,2,2,2,沉睡/低频
16690,2010-09-14 15:00:00,2011-09-28 15:02:00,4,1,353.03,16.95,336.08,72,4,336.08,3,4,2,忠诚客户
14196,2011-08-25 10:25:00,2011-08-25 10:25:00,1,0,335.52,0.0,335.52,106,1,335.52,3,1,2,潜力客户
16063,2011-03-24 14:55:00,2011-03-24 14:56:00,1,0,335.32,0.0,335.32,260,1,335.32,2,1,2,沉睡/低频
17917,2010-12-12 12:08:00,2011-10-25 13:20:00,3,0,335.03,0.0,335.03,45,3,335.03,4,3,2,潜力客户
12489,2011-01-07 13:13:00,2011-01-07 13:13:00,1,0,334.93,0.0,334.93,336,1,334.93,2,1,2,沉睡/低频
17821,2010-10-29 13:20:00,2010-10-29 13:20:00,1,0,334.62,0.0,334.62,406,1,334.62,2,1,2,沉睡/低频
12350,2011-02-02 16:01:00,2011-02-02 16:01:00,1,0,334.4,0.0,334.4,310,1,334.4,2,1,2,沉睡/低频
17607,2010-11-28 13:11:00,2010-11-28 13:11:00,1,0,333.81,0.0,333.81,376,1,333.81,2,1,2,沉睡/低频
13216,2011-03-17 12:18:00,2011-03-17 12:18:00,1,0,333.74,0.0,333.74,267,1,333.74,2,1,2,沉睡/低频
14241,2010-01-12 15:11:00,2011-06-09 11:46:00,2,0,333.7,0.0,333.7,183,2,333.7,3,2,2,潜力客户
15781,2011-02-07 09:15:00,2011-11-14 14:57:00,3,1,345.46,11.9,333.56,25,3,333.56,4,3,2,潜力客户
16006,2010-11-17 12:03:00,2011-05-12 13:12:00,2,0,332.82,0.0,332.82,211,2,332.82,2,2,2,沉睡/低频
13904,2011-02-18 11:18:00,2011-11-02 13:41:00,2,0,332.64,0.0,332.64,37,2,332.64,4,2,2,新近客户
16850,2011-01-10 11:09:00,2011-01-10 11:09:00,1,0,332.41,0.0,332.41,333,1,332.41,2,1,2,沉睡/低频
16803,2011-10-05 14:28:00,2011-10-05 14:28:00,1,0,332.3,0.0,332.3,65,1,332.3,3,1,2,潜力客户
16452,2010-01-15 12:22:00,2010-03-19 12:39:00,2,0,332.17,0.0,332.17,630,2,332.17,1,2,2,沉睡/低频
17647,2010-02-08 14:39:00,2011-10-05 15:38:00,3,0,331.66,0.0,331.66,65,3,331.66,3,3,2,潜力客户
15512,2010-02-01 13:23:00,2011-07-07 10:20:00,4,0,331.58,0.0,331.58,155,4,331.58,3,4,2,忠诚客户
17435,2010-10-24 13:55:00,2010-10-24 13:55:00,1,0,331.35,0.0,331.35,411,1,331.35,1,1,2,沉睡/低频
13519,2010-09-23 11:45:00,2011-09-22 18:24:00,2,1,343.21,11.95,331.26,78,2,331.26,3,2,2,潜力客户
16030,2011-02-03 11:28:00,2011-02-03 11:28:00,1,0,331.24,0.0,331.24,309,1,331.24,2,1,2,沉睡/低频
16478,2011-10-05 12:02:00,2011-11-14 15:51:00,3,0,331.0,0.0,331.0,25,3,331.0,4,3,2,潜力客户
15878,2009-12-06 12:28:00,2010-05-27 12:17:00,2,0,330.77,0.0,330.77,561,2,330.77,1,2,2,沉睡/低频
14517,2011-07-21 11:42:00,2011-11-06 14:20:00,2,0,330.45,0.0,330.45,33,2,330.45,4,2,2,新近客户
13010,2010-03-01 11:28:00,2010-11-30 15:09:00,2,0,330.12,0.0,330.12,374,2,330.12,2,2,2,沉睡/低频
15130,2011-06-23 10:15:00,2011-06-23 10:15:00,1,0,330.11,0.0,330.11,169,1,330.11,3,1,2,潜力客户
12850,2010-09-20 12:26:00,2010-09-20 12:26:00,1,0,330.0,0.0,330.0,445,1,330.0,1,1,2,沉睡/低频
18186,2009-12-17 10:22:00,2009-12-17 10:22:00,1,0,329.58,0.0,329.58,722,1,329.58,1,1,2,沉睡/低频
17518,2010-03-28 13:31:00,2010-10-10 12:40:00,2,0,329.42,0.0,329.42,425,2,329.42,1,2,2,沉睡/低频
17914,2011-12-06 11:58:00,2011-12-06 11:58:00,1,0,329.36,0.0,329.36,3,1,329.36,5,1,2,新近客户
17154,2011-09-25 13:42:00,2011-09-25 13:42:00,1,0,329.34,0.0,329.34,75,1,329.34,3,1,2,潜力客户
15153,2011-11-08 17:09:00,2011-11-08 17:09:00,1,0,329.25,0.0,329.25,31,1,329.25,4,1,2,新近客户
15979,2010-04-16 11:35:00,2010-04-16 11:35:00,1,0,329.22,0.0,329.22,602,1,329.22,1,1,2,沉睡/低频
14012,2011-03-07 12:26:00,2011-03-07 12:26:00,1,0,328.8,0.0,328.8,277,1,328.8,2,1,2,沉睡/低频
16855,2011-10-27 16:31:00,2011-11-16 12:03:00,2,0,328.4,0.0,328.4,23,2,328.4,4,2,2,新近客户
16318,2011-11-04 13:05:00,2011-11-04 13:05:00,1,0,328.15,0.0,328.15,35,1,328.15,4,1,2,新近客户
15709,2010-04-29 18:31:00,2011-03-01 10:38:00,2,0,327.85,0.0,327.85,283,2,327.85,2,2,2,沉睡/低频
17196,2010-10-08 11:31:00,2010-10-08 11:31:00,1,0,327.75,0.0,327.75,427,1,327.75,1,1,2,沉睡/低频
15735,2010-10-14 13:38:00,2010-10-14 13:38:00,1,0,327.68,0.0,327.68,421,1,327.68,1,1,2,沉睡/低频
16166,2010-01-17 14:16:00,2010-10-07 15:44:00,2,2,435.83,108.35,327.48,428,2,327.48,1,2,2,沉睡/低频
13981,2010-10-20 10:03:00,2010-10-20 10:03:00,1,1,331.14,3.75,327.39,415,1,327.39,1,1,2,沉睡/低频
13498,2009-12-09 15:26:00,2009-12-09 15:26:00,1,0,327.38,0.0,327.38,730,1,327.38,1,1,2,沉睡/低频
16322,2011-11-03 14:33:00,2011-12-08 15:41:00,2,0,326.75,0.0,326.75,1,2,326.75,5,2,2,新近客户
12460,2010-09-09 13:51:00,2010-09-09 13:51:00,1,0,326.65,0.0,326.65,456,1,326.65,1,1,2,沉睡/低频
16604,2010-05-20 16:34:00,2010-05-26 09:10:00,2,1,432.45,106.2,326.25,562,2,326.25,1,2,2,沉睡/低频
18047,2010-11-23 12:57:00,2010-11-23 13:11:00,2,0,326.09,0.0,326.09,381,2,326.09,2,2,2,沉睡/低频
17439,2010-02-22 12:48:00,2010-02-22 12:48:00,1,0,325.74,0.0,325.74,655,1,325.74,1,1,2,沉睡/低频
12804,2010-07-27 13:52:00,2010-08-31 11:58:00,2,0,325.37,0.0,325.37,465,2,325.37,1,2,2,沉睡/低频
13661,2010-04-15 14:58:00,2010-04-15 14:58:00,1,0,325.24,0.0,325.24,603,1,325.24,1,1,2,沉睡/低频
15213,2011-01-14 11:05:00,2011-01-25 12:21:00,2,1,328.35,3.3,325.05,318,2,325.05,2,2,2,沉睡/低频
13801,2011-10-04 10:15:00,2011-10-04 10:15:00,1,0,324.8,0.0,324.8,66,1,324.8,3,1,2,潜力客户
15982,2010-04-13 15:47:00,2010-04-13 15:47:00,1,0,324.51,0.0,324.51,605,1,324.51,1,1,2,沉睡/低频
12946,2010-09-29 10:14:00,2010-09-29 10:14:00,1,0,324.45,0.0,324.45,436,1,324.45,1,1,2,沉睡/低频
16685,2011-10-09 13:44:00,2011-10-09 13:58:00,2,0,324.24,0.0,324.24,61,2,324.24,3,2,2,潜力客户
18261,2011-09-05 09:34:00,2011-10-27 15:36:00,2,0,324.24,0.0,324.24,43,2,324.24,4,2,2,新近客户
17776,2009-12-16 14:59:00,2010-11-18 12:14:00,2,1,330.56,6.75,323.81,386,2,323.81,2,2,2,沉睡/低频
12495,2010-03-09 10:53:00,2010-03-09 10:53:00,1,1,357.4,34.0,323.4,640,1,323.4,1,1,2,沉睡/低频
13025,2009-12-08 10:02:00,2009-12-08 10:02:00,1,0,323.39,0.0,323.39,731,1,323.39,1,1,2,沉睡/低频
13646,2010-11-05 12:00:00,2010-11-05 12:13:00,2,1,326.25,2.95,323.3,399,2,323.3,2,2,2,沉睡/低频
16195,2009-12-16 14:09:00,2009-12-16 14:09:00,1,0,323.25,0.0,323.25,723,1,323.25,1,1,2,沉睡/低频
14263,2010-10-12 14:09:00,2010-10-12 14:09:00,1,0,322.93,0.0,322.93,423,1,322.93,1,1,2,沉睡/低频
16627,2011-09-21 14:38:00,2011-09-21 14:38:00,1,0,322.8,0.0,322.8,79,1,322.8,3,1,2,潜力客户
13187,2010-03-25 17:18:00,2011-01-06 18:57:00,4,1,341.36,18.7,322.66,337,4,322.66,2,4,2,高价值流失风险
16342,2011-06-13 10:10:00,2011-09-25 14:36:00,4,0,322.41,0.0,322.41,75,4,322.41,3,4,2,忠诚客户
14424,2011-11-22 11:48:00,2011-11-22 11:48:00,1,0,322.08,0.0,322.08,17,1,322.08,5,1,2,新近客户
15726,2010-11-14 16:12:00,2010-11-14 16:12:00,1,0,321.91,0.0,321.91,390,1,321.91,2,1,2,沉睡/低频
18090,2010-10-14 12:32:00,2010-10-14 12:32:00,1,0,321.9,0.0,321.9,421,1,321.9,1,1,2,沉睡/低频
13111,2009-12-21 09:00:00,2009-12-21 09:00:00,1,0,321.88,0.0,321.88,718,1,321.88,1,1,2,沉睡/低频
17976,2010-12-02 13:49:00,2010-12-02 13:49:00,1,0,321.79,0.0,321.79,372,1,321.79,2,1,2,沉睡/低频
17471,2010-08-22 11:53:00,2010-08-22 11:53:00,1,0,321.65,0.0,321.65,474,1,321.65,1,1,2,沉睡/低频
14070,2010-01-24 12:27:00,2010-01-24 12:27:00,1,0,321.6,0.0,321.6,684,1,321.6,1,1,2,沉睡/低频
15770,2010-04-06 11:47:00,2010-04-06 11:47:00,1,0,321.45,0.0,321.45,612,1,321.45,1,1,2,沉睡/低频
14823,2011-05-29 12:48:00,2011-06-12 13:12:00,3,0,321.43,0.0,321.43,180,3,321.43,3,3,2,潜力客户
17182,2009-12-21 15:22:00,2010-10-13 10:09:00,2,0,321.3,0.0,321.3,422,2,321.3,1,2,2,沉睡/低频
15869,2010-03-23 16:50:00,2011-03-07 17:23:00,3,0,321.11,0.0,321.11,277,3,321.11,2,3,2,高价值流失风险
15236,2011-02-14 10:52:00,2011-02-14 10:52:00,1,0,321.05,0.0,321.05,298,1,321.05,2,1,2,沉睡/低频
15323,2010-02-16 09:21:00,2010-05-26 10:01:00,3,1,434.6,113.7,320.9,562,3,320.9,1,3,2,高价值流失风险
12365,2011-02-21 13:51:00,2011-02-21 14:04:00,2,1,641.38,320.69,320.69,291,2,320.69,2,2,2,沉睡/低频
14622,2011-06-08 12:42:00,2011-06-08 12:42:00,1,0,320.58,0.0,320.58,184,1,320.58,3,1,2,潜力客户
13986,2011-11-22 15:00:00,2011-11-22 15:00:00,1,0,320.46,0.0,320.46,17,1,320.46,5,1,2,新近客户
17843,2010-10-24 10:56:00,2011-02-09 15:33:00,2,0,320.4,0.0,320.4,303,2,320.4,2,2,2,沉睡/低频
17309,2010-02-04 15:49:00,2011-09-05 15:20:00,3,0,320.39,0.0,320.39,95,3,320.39,3,3,2,潜力客户
13942,2010-06-23 12:35:00,2010-06-23 12:35:00,1,0,320.0,0.0,320.0,534,1,320.0,1,1,2,沉睡/低频
13843,2010-11-23 17:48:00,2010-11-23 17:48:00,1,0,319.75,0.0,319.75,381,1,319.75,2,1,2,沉睡/低频
16967,2011-06-03 14:24:00,2011-06-03 14:24:00,1,0,319.02,0.0,319.02,189,1,319.02,2,1,2,沉睡/低频
17229,2011-07-20 12:38:00,2011-09-04 13:56:00,2,0,318.76,0.0,318.76,96,2,318.76,3,2,2,潜力客户
16273,2010-02-21 16:02:00,2010-03-01 13:24:00,2,0,318.34,0.0,318.34,648,2,318.34,1,2,2,沉睡/低频
14703,2011-11-25 09:23:00,2011-11-25 09:23:00,1,0,318.17,0.0,318.17,14,1,318.17,5,1,2,新近客户
17839,2011-10-28 17:27:00,2011-10-28 17:27:00,1,0,318.15,0.0,318.15,42,1,318.15,4,1,2,新近客户
18253,2010-03-07 12:38:00,2010-03-07 12:38:00,1,0,317.88,0.0,317.88,642,1,317.88,1,1,2,沉睡/低频
17267,2011-08-04 17:19:00,2011-08-04 17:22:00,2,0,317.2,0.0,317.2,127,2,317.2,3,2,2,潜力客户
15616,2010-09-27 13:10:00,2010-09-27 13:10:00,1,0,317.11,0.0,317.11,438,1,317.11,1,1,2,沉睡/低频
17689,2010-08-22 13:54:00,2010-11-16 13:22:00,2,0,317.08,0.0,317.08,388,2,317.08,2,2,2,沉睡/低频
15682,2010-01-21 14:37:00,2010-04-19 15:30:00,2,1,318.24,1.25,316.99,599,2,316.99,1,2,2,沉睡/低频
16761,2011-09-04 11:15:00,2011-09-04 11:15:00,1,0,316.62,0.0,316.62,96,1,316.62,3,1,2,潜力客户
15204,2010-12-17 13:49:00,2010-12-17 13:49:00,1,0,316.58,0.0,316.58,357,1,316.58,2,1,2,沉睡/低频
13494,2011-02-01 11:58:00,2011-02-01 11:58:00,1,0,316.26,0.0,316.26,311,1,316.26,2,1,2,沉睡/低频
18117,2011-11-14 12:47:00,2011-11-14 12:47:00,1,0,315.65,0.0,315.65,25,1,315.65,4,1,2,新近客户
12614,2011-03-07 10:22:00,2011-03-07 10:22:00,1,0,315.6,0.0,315.6,277,1,315.6,2,1,2,沉睡/低频
15042,2010-04-23 14:01:00,2011-05-24 16:25:00,2,0,315.45,0.0,315.45,199,2,315.45,2,2,2,沉睡/低频
15670,2010-06-01 15:34:00,2011-02-16 10:50:00,2,1,325.2,10.0,315.2,296,2,315.2,2,2,2,沉睡/低频
16091,2011-05-25 09:18:00,2011-07-08 08:45:00,2,0,315.06,0.0,315.06,154,2,315.06,3,2,2,潜力客户
17121,2010-11-02 11:47:00,2010-11-02 11:47:00,1,0,314.74,0.0,314.74,402,1,314.74,2,1,2,沉睡/低频
14991,2010-10-05 13:01:00,2010-10-05 13:01:00,1,0,314.67,0.0,314.67,430,1,314.67,1,1,2,沉睡/低频
18206,2010-06-04 13:47:00,2010-06-04 13:47:00,1,0,314.66,0.0,314.66,553,1,314.66,1,1,2,沉睡/低频
12650,2011-12-06 16:34:00,2011-12-06 16:34:00,1,0,314.44,0.0,314.44,3,1,314.44,5,1,2,新近客户
17440,2010-06-08 14:40:00,2011-07-06 11:54:00,4,2,323.58,9.32,314.26,156,4,314.26,3,4,2,忠诚客户
12888,2011-03-29 14:31:00,2011-05-09 16:02:00,2,2,354.12,40.35,313.77,214,2,313.77,2,2,2,沉睡/低频
15196,2009-12-13 11:14:00,2010-10-03 10:50:00,2,0,313.7,0.0,313.7,432,2,313.7,1,2,2,沉睡/低频
13087,2009-12-13 15:16:00,2009-12-13 15:16:00,1,0,313.64,0.0,313.64,726,1,313.64,1,1,2,沉睡/低频
16582,2011-08-18 17:02:00,2011-08-18 17:02:00,1,0,313.62,0.0,313.62,113,1,313.62,3,1,2,潜力客户
14981,2010-10-12 11:04:00,2011-04-07 13:45:00,2,1,372.92,59.4,313.52,246,2,313.52,2,2,2,沉睡/低频
13845,2011-10-06 08:25:00,2011-10-06 08:25:00,1,0,312.98,0.0,312.98,64,1,312.98,3,1,2,潜力客户
16234,2010-05-27 10:39:00,2010-08-20 14:33:00,3,1,333.18,20.4,312.78,476,3,312.78,1,3,2,高价值流失风险
15318,2011-12-06 11:30:00,2011-12-06 11:30:00,1,0,312.62,0.0,312.62,3,1,312.62,5,1,2,新近客户
13226,2010-11-11 13:46:00,2011-03-11 14:35:00,2,0,312.46,0.0,312.46,273,2,312.46,2,2,2,沉睡/低频
12834,2011-03-02 09:49:00,2011-03-02 09:49:00,1,0,312.38,0.0,312.38,282,1,312.38,2,1,2,沉睡/低频
17326,2010-06-28 14:05:00,2010-10-27 15:38:00,2,0,312.35,0.0,312.35,408,2,312.35,2,2,2,沉睡/低频
12529,2010-06-29 13:10:00,2010-06-29 13:10:00,1,1,316.48,4.7,311.78,528,1,311.78,1,1,2,沉睡/低频
14951,2011-09-21 15:15:00,2011-09-21 15:15:00,1,0,311.69,0.0,311.69,79,1,311.69,3,1,2,潜力客户
13990,2011-05-10 15:19:00,2011-05-10 15:19:00,1,0,311.3,0.0,311.3,213,1,311.3,2,1,2,沉睡/低频
16328,2010-05-25 14:02:00,2010-05-25 14:02:00,1,0,310.83,0.0,310.83,563,1,310.83,1,1,2,沉睡/低频
14094,2010-09-26 11:58:00,2010-09-26 11:58:00,1,1,311.77,0.95,310.82,439,1,310.82,1,1,2,沉睡/低频
13847,2009-12-20 10:41:00,2009-12-20 10:41:00,1,0,310.72,0.0,310.72,719,1,310.72,1,1,2,沉睡/低频
16439,2009-12-17 14:22:00,2009-12-17 14:22:00,1,0,310.7,0.0,310.7,722,1,310.7,1,1,2,沉睡/低频
15185,2011-09-30 14:06:00,2011-09-30 14:06:00,1,0,310.62,0.0,310.62,70,1,310.62,3,1,2,潜力客户
14848,2010-10-31 12:22:00,2010-10-31 12:22:00,1,0,310.56,0.0,310.56,404,1,310.56,2,1,2,沉睡/低频
15188,2009-12-14 13:30:00,2009-12-14 13:30:00,1,0,310.43,0.0,310.43,725,1,310.43,1,1,2,沉睡/低频
13315,2010-01-19 15:34:00,2010-01-19 15:34:00,1,0,310.26,0.0,310.26,689,1,310.26,1,1,2,沉睡/低频
14749,2010-08-17 12:36:00,2010-08-17 12:36:00,1,0,310.15,0.0,310.15,479,1,310.15,1,1,2,沉睡/低频
13628,2010-02-01 14:44:00,2010-02-01 14:44:00,1,0,310.14,0.0,310.14,676,1,310.14,1,1,2,沉睡/低频
17181,2010-04-23 11:21:00,2011-10-13 14:48:00,3,0,309.85,0.0,309.85,57,3,309.85,4,3,2,潜力客户
14122,2009-12-02 14:22:00,2010-10-29 15:11:00,3,2,362.42,52.65,309.77,406,3,309.77,2,3,2,高价值流失风险
15699,2011-11-22 08:26:00,2011-11-22 08:26:00,1,0,309.65,0.0,309.65,17,1,309.65,5,1,2,新近客户
16373,2010-10-24 13:10:00,2010-11-22 15:50:00,2,0,309.49,0.0,309.49,382,2,309.49,2,2,2,沉睡/低频
16683,2010-06-24 10:36:00,2010-06-24 10:36:00,1,1,320.25,10.9,309.35,533,1,309.35,1,1,2,沉睡/低频
17563,2010-04-07 10:02:00,2010-05-10 14:54:00,2,3,392.38,83.1,309.28,578,2,309.28,1,2,2,沉睡/低频
12884,2011-09-12 13:10:00,2011-09-12 13:10:00,1,0,309.05,0.0,309.05,88,1,309.05,3,1,2,潜力客户
15010,2011-11-04 12:42:00,2011-11-04 12:42:00,1,0,308.94,0.0,308.94,35,1,308.94,4,1,2,新近客户
16194,2010-11-29 13:28:00,2010-11-29 13:28:00,1,0,308.6,0.0,308.6,375,1,308.6,2,1,2,沉睡/低频
14181,2010-05-26 12:32:00,2010-10-25 08:27:00,2,0,308.35,0.0,308.35,410,2,308.35,1,2,2,沉睡/低频
14927,2010-11-08 12:30:00,2010-11-08 12:30:00,1,0,308.2,0.0,308.2,396,1,308.2,2,1,2,沉睡/低频
15778,2010-10-04 15:10:00,2010-10-04 15:10:00,1,0,307.95,0.0,307.95,431,1,307.95,1,1,2,沉睡/低频
13289,2009-12-16 11:53:00,2009-12-16 11:53:00,1,0,307.95,0.0,307.95,723,1,307.95,1,1,2,沉睡/低频
16123,2011-10-19 09:18:00,2011-10-19 09:18:00,1,0,307.78,0.0,307.78,51,1,307.78,4,1,2,新近客户
13529,2011-05-19 11:50:00,2011-09-22 09:15:00,2,0,307.76,0.0,307.76,78,2,307.76,3,2,2,潜力客户
18070,2010-02-08 13:28:00,2010-02-08 13:28:00,1,1,314.1,6.35,307.75,669,1,307.75,1,1,2,沉睡/低频
13060,2011-03-31 11:37:00,2011-03-31 11:37:00,1,0,307.53,0.0,307.53,253,1,307.53,2,1,2,沉睡/低频
17120,2011-04-20 15:21:00,2011-04-20 15:21:00,1,0,307.46,0.0,307.46,233,1,307.46,2,1,2,沉睡/低频
13932,2011-02-18 12:02:00,2011-02-18 12:02:00,1,0,307.4,0.0,307.4,294,1,307.4,2,1,2,沉睡/低频
15374,2010-03-25 12:03:00,2011-08-03 09:59:00,2,0,307.32,0.0,307.32,128,2,307.32,3,2,2,潜力客户
17721,2010-02-18 15:18:00,2010-02-18 15:18:00,1,0,307.21,0.0,307.21,659,1,307.21,1,1,2,沉睡/低频
13036,2010-01-24 11:35:00,2010-01-24 11:35:00,1,0,307.1,0.0,307.1,684,1,307.1,1,1,2,沉睡/低频
13142,2011-11-20 16:07:00,2011-11-20 16:07:00,1,0,307.09,0.0,307.09,19,1,307.09,4,1,2,新近客户
15087,2011-03-03 10:34:00,2011-03-03 10:34:00,1,0,306.94,0.0,306.94,281,1,306.94,2,1,2,沉睡/低频
16649,2010-07-07 15:41:00,2010-07-07 15:41:00,1,0,306.58,0.0,306.58,520,1,306.58,1,1,2,沉睡/低频
13718,2011-02-17 11:58:00,2011-04-07 13:24:00,2,0,306.55,0.0,306.55,246,2,306.55,2,2,2,沉睡/低频
13281,2010-09-26 16:03:00,2010-09-26 16:03:00,1,2,350.85,44.4,306.45,439,1,306.45,1,1,2,沉睡/低频
16524,2010-01-17 13:16:00,2010-09-19 13:37:00,2,0,306.19,0.0,306.19,446,2,306.19,1,2,2,沉睡/低频
17077,2010-05-10 16:36:00,2010-05-10 16:36:00,1,0,306.0,0.0,306.0,578,1,306.0,1,1,2,沉睡/低频
15454,2010-03-31 13:15:00,2010-12-12 14:21:00,2,0,305.99,0.0,305.99,362,2,305.99,2,2,2,沉睡/低频
14168,2010-05-24 12:28:00,2010-10-15 10:49:00,2,1,370.45,64.55,305.9,420,2,305.9,1,2,2,沉睡/低频
16796,2011-09-11 14:01:00,2011-09-11 14:01:00,1,0,305.62,0.0,305.62,89,1,305.62,3,1,2,潜力客户
16181,2011-09-27 13:38:00,2011-09-27 13:38:00,1,0,305.54,0.0,305.54,73,1,305.54,3,1,2,潜力客户
14783,2010-02-18 16:16:00,2010-02-18 16:16:00,1,1,307.3,1.95,305.35,659,1,305.35,1,1,2,沉睡/低频
15893,2010-08-15 11:12:00,2010-08-15 11:12:00,1,0,305.28,0.0,305.28,481,1,305.28,1,1,2,沉睡/低频
13383,2010-06-14 11:45:00,2010-06-14 11:45:00,1,0,305.28,0.0,305.28,543,1,305.28,1,1,2,沉睡/低频
15163,2011-05-31 15:22:00,2011-11-21 13:10:00,2,0,304.47,0.0,304.47,18,2,304.47,5,2,2,新近客户
18185,2011-04-04 13:42:00,2011-04-04 13:42:00,1,0,304.25,0.0,304.25,249,1,304.25,2,1,2,沉睡/低频
16674,2011-09-02 13:59:00,2011-10-16 11:31:00,2,0,304.24,0.0,304.24,54,2,304.24,4,2,2,新近客户
14990,2009-12-09 13:31:00,2010-04-06 13:54:00,2,0,304.17,0.0,304.17,612,2,304.17,1,2,2,沉睡/低频
17383,2010-09-12 14:54:00,2011-12-05 17:36:00,2,0,304.09,0.0,304.09,4,2,304.09,5,2,2,新近客户
13343,2011-06-15 12:24:00,2011-06-15 12:24:00,1,1,353.43,49.5,303.93,177,1,303.93,3,1,2,潜力客户
16489,2010-09-29 15:02:00,2010-11-24 14:40:00,2,0,303.7,0.0,303.7,380,2,303.7,2,2,2,沉睡/低频
14791,2010-04-12 10:24:00,2010-04-12 10:24:00,1,0,303.63,0.0,303.63,606,1,303.63,1,1,2,沉睡/低频
14806,2010-09-26 15:50:00,2011-09-25 15:32:00,2,0,303.43,0.0,303.43,75,2,303.43,3,2,2,潜力客户
16689,2011-09-18 13:29:00,2011-09-25 11:39:00,2,1,422.6,119.34,303.26,75,2,303.26,3,2,2,潜力客户
18255,2010-09-09 16:31:00,2011-09-11 13:16:00,2,0,303.15,0.0,303.15,89,2,303.15,3,2,2,潜力客户
16425,2011-02-10 14:30:00,2011-02-10 14:30:00,1,0,302.7,0.0,302.7,302,1,302.7,2,1,2,沉睡/低频
18165,2011-06-15 13:23:00,2011-06-15 13:23:00,1,0,302.46,0.0,302.46,177,1,302.46,3,1,2,潜力客户
15308,2011-03-10 13:08:00,2011-03-10 13:08:00,1,1,310.47,8.2,302.27,274,1,302.27,2,1,2,沉睡/低频
15054,2011-10-30 14:33:00,2011-11-27 15:02:00,2,0,302.1,0.0,302.1,12,2,302.1,5,3,2,潜力客户
15242,2010-10-13 15:33:00,2010-10-13 15:33:00,1,0,302.04,0.0,302.04,422,1,302.04,1,1,2,沉睡/低频
13773,2010-02-18 10:27:00,2010-11-08 11:49:00,2,0,301.54,0.0,301.54,396,2,301.54,2,3,2,高价值流失风险
12665,2010-02-08 15:11:00,2011-01-19 08:34:00,3,2,313.6,12.15,301.45,324,3,301.45,2,3,2,高价值流失风险
15667,2011-10-31 10:56:00,2011-10-31 10:56:00,1,0,301.32,0.0,301.32,39,1,301.32,4,1,2,新近客户
15148,2011-11-29 08:21:00,2011-11-29 08:21:00,1,0,301.29,0.0,301.29,10,1,301.29,5,1,2,新近客户
15432,2010-06-16 14:34:00,2011-11-16 16:30:00,2,2,320.76,19.5,301.26,23,2,301.26,4,3,2,潜力客户
13625,2010-04-22 10:50:00,2010-04-22 10:50:00,1,0,301.26,0.0,301.26,596,1,301.26,1,1,2,沉睡/低频
16437,2010-10-06 12:34:00,2010-11-23 16:59:00,2,0,301.25,0.0,301.25,381,2,301.25,2,3,2,高价值流失风险
12351,2010-11-29 15:23:00,2010-11-29 15:23:00,1,0,300.93,0.0,300.93,375,1,300.93,2,1,2,沉睡/低频
13400,2010-05-06 09:00:00,2010-05-06 09:00:00,1,1,310.83,9.9,300.93,582,1,300.93,1,1,2,沉睡/低频
16479,2011-11-29 13:04:00,2011-11-29 13:40:00,2,0,300.83,0.0,300.83,10,2,300.83,5,3,2,潜力客户
16050,2010-11-03 15:55:00,2011-06-19 11:44:00,3,0,300.7,0.0,300.7,173,3,300.7,3,3,2,潜力客户
17556,2010-11-25 17:00:00,2011-05-18 10:48:00,2,0,300.67,0.0,300.67,205,2,300.67,2,3,2,高价值流失风险
17793,2011-11-14 14:24:00,2011-11-14 14:24:00,1,0,300.34,0.0,300.34,25,1,300.34,4,1,2,新近客户
14797,2010-07-20 14:07:00,2010-07-20 14:07:00,1,0,300.31,0.0,300.31,507,1,300.31,1,1,2,沉睡/低频
17991,2010-04-27 12:46:00,2011-04-28 15:58:00,3,0,300.3,0.0,300.3,225,3,300.3,2,3,2,高价值流失风险
15724,2010-11-04 10:22:00,2011-05-22 14:40:00,3,2,310.85,11.05,299.8,201,3,299.8,2,3,2,高价值流失风险
12852,2011-02-18 08:47:00,2011-02-18 08:47:00,1,1,311.55,11.8,299.75,294,1,299.75,2,1,2,沉睡/低频
14043,2009-12-10 15:56:00,2010-08-05 18:18:00,2,1,302.6,2.95,299.65,491,2,299.65,1,3,2,高价值流失风险
17766,2010-11-23 14:17:00,2010-11-23 14:29:00,2,0,299.61,0.0,299.61,381,2,299.61,2,3,2,高价值流失风险
12864,2010-07-19 17:22:00,2011-07-24 13:03:00,2,0,299.57,0.0,299.57,138,2,299.57,3,3,2,潜力客户
13346,2010-04-22 12:34:00,2010-09-03 11:41:00,6,0,299.4,0.0,299.4,462,6,299.4,1,4,2,高价值流失风险
17898,2010-05-21 17:22:00,2011-09-15 14:56:00,4,0,299.18,0.0,299.18,85,4,299.18,3,4,2,忠诚客户
13667,2011-07-13 15:42:00,2011-07-13 15:42:00,1,0,299.05,0.0,299.05,149,1,299.05,3,1,2,潜力客户
15880,2010-12-05 13:00:00,2010-12-05 13:00:00,1,1,329.03,30.0,299.03,369,1,299.03,2,1,2,沉睡/低频
12595,2010-07-23 09:10:00,2010-07-23 09:10:00,1,0,299.02,0.0,299.02,504,1,299.02,1,1,2,沉睡/低频
17824,2011-10-19 14:14:00,2011-10-19 14:14:00,1,0,298.4,0.0,298.4,51,1,298.4,4,1,2,新近客户
12881,2011-03-09 11:44:00,2011-03-09 11:44:00,1,0,298.0,0.0,298.0,275,1,298.0,2,1,2,沉睡/低频
16583,2010-02-04 12:18:00,2010-12-01 12:03:00,2,0,297.95,0.0,297.95,373,2,297.95,2,3,2,高价值流失风险
13164,2010-02-10 11:52:00,2010-05-19 13:52:00,2,1,372.2,74.74,297.46,569,2,297.46,1,3,2,高价值流失风险
18059,2011-10-03 09:30:00,2011-11-16 16:49:00,3,1,306.46,9.75,296.71,23,3,296.71,4,3,2,潜力客户
13751,2011-02-24 15:56:00,2011-02-24 15:56:00,1,0,296.25,0.0,296.25,288,1,296.25,2,1,2,沉睡/低频
12898,2010-02-18 12:36:00,2010-09-02 08:08:00,2,0,296.21,0.0,296.21,463,2,296.21,1,3,2,高价值流失风险
13504,2011-10-06 13:20:00,2011-10-06 13:20:00,1,0,295.93,0.0,295.93,64,1,295.93,3,1,2,潜力客户
13660,2010-11-04 16:10:00,2010-11-04 16:10:00,1,1,306.64,10.9,295.74,400,1,295.74,2,1,2,沉睡/低频
14614,2010-11-18 13:04:00,2010-11-18 13:04:00,1,0,295.13,0.0,295.13,386,1,295.13,2,1,2,沉睡/低频
17057,2010-04-22 19:21:00,2010-04-22 19:21:00,1,0,294.74,0.0,294.74,596,1,294.74,1,1,2,沉睡/低频
17301,2010-03-25 13:16:00,2011-11-18 13:43:00,2,0,294.39,0.0,294.39,21,2,294.39,4,3,2,潜力客户
14747,2011-04-04 14:09:00,2011-04-04 14:09:00,1,1,328.2,33.9,294.3,249,1,294.3,2,1,2,沉睡/低频
17506,2011-09-25 11:39:00,2011-09-25 11:39:00,1,1,302.2,7.91,294.29,75,1,294.29,3,1,2,潜力客户
15060,2011-11-30 14:03:00,2011-12-01 13:47:00,4,0,294.25,0.0,294.25,8,4,294.25,5,4,2,忠诚客户
17124,2011-06-07 14:02:00,2011-06-07 14:02:00,1,0,294.24,0.0,294.24,185,1,294.24,3,1,2,潜力客户
14137,2010-01-13 12:30:00,2010-01-13 12:30:00,1,1,332.7,38.6,294.1,695,1,294.1,1,1,2,沉睡/低频
17927,2009-12-18 11:03:00,2009-12-18 11:03:00,1,0,294.0,0.0,294.0,721,1,294.0,1,1,2,沉睡/低频
15718,2010-06-17 16:20:00,2010-06-17 16:20:00,1,0,293.79,0.0,293.79,540,1,293.79,1,1,2,沉睡/低频
15135,2010-06-01 13:33:00,2011-04-14 19:16:00,2,1,305.68,11.9,293.78,239,2,293.78,2,3,2,高价值流失风险
14192,2010-11-16 17:44:00,2010-11-16 17:44:00,1,0,293.74,0.0,293.74,388,1,293.74,2,1,2,沉睡/低频
15928,2010-02-21 15:16:00,2010-02-21 15:16:00,1,0,293.53,0.0,293.53,656,1,293.53,1,1,2,沉睡/低频
17710,2010-10-12 07:49:00,2010-10-12 07:49:00,1,0,293.5,0.0,293.5,423,1,293.5,1,1,2,沉睡/低频
16402,2010-12-05 13:42:00,2011-03-20 12:25:00,2,0,293.45,0.0,293.45,264,2,293.45,2,3,2,高价值流失风险
17441,2009-12-07 13:32:00,2009-12-07 13:32:00,1,0,293.35,0.0,293.35,732,1,293.35,1,1,2,沉睡/低频
14835,2010-04-01 19:34:00,2010-06-29 10:08:00,2,1,297.0,3.9,293.1,528,2,293.1,1,3,2,高价值流失风险
17207,2010-02-25 19:08:00,2010-02-25 19:08:00,1,0,292.62,0.0,292.62,652,1,292.62,1,1,2,沉睡/低频
16721,2011-03-22 16:08:00,2011-03-22 16:08:00,1,0,292.47,0.0,292.47,262,1,292.47,2,1,2,沉睡/低频
16956,2011-11-22 08:56:00,2011-11-22 08:56:00,1,1,308.74,16.4,292.34,17,1,292.34,5,1,2,新近客户
13739,2010-06-30 10:25:00,2011-11-21 13:35:00,2,0,292.2,0.0,292.2,18,2,292.2,5,3,2,潜力客户
14985,2010-12-16 19:51:00,2011-05-25 14:29:00,2,0,292.01,0.0,292.01,198,2,292.01,2,3,2,高价值流失风险
13449,2011-11-16 08:28:00,2011-11-16 08:28:00,1,0,291.88,0.0,291.88,23,1,291.88,4,1,2,新近客户
17907,2010-03-09 12:33:00,2010-03-09 12:33:00,1,0,291.76,0.0,291.76,640,1,291.76,1,1,2,沉睡/低频
17882,2010-11-25 14:35:00,2010-11-25 14:40:00,2,0,291.56,0.0,291.56,379,2,291.56,2,3,2,高价值流失风险
18182,2010-09-02 14:25:00,2010-09-02 14:25:00,1,0,291.13,0.0,291.13,463,1,291.13,1,1,2,沉睡/低频
14727,2010-06-11 13:23:00,2011-03-10 14:45:00,3,1,463.73,172.6,291.13,274,3,291.13,2,3,2,高价值流失风险
15302,2009-12-09 13:11:00,2009-12-09 13:11:00,1,1,308.0,16.95,291.05,730,1,291.05,1,1,2,沉睡/低频
17551,2010-12-15 14:12:00,2010-12-15 14:12:00,1,0,290.34,0.0,290.34,359,1,290.34,2,1,2,沉睡/低频
13796,2010-07-28 14:45:00,2010-07-28 14:45:00,1,0,289.7,0.0,289.7,499,1,289.7,1,1,2,沉睡/低频
15962,2010-09-16 13:48:00,2010-09-16 13:48:00,1,0,289.48,0.0,289.48,449,1,289.48,1,1,2,沉睡/低频
15041,2010-09-21 13:16:00,2011-06-22 16:16:00,2,0,289.4,0.0,289.4,170,2,289.4,3,3,2,潜力客户
14162,2011-02-20 12:32:00,2011-06-19 11:36:00,2,0,289.36,0.0,289.36,173,2,289.36,3,3,2,潜力客户
15545,2010-12-03 17:28:00,2011-10-16 13:24:00,2,0,288.97,0.0,288.97,54,2,288.97,4,3,2,潜力客户
17501,2011-05-03 09:46:00,2011-05-03 09:47:00,2,0,288.6,0.0,288.6,220,2,288.6,2,3,2,高价值流失风险
16808,2011-03-10 19:05:00,2011-09-01 19:34:00,2,0,288.42,0.0,288.42,99,2,288.42,3,3,2,潜力客户
14010,2010-05-23 12:46:00,2010-05-23 13:00:00,2,1,445.15,157.05,288.1,565,2,288.1,1,3,2,高价值流失风险
16432,2011-10-06 13:59:00,2011-10-06 13:59:00,1,0,287.4,0.0,287.4,64,1,287.4,3,1,2,潜力客户
17497,2010-04-08 08:01:00,2010-11-14 14:17:00,2,0,287.25,0.0,287.25,390,2,287.25,2,3,2,高价值流失风险
13508,2010-03-07 11:58:00,2011-04-10 11:58:00,2,0,287.05,0.0,287.05,243,2,287.05,2,3,2,高价值流失风险
17688,2010-11-11 10:41:00,2010-11-11 10:41:00,1,1,304.2,17.7,286.5,393,1,286.5,2,1,2,沉睡/低频
16555,2010-07-22 13:39:00,2011-11-04 14:31:00,6,4,1915.68,1629.79,285.89,35,6,285.89,4,4,2,忠诚客户
14660,2011-08-31 10:40:00,2011-09-14 11:34:00,2,0,285.74,0.0,285.74,86,2,285.74,3,3,2,潜力客户
14402,2010-02-25 13:20:00,2010-02-25 13:20:00,1,0,285.6,0.0,285.6,652,1,285.6,1,1,2,沉睡/低频
16890,2010-05-06 16:27:00,2010-08-20 11:23:00,3,0,285.41,0.0,285.41,476,3,285.41,1,3,2,高价值流失风险
13708,2011-03-13 13:46:00,2011-03-13 13:46:00,1,0,285.33,0.0,285.33,271,1,285.33,2,1,2,沉睡/低频
17627,2010-08-18 11:27:00,2010-08-18 11:27:00,1,1,296.36,11.25,285.11,478,1,285.11,1,1,2,沉睡/低频
16429,2011-08-25 13:54:00,2011-08-25 13:54:00,1,0,284.55,0.0,284.55,106,1,284.55,3,1,2,潜力客户
15445,2010-04-28 15:00:00,2011-03-20 15:06:00,2,0,284.5,0.0,284.5,264,2,284.5,2,3,2,高价值流失风险
17359,2010-03-01 14:48:00,2011-11-28 14:37:00,2,0,284.46,0.0,284.46,11,2,284.46,5,3,2,潜力客户
13616,2010-01-17 14:56:00,2010-05-20 12:59:00,2,0,283.85,0.0,283.85,568,2,283.85,1,3,2,高价值流失风险
15662,2009-12-01 13:49:00,2010-02-16 16:47:00,2,0,283.73,0.0,283.73,661,2,283.73,1,3,2,高价值流失风险
15391,2010-05-04 15:04:00,2010-05-04 15:04:00,1,1,289.87,6.95,282.92,584,1,282.92,1,1,2,沉睡/低频
13909,2010-07-06 16:52:00,2010-10-12 17:22:00,2,0,282.85,0.0,282.85,423,2,282.85,1,3,2,高价值流失风险
15936,2010-08-29 11:42:00,2010-11-25 16:39:00,2,0,282.79,0.0,282.79,379,2,282.79,2,3,2,高价值流失风险
16557,2011-07-25 13:28:00,2011-11-15 14:04:00,2,0,281.85,0.0,281.85,24,2,281.85,4,3,2,潜力客户
13326,2010-10-03 16:00:00,2010-10-03 16:00:00,1,0,281.76,0.0,281.76,432,1,281.76,1,1,2,沉睡/低频
13679,2009-12-04 16:52:00,2010-08-03 12:13:00,3,0,281.26,0.0,281.26,493,3,281.26,1,3,2,高价值流失风险
18042,2010-06-16 10:53:00,2011-10-17 11:49:00,2,0,281.15,0.0,281.15,53,2,281.15,4,3,2,潜力客户
15772,2010-10-17 13:33:00,2010-10-17 13:33:00,1,0,280.88,0.0,280.88,418,1,280.88,1,1,2,沉睡/低频
12851,2010-08-19 15:13:00,2011-09-04 12:41:00,2,0,280.76,0.0,280.76,96,2,280.76,3,3,2,潜力客户
14433,2010-08-31 12:35:00,2010-08-31 12:35:00,1,0,280.7,0.0,280.7,465,1,280.7,1,1,2,沉睡/低频
14242,2011-01-18 08:53:00,2011-04-19 11:46:00,2,0,280.55,0.0,280.55,234,2,280.55,2,3,2,高价值流失风险
13581,2010-10-21 16:30:00,2011-02-03 14:41:00,2,0,280.53,0.0,280.53,309,2,280.53,2,3,2,高价值流失风险
17247,2011-11-24 15:21:00,2011-11-24 15:21:00,1,0,280.09,0.0,280.09,15,1,280.09,5,1,2,新近客户
15556,2011-11-15 16:08:00,2011-11-15 16:08:00,1,0,279.77,0.0,279.77,24,1,279.77,4,1,2,新近客户
14183,2010-08-15 15:36:00,2010-10-24 14:45:00,2,0,278.34,0.0,278.34,411,2,278.34,1,3,2,高价值流失风险
14303,2010-10-01 10:31:00,2010-10-28 15:37:00,2,0,277.94,0.0,277.94,407,2,277.94,2,3,2,高价值流失风险
15338,2010-01-31 14:25:00,2010-01-31 14:25:00,1,0,277.93,0.0,277.93,677,1,277.93,1,1,2,沉睡/低频
16543,2010-04-27 11:38:00,2010-04-27 11:38:00,1,1,292.21,14.4,277.81,591,1,277.81,1,1,2,沉睡/低频
15355,2011-10-17 15:22:00,2011-11-10 13:44:00,2,0,277.05,0.0,277.05,29,2,277.05,4,3,2,潜力客户
13606,2011-02-01 11:42:00,2011-11-10 17:46:00,3,0,276.75,0.0,276.75,29,3,276.75,4,3,2,潜力客户
13272,2011-09-11 12:06:00,2011-11-08 14:00:00,2,0,276.56,0.0,276.56,31,2,276.56,4,3,2,潜力客户
12750,2011-08-03 09:13:00,2011-08-03 09:13:00,1,0,275.88,0.0,275.88,128,1,275.88,3,1,2,潜力客户
13399,2010-07-08 17:47:00,2010-09-01 13:59:00,3,0,275.4,0.0,275.4,464,3,275.4,1,3,2,高价值流失风险
16297,2011-03-16 08:29:00,2011-03-16 08:29:00,1,3,301.9,26.5,275.4,268,1,275.4,2,1,2,沉睡/低频
16313,2011-10-21 09:04:00,2011-12-06 13:02:00,2,0,274.15,0.0,274.15,3,2,274.15,5,3,2,潜力客户
12789,2010-01-15 12:06:00,2011-10-05 13:34:00,3,0,273.35,0.0,273.35,65,3,273.35,3,3,2,潜力客户
17072,2010-03-24 16:33:00,2010-03-24 16:33:00,1,0,273.35,0.0,273.35,625,1,273.35,1,1,2,沉睡/低频
13307,2010-04-26 13:28:00,2011-08-11 17:14:00,3,0,273.34,0.0,273.34,120,3,273.34,3,3,2,潜力客户
17355,2010-11-18 13:18:00,2010-11-18 13:18:00,1,0,273.31,0.0,273.31,386,1,273.31,2,1,2,沉睡/低频
17498,2011-09-25 12:25:00,2011-09-25 12:25:00,1,0,272.22,0.0,272.22,75,1,272.22,3,1,2,潜力客户
13917,2011-06-01 12:46:00,2011-10-21 09:56:00,2,0,272.04,0.0,272.04,49,2,272.04,4,3,2,潜力客户
14816,2011-05-26 13:16:00,2011-05-26 13:16:00,1,0,271.85,0.0,271.85,197,1,271.85,2,1,2,沉睡/低频
17292,2010-05-09 14:52:00,2010-08-24 17:14:00,2,0,271.75,0.0,271.75,472,2,271.75,1,3,2,高价值流失风险
14436,2010-06-04 11:32:00,2011-09-02 10:13:00,2,0,271.7,0.0,271.7,98,2,271.7,3,3,2,潜力客户
13058,2011-07-11 12:01:00,2011-11-15 12:43:00,3,0,271.4,0.0,271.4,24,3,271.4,4,3,2,潜力客户
15943,2010-01-31 11:04:00,2010-02-28 12:49:00,2,0,271.29,0.0,271.29,649,2,271.29,1,3,2,高价值流失风险
17278,2010-05-23 13:49:00,2011-04-12 13:10:00,2,0,271.24,0.0,271.24,241,2,271.24,2,3,2,高价值流失风险
18238,2010-07-12 12:51:00,2010-07-12 12:51:00,1,0,270.92,0.0,270.92,515,1,270.92,1,1,2,沉睡/低频
14520,2011-02-22 09:15:00,2011-12-08 09:46:00,2,0,270.6,0.0,270.6,1,2,270.6,5,3,2,潜力客户
16757,2010-10-26 15:09:00,2011-01-25 11:59:00,2,0,270.48,0.0,270.48,318,2,270.48,2,3,2,高价值流失风险
15609,2011-06-08 13:00:00,2011-06-08 13:00:00,1,1,298.48,28.45,270.03,184,1,270.03,3,1,2,潜力客户
12807,2010-11-21 14:21:00,2010-11-21 14:21:00,1,2,330.35,60.4,269.95,383,1,269.95,2,1,2,沉睡/低频
15964,2010-02-14 15:30:00,2010-02-14 15:30:00,1,0,269.21,0.0,269.21,663,1,269.21,1,1,2,沉睡/低频
13533,2011-03-17 12:47:00,2011-06-10 11:54:00,3,0,269.09,0.0,269.09,182,3,269.09,3,3,2,潜力客户
17264,2010-10-11 12:52:00,2010-10-11 12:52:00,1,0,268.28,0.0,268.28,424,1,268.28,1,1,2,沉睡/低频
12751,2010-09-21 12:49:00,2010-09-21 12:49:00,1,0,268.27,0.0,268.27,444,1,268.27,1,1,2,沉睡/低频
18254,2010-05-07 14:37:00,2010-05-07 14:37:00,1,0,267.9,0.0,267.9,581,1,267.9,1,1,2,沉睡/低频
14039,2010-05-13 10:15:00,2011-11-06 13:48:00,2,0,267.28,0.0,267.28,33,2,267.28,4,3,2,潜力客户
15408,2011-03-20 15:02:00,2011-03-20 15:02:00,1,0,267.18,0.0,267.18,264,1,267.18,2,1,2,沉睡/低频
15320,2011-10-26 13:27:00,2011-10-26 13:27:00,1,0,267.13,0.0,267.13,44,1,267.13,4,1,2,新近客户
15517,2011-04-20 14:02:00,2011-04-20 14:02:00,1,0,267.03,0.0,267.03,233,1,267.03,2,1,2,沉睡/低频
17786,2011-01-26 14:35:00,2011-09-15 12:51:00,2,0,266.85,0.0,266.85,85,2,266.85,3,3,2,潜力客户
14863,2011-11-10 15:04:00,2011-11-10 15:04:00,1,0,266.76,0.0,266.76,29,1,266.76,4,1,1,新近客户
13837,2011-01-26 12:15:00,2011-05-12 12:10:00,2,0,266.59,0.0,266.59,211,2,266.59,2,3,1,高价值流失风险
14392,2010-10-03 12:56:00,2010-10-03 12:56:00,1,0,266.4,0.0,266.4,432,1,266.4,1,1,1,沉睡/低频
15119,2011-04-08 09:08:00,2011-04-08 09:08:00,1,0,266.4,0.0,266.4,245,1,266.4,2,1,1,沉睡/低频
12962,2011-08-18 13:38:00,2011-12-02 15:55:00,2,0,266.39,0.0,266.39,7,2,266.39,5,3,1,潜力客户
13217,2010-02-22 12:49:00,2011-08-09 15:32:00,4,2,666.48,400.36,266.12,122,4,266.12,3,4,1,忠诚客户
17636,2011-11-20 14:40:00,2011-11-20 14:40:00,1,1,285.56,19.63,265.93,19,1,265.93,4,1,1,新近客户
16321,2009-12-01 10:36:00,2011-09-28 14:55:00,7,3,604.55,339.05,265.5,72,7,265.5,3,4,1,忠诚客户
13973,2011-02-25 15:21:00,2011-02-25 15:21:00,1,0,264.7,0.0,264.7,287,1,264.7,2,1,1,沉睡/低频
16615,2010-03-23 15:13:00,2010-03-23 15:13:00,1,1,291.5,27.0,264.5,626,1,264.5,1,1,1,沉睡/低频
16579,2010-10-10 11:58:00,2010-10-10 11:58:00,1,1,295.05,30.6,264.45,425,1,264.45,1,1,1,沉睡/低频
13369,2010-12-09 11:30:00,2010-12-09 11:30:00,1,1,308.28,44.53,263.75,365,1,263.75,2,1,1,沉睡/低频
16334,2010-08-04 16:38:00,2010-08-04 16:38:00,1,0,263.73,0.0,263.73,492,1,263.73,1,1,1,沉睡/低频
16286,2010-03-26 09:58:00,2010-08-19 14:48:00,2,2,328.95,65.3,263.65,477,2,263.65,1,3,1,高价值流失风险
13128,2010-03-18 15:08:00,2010-03-18 15:08:00,1,0,263.5,0.0,263.5,631,1,263.5,1,1,1,沉睡/低频
16089,2010-07-18 15:51:00,2010-11-18 13:51:00,2,0,263.49,0.0,263.49,386,2,263.49,2,3,1,高价值流失风险
12892,2010-11-08 09:51:00,2010-11-08 09:51:00,1,0,263.38,0.0,263.38,396,1,263.38,2,1,1,沉睡/低频
17808,2010-05-07 16:26:00,2010-06-09 10:44:00,4,0,262.64,0.0,262.64,548,4,262.64,1,4,1,高价值流失风险
12771,2010-08-11 11:51:00,2010-08-11 11:51:00,1,1,282.3,19.8,262.5,485,1,262.5,1,1,1,沉睡/低频
13331,2010-11-03 08:04:00,2010-11-03 08:04:00,1,0,262.4,0.0,262.4,401,1,262.4,2,1,1,沉睡/低频
17910,2009-12-13 16:04:00,2009-12-13 16:04:00,1,0,261.7,0.0,261.7,726,1,261.7,1,1,1,沉睡/低频
14957,2010-03-05 10:50:00,2011-03-31 17:59:00,2,0,261.69,0.0,261.69,253,2,261.69,2,3,1,高价值流失风险
14269,2010-09-26 12:53:00,2010-09-26 12:53:00,1,1,295.73,34.05,261.68,439,1,261.68,1,1,1,沉睡/低频
12655,2010-10-12 09:17:00,2010-10-12 09:17:00,1,0,261.35,0.0,261.35,423,1,261.35,1,1,1,沉睡/低频
13080,2010-04-09 13:07:00,2011-06-13 14:59:00,4,1,280.73,19.9,260.83,179,4,260.83,3,4,1,忠诚客户
13189,2011-08-16 13:12:00,2011-11-21 10:39:00,2,0,260.68,0.0,260.68,18,2,260.68,5,3,1,潜力客户
17901,2010-07-06 10:54:00,2011-11-10 17:29:00,3,0,260.08,0.0,260.08,29,3,260.08,4,3,1,潜力客户
17022,2010-10-03 10:27:00,2011-11-08 17:09:00,2,0,260.0,0.0,260.0,31,2,260.0,4,3,1,潜力客户
12487,2009-12-09 11:36:00,2009-12-09 11:36:00,1,1,285.3,25.5,259.8,730,1,259.8,1,1,1,沉睡/低频
16733,2010-06-28 10:12:00,2010-06-28 10:12:00,1,0,259.68,0.0,259.68,529,1,259.68,1,1,1,沉睡/低频
14149,2011-05-03 09:44:00,2011-05-03 09:44:00,1,2,446.62,187.19,259.43,220,1,259.43,2,1,1,沉睡/低频
16217,2011-03-02 15:28:00,2011-04-18 13:31:00,2,2,304.25,44.86,259.39,235,2,259.39,2,3,1,高价值流失风险
13127,2011-09-23 10:26:00,2011-09-23 10:26:00,1,0,259.17,0.0,259.17,77,1,259.17,3,1,1,潜力客户
17558,2010-11-11 14:36:00,2010-11-11 14:36:00,1,0,259.17,0.0,259.17,393,1,259.17,2,1,1,沉睡/低频
17219,2010-10-19 11:29:00,2011-11-08 11:25:00,2,0,259.13,0.0,259.13,31,2,259.13,4,3,1,潜力客户
15536,2010-10-26 16:31:00,2010-10-26 16:31:00,1,0,259.09,0.0,259.09,409,1,259.09,2,1,1,沉睡/低频
14526,2010-11-15 13:32:00,2010-11-15 13:32:00,1,0,258.65,0.0,258.65,389,1,258.65,2,1,1,沉睡/低频
13683,2010-09-08 10:00:00,2010-09-08 10:00:00,1,0,258.6,0.0,258.6,457,1,258.6,1,1,1,沉睡/低频
16502,2010-03-29 13:39:00,2010-03-29 13:44:00,2,0,258.55,0.0,258.55,620,2,258.55,1,3,1,高价值流失风险
15894,2010-12-05 14:06:00,2011-03-31 13:50:00,2,0,258.25,0.0,258.25,253,2,258.25,2,3,1,高价值流失风险
13227,2011-05-22 11:47:00,2011-05-22 11:47:00,1,0,257.7,0.0,257.7,201,1,257.7,2,1,1,沉睡/低频
15014,2011-06-16 19:40:00,2011-10-27 20:07:00,2,0,257.67,0.0,257.67,43,2,257.67,4,3,1,潜力客户
16542,2010-11-03 14:44:00,2011-10-17 10:47:00,2,0,257.32,0.0,257.32,53,2,257.32,4,3,1,潜力客户
15503,2009-12-13 11:34:00,2010-12-12 10:57:00,2,0,257.3,0.0,257.3,362,2,257.3,2,3,1,高价值流失风险
15852,2010-07-01 10:16:00,2011-06-06 11:22:00,3,0,257.26,0.0,257.26,186,3,257.26,3,3,1,潜力客户
15404,2010-11-29 11:03:00,2010-11-29 11:03:00,1,0,257.06,0.0,257.06,375,1,257.06,2,1,1,沉睡/低频
14876,2010-05-27 13:49:00,2010-07-06 14:57:00,2,0,256.7,0.0,256.7,521,2,256.7,1,3,1,高价值流失风险
14274,2010-01-22 12:51:00,2010-01-22 12:51:00,1,0,256.6,0.0,256.6,686,1,256.6,1,1,1,沉睡/低频
12430,2011-10-27 15:09:00,2011-10-27 15:09:00,1,0,256.4,0.0,256.4,43,1,256.4,4,1,1,新近客户
13806,2011-10-07 11:43:00,2011-10-07 11:43:00,1,0,256.38,0.0,256.38,63,1,256.38,3,1,1,潜力客户
17896,2011-11-16 13:59:00,2011-11-16 13:59:00,1,0,256.32,0.0,256.32,23,1,256.32,4,1,1,新近客户
17385,2011-11-25 11:02:00,2011-11-25 11:02:00,1,0,256.11,0.0,256.11,14,1,256.11,5,1,1,新近客户
13825,2009-12-09 14:30:00,2010-03-28 11:02:00,2,0,255.59,0.0,255.59,621,2,255.59,1,3,1,高价值流失风险
14881,2011-11-20 11:06:00,2011-11-20 11:06:00,1,0,255.4,0.0,255.4,19,1,255.4,4,1,1,新近客户
13121,2011-03-15 16:47:00,2011-03-15 16:47:00,1,1,283.73,29.0,254.73,269,1,254.73,2,1,1,沉睡/低频
12604,2011-03-23 12:06:00,2011-09-21 14:08:00,2,0,254.18,0.0,254.18,79,2,254.18,3,3,1,潜力客户
14765,2011-06-16 19:49:00,2011-11-10 19:53:00,3,0,254.11,0.0,254.11,29,3,254.11,4,3,1,潜力客户
17626,2010-04-16 12:15:00,2010-04-16 12:15:00,1,0,254.0,0.0,254.0,602,1,254.0,1,1,1,沉睡/低频
16845,2010-03-31 13:09:00,2010-03-31 13:09:00,1,0,253.88,0.0,253.88,618,1,253.88,1,1,1,沉睡/低频
17992,2010-11-15 13:04:00,2010-11-15 13:04:00,1,0,252.88,0.0,252.88,389,1,252.88,2,1,1,沉睡/低频
18267,2010-02-05 08:43:00,2010-02-05 08:43:00,1,1,269.37,16.5,252.87,672,1,252.87,1,1,1,沉睡/低频
15019,2011-03-18 12:35:00,2011-03-18 12:35:00,1,0,252.81,0.0,252.81,266,1,252.81,2,1,1,沉睡/低频
15035,2011-09-11 11:08:00,2011-09-11 11:08:00,1,0,252.73,0.0,252.73,89,1,252.73,3,1,1,潜力客户
13251,2010-11-02 13:20:00,2010-11-02 13:20:00,1,0,252.68,0.0,252.68,402,1,252.68,2,1,1,沉睡/低频
15552,2010-03-26 16:17:00,2011-05-06 14:47:00,2,0,252.52,0.0,252.52,217,2,252.52,2,3,1,高价值流失风险
16074,2010-11-14 13:19:00,2010-11-14 13:19:00,1,0,252.5,0.0,252.5,390,1,252.5,2,1,1,沉睡/低频
13404,2011-05-11 11:57:00,2011-12-08 15:37:00,2,0,252.49,0.0,252.49,1,2,252.49,5,3,1,潜力客户
13645,2011-08-11 16:11:00,2011-08-11 16:11:00,1,0,252.1,0.0,252.1,120,1,252.1,3,1,1,潜力客户
17210,2010-11-12 12:15:00,2010-11-12 12:15:00,1,0,251.72,0.0,251.72,392,1,251.72,2,1,1,沉睡/低频
16453,2010-06-09 13:15:00,2010-06-27 12:46:00,2,0,251.71,0.0,251.71,530,2,251.71,1,3,1,高价值流失风险
16976,2011-03-17 16:33:00,2011-03-17 16:33:00,1,0,251.52,0.0,251.52,267,1,251.52,2,1,1,沉睡/低频
16911,2010-02-16 16:12:00,2010-03-14 12:18:00,2,1,255.25,3.9,251.35,635,2,251.35,1,3,1,高价值流失风险
13861,2010-06-27 11:37:00,2010-10-06 14:20:00,2,1,273.26,21.95,251.31,429,2,251.31,1,3,1,高价值流失风险
14166,2010-03-23 15:10:00,2010-07-22 19:42:00,2,0,251.15,0.0,251.15,505,2,251.15,1,3,1,高价值流失风险
18266,2010-10-01 15:33:00,2010-10-01 15:33:00,1,0,251.1,0.0,251.1,434,1,251.1,1,1,1,沉睡/低频
16962,2010-10-26 11:36:00,2010-10-26 11:36:00,1,0,251.04,0.0,251.04,409,1,251.04,2,1,1,沉睡/低频
14764,2011-10-24 11:54:00,2011-10-24 11:54:00,1,1,278.3,27.75,250.55,46,1,250.55,4,1,1,新近客户
17303,2010-12-13 13:32:00,2010-12-13 13:32:00,1,0,250.04,0.0,250.04,361,1,250.04,2,1,1,沉睡/低频
15510,2011-01-13 12:10:00,2011-01-13 12:10:00,1,0,250.0,0.0,250.0,330,1,250.0,2,1,1,沉睡/低频
16893,2010-11-28 15:14:00,2010-12-08 12:06:00,2,0,249.89,0.0,249.89,366,2,249.89,2,3,1,高价值流失风险
12563,2010-10-27 09:52:00,2010-10-27 09:52:00,1,0,249.24,0.0,249.24,408,1,249.24,2,1,1,沉睡/低频
14483,2009-12-03 10:16:00,2011-03-03 10:26:00,2,1,257.1,7.9,249.2,281,2,249.2,2,3,1,高价值流失风险
13061,2011-09-28 16:04:00,2011-09-28 16:04:00,1,0,248.61,0.0,248.61,72,1,248.61,3,1,1,潜力客户
13592,2011-03-20 14:01:00,2011-11-04 09:49:00,4,0,247.96,0.0,247.96,35,4,247.96,4,4,1,忠诚客户
13834,2010-02-08 12:52:00,2010-05-12 10:27:00,2,1,324.19,76.3,247.89,576,2,247.89,1,3,1,高价值流失风险
16381,2010-10-17 13:06:00,2010-11-09 09:56:00,2,0,247.85,0.0,247.85,395,2,247.85,2,3,1,高价值流失风险
15293,2010-02-12 11:54:00,2010-02-12 11:54:00,1,0,247.5,0.0,247.5,665,1,247.5,1,1,1,沉睡/低频
13349,2011-11-29 08:07:00,2011-11-29 08:07:00,1,0,247.32,0.0,247.32,10,1,247.32,5,1,1,新近客户
14658,2011-08-14 15:42:00,2011-12-04 15:35:00,2,0,247.15,0.0,247.15,5,2,247.15,5,3,1,潜力客户
14654,2009-12-01 12:57:00,2009-12-01 12:57:00,1,0,246.86,0.0,246.86,738,1,246.86,1,1,1,沉睡/低频
15697,2010-01-19 09:10:00,2010-01-19 09:10:00,1,0,246.75,0.0,246.75,689,1,246.75,1,1,1,沉睡/低频
13943,2010-05-11 11:30:00,2010-05-11 11:30:00,1,0,246.54,0.0,246.54,577,1,246.54,1,1,1,沉睡/低频
15378,2010-07-26 08:47:00,2010-09-03 11:30:00,2,0,246.5,0.0,246.5,462,2,246.5,1,3,1,高价值流失风险
15495,2010-11-25 13:46:00,2010-11-25 13:46:00,1,0,246.5,0.0,246.5,379,1,246.5,2,1,1,沉睡/低频
15783,2011-11-29 09:50:00,2011-11-29 09:50:00,1,0,246.3,0.0,246.3,10,1,246.3,5,1,1,新近客户
18153,2010-02-18 15:50:00,2010-02-18 15:50:00,1,0,246.22,0.0,246.22,659,1,246.22,1,1,1,沉睡/低频
16778,2011-03-10 15:21:00,2011-09-26 13:48:00,2,0,245.94,0.0,245.94,74,2,245.94,3,3,1,潜力客户
13250,2010-07-25 14:01:00,2010-09-05 11:33:00,2,1,253.09,7.5,245.59,460,2,245.59,1,3,1,高价值流失风险
14325,2010-05-19 09:20:00,2010-05-19 09:20:00,1,0,245.48,0.0,245.48,569,1,245.48,1,1,1,沉睡/低频
14281,2010-10-27 14:45:00,2010-10-27 14:45:00,1,0,245.15,0.0,245.15,408,1,245.15,2,1,1,沉睡/低频
12660,2011-11-28 13:26:00,2011-11-28 13:26:00,1,0,245.1,0.0,245.1,11,1,245.1,5,1,1,新近客户
15118,2011-07-28 14:54:00,2011-07-28 14:54:00,1,0,244.8,0.0,244.8,134,1,244.8,3,1,1,潜力客户
13511,2010-02-01 12:10:00,2010-02-01 12:10:00,1,1,282.76,38.15,244.61,676,1,244.61,1,1,1,沉睡/低频
13905,2009-12-07 11:41:00,2009-12-07 11:41:00,1,2,312.65,68.2,244.45,732,1,244.45,1,1,1,沉睡/低频
16528,2011-12-06 12:45:00,2011-12-06 12:45:00,1,0,244.41,0.0,244.41,3,1,244.41,5,1,1,新近客户
18002,2009-12-08 11:07:00,2010-11-29 10:57:00,4,0,244.37,0.0,244.37,375,4,244.37,2,4,1,高价值流失风险
14694,2010-04-01 19:46:00,2010-04-01 19:46:00,1,0,244.31,0.0,244.31,617,1,244.31,1,1,1,沉睡/低频
13551,2010-02-11 15:01:00,2011-01-24 14:46:00,2,0,244.2,0.0,244.2,319,2,244.2,2,3,1,高价值流失风险
17892,2011-07-07 12:56:00,2011-10-14 16:49:00,3,0,244.1,0.0,244.1,56,3,244.1,4,3,1,潜力客户
17925,2010-12-02 10:10:00,2010-12-02 10:10:00,1,0,244.08,0.0,244.08,372,1,244.08,2,1,1,沉睡/低频
16793,2011-10-13 15:08:00,2011-10-13 15:08:00,1,0,243.84,0.0,243.84,57,1,243.84,4,1,1,新近客户
13886,2011-09-29 13:17:00,2011-09-29 13:17:00,1,0,243.56,0.0,243.56,71,1,243.56,3,1,1,潜力客户
17339,2010-07-18 13:08:00,2011-09-06 13:29:00,3,1,302.36,59.0,243.36,94,3,243.36,3,3,1,潜力客户
16215,2011-09-20 10:18:00,2011-09-20 10:18:00,1,0,242.35,0.0,242.35,80,1,242.35,3,1,1,潜力客户
15543,2010-09-06 11:28:00,2011-02-24 15:26:00,2,0,242.26,0.0,242.26,288,2,242.26,2,3,1,高价值流失风险
17009,2010-06-06 16:01:00,2010-06-06 16:01:00,1,0,242.06,0.0,242.06,551,1,242.06,1,1,1,沉睡/低频
13445,2010-03-23 15:34:00,2010-03-23 15:34:00,1,0,241.9,0.0,241.9,626,1,241.9,1,1,1,沉睡/低频
13582,2010-04-01 11:38:00,2010-11-15 11:34:00,2,0,241.68,0.0,241.68,389,2,241.68,2,3,1,高价值流失风险
15776,2011-07-29 13:46:00,2011-07-29 13:46:00,1,0,241.62,0.0,241.62,133,1,241.62,3,1,1,潜力客户
15162,2009-12-08 13:14:00,2009-12-08 13:14:00,1,1,312.9,71.4,241.5,731,1,241.5,1,1,1,沉睡/低频
14774,2010-06-29 12:26:00,2010-06-29 12:26:00,1,0,241.45,0.0,241.45,528,1,241.45,1,1,1,沉睡/低频
14523,2011-08-23 13:13:00,2011-08-23 13:13:00,1,0,241.09,0.0,241.09,108,1,241.09,3,1,1,潜力客户
16427,2011-02-28 15:18:00,2011-03-21 17:10:00,2,0,241.06,0.0,241.06,263,2,241.06,2,3,1,高价值流失风险
16508,2010-03-19 13:41:00,2010-03-19 13:41:00,1,0,240.95,0.0,240.95,630,1,240.95,1,1,1,沉睡/低频
15286,2011-10-21 11:08:00,2011-10-21 11:08:00,1,0,240.55,0.0,240.55,49,1,240.55,4,1,1,新近客户
15336,2010-11-03 12:39:00,2010-11-03 12:39:00,1,0,240.5,0.0,240.5,401,1,240.5,2,1,1,沉睡/低频
15931,2010-10-07 16:46:00,2010-10-07 16:46:00,1,0,239.9,0.0,239.9,428,1,239.9,1,1,1,沉睡/低频
15690,2011-08-31 11:40:00,2011-12-05 15:59:00,2,0,239.76,0.0,239.76,4,2,239.76,5,3,1,潜力客户
13570,2011-04-10 13:36:00,2011-04-10 13:36:00,1,0,239.49,0.0,239.49,243,1,239.49,2,1,1,沉睡/低频
13789,2010-11-16 15:31:00,2010-11-16 15:31:00,1,0,239.46,0.0,239.46,388,1,239.46,2,1,1,沉睡/低频
17684,2011-10-27 11:10:00,2011-10-27 11:10:00,1,0,239.41,0.0,239.41,43,1,239.41,4,1,1,新近客户
14777,2010-11-01 12:50:00,2010-11-01 12:50:00,1,3,307.56,68.3,239.26,403,1,239.26,2,1,1,沉睡/低频
17981,2010-10-25 10:40:00,2010-10-25 10:40:00,1,0,239.12,0.0,239.12,410,1,239.12,1,1,1,沉睡/低频
13275,2010-03-17 14:05:00,2010-11-21 12:09:00,2,0,238.86,0.0,238.86,383,2,238.86,2,3,1,高价值流失风险
12561,2011-02-10 11:39:00,2011-02-10 11:39:00,1,0,238.85,0.0,238.85,302,1,238.85,2,1,1,沉睡/低频
15884,2009-12-03 18:23:00,2010-10-03 15:55:00,2,1,244.6,5.95,238.65,432,2,238.65,1,3,1,高价值流失风险
12718,2011-09-29 16:38:00,2011-09-29 16:38:00,1,0,238.25,0.0,238.25,71,1,238.25,3,1,1,潜力客户
16280,2009-12-14 15:49:00,2009-12-14 15:49:00,1,0,238.05,0.0,238.05,725,1,238.05,1,1,1,沉睡/低频
14982,2010-05-16 15:52:00,2010-05-16 15:52:00,1,0,237.78,0.0,237.78,572,1,237.78,1,1,1,沉睡/低频
17877,2011-06-22 13:00:00,2011-06-22 13:00:00,1,0,237.61,0.0,237.61,170,1,237.61,3,1,1,潜力客户
15457,2011-03-22 15:31:00,2011-03-22 15:31:00,1,0,237.07,0.0,237.07,262,1,237.07,2,1,1,沉睡/低频
18024,2011-07-10 12:28:00,2011-07-10 12:40:00,2,1,389.78,153.0,236.78,152,2,236.78,3,3,1,潜力客户
12732,2011-06-13 11:33:00,2011-06-13 11:33:00,1,0,236.26,0.0,236.26,179,1,236.26,3,1,1,潜力客户
13088,2010-10-18 15:35:00,2010-10-18 15:35:00,1,0,236.11,0.0,236.11,417,1,236.11,1,1,1,沉睡/低频
16026,2011-10-27 13:53:00,2011-10-27 13:53:00,1,0,236.09,0.0,236.09,43,1,236.09,4,1,1,新近客户
17093,2010-04-26 10:22:00,2010-04-26 10:22:00,1,0,235.88,0.0,235.88,592,1,235.88,1,1,1,沉睡/低频
17872,2010-11-23 12:02:00,2010-11-23 12:02:00,1,0,235.87,0.0,235.87,381,1,235.87,2,1,1,沉睡/低频
16046,2010-05-26 13:18:00,2010-05-26 13:18:00,1,0,235.78,0.0,235.78,562,1,235.78,1,1,1,沉睡/低频
12392,2010-04-27 14:04:00,2010-04-27 14:04:00,1,0,234.75,0.0,234.75,591,1,234.75,1,1,1,沉睡/低频
13114,2009-12-09 09:56:00,2009-12-09 09:56:00,1,0,234.38,0.0,234.38,730,1,234.38,1,1,1,沉睡/低频
14473,2011-03-02 13:56:00,2011-09-26 15:10:00,2,0,234.34,0.0,234.34,74,2,234.34,3,3,1,潜力客户
17060,2011-03-18 13:27:00,2011-03-18 13:27:00,1,0,234.24,0.0,234.24,266,1,234.24,2,1,1,沉睡/低频
12736,2011-01-11 07:57:00,2011-01-11 07:57:00,1,0,234.0,0.0,234.0,332,1,234.0,2,1,1,沉睡/低频
13009,2010-02-05 12:22:00,2010-02-05 12:22:00,1,0,234.0,0.0,234.0,672,1,234.0,1,1,1,沉睡/低频
13348,2011-10-06 17:28:00,2011-10-06 17:28:00,1,0,233.76,0.0,233.76,64,1,233.76,3,1,1,潜力客户
14153,2010-08-13 14:35:00,2010-08-13 14:35:00,1,0,233.4,0.0,233.4,483,1,233.4,1,1,1,沉睡/低频
13129,2010-06-28 11:54:00,2010-09-13 13:47:00,2,0,233.25,0.0,233.25,452,2,233.25,1,3,1,高价值流失风险
17055,2010-09-20 12:21:00,2010-09-20 12:21:00,1,0,232.85,0.0,232.85,445,1,232.85,1,1,1,沉睡/低频
13678,2011-07-11 10:14:00,2011-07-11 10:14:00,1,0,232.6,0.0,232.6,151,1,232.6,3,1,1,潜力客户
18213,2011-04-17 10:21:00,2011-04-17 10:21:00,1,0,232.48,0.0,232.48,236,1,232.48,2,1,1,沉睡/低频
16971,2011-11-01 15:06:00,2011-11-01 15:06:00,1,1,357.21,125.0,232.21,38,1,232.21,4,1,1,新近客户
13608,2010-06-17 12:28:00,2010-06-17 12:28:00,1,0,232.05,0.0,232.05,540,1,232.05,1,1,1,沉睡/低频
14995,2011-03-04 13:14:00,2011-11-01 11:39:00,2,0,231.98,0.0,231.98,38,2,231.98,4,3,1,潜力客户
16408,2010-04-27 14:08:00,2010-04-27 14:08:00,1,0,231.93,0.0,231.93,591,1,231.93,1,1,1,沉睡/低频
17151,2009-12-04 14:56:00,2009-12-04 14:56:00,1,0,231.9,0.0,231.9,735,1,231.9,1,1,1,沉睡/低频
16436,2009-12-06 16:02:00,2010-02-09 13:19:00,3,1,319.14,87.3,231.84,668,3,231.84,1,3,1,高价值流失风险
17136,2010-02-15 13:13:00,2010-02-15 13:13:00,1,0,231.68,0.0,231.68,662,1,231.68,1,1,1,沉睡/低频
18279,2010-07-08 14:48:00,2010-07-08 14:48:00,1,0,231.34,0.0,231.34,519,1,231.34,1,1,1,沉睡/低频
15487,2010-01-29 12:07:00,2010-01-29 12:07:00,1,0,231.32,0.0,231.32,679,1,231.32,1,1,1,沉睡/低频
12746,2010-06-17 10:41:00,2010-06-17 10:41:00,1,2,254.55,23.7,230.85,540,1,230.85,1,1,1,沉睡/低频
15941,2010-03-12 14:45:00,2010-03-12 14:45:00,1,1,405.0,174.4,230.6,637,1,230.6,1,1,1,沉睡/低频
17125,2011-10-20 14:41:00,2011-10-20 14:41:00,1,0,230.5,0.0,230.5,50,1,230.5,4,1,1,新近客户
13960,2011-09-29 12:39:00,2011-11-18 15:27:00,2,0,230.22,0.0,230.22,21,2,230.22,4,3,1,潜力客户
14017,2010-05-17 14:52:00,2010-05-17 14:52:00,1,0,229.75,0.0,229.75,571,1,229.75,1,1,1,沉睡/低频
12812,2011-10-26 09:54:00,2011-10-26 09:54:00,1,0,229.64,0.0,229.64,44,1,229.64,4,1,1,新近客户
13403,2009-12-16 13:23:00,2011-11-22 08:28:00,3,0,229.5,0.0,229.5,17,3,229.5,5,3,1,潜力客户
17185,2010-04-20 13:49:00,2010-04-27 12:15:00,3,0,229.46,0.0,229.46,591,3,229.46,1,3,1,高价值流失风险
15528,2011-03-30 16:14:00,2011-03-30 16:14:00,1,0,229.33,0.0,229.33,254,1,229.33,2,1,1,沉睡/低频
15273,2010-04-19 11:31:00,2010-04-19 11:31:00,1,0,228.96,0.0,228.96,599,1,228.96,1,1,1,沉睡/低频
17347,2011-09-14 13:12:00,2011-09-14 13:12:00,1,0,228.96,0.0,228.96,86,1,228.96,3,1,1,潜力客户
13146,2011-11-13 15:29:00,2011-11-13 15:29:00,1,0,228.91,0.0,228.91,26,1,228.91,4,1,1,新近客户
15231,2010-03-28 15:12:00,2010-03-28 15:12:00,1,1,250.26,21.9,228.36,621,1,228.36,1,1,1,沉睡/低频
17066,2009-12-13 13:24:00,2009-12-13 13:24:00,1,0,228.34,0.0,228.34,726,1,228.34,1,1,1,沉睡/低频
14458,2010-11-24 12:43:00,2010-11-24 12:43:00,1,0,228.07,0.0,228.07,380,1,228.07,2,1,1,沉睡/低频
16760,2010-10-05 15:55:00,2010-10-05 15:55:00,1,0,228.0,0.0,228.0,430,1,228.0,1,1,1,沉睡/低频
15566,2009-12-15 14:53:00,2010-11-12 12:11:00,2,0,227.87,0.0,227.87,392,2,227.87,2,3,1,高价值流失风险
14363,2010-09-14 14:39:00,2010-11-02 17:01:00,2,0,227.47,0.0,227.47,402,2,227.47,2,3,1,高价值流失风险
17868,2010-11-18 18:55:00,2010-11-18 18:55:00,1,0,227.15,0.0,227.15,386,1,227.15,2,1,1,沉睡/低频
17617,2010-05-30 12:48:00,2010-05-30 12:48:00,1,1,385.19,158.05,227.14,558,1,227.14,1,1,1,沉睡/低频
16740,2010-11-09 13:34:00,2010-11-09 13:34:00,1,0,226.91,0.0,226.91,395,1,226.91,2,1,1,沉睡/低频
15451,2010-04-19 14:08:00,2010-10-01 13:40:00,2,0,226.86,0.0,226.86,434,2,226.86,1,3,1,高价值流失风险
18005,2011-10-23 14:40:00,2011-12-06 11:51:00,2,0,226.47,0.0,226.47,3,2,226.47,5,3,1,潜力客户
14718,2010-10-25 13:07:00,2010-10-25 13:07:00,1,0,226.42,0.0,226.42,410,1,226.42,1,1,1,沉睡/低频
17993,2010-04-01 14:23:00,2010-04-01 14:23:00,1,0,225.99,0.0,225.99,617,1,225.99,1,1,1,沉睡/低频
14069,2010-05-27 12:30:00,2010-07-13 12:12:00,2,0,225.81,0.0,225.81,514,2,225.81,1,3,1,高价值流失风险
17915,2010-06-06 13:22:00,2010-06-06 13:22:00,1,0,225.78,0.0,225.78,551,1,225.78,1,1,1,沉睡/低频
16587,2011-04-21 15:51:00,2011-04-21 15:51:00,1,0,225.15,0.0,225.15,232,1,225.15,2,1,1,沉睡/低频
14357,2011-10-27 16:23:00,2011-10-27 16:23:00,1,0,225.12,0.0,225.12,43,1,225.12,4,1,1,新近客户
13619,2010-02-03 14:16:00,2010-06-13 11:39:00,2,0,224.94,0.0,224.94,544,2,224.94,1,3,1,高价值流失风险
16346,2010-11-19 15:55:00,2010-11-19 15:55:00,1,0,224.51,0.0,224.51,385,1,224.51,2,1,1,沉睡/低频
15175,2011-09-29 11:31:00,2011-09-29 11:31:00,1,0,224.14,0.0,224.14,71,1,224.14,3,1,1,潜力客户
12914,2010-11-04 12:28:00,2010-11-04 12:28:00,1,0,223.98,0.0,223.98,400,1,223.98,2,1,1,沉睡/低频
16753,2011-10-12 13:14:00,2011-10-12 13:14:00,1,0,223.92,0.0,223.92,58,1,223.92,3,1,1,潜力客户
16562,2010-08-20 11:45:00,2010-08-20 11:45:00,1,0,223.86,0.0,223.86,476,1,223.86,1,1,1,沉睡/低频
13926,2011-11-16 13:16:00,2011-11-16 13:16:00,1,0,223.85,0.0,223.85,23,1,223.85,4,1,1,新近客户
17967,2010-10-19 13:19:00,2010-12-03 11:19:00,2,0,223.42,0.0,223.42,371,2,223.42,2,3,1,高价值流失风险
18131,2010-03-18 08:48:00,2010-03-18 08:48:00,1,0,222.96,0.0,222.96,631,1,222.96,1,1,1,沉睡/低频
12887,2010-11-21 11:18:00,2010-11-21 11:18:00,1,0,222.4,0.0,222.4,383,1,222.4,2,1,1,沉睡/低频
15294,2010-10-25 11:45:00,2010-10-25 11:45:00,1,1,233.35,11.05,222.3,410,1,222.3,1,1,1,沉睡/低频
14596,2010-03-23 12:13:00,2010-03-23 12:13:00,1,0,222.22,0.0,222.22,626,1,222.22,1,1,1,沉睡/低频
14598,2010-05-19 13:07:00,2011-10-26 13:19:00,2,1,384.04,162.07,221.97,44,2,221.97,4,3,1,潜力客户
14314,2010-10-05 08:00:00,2011-08-25 10:39:00,2,1,229.8,7.9,221.9,106,2,221.9,3,3,1,潜力客户
14445,2010-09-10 11:09:00,2010-09-10 11:09:00,1,0,221.65,0.0,221.65,455,1,221.65,1,1,1,沉睡/低频
17261,2010-07-18 11:49:00,2010-07-18 11:49:00,1,0,221.59,0.0,221.59,509,1,221.59,1,1,1,沉睡/低频
17087,2009-12-02 10:41:00,2009-12-02 10:41:00,1,0,221.53,0.0,221.53,737,1,221.53,1,1,1,沉睡/低频
18197,2010-05-13 10:46:00,2010-05-13 10:46:00,1,1,230.1,8.7,221.4,575,1,221.4,1,1,1,沉睡/低频
14960,2011-06-21 13:38:00,2011-12-01 12:54:00,2,0,221.27,0.0,221.27,8,2,221.27,5,3,1,潜力客户
13419,2011-10-07 12:49:00,2011-10-07 12:49:00,1,0,221.06,0.0,221.06,63,1,221.06,3,1,1,潜力客户
12821,2010-04-07 15:14:00,2011-05-09 15:51:00,2,0,220.8,0.0,220.8,214,2,220.8,2,3,1,高价值流失风险
18030,2011-10-28 13:55:00,2011-12-05 16:37:00,2,1,230.65,9.95,220.7,4,2,220.7,5,3,1,潜力客户
16482,2011-11-24 12:33:00,2011-11-24 12:33:00,1,0,220.62,0.0,220.62,15,1,220.62,5,1,1,新近客户
13033,2010-10-06 09:37:00,2010-12-17 14:23:00,2,0,220.55,0.0,220.55,357,2,220.55,2,3,1,高价值流失风险
18132,2010-07-23 16:54:00,2010-07-23 16:54:00,1,0,220.13,0.0,220.13,504,1,220.13,1,1,1,沉睡/低频
18114,2011-02-22 13:20:00,2011-02-22 13:20:00,1,0,220.1,0.0,220.1,290,1,220.1,2,1,1,沉睡/低频
13454,2010-03-08 14:40:00,2010-03-08 14:40:00,1,0,219.87,0.0,219.87,641,1,219.87,1,1,1,沉睡/低频
13992,2010-09-02 17:04:00,2011-11-09 15:23:00,3,0,219.5,0.0,219.5,30,3,219.5,4,3,1,潜力客户
14074,2010-03-26 13:55:00,2010-03-26 13:55:00,1,0,219.4,0.0,219.4,623,1,219.4,1,1,1,沉睡/低频
15096,2011-10-28 10:27:00,2011-10-28 10:27:00,1,0,219.39,0.0,219.39,42,1,219.39,4,1,1,新近客户
12799,2010-06-28 15:57:00,2010-06-28 15:57:00,1,0,219.35,0.0,219.35,529,1,219.35,1,1,1,沉睡/低频
15423,2010-03-28 13:42:00,2011-11-01 14:01:00,3,1,266.89,47.75,219.14,38,3,219.14,4,3,1,潜力客户
12702,2011-11-20 10:36:00,2011-11-20 10:36:00,1,0,219.0,0.0,219.0,19,1,219.0,4,1,1,新近客户
15790,2011-11-29 14:53:00,2011-11-29 14:53:00,1,0,218.75,0.0,218.75,10,1,218.75,5,1,1,新近客户
15086,2010-03-24 13:56:00,2010-05-24 12:27:00,2,0,218.53,0.0,218.53,564,2,218.53,1,3,1,高价值流失风险
12574,2011-01-28 09:20:00,2011-01-28 09:20:00,1,0,218.45,0.0,218.45,315,1,218.45,2,1,1,沉睡/低频
15591,2010-02-04 09:20:00,2010-05-06 09:23:00,3,0,217.9,0.0,217.9,582,3,217.9,1,3,1,高价值流失风险
16035,2010-05-28 15:09:00,2010-05-28 15:09:00,1,0,217.73,0.0,217.73,560,1,217.73,1,1,1,沉睡/低频
16666,2010-03-28 15:13:00,2011-11-20 14:01:00,2,0,217.71,0.0,217.71,19,2,217.71,4,3,1,潜力客户
15554,2011-03-07 09:00:00,2011-03-07 09:00:00,1,0,217.2,0.0,217.2,277,1,217.2,2,1,1,沉睡/低频
13423,2010-10-07 09:02:00,2010-10-07 09:02:00,1,0,217.03,0.0,217.03,428,1,217.03,1,1,1,沉睡/低频
15401,2010-05-20 10:56:00,2010-09-13 13:42:00,2,0,216.95,0.0,216.95,452,2,216.95,1,3,1,高价值流失风险
18021,2010-07-15 18:47:00,2010-07-18 10:52:00,2,0,216.41,0.0,216.41,509,2,216.41,1,3,1,高价值流失风险
17902,2010-06-11 12:25:00,2010-06-11 12:25:00,1,0,216.4,0.0,216.4,546,1,216.4,1,1,1,沉睡/低频
15604,2011-10-18 14:47:00,2011-10-18 14:47:00,1,0,216.39,0.0,216.39,52,1,216.39,4,1,1,新近客户
13858,2011-10-13 16:17:00,2011-10-13 16:17:00,1,0,216.17,0.0,216.17,57,1,216.17,4,1,1,新近客户
13674,2010-10-03 10:41:00,2010-10-03 10:41:00,1,1,240.68,24.8,215.88,432,1,215.88,1,1,1,沉睡/低频
16179,2011-10-10 09:41:00,2011-10-10 09:41:00,1,0,215.83,0.0,215.83,60,1,215.83,3,1,1,潜力客户
15788,2010-07-19 12:48:00,2010-07-19 12:48:00,1,1,221.83,6.3,215.53,508,1,215.53,1,1,1,沉睡/低频
16189,2011-09-15 15:21:00,2011-11-24 11:47:00,2,0,215.48,0.0,215.48,15,2,215.48,5,3,1,潜力客户
14376,2010-01-25 15:36:00,2010-01-25 15:36:00,1,0,215.46,0.0,215.46,683,1,215.46,1,1,1,沉睡/低频
14635,2010-09-12 10:47:00,2010-09-12 10:47:00,1,0,215.22,0.0,215.22,453,1,215.22,1,1,1,沉睡/低频
18007,2010-11-12 11:08:00,2010-11-12 11:08:00,1,0,215.22,0.0,215.22,392,1,215.22,2,1,1,沉睡/低频
14106,2009-12-02 14:09:00,2009-12-02 14:09:00,1,0,214.8,0.0,214.8,737,1,214.8,1,1,1,沉睡/低频
16338,2011-07-05 13:56:00,2011-07-05 13:56:00,1,0,214.8,0.0,214.8,157,1,214.8,3,1,1,潜力客户
14361,2010-05-10 12:29:00,2010-05-10 12:29:00,1,0,214.71,0.0,214.71,578,1,214.71,1,1,1,沉睡/低频
17619,2011-01-31 14:18:00,2011-01-31 14:18:00,1,0,214.37,0.0,214.37,312,1,214.37,2,1,1,沉睡/低频
15460,2010-12-20 16:08:00,2010-12-20 16:08:00,1,0,214.26,0.0,214.26,354,1,214.26,2,1,1,沉睡/低频
14271,2010-10-26 17:01:00,2011-04-28 12:47:00,2,0,214.18,0.0,214.18,225,2,214.18,2,3,1,高价值流失风险
14601,2011-11-29 09:48:00,2011-11-29 09:48:00,1,0,213.96,0.0,213.96,10,1,213.96,5,1,1,新近客户
18157,2010-05-17 14:09:00,2010-05-17 14:09:00,1,0,213.9,0.0,213.9,571,1,213.9,1,1,1,沉睡/低频
13621,2011-08-15 08:26:00,2011-08-15 08:26:00,1,0,213.85,0.0,213.85,116,1,213.85,3,1,1,潜力客户
17153,2011-11-15 13:42:00,2011-11-15 13:42:00,1,0,213.78,0.0,213.78,24,1,213.78,4,1,1,新近客户
13411,2011-08-24 13:57:00,2011-08-24 13:57:00,1,0,213.55,0.0,213.55,107,1,213.55,3,1,1,潜力客户
16591,2011-10-02 10:43:00,2011-10-02 10:43:00,1,0,213.5,0.0,213.5,68,1,213.5,3,1,1,潜力客户
16897,2011-01-30 11:52:00,2011-02-13 15:02:00,2,1,289.78,76.75,213.03,299,2,213.03,2,3,1,高价值流失风险
13724,2010-03-12 15:28:00,2010-03-12 15:28:00,1,0,213.01,0.0,213.01,637,1,213.01,1,1,1,沉睡/低频
16302,2011-08-05 09:44:00,2011-08-05 09:44:00,1,1,233.22,20.4,212.82,126,1,212.82,3,1,1,潜力客户
13691,2010-11-08 17:34:00,2010-11-08 17:34:00,1,0,212.78,0.0,212.78,396,1,212.78,2,1,1,沉睡/低频
12961,2010-11-25 16:44:00,2010-11-25 16:44:00,1,0,211.99,0.0,211.99,379,1,211.99,2,1,1,沉睡/低频
12470,2010-01-19 11:01:00,2010-01-19 11:01:00,1,0,211.95,0.0,211.95,689,1,211.95,1,1,1,沉睡/低频
15866,2011-08-30 14:09:00,2011-08-30 14:09:00,1,0,211.89,0.0,211.89,101,1,211.89,3,1,1,潜力客户
14843,2010-09-29 12:39:00,2010-09-29 12:39:00,1,0,211.8,0.0,211.8,436,1,211.8,1,1,1,沉睡/低频
15703,2011-03-20 10:51:00,2011-03-20 10:51:00,1,0,211.5,0.0,211.5,264,1,211.5,2,1,1,沉睡/低频
14992,2010-09-23 17:48:00,2010-09-23 17:48:00,1,0,210.5,0.0,210.5,442,1,210.5,1,1,1,沉睡/低频
13532,2011-11-06 12:25:00,2011-11-06 12:25:00,1,0,210.31,0.0,210.31,33,1,210.31,4,1,1,新近客户
17217,2010-03-30 13:35:00,2011-04-19 17:19:00,2,0,210.1,0.0,210.1,234,2,210.1,2,3,1,高价值流失风险
16874,2010-11-25 13:08:00,2010-11-25 13:08:00,1,0,209.89,0.0,209.89,379,1,209.89,2,1,1,沉睡/低频
17484,2010-03-25 16:17:00,2010-05-12 15:41:00,2,0,209.57,0.0,209.57,576,2,209.57,1,3,1,高价值流失风险
13828,2011-11-17 16:02:00,2011-11-17 16:02:00,1,0,209.49,0.0,209.49,22,1,209.49,4,1,1,新近客户
13056,2010-06-06 14:10:00,2010-06-06 14:10:00,1,0,209.48,0.0,209.48,551,1,209.48,1,1,1,沉睡/低频
14003,2009-12-07 08:53:00,2009-12-07 08:53:00,1,0,209.41,0.0,209.41,732,1,209.41,1,1,1,沉睡/低频
15112,2010-04-07 14:17:00,2010-04-07 14:17:00,1,0,209.4,0.0,209.4,611,1,209.4,1,1,1,沉睡/低频
16487,2010-02-18 17:36:00,2010-05-11 13:38:00,2,0,209.4,0.0,209.4,577,2,209.4,1,3,1,高价值流失风险
17855,2010-12-02 09:44:00,2010-12-02 09:44:00,1,0,208.97,0.0,208.97,372,1,208.97,2,1,1,沉睡/低频
13651,2010-11-23 09:44:00,2011-11-04 14:59:00,3,1,226.85,17.9,208.95,35,3,208.95,4,3,1,潜力客户
17743,2010-09-17 14:54:00,2010-09-17 14:54:00,1,1,229.2,20.35,208.85,448,1,208.85,1,1,1,沉睡/低频
15327,2011-10-18 11:55:00,2011-10-18 11:55:00,1,0,208.75,0.0,208.75,52,1,208.75,4,1,1,新近客户
15741,2010-03-31 11:55:00,2010-09-07 16:21:00,2,0,208.62,0.0,208.62,458,2,208.62,1,3,1,高价值流失风险
15897,2011-05-29 13:32:00,2011-05-29 13:50:00,2,0,208.59,0.0,208.59,194,2,208.59,2,3,1,高价值流失风险
16457,2011-05-05 13:19:00,2011-05-05 13:19:00,1,0,208.36,0.0,208.36,218,1,208.36,2,1,1,沉睡/低频
12848,2010-02-02 12:45:00,2010-02-02 12:45:00,1,0,208.0,0.0,208.0,675,1,208.0,1,1,1,沉睡/低频
16964,2009-12-06 12:51:00,2009-12-06 12:53:00,2,0,207.85,0.0,207.85,733,2,207.85,1,3,1,高价值流失风险
16866,2011-07-01 12:34:00,2011-07-22 10:06:00,3,0,207.74,0.0,207.74,140,3,207.74,3,3,1,潜力客户
15052,2011-01-24 15:52:00,2011-01-24 15:52:00,1,0,207.73,0.0,207.73,319,1,207.73,2,1,1,沉睡/低频
16752,2010-12-02 12:18:00,2010-12-02 12:18:00,1,0,207.5,0.0,207.5,372,1,207.5,2,1,1,沉睡/低频
13099,2011-09-01 17:40:00,2011-09-01 17:40:00,1,0,207.36,0.0,207.36,99,1,207.36,3,1,1,潜力客户
17989,2010-11-25 13:49:00,2010-11-25 13:49:00,1,0,207.33,0.0,207.33,379,1,207.33,2,1,1,沉睡/低频
15925,2011-05-29 15:35:00,2011-05-29 15:35:00,1,0,207.15,0.0,207.15,194,1,207.15,2,1,1,沉睡/低频
15295,2010-02-23 13:03:00,2010-02-23 13:03:00,1,0,207.04,0.0,207.04,654,1,207.04,1,1,1,沉睡/低频
15820,2011-01-24 12:00:00,2011-01-24 12:00:00,1,0,206.98,0.0,206.98,319,1,206.98,2,1,1,沉睡/低频
14964,2011-04-06 14:13:00,2011-04-06 14:13:00,1,0,206.21,0.0,206.21,247,1,206.21,2,1,1,沉睡/低频
15914,2010-11-26 16:09:00,2010-11-26 16:10:00,2,0,205.99,0.0,205.99,378,2,205.99,2,3,1,高价值流失风险
14278,2010-10-26 12:07:00,2010-10-26 12:07:00,1,0,205.83,0.0,205.83,409,1,205.83,2,1,1,沉睡/低频
16540,2010-10-21 17:22:00,2010-10-21 17:22:00,1,0,205.75,0.0,205.75,414,1,205.75,1,1,1,沉睡/低频
17670,2011-04-26 09:12:00,2011-04-26 09:12:00,1,0,205.7,0.0,205.7,227,1,205.7,2,1,1,沉睡/低频
16622,2010-06-14 10:44:00,2010-06-14 10:44:00,1,1,225.4,19.8,205.6,543,1,205.6,1,1,1,沉睡/低频
14602,2010-02-21 15:47:00,2010-02-21 15:47:00,1,0,205.36,0.0,205.36,656,1,205.36,1,1,1,沉睡/低频
15307,2011-09-05 11:38:00,2011-09-05 11:38:00,1,0,205.3,0.0,205.3,95,1,205.3,3,1,1,潜力客户
15758,2011-11-15 10:48:00,2011-11-15 10:48:00,1,0,205.25,0.0,205.25,24,1,205.25,4,1,1,新近客户
12400,2010-10-21 13:45:00,2010-10-21 13:45:00,1,0,205.25,0.0,205.25,414,1,205.25,1,1,1,沉睡/低频
15319,2011-03-01 12:48:00,2011-03-01 12:48:00,1,0,204.5,0.0,204.5,283,1,204.5,2,1,1,沉睡/低频
14928,2010-03-22 09:14:00,2010-03-22 09:14:00,1,1,223.91,19.45,204.46,627,1,204.46,1,1,1,沉睡/低频
17271,2009-12-03 13:49:00,2009-12-03 13:49:00,1,0,204.3,0.0,204.3,736,1,204.3,1,1,1,沉睡/低频
16901,2009-12-10 16:30:00,2009-12-10 16:30:00,1,0,204.26,0.0,204.26,729,1,204.26,1,1,1,沉睡/低频
17206,2011-10-17 13:25:00,2011-10-17 13:25:00,1,0,204.24,0.0,204.24,53,1,204.24,4,1,1,新近客户
14468,2009-12-06 12:21:00,2009-12-06 12:21:00,1,0,204.24,0.0,204.24,733,1,204.24,1,1,1,沉睡/低频
12663,2010-02-09 14:28:00,2010-03-25 09:40:00,2,1,239.4,35.4,204.0,624,2,204.0,1,3,1,高价值流失风险
13017,2011-12-02 15:53:00,2011-12-02 15:53:00,1,0,204.0,0.0,204.0,7,1,204.0,5,1,1,新近客户
17394,2011-05-04 13:22:00,2011-05-04 13:22:00,1,0,203.87,0.0,203.87,219,1,203.87,2,1,1,沉睡/低频
17891,2011-06-30 20:08:00,2011-06-30 20:08:00,1,0,203.86,0.0,203.86,162,1,203.86,3,1,1,潜力客户
14519,2009-12-11 10:40:00,2010-01-25 11:18:00,2,0,203.14,0.0,203.14,683,2,203.14,1,3,1,高价值流失风险
17074,2010-05-26 12:04:00,2010-05-26 12:04:00,1,0,203.05,0.0,203.05,562,1,203.05,1,1,1,沉睡/低频
15459,2010-07-30 14:31:00,2010-10-18 15:25:00,2,0,202.83,0.0,202.83,417,2,202.83,1,3,1,高价值流失风险
18169,2011-10-10 12:18:00,2011-10-10 12:18:00,1,0,202.65,0.0,202.65,60,1,202.65,3,1,1,潜力客户
12416,2010-02-21 10:19:00,2010-02-21 10:19:00,1,0,202.56,0.0,202.56,656,1,202.56,1,1,1,沉睡/低频
14892,2010-01-18 08:58:00,2010-01-18 08:58:00,1,0,202.35,0.0,202.35,690,1,202.35,1,1,1,沉睡/低频
14385,2011-11-16 11:55:00,2011-11-30 15:36:00,3,0,202.11,0.0,202.11,9,3,202.11,5,3,1,潜力客户
16965,2011-04-27 12:08:00,2011-04-27 12:08:00,1,0,201.19,0.0,201.19,226,1,201.19,2,1,1,沉睡/低频
18281,2010-05-11 10:49:00,2011-06-12 10:53:00,2,0,201.14,0.0,201.14,180,2,201.14,3,3,1,潜力客户
18126,2011-10-10 12:19:00,2011-10-10 12:19:00,1,0,200.92,0.0,200.92,60,1,200.92,3,1,1,潜力客户
13556,2010-09-30 09:01:00,2010-10-06 16:44:00,2,0,200.82,0.0,200.82,429,2,200.82,1,3,1,高价值流失风险
12995,2011-09-15 15:44:00,2011-09-15 15:44:00,1,1,211.32,10.6,200.72,85,1,200.72,3,1,1,潜力客户
14330,2010-03-26 09:10:00,2010-03-26 09:10:00,1,0,200.63,0.0,200.63,623,1,200.63,1,1,1,沉睡/低频
13133,2010-09-06 15:30:00,2011-03-11 10:31:00,3,0,200.45,0.0,200.45,273,3,200.45,2,3,1,高价值流失风险
13944,2010-02-24 15:02:00,2010-02-24 15:02:00,1,0,200.43,0.0,200.43,653,1,200.43,1,1,1,沉睡/低频
16669,2011-09-22 14:13:00,2011-11-16 12:26:00,3,2,1348.88,1148.73,200.15,23,3,200.15,4,3,1,潜力客户
14782,2011-01-24 11:12:00,2011-01-24 11:12:00,1,0,200.1,0.0,200.1,319,1,200.1,2,1,1,沉睡/低频
15593,2011-09-30 11:46:00,2011-09-30 11:46:00,1,0,199.8,0.0,199.8,70,1,199.8,3,1,1,潜力客户
13322,2011-11-22 14:21:00,2011-11-22 14:21:00,1,0,199.48,0.0,199.48,17,1,199.48,5,1,1,新近客户
15001,2010-11-10 13:31:00,2010-11-10 13:51:00,2,0,199.11,0.0,199.11,394,2,199.11,2,3,1,高价值流失风险
15020,2010-11-25 13:29:00,2010-11-25 13:29:00,1,0,198.47,0.0,198.47,379,1,198.47,2,1,1,沉睡/低频
17184,2009-12-09 14:17:00,2010-05-19 14:24:00,2,0,198.41,0.0,198.41,569,2,198.41,1,3,1,高价值流失风险
12581,2011-10-31 08:56:00,2011-10-31 08:56:00,1,0,197.71,0.0,197.71,39,1,197.71,4,1,1,新近客户
17778,2010-02-16 12:44:00,2010-02-16 12:44:00,1,0,197.7,0.0,197.7,661,1,197.7,1,1,1,沉睡/低频
14185,2011-01-12 13:52:00,2011-01-12 13:52:00,1,0,197.65,0.0,197.65,331,1,197.65,2,1,1,沉睡/低频
14789,2011-11-11 08:59:00,2011-11-11 08:59:00,1,0,197.64,0.0,197.64,28,1,197.64,4,1,1,新近客户
17112,2010-07-25 11:14:00,2010-07-25 11:14:00,1,0,197.57,0.0,197.57,502,1,197.57,1,1,1,沉睡/低频
12927,2010-11-10 10:02:00,2010-11-10 10:02:00,1,0,197.31,0.0,197.31,394,1,197.31,2,1,1,沉睡/低频
15234,2011-03-08 08:53:00,2011-03-08 08:53:00,1,0,197.0,0.0,197.0,276,1,197.0,2,1,1,沉睡/低频
13436,2011-12-08 10:33:00,2011-12-08 10:33:00,1,0,196.89,0.0,196.89,1,1,196.89,5,1,1,新近客户
13978,2011-10-25 15:04:00,2011-11-25 11:36:00,2,0,196.79,0.0,196.79,14,2,196.79,5,3,1,潜力客户
16937,2010-07-28 17:56:00,2010-07-28 17:56:00,1,0,196.25,0.0,196.25,499,1,196.25,1,1,1,沉睡/低频
13284,2011-01-13 09:23:00,2011-01-13 09:23:00,1,1,201.19,5.04,196.15,330,1,196.15,2,1,1,沉睡/低频
16112,2011-01-05 11:47:00,2011-07-19 14:28:00,4,0,195.74,0.0,195.74,143,4,195.74,3,4,1,忠诚客户
13757,2010-02-03 12:37:00,2010-02-03 12:37:00,1,0,195.55,0.0,195.55,674,1,195.55,1,1,1,沉睡/低频
15212,2010-11-28 10:45:00,2011-04-12 13:45:00,2,1,208.28,12.85,195.43,241,2,195.43,2,3,1,高价值流失风险
14666,2011-11-15 12:57:00,2011-11-15 12:57:00,1,0,195.25,0.0,195.25,24,1,195.25,4,1,1,新近客户
15612,2011-10-09 12:49:00,2011-11-03 14:52:00,2,0,195.15,0.0,195.15,36,2,195.15,4,3,1,潜力客户
14405,2010-11-18 11:40:00,2010-11-18 11:40:00,1,0,195.0,0.0,195.0,386,1,195.0,2,1,1,沉睡/低频
17468,2010-11-29 17:25:00,2011-11-29 15:33:00,3,0,194.8,0.0,194.8,10,3,194.8,5,3,1,潜力客户
17475,2011-09-21 14:55:00,2011-09-21 14:55:00,1,0,194.37,0.0,194.37,79,1,194.37,3,1,1,潜力客户
14476,2011-03-27 15:39:00,2011-03-27 15:39:00,1,0,193.0,0.0,193.0,257,1,193.0,2,1,1,沉睡/低频
12522,2011-10-19 14:41:00,2011-10-31 15:30:00,2,0,192.72,0.0,192.72,39,2,192.72,4,3,1,潜力客户
18028,2010-05-05 13:28:00,2010-05-05 13:28:00,1,0,192.05,0.0,192.05,583,1,192.05,1,1,1,沉睡/低频
14100,2011-07-25 11:01:00,2011-07-25 11:01:00,1,0,191.95,0.0,191.95,137,1,191.95,3,1,1,潜力客户
15909,2011-06-19 10:38:00,2011-06-19 10:38:00,1,0,191.94,0.0,191.94,173,1,191.94,3,1,1,潜力客户
16695,2010-05-27 12:24:00,2010-05-27 12:36:00,2,0,191.9,0.0,191.9,561,2,191.9,1,3,1,高价值流失风险
14279,2010-01-27 16:34:00,2010-07-07 08:42:00,2,0,191.86,0.0,191.86,520,2,191.86,1,3,1,高价值流失风险
15692,2011-11-11 14:12:00,2011-11-11 14:12:00,1,0,191.04,0.0,191.04,28,1,191.04,4,1,1,新近客户
15954,2010-04-29 13:35:00,2010-04-29 13:35:00,1,0,190.75,0.0,190.75,589,1,190.75,1,1,1,沉睡/低频
14728,2010-10-22 15:57:00,2010-10-22 15:57:00,1,0,190.58,0.0,190.58,413,1,190.58,1,1,1,沉睡/低频
15688,2010-10-17 12:06:00,2010-10-17 12:06:00,1,0,190.57,0.0,190.57,418,1,190.57,1,1,1,沉睡/低频
15412,2011-06-21 15:24:00,2011-06-21 15:24:00,1,0,190.53,0.0,190.53,171,1,190.53,3,1,1,潜力客户
14617,2010-10-20 10:40:00,2010-11-02 11:41:00,2,0,190.47,0.0,190.47,402,2,190.47,2,3,1,高价值流失风险
13766,2010-08-01 14:25:00,2010-08-01 14:25:00,1,0,190.35,0.0,190.35,495,1,190.35,1,1,1,沉睡/低频
14501,2011-01-24 10:43:00,2011-06-09 12:02:00,2,1,251.21,60.9,190.31,183,2,190.31,3,3,1,潜力客户
13972,2011-05-22 11:34:00,2011-09-30 11:54:00,2,0,190.25,0.0,190.25,70,2,190.25,3,3,1,潜力客户
17257,2010-09-29 12:49:00,2010-09-29 12:51:00,2,0,189.78,0.0,189.78,436,2,189.78,1,3,1,高价值流失风险
18046,2010-02-28 11:36:00,2010-02-28 11:36:00,1,0,189.63,0.0,189.63,649,1,189.63,1,1,1,沉睡/低频
17166,2011-05-20 08:18:00,2011-11-01 09:46:00,2,1,206.34,16.85,189.49,38,2,189.49,4,3,1,潜力客户
14801,2011-10-09 15:24:00,2011-10-09 15:24:00,1,0,189.34,0.0,189.34,61,1,189.34,3,1,1,潜力客户
14830,2011-10-17 14:29:00,2011-10-17 14:29:00,1,0,188.88,0.0,188.88,53,1,188.88,4,1,1,新近客户
16277,2009-12-06 11:27:00,2009-12-06 11:27:00,1,0,188.69,0.0,188.69,733,1,188.69,1,1,1,沉睡/低频
14697,2011-05-05 15:29:00,2011-05-05 15:39:00,2,0,188.61,0.0,188.61,218,2,188.61,2,3,1,高价值流失风险
17283,2010-11-26 11:53:00,2010-11-26 11:53:00,1,0,188.46,0.0,188.46,378,1,188.46,2,1,1,沉睡/低频
16051,2010-01-27 09:38:00,2010-01-27 09:38:00,1,0,188.44,0.0,188.44,681,1,188.44,1,1,1,沉睡/低频
13063,2010-08-16 12:27:00,2010-08-16 12:27:00,1,0,188.4,0.0,188.4,480,1,188.4,1,1,1,沉睡/低频
17781,2011-03-31 19:54:00,2011-07-03 16:00:00,2,0,188.02,0.0,188.02,159,2,188.02,3,3,1,潜力客户
17279,2011-10-13 11:58:00,2011-10-13 11:58:00,1,0,187.83,0.0,187.83,57,1,187.83,4,1,1,新近客户
16900,2011-10-07 13:17:00,2011-11-23 10:32:00,3,2,887.11,699.42,187.69,16,3,187.69,5,3,1,潜力客户
15072,2010-08-17 15:46:00,2010-08-17 15:46:00,1,0,187.52,0.0,187.52,479,1,187.52,1,1,1,沉睡/低频
18013,2011-07-07 14:08:00,2011-07-07 14:11:00,2,0,187.29,0.0,187.29,155,2,187.29,3,3,1,潜力客户
13568,2011-06-19 14:42:00,2011-06-19 14:42:00,1,0,187.05,0.0,187.05,173,1,187.05,3,1,1,潜力客户
17693,2011-07-25 15:48:00,2011-07-25 15:48:00,1,2,200.47,13.45,187.02,137,1,187.02,3,1,1,潜力客户
13387,2010-10-18 14:07:00,2010-10-18 14:07:00,1,0,186.94,0.0,186.94,417,1,186.94,1,1,1,沉睡/低频
16267,2010-04-27 14:10:00,2010-04-27 14:10:00,1,0,186.66,0.0,186.66,591,1,186.66,1,1,1,沉睡/低频
18063,2010-03-16 13:05:00,2010-11-14 10:46:00,2,0,186.6,0.0,186.6,390,2,186.6,2,3,1,高价值流失风险
17215,2010-09-01 13:39:00,2010-09-01 13:39:00,1,0,186.15,0.0,186.15,464,1,186.15,1,1,1,沉睡/低频
16388,2010-02-24 10:20:00,2010-02-24 10:20:00,1,0,186.05,0.0,186.05,653,1,186.05,1,1,1,沉睡/低频
15567,2011-11-21 10:48:00,2011-11-21 10:48:00,1,0,186.01,0.0,186.01,18,1,186.01,5,1,1,新近客户
12641,2011-08-16 13:26:00,2011-08-16 13:26:00,1,0,185.9,0.0,185.9,115,1,185.9,3,1,1,潜力客户
17574,2011-04-11 09:47:00,2011-04-11 09:47:00,1,0,185.65,0.0,185.65,242,1,185.65,2,1,1,沉睡/低频
17010,2011-11-21 14:49:00,2011-11-21 14:49:00,1,1,195.36,9.9,185.46,18,1,185.46,5,1,1,新近客户
14879,2010-01-24 11:35:00,2010-01-24 11:35:00,1,0,185.06,0.0,185.06,684,1,185.06,1,1,1,沉睡/低频
16097,2011-04-13 13:47:00,2011-04-13 13:47:00,1,0,185.05,0.0,185.05,240,1,185.05,2,1,1,沉睡/低频
14677,2010-04-26 09:48:00,2010-04-26 09:48:00,1,0,184.91,0.0,184.91,592,1,184.91,1,1,1,沉睡/低频
17803,2010-11-12 13:53:00,2010-11-12 13:53:00,1,0,184.66,0.0,184.66,392,1,184.66,2,1,1,沉睡/低频
16914,2011-11-03 15:27:00,2011-11-03 15:27:00,1,0,183.76,0.0,183.76,36,1,183.76,4,1,1,新近客户
14059,2011-03-18 10:06:00,2011-03-18 10:06:00,1,0,183.6,0.0,183.6,266,1,183.6,2,1,1,沉睡/低频
13460,2011-10-21 09:50:00,2011-11-10 17:17:00,2,0,183.44,0.0,183.44,29,2,183.44,4,3,1,潜力客户
14983,2010-01-19 17:32:00,2010-01-19 17:32:00,1,0,183.2,0.0,183.2,689,1,183.2,1,1,1,沉睡/低频
15746,2011-07-28 15:21:00,2011-07-28 15:21:00,1,1,196.88,13.92,182.96,134,1,182.96,3,1,1,潜力客户
16819,2010-08-31 17:31:00,2010-08-31 17:37:00,2,0,182.59,0.0,182.59,465,2,182.59,1,3,1,高价值流失风险
14941,2010-05-10 11:30:00,2010-05-10 11:30:00,1,0,182.1,0.0,182.1,578,1,182.1,1,1,1,沉睡/低频
12934,2009-12-03 10:51:00,2009-12-03 10:51:00,1,0,181.65,0.0,181.65,736,1,181.65,1,1,1,沉睡/低频
15490,2010-10-05 13:11:00,2010-10-05 13:11:00,1,1,210.85,29.5,181.35,430,1,181.35,1,1,1,沉睡/低频
16594,2011-09-25 14:08:00,2011-09-25 14:08:00,1,0,181.09,0.0,181.09,75,1,181.09,3,1,1,潜力客户
14858,2010-07-22 10:51:00,2010-07-22 10:51:00,1,0,180.75,0.0,180.75,505,1,180.75,1,1,1,沉睡/低频
18119,2010-12-07 11:59:00,2010-12-07 11:59:00,1,0,180.7,0.0,180.7,367,1,180.7,2,1,1,沉睡/低频
16090,2010-03-25 13:05:00,2010-03-25 13:05:00,1,0,180.56,0.0,180.56,624,1,180.56,1,1,1,沉睡/低频
12622,2011-04-21 16:39:00,2011-04-21 16:39:00,1,0,180.1,0.0,180.1,232,1,180.1,2,1,1,沉睡/低频
18234,2010-06-06 11:22:00,2010-06-06 11:22:00,1,0,179.6,0.0,179.6,551,1,179.6,1,1,1,沉睡/低频
14945,2010-10-22 11:26:00,2010-10-22 11:26:00,1,0,179.4,0.0,179.4,413,1,179.4,1,1,1,沉睡/低频
16640,2010-11-07 10:48:00,2010-11-07 10:48:00,1,0,179.4,0.0,179.4,397,1,179.4,2,1,1,沉睡/低频
18147,2011-08-23 12:22:00,2011-10-25 11:46:00,2,0,179.34,0.0,179.34,45,2,179.34,4,3,1,潜力客户
15895,2011-07-13 10:27:00,2011-07-13 10:27:00,1,0,179.17,0.0,179.17,149,1,179.17,3,1,1,潜力客户
16490,2010-09-29 16:30:00,2010-09-29 16:30:00,1,1,205.41,26.25,179.16,436,1,179.16,1,1,1,沉睡/低频
14705,2011-05-25 12:39:00,2011-05-25 12:39:00,1,0,179.0,0.0,179.0,198,1,179.0,2,1,1,沉睡/低频
15209,2009-12-09 17:26:00,2009-12-09 17:26:00,1,0,178.98,0.0,178.98,730,1,178.98,1,1,1,沉睡/低频
15139,2011-01-07 12:44:00,2011-04-14 11:39:00,2,0,178.96,0.0,178.96,239,2,178.96,2,3,1,高价值流失风险
14812,2010-04-20 12:13:00,2010-04-20 12:13:00,1,0,178.85,0.0,178.85,598,1,178.85,1,1,1,沉睡/低频
16691,2010-05-27 14:55:00,2010-10-17 15:03:00,2,0,178.83,0.0,178.83,418,2,178.83,1,3,1,高价值流失风险
16299,2010-08-19 17:46:00,2010-08-19 17:46:00,1,1,193.65,15.0,178.65,477,1,178.65,1,1,1,沉睡/低频
17879,2011-06-19 12:36:00,2011-06-19 12:36:00,1,0,178.52,0.0,178.52,173,1,178.52,3,1,1,潜力客户
15292,2011-05-22 15:00:00,2011-05-22 15:00:00,1,0,178.39,0.0,178.39,201,1,178.39,2,1,1,沉睡/低频
18045,2011-10-25 13:07:00,2011-10-25 13:07:00,1,0,178.34,0.0,178.34,45,1,178.34,4,1,1,新近客户
17253,2011-11-21 12:59:00,2011-11-21 12:59:00,1,0,178.26,0.0,178.26,18,1,178.26,5,1,1,新近客户
17798,2010-05-07 11:42:00,2010-05-07 11:42:00,1,0,178.07,0.0,178.07,581,1,178.07,1,1,1,沉睡/低频
13618,2011-06-19 11:09:00,2011-06-19 11:09:00,1,0,177.34,0.0,177.34,173,1,177.34,3,1,1,潜力客户
12618,2011-11-18 11:10:00,2011-11-18 11:10:00,1,0,177.31,0.0,177.31,21,1,177.31,4,1,1,新近客户
13072,2011-03-18 08:12:00,2011-03-18 08:12:00,1,0,177.15,0.0,177.15,266,1,177.15,2,1,1,沉睡/低频
17036,2010-11-21 14:26:00,2010-11-21 14:26:00,1,0,176.9,0.0,176.9,383,1,176.9,2,1,1,沉睡/低频
16285,2010-03-03 16:03:00,2010-03-03 16:03:00,1,0,176.9,0.0,176.9,646,1,176.9,1,1,1,沉睡/低频
17587,2010-03-21 14:16:00,2010-03-21 14:16:00,1,0,176.71,0.0,176.71,628,1,176.71,1,1,1,沉睡/低频
13746,2010-10-22 11:55:00,2010-10-22 11:55:00,1,0,176.69,0.0,176.69,413,1,176.69,1,1,1,沉睡/低频
17947,2011-11-02 13:05:00,2011-11-02 13:05:00,1,0,176.68,0.0,176.68,37,1,176.68,4,1,1,新近客户
18282,2011-08-05 13:35:00,2011-12-02 11:43:00,2,1,178.05,1.45,176.6,7,2,176.6,5,3,1,潜力客户
12893,2011-11-09 12:34:00,2011-11-09 12:34:00,1,0,176.55,0.0,176.55,30,1,176.55,4,1,1,新近客户
12509,2011-02-28 14:45:00,2011-02-28 14:45:00,1,0,176.5,0.0,176.5,284,1,176.5,2,1,1,沉睡/低频
18054,2010-11-12 08:18:00,2010-11-12 08:18:00,1,0,176.5,0.0,176.5,392,1,176.5,2,1,1,沉睡/低频
18175,2010-02-02 10:25:00,2010-02-02 10:25:00,1,0,176.1,0.0,176.1,675,1,176.1,1,1,1,沉睡/低频
18084,2010-11-16 08:09:00,2011-11-23 13:57:00,3,2,795.23,619.2,176.03,16,3,176.03,5,3,1,潜力客户
17840,2010-09-22 12:24:00,2010-09-22 12:24:00,1,0,175.9,0.0,175.9,443,1,175.9,1,1,1,沉睡/低频
17026,2010-10-18 15:22:00,2011-06-07 14:28:00,3,0,175.83,0.0,175.83,185,3,175.83,3,3,1,潜力客户
18166,2010-03-26 12:26:00,2010-03-26 12:26:00,1,0,175.5,0.0,175.5,623,1,175.5,1,1,1,沉睡/低频
14486,2010-06-04 10:30:00,2010-07-16 09:42:00,2,0,175.5,0.0,175.5,511,2,175.5,1,3,1,高价值流失风险
13007,2010-05-09 10:38:00,2010-05-09 10:38:00,1,0,175.25,0.0,175.25,579,1,175.25,1,1,1,沉睡/低频
17331,2011-08-08 11:55:00,2011-08-08 11:55:00,1,0,175.2,0.0,175.2,123,1,175.2,3,1,1,潜力客户
16144,2011-04-07 10:09:00,2011-04-07 10:09:00,1,0,175.2,0.0,175.2,246,1,175.2,2,1,1,沉睡/低频
16559,2010-11-07 13:52:00,2010-11-07 13:52:00,1,0,175.0,0.0,175.0,397,1,175.0,2,1,1,沉睡/低频
17108,2010-02-14 12:22:00,2010-02-14 12:22:00,1,0,174.95,0.0,174.95,663,1,174.95,1,1,1,沉睡/低频
18010,2011-03-28 12:27:00,2011-03-28 12:27:00,1,0,174.8,0.0,174.8,256,1,174.8,2,1,1,沉睡/低频
13826,2011-06-16 13:48:00,2011-06-16 13:48:00,1,1,189.5,14.85,174.65,176,1,174.65,3,1,1,潜力客户
14518,2011-10-06 14:43:00,2011-10-06 14:43:00,1,0,174.37,0.0,174.37,64,1,174.37,3,1,1,潜力客户
14674,2010-07-18 14:25:00,2010-07-18 14:25:00,1,0,173.66,0.0,173.66,509,1,173.66,1,1,1,沉睡/低频
12441,2010-12-08 10:45:00,2010-12-08 10:45:00,1,0,173.55,0.0,173.55,366,1,173.55,2,1,1,沉睡/低频
15565,2011-09-30 10:44:00,2011-10-20 14:33:00,2,0,173.16,0.0,173.16,50,2,173.16,4,3,1,潜力客户
16741,2010-03-24 15:15:00,2010-03-24 15:15:00,1,0,173.06,0.0,173.06,625,1,173.06,1,1,1,沉睡/低频
16599,2010-11-19 12:45:00,2010-11-19 12:45:00,1,0,172.8,0.0,172.8,385,1,172.8,2,1,1,沉睡/低频
13671,2010-11-10 10:50:00,2010-11-10 10:50:00,1,0,172.6,0.0,172.6,394,1,172.6,2,1,1,沉睡/低频
13271,2011-11-02 14:31:00,2011-11-02 14:31:00,1,1,211.49,39.12,172.37,37,1,172.37,4,1,1,新近客户
13690,2011-10-11 15:03:00,2011-10-11 15:03:00,1,0,172.25,0.0,172.25,59,1,172.25,3,1,1,潜力客户
12442,2011-12-06 14:22:00,2011-12-06 14:22:00,1,0,172.06,0.0,172.06,3,1,172.06,5,1,1,新近客户
15515,2010-11-17 13:39:00,2010-11-17 13:39:00,1,0,171.81,0.0,171.81,387,1,171.81,2,1,1,沉睡/低频
17983,2010-11-09 13:23:00,2010-11-09 13:24:00,1,0,171.71,0.0,171.71,395,1,171.71,2,1,1,沉睡/低频
17575,2010-02-10 13:48:00,2010-02-10 13:48:00,1,0,171.7,0.0,171.7,667,1,171.7,1,1,1,沉睡/低频
13560,2011-12-02 13:11:00,2011-12-02 13:11:00,1,0,171.42,0.0,171.42,7,1,171.42,5,1,1,新近客户
16312,2010-10-03 14:15:00,2010-10-03 14:15:00,1,0,171.15,0.0,171.15,432,1,171.15,1,1,1,沉睡/低频
16673,2010-01-29 14:22:00,2010-01-29 14:22:00,1,0,171.13,0.0,171.13,679,1,171.13,1,1,1,沉睡/低频
14536,2011-03-25 12:21:00,2011-03-25 12:21:00,1,0,170.95,0.0,170.95,259,1,170.95,2,1,1,沉睡/低频
15403,2009-12-09 12:45:00,2010-08-05 12:21:00,2,0,170.88,0.0,170.88,491,2,170.88,1,3,1,高价值流失风险
14811,2010-11-17 13:09:00,2010-11-17 13:09:00,1,0,170.5,0.0,170.5,387,1,170.5,2,1,1,沉睡/低频
13852,2010-04-08 09:06:00,2010-04-08 09:06:00,1,1,187.35,16.9,170.45,610,1,170.45,1,1,1,沉睡/低频
15256,2010-05-27 11:41:00,2011-07-14 11:47:00,2,0,170.4,0.0,170.4,148,2,170.4,3,3,1,潜力客户
17922,2010-06-14 16:32:00,2010-06-14 16:32:00,1,0,170.4,0.0,170.4,543,1,170.4,1,1,1,沉睡/低频
16731,2010-03-01 15:05:00,2010-03-01 15:05:00,1,0,170.3,0.0,170.3,648,1,170.3,1,1,1,沉睡/低频
15335,2011-10-17 12:50:00,2011-10-17 12:50:00,1,0,170.22,0.0,170.22,53,1,170.22,4,1,1,新近客户
13747,2010-10-11 09:15:00,2010-12-01 10:37:00,2,0,169.8,0.0,169.8,373,2,169.8,2,3,1,高价值流失风险
14218,2011-10-28 10:00:00,2011-10-28 10:00:00,1,0,169.48,0.0,169.48,42,1,169.48,4,1,1,新近客户
16002,2010-03-24 13:08:00,2010-03-24 13:08:00,1,0,169.21,0.0,169.21,625,1,169.21,1,1,1,沉睡/低频
15647,2010-10-20 15:09:00,2010-10-20 15:09:00,1,0,169.0,0.0,169.0,415,1,169.0,1,1,1,沉睡/低频
12367,2011-12-05 16:48:00,2011-12-05 16:48:00,1,0,168.9,0.0,168.9,4,1,168.9,5,1,1,新近客户
14578,2011-12-06 17:18:00,2011-12-06 17:18:00,1,0,168.63,0.0,168.63,3,1,168.63,5,1,1,新近客户
14860,2011-11-20 14:17:00,2011-11-20 14:17:00,1,1,170.32,1.7,168.62,19,1,168.62,4,1,1,新近客户
17904,2011-11-18 12:57:00,2011-11-18 12:57:00,1,1,181.07,12.75,168.32,21,1,168.32,4,1,1,新近客户
18099,2011-08-04 15:52:00,2011-08-04 15:52:00,1,0,168.31,0.0,168.31,127,1,168.31,3,1,1,潜力客户
17737,2011-10-12 14:42:00,2011-11-30 15:16:00,2,0,168.24,0.0,168.24,9,2,168.24,5,3,1,潜力客户
14131,2010-03-01 11:59:00,2010-03-01 11:59:00,1,0,168.22,0.0,168.22,648,1,168.22,1,1,1,沉睡/低频
12551,2010-12-17 11:23:00,2010-12-17 11:23:00,1,0,168.0,0.0,168.0,357,1,168.0,2,1,1,沉睡/低频
14521,2010-08-05 16:35:00,2010-08-05 16:35:00,1,1,199.45,31.8,167.65,491,1,167.65,1,1,1,沉睡/低频
17559,2010-07-15 12:02:00,2010-07-15 12:02:00,1,0,167.62,0.0,167.62,512,1,167.62,1,1,1,沉睡/低频
17367,2011-04-15 14:21:00,2011-04-15 14:21:00,1,0,167.55,0.0,167.55,238,1,167.55,2,1,1,沉睡/低频
18037,2009-12-01 13:48:00,2011-07-08 13:39:00,15,0,167.42,0.0,167.42,154,15,167.42,3,5,1,忠诚客户
17586,2010-03-30 13:12:00,2010-03-30 13:12:00,1,0,167.4,0.0,167.4,619,1,167.4,1,1,1,沉睡/低频
13609,2010-04-25 13:26:00,2010-04-25 13:26:00,1,0,167.35,0.0,167.35,593,1,167.35,1,1,1,沉睡/低频
16405,2011-02-02 17:08:00,2011-02-10 15:24:00,2,0,167.25,0.0,167.25,302,2,167.25,2,3,1,高价值流失风险
15166,2010-08-29 12:31:00,2010-08-29 12:31:00,1,0,167.16,0.0,167.16,467,1,167.16,1,1,1,沉睡/低频
17875,2010-01-20 15:30:00,2010-01-20 15:30:00,1,0,167.1,0.0,167.1,688,1,167.1,1,1,1,沉睡/低频
13547,2010-10-27 14:14:00,2010-10-27 14:14:00,1,0,167.08,0.0,167.08,408,1,167.08,2,1,1,沉睡/低频
13967,2010-11-08 13:24:00,2011-07-17 12:02:00,2,0,166.3,0.0,166.3,145,2,166.3,3,3,1,潜力客户
14495,2010-02-18 08:49:00,2011-10-20 12:28:00,3,1,174.8,8.5,166.3,50,3,166.3,4,3,1,潜力客户
17650,2011-11-18 14:52:00,2011-11-18 14:52:00,1,0,166.08,0.0,166.08,21,1,166.08,4,1,1,新近客户
18088,2011-10-09 13:41:00,2011-10-09 13:41:00,1,0,166.03,0.0,166.03,61,1,166.03,3,1,1,潜力客户
18107,2010-09-23 13:03:00,2010-09-23 13:03:00,1,0,165.88,0.0,165.88,442,1,165.88,1,1,1,沉睡/低频
13903,2010-11-04 17:44:00,2010-11-04 17:44:00,1,0,165.45,0.0,165.45,400,1,165.45,2,1,1,沉睡/低频
13470,2011-08-16 17:06:00,2011-09-01 14:57:00,2,0,165.0,0.0,165.0,99,2,165.0,3,3,1,潜力客户
15316,2011-01-17 11:34:00,2011-01-17 11:34:00,1,0,165.0,0.0,165.0,326,1,165.0,2,1,1,沉睡/低频
16663,2009-12-10 13:12:00,2009-12-10 13:12:00,1,0,165.0,0.0,165.0,729,1,165.0,1,1,1,沉睡/低频
17408,2010-07-13 14:02:00,2011-06-29 12:53:00,3,1,316.09,151.2,164.89,163,3,164.89,3,3,1,潜力客户
13191,2010-02-19 17:02:00,2010-02-19 17:02:00,1,0,164.69,0.0,164.69,658,1,164.69,1,1,1,沉睡/低频
15904,2011-12-01 14:50:00,2011-12-01 14:50:00,1,0,164.68,0.0,164.68,8,1,164.68,5,1,1,新近客户
17535,2011-03-04 15:20:00,2011-03-04 15:20:00,1,0,164.4,0.0,164.4,280,1,164.4,2,1,1,沉睡/低频
13603,2011-11-13 15:57:00,2011-11-13 15:57:00,1,0,164.34,0.0,164.34,26,1,164.34,4,1,1,新近客户
17417,2010-06-09 10:00:00,2010-06-09 10:00:00,1,0,164.18,0.0,164.18,548,1,164.18,1,1,1,沉睡/低频
14955,2009-12-07 11:35:00,2009-12-07 11:35:00,1,0,163.77,0.0,163.77,732,1,163.77,1,1,1,沉睡/低频
14354,2011-11-09 15:36:00,2011-12-04 11:32:00,2,0,163.62,0.0,163.62,5,2,163.62,5,3,1,潜力客户
14119,2009-12-21 14:52:00,2010-11-29 10:33:00,2,1,183.37,19.9,163.47,375,2,163.47,2,3,1,高价值流失风险
14485,2011-11-01 12:25:00,2011-11-01 12:25:00,1,0,162.8,0.0,162.8,38,1,162.8,4,1,1,新近客户
16517,2011-03-07 13:50:00,2011-03-07 13:50:00,1,0,162.7,0.0,162.7,277,1,162.7,2,1,1,沉睡/低频
15359,2010-01-15 11:30:00,2010-02-15 10:47:00,8,1,181.35,18.75,162.6,662,8,162.6,1,5,1,高价值流失风险
18174,2010-04-15 12:17:00,2011-12-02 16:56:00,2,0,162.5,0.0,162.5,7,2,162.5,5,3,1,潜力客户
12954,2010-03-11 10:16:00,2010-03-11 10:16:00,1,0,162.45,0.0,162.45,638,1,162.45,1,1,1,沉睡/低频
15733,2011-03-02 09:05:00,2011-03-02 09:05:00,1,0,162.3,0.0,162.3,282,1,162.3,2,1,1,沉睡/低频
15534,2009-12-14 12:48:00,2009-12-14 12:48:00,1,0,162.25,0.0,162.25,725,1,162.25,1,1,1,沉睡/低频
16443,2010-07-07 11:57:00,2010-07-07 11:57:00,1,0,162.24,0.0,162.24,520,1,162.24,1,1,1,沉睡/低频
18014,2011-11-11 15:28:00,2011-11-11 15:28:00,1,0,162.22,0.0,162.22,28,1,162.22,4,1,1,新近客户
13672,2009-12-09 11:40:00,2011-02-11 13:53:00,3,4,419.92,257.85,162.07,301,3,162.07,2,3,1,高价值流失风险
12661,2010-09-29 16:46:00,2010-09-29 16:46:00,1,0,162.0,0.0,162.0,436,1,162.0,1,1,1,沉睡/低频
17971,2010-06-09 14:04:00,2010-06-09 14:04:00,1,0,161.94,0.0,161.94,548,1,161.94,1,1,1,沉睡/低频
17600,2011-11-22 09:43:00,2011-11-22 09:43:00,1,0,161.67,0.0,161.67,17,1,161.67,5,1,1,新近客户
16113,2011-06-09 16:16:00,2011-06-09 16:16:00,1,0,161.38,0.0,161.38,183,1,161.38,3,1,1,潜力客户
13714,2010-08-31 13:57:00,2010-08-31 13:57:00,1,0,161.35,0.0,161.35,465,1,161.35,1,1,1,沉睡/低频
13779,2010-07-12 11:24:00,2010-07-12 11:24:00,1,0,161.13,0.0,161.13,515,1,161.13,1,1,1,沉睡/低频
16403,2011-01-31 13:39:00,2011-01-31 13:39:00,1,1,177.5,16.45,161.05,312,1,161.05,2,1,1,沉睡/低频
13229,2011-04-28 12:07:00,2011-04-28 12:07:00,1,0,160.95,0.0,160.95,225,1,160.95,2,1,1,沉睡/低频
17605,2010-04-28 14:45:00,2010-04-28 14:45:00,1,0,160.75,0.0,160.75,590,1,160.75,1,1,1,沉睡/低频
17202,2010-10-15 11:25:00,2010-10-15 11:25:00,1,0,160.65,0.0,160.65,420,1,160.65,1,1,1,沉睡/低频
17487,2009-12-11 15:06:00,2009-12-11 15:06:00,1,0,160.55,0.0,160.55,728,1,160.55,1,1,1,沉睡/低频
15229,2010-05-02 13:50:00,2010-05-02 13:50:00,1,0,160.5,0.0,160.5,586,1,160.5,1,1,1,沉睡/低频
16645,2009-12-04 09:49:00,2009-12-04 09:49:00,1,0,160.39,0.0,160.39,735,1,160.39,1,1,1,沉睡/低频
18146,2011-05-03 16:35:00,2011-07-22 12:08:00,2,0,160.35,0.0,160.35,140,2,160.35,3,3,1,潜力客户
12966,2011-11-30 12:38:00,2011-11-30 12:38:00,1,0,160.18,0.0,160.18,9,1,160.18,5,1,1,新近客户
14571,2010-10-10 15:06:00,2010-10-10 15:06:00,1,0,160.0,0.0,160.0,425,1,160.0,1,1,1,沉睡/低频
13701,2010-09-19 12:39:00,2010-09-19 12:39:00,1,1,161.0,1.45,159.55,446,1,159.55,1,1,1,沉睡/低频
13302,2010-07-01 12:32:00,2011-07-07 17:56:00,2,0,159.2,0.0,159.2,155,2,159.2,3,3,1,潜力客户
17953,2010-06-17 15:08:00,2010-06-17 15:08:00,1,0,159.17,0.0,159.17,540,1,159.17,1,1,1,沉睡/低频
16213,2011-09-22 10:03:00,2011-09-22 10:03:00,1,0,159.0,0.0,159.0,78,1,159.0,3,1,1,潜力客户
18224,2011-03-21 10:30:00,2011-03-21 10:30:00,1,0,158.95,0.0,158.95,263,1,158.95,2,1,1,沉睡/低频
14089,2011-10-14 10:38:00,2011-10-14 10:38:00,1,0,158.75,0.0,158.75,56,1,158.75,4,1,1,新近客户
15499,2009-12-16 12:17:00,2009-12-16 12:17:00,1,0,158.65,0.0,158.65,723,1,158.65,1,1,1,沉睡/低频
15548,2010-04-23 12:20:00,2010-04-23 12:20:00,1,0,158.09,0.0,158.09,595,1,158.09,1,1,1,沉睡/低频
15348,2011-09-28 13:17:00,2011-09-28 13:17:00,1,0,158.04,0.0,158.04,72,1,158.04,3,1,1,潜力客户
14318,2010-09-05 15:32:00,2010-09-05 15:32:00,1,0,158.02,0.0,158.02,460,1,158.02,1,1,1,沉睡/低频
18004,2010-12-12 13:47:00,2010-12-12 13:47:00,1,0,157.92,0.0,157.92,362,1,157.92,2,1,1,沉睡/低频
17751,2010-10-14 13:57:00,2010-10-14 13:57:00,1,0,157.86,0.0,157.86,421,1,157.86,1,1,1,沉睡/低频
14207,2010-01-21 09:33:00,2010-01-21 09:33:00,1,0,157.8,0.0,157.8,687,1,157.8,1,1,1,沉睡/低频
14822,2010-08-11 12:52:00,2010-08-11 12:52:00,1,0,157.7,0.0,157.7,485,1,157.7,1,1,1,沉睡/低频
16687,2010-11-14 11:46:00,2010-11-14 11:46:00,1,0,157.63,0.0,157.63,390,1,157.63,2,1,1,沉睡/低频
12894,2010-05-13 14:47:00,2010-05-13 14:47:00,1,0,157.35,0.0,157.35,575,1,157.35,1,1,1,沉睡/低频
17318,2009-12-14 13:11:00,2009-12-14 13:11:00,1,0,157.33,0.0,157.33,725,1,157.33,1,1,1,沉睡/低频
16371,2010-09-17 12:09:00,2010-09-17 12:09:00,1,0,157.2,0.0,157.2,448,1,157.2,1,1,1,沉睡/低频
17128,2011-01-09 12:02:00,2011-01-09 12:02:00,1,0,157.09,0.0,157.09,334,1,157.09,2,1,1,沉睡/低频
17118,2011-01-26 12:19:00,2011-01-26 12:19:00,1,0,157.02,0.0,157.02,317,1,157.02,2,1,1,沉睡/低频
15007,2011-07-03 16:00:00,2011-07-03 16:00:00,1,0,156.91,0.0,156.91,159,1,156.91,3,1,1,潜力客户
15742,2010-03-30 15:25:00,2010-03-30 15:25:00,1,0,156.87,0.0,156.87,619,1,156.87,1,1,1,沉睡/低频
14406,2011-08-12 16:54:00,2011-08-12 16:54:00,1,0,156.75,0.0,156.75,119,1,156.75,3,1,1,潜力客户
18018,2010-10-15 11:05:00,2011-08-23 17:37:00,4,1,297.99,141.3,156.69,108,4,156.69,3,4,1,忠诚客户
16578,2010-03-23 15:11:00,2010-03-23 15:11:00,1,0,156.6,0.0,156.6,626,1,156.6,1,1,1,沉睡/低频
15438,2011-07-31 14:19:00,2011-07-31 14:19:00,1,0,156.58,0.0,156.58,131,1,156.58,3,1,1,潜力客户
17820,2010-11-30 17:43:00,2010-11-30 17:43:00,1,2,180.61,24.05,156.56,374,1,156.56,2,1,1,沉睡/低频
15263,2011-08-25 10:26:00,2011-08-25 10:26:00,1,0,156.51,0.0,156.51,106,1,156.51,3,1,1,潜力客户
17885,2011-11-27 14:40:00,2011-11-27 14:40:00,1,0,156.34,0.0,156.34,12,1,156.34,5,1,1,新近客户
13051,2010-03-30 11:11:00,2010-05-10 09:14:00,2,0,155.8,0.0,155.8,578,2,155.8,1,3,1,高价值流失风险
17832,2011-10-21 11:43:00,2011-10-21 11:43:00,1,0,155.37,0.0,155.37,49,1,155.37,4,1,1,新近客户
12738,2010-12-02 18:27:00,2010-12-02 18:27:00,1,0,155.35,0.0,155.35,372,1,155.35,2,1,1,沉睡/低频
14368,2011-01-24 09:52:00,2011-01-24 09:52:00,1,0,155.0,0.0,155.0,319,1,155.0,2,1,1,沉睡/低频
14046,2011-02-28 14:48:00,2011-02-28 14:48:00,1,0,154.99,0.0,154.99,284,1,154.99,2,1,1,沉睡/低频
17698,2011-03-24 11:34:00,2011-03-24 11:34:00,1,0,154.95,0.0,154.95,260,1,154.95,2,1,1,沉睡/低频
15740,2011-10-21 14:29:00,2011-10-21 14:29:00,1,0,154.88,0.0,154.88,49,1,154.88,4,1,1,新近客户
15729,2010-11-01 13:44:00,2011-05-11 12:36:00,3,2,192.55,37.85,154.7,212,3,154.7,2,3,1,高价值流失风险
17899,2011-07-03 14:58:00,2011-07-03 14:58:00,1,0,154.55,0.0,154.55,159,1,154.55,3,1,1,潜力客户
15226,2011-02-02 11:41:00,2011-02-02 11:41:00,1,0,154.41,0.0,154.41,310,1,154.41,2,1,1,沉睡/低频
13490,2010-02-23 14:48:00,2010-02-23 14:48:00,1,0,154.25,0.0,154.25,654,1,154.25,1,1,1,沉睡/低频
14814,2010-05-07 14:10:00,2010-05-07 14:10:00,1,0,154.21,0.0,154.21,581,1,154.21,1,1,1,沉睡/低频
17517,2011-02-04 11:48:00,2011-02-04 11:48:00,1,0,153.94,0.0,153.94,308,1,153.94,2,1,1,沉睡/低频
16908,2009-12-17 13:35:00,2009-12-17 13:35:00,1,1,252.59,99.0,153.59,722,1,153.59,1,1,1,沉睡/低频
15560,2010-11-07 10:14:00,2010-11-07 10:15:00,2,0,153.52,0.0,153.52,397,2,153.52,2,3,1,高价值流失风险
15431,2010-07-25 12:44:00,2010-07-25 12:44:00,1,0,153.24,0.0,153.24,502,1,153.24,1,1,1,沉睡/低频
13676,2010-03-30 16:53:00,2010-06-18 17:30:00,2,1,243.9,90.75,153.15,539,2,153.15,1,3,1,高价值流失风险
12602,2011-10-12 11:22:00,2011-10-12 11:22:00,1,0,153.12,0.0,153.12,58,1,153.12,3,1,1,潜力客户
16248,2011-10-09 11:32:00,2011-10-09 11:32:00,1,0,152.94,0.0,152.94,61,1,152.94,3,1,1,潜力客户
18138,2011-02-17 14:51:00,2011-02-17 14:51:00,1,0,152.65,0.0,152.65,295,1,152.65,2,1,1,沉睡/低频
14066,2011-03-18 12:21:00,2011-03-18 12:21:00,1,0,152.55,0.0,152.55,266,1,152.55,2,1,1,沉睡/低频
15509,2010-11-24 14:48:00,2010-11-24 14:48:00,1,0,152.41,0.0,152.41,380,1,152.41,2,1,1,沉睡/低频
17327,2010-05-26 11:20:00,2010-10-26 09:54:00,2,0,152.35,0.0,152.35,409,2,152.35,2,3,1,高价值流失风险
13653,2010-08-09 08:19:00,2010-08-09 08:19:00,1,0,152.2,0.0,152.2,487,1,152.2,1,1,1,沉睡/低频
16617,2011-04-18 10:35:00,2011-04-18 10:35:00,1,0,151.85,0.0,151.85,235,1,151.85,2,1,1,沉睡/低频
14362,2011-11-17 15:08:00,2011-11-17 15:08:00,1,0,151.5,0.0,151.5,22,1,151.5,4,1,1,新近客户
18076,2010-11-24 14:02:00,2010-11-24 14:02:00,1,0,151.49,0.0,151.49,380,1,151.49,2,1,1,沉睡/低频
13697,2011-11-01 09:14:00,2011-11-01 09:14:00,1,0,151.3,0.0,151.3,38,1,151.3,4,1,1,新近客户
14287,2011-05-25 11:41:00,2011-12-01 13:25:00,3,1,176.63,25.4,151.23,8,3,151.23,5,3,1,潜力客户
14516,2010-07-11 14:07:00,2010-07-11 14:07:00,1,0,151.17,0.0,151.17,516,1,151.17,1,1,1,沉睡/低频
16337,2011-11-03 10:03:00,2011-11-03 10:03:00,1,0,151.05,0.0,151.05,36,1,151.05,4,1,1,新近客户
16662,2010-11-10 16:56:00,2010-11-10 16:56:00,1,0,151.05,0.0,151.05,394,1,151.05,2,1,1,沉睡/低频
14980,2009-12-02 14:09:00,2009-12-02 14:09:00,1,0,150.68,0.0,150.68,737,1,150.68,1,1,1,沉睡/低频
15991,2010-06-23 15:50:00,2010-06-23 15:50:00,1,0,150.55,0.0,150.55,534,1,150.55,1,1,1,沉睡/低频
15775,2010-03-18 07:32:00,2011-04-08 12:56:00,2,0,150.5,0.0,150.5,245,2,150.5,2,3,1,高价值流失风险
14084,2010-07-15 14:36:00,2010-07-15 14:36:00,1,0,150.5,0.0,150.5,512,1,150.5,1,1,1,沉睡/低频
15474,2010-04-23 11:14:00,2010-04-23 11:14:00,1,0,150.35,0.0,150.35,595,1,150.35,1,1,1,沉睡/低频
18200,2011-08-25 18:45:00,2011-08-25 18:45:00,1,0,150.35,0.0,150.35,106,1,150.35,3,1,1,潜力客户
14845,2010-04-19 10:19:00,2010-04-19 10:19:00,1,0,150.0,0.0,150.0,599,1,150.0,1,1,1,沉睡/低频
17234,2011-06-10 11:20:00,2011-06-10 11:20:00,1,0,149.89,0.0,149.89,182,1,149.89,3,1,1,潜力客户
17946,2011-03-25 14:34:00,2011-04-20 17:00:00,2,0,149.58,0.0,149.58,233,2,149.58,2,3,1,高价值流失风险
17390,2010-10-15 11:29:00,2010-10-15 11:29:00,1,0,149.3,0.0,149.3,420,1,149.3,1,1,1,沉睡/低频
15435,2011-11-17 16:39:00,2011-11-17 16:39:00,1,0,149.29,0.0,149.29,22,1,149.29,4,1,1,新近客户
13003,2011-05-09 08:23:00,2011-08-26 10:50:00,3,0,149.05,0.0,149.05,105,3,149.05,3,3,1,潜力客户
17549,2011-10-19 10:05:00,2011-11-16 09:59:00,2,0,148.86,0.0,148.86,23,2,148.86,4,3,1,潜力客户
13125,2010-07-04 11:58:00,2010-07-04 11:58:00,1,0,148.62,0.0,148.62,523,1,148.62,1,1,1,沉睡/低频
15526,2011-11-06 15:01:00,2011-11-06 15:04:00,2,0,148.44,0.0,148.44,33,2,148.44,4,3,1,潜力客户
15684,2009-12-04 16:13:00,2010-06-10 18:51:00,3,3,173.95,26.15,147.8,547,3,147.8,1,3,1,高价值流失风险
13578,2010-10-26 13:44:00,2010-10-26 13:44:00,1,0,147.66,0.0,147.66,409,1,147.66,2,1,1,沉睡/低频
15479,2009-12-06 15:08:00,2009-12-06 15:08:00,1,0,147.4,0.0,147.4,733,1,147.4,1,1,1,沉睡/低频
16724,2010-10-31 11:40:00,2010-10-31 11:40:00,1,0,147.35,0.0,147.35,404,1,147.35,2,1,1,沉睡/低频
14098,2011-11-03 10:13:00,2011-11-03 10:13:00,1,0,147.35,0.0,147.35,36,1,147.35,4,1,1,新近客户
17794,2010-01-20 12:17:00,2010-01-22 10:18:00,2,0,147.3,0.0,147.3,686,2,147.3,1,3,1,高价值流失风险
17030,2011-10-07 08:49:00,2011-10-07 08:49:00,1,0,146.87,0.0,146.87,63,1,146.87,3,1,1,潜力客户
14683,2010-04-30 17:18:00,2010-04-30 17:18:00,1,0,146.56,0.0,146.56,588,1,146.56,1,1,1,沉睡/低频
15496,2010-03-18 13:16:00,2010-03-18 13:16:00,1,0,146.14,0.0,146.14,631,1,146.14,1,1,1,沉睡/低频
18137,2010-06-06 13:45:00,2010-06-06 14:18:00,2,0,145.99,0.0,145.99,551,2,145.99,1,3,1,高价值流失风险
13866,2011-09-26 14:54:00,2011-09-26 14:54:00,1,0,145.67,0.0,145.67,74,1,145.67,3,1,1,潜力客户
15937,2011-10-06 15:48:00,2011-10-06 15:48:00,1,0,145.35,0.0,145.35,64,1,145.35,3,1,1,潜力客户
14972,2010-11-23 16:17:00,2011-08-03 14:54:00,2,0,145.07,0.0,145.07,128,2,145.07,3,3,1,潜力客户
15902,2010-11-24 16:57:00,2010-11-24 16:57:00,1,0,145.01,0.0,145.01,380,1,145.01,2,1,1,沉睡/低频
16852,2011-06-16 15:49:00,2011-11-29 13:22:00,2,0,144.91,0.0,144.91,10,2,144.91,5,3,1,潜力客户
16822,2010-01-22 14:22:00,2010-01-22 14:22:00,1,2,181.39,36.55,144.84,686,1,144.84,1,1,1,沉睡/低频
17938,2010-10-15 14:27:00,2010-10-15 14:27:00,1,0,144.29,0.0,144.29,420,1,144.29,1,1,1,沉睡/低频
17186,2011-10-10 12:52:00,2011-10-24 10:20:00,2,0,144.0,0.0,144.0,46,2,144.0,4,3,1,潜力客户
12587,2011-12-02 12:47:00,2011-12-02 12:47:00,1,0,144.0,0.0,144.0,7,1,144.0,5,1,1,新近客户
12387,2010-10-20 16:27:00,2010-10-20 16:27:00,1,0,143.94,0.0,143.94,415,1,143.94,1,1,1,沉睡/低频
14604,2010-03-16 13:00:00,2010-03-16 13:00:00,1,0,143.86,0.0,143.86,633,1,143.86,1,1,1,沉睡/低频
14574,2009-12-07 12:42:00,2009-12-07 12:42:00,1,0,143.7,0.0,143.7,732,1,143.7,1,1,1,沉睡/低频
13457,2009-12-02 12:46:00,2010-01-20 08:48:00,2,2,148.22,4.95,143.27,688,2,143.27,1,3,1,高价值流失风险
17149,2010-09-14 14:56:00,2010-09-14 14:56:00,1,0,143.1,0.0,143.1,451,1,143.1,1,1,1,沉睡/低频
15705,2011-05-22 15:37:00,2011-05-22 15:37:00,1,0,143.1,0.0,143.1,201,1,143.1,2,1,1,沉睡/低频
15761,2010-09-23 09:33:00,2010-09-23 09:33:00,1,0,143.05,0.0,143.05,442,1,143.05,1,1,1,沉睡/低频
16507,2010-05-16 12:56:00,2010-05-16 12:56:00,1,0,142.71,0.0,142.71,572,1,142.71,1,1,1,沉睡/低频
14386,2011-02-16 09:45:00,2011-02-16 09:45:00,1,0,142.4,0.0,142.4,296,1,142.4,2,1,1,沉睡/低频
17859,2011-02-08 10:32:00,2011-02-08 10:32:00,1,0,141.92,0.0,141.92,304,1,141.92,2,1,1,沉睡/低频
18038,2010-06-01 15:59:00,2010-06-01 15:59:00,1,0,141.48,0.0,141.48,556,1,141.48,1,1,1,沉睡/低频
14041,2011-03-18 13:25:00,2011-03-18 13:25:00,1,0,141.41,0.0,141.41,266,1,141.41,2,1,1,沉睡/低频
17273,2010-10-11 15:57:00,2010-10-11 15:57:00,1,0,141.12,0.0,141.12,424,1,141.12,1,1,1,沉睡/低频
12636,2009-12-01 09:55:00,2009-12-01 09:55:00,1,0,141.0,0.0,141.0,738,1,141.0,1,1,1,沉睡/低频
17959,2010-04-26 14:12:00,2010-04-26 14:12:00,1,0,140.75,0.0,140.75,592,1,140.75,1,1,1,沉睡/低频
16598,2011-02-27 11:42:00,2011-02-27 11:42:00,1,1,145.05,4.35,140.7,285,1,140.7,2,1,1,沉睡/低频
15388,2011-03-14 13:53:00,2011-03-14 13:53:00,1,0,140.54,0.0,140.54,270,1,140.54,2,1,1,沉睡/低频
15702,2010-01-26 17:23:00,2010-08-20 14:50:00,2,0,140.39,0.0,140.39,476,2,140.39,1,3,1,高价值流失风险
13420,2011-06-22 11:35:00,2011-07-13 08:48:00,2,2,159.85,19.5,140.35,149,2,140.35,3,3,1,潜力客户
13483,2011-10-05 11:53:00,2011-10-05 11:53:00,1,0,140.34,0.0,140.34,65,1,140.34,3,1,1,潜力客户
15324,2010-01-07 14:37:00,2010-01-07 14:37:00,1,0,140.22,0.0,140.22,701,1,140.22,1,1,1,沉睡/低频
13839,2010-08-10 13:52:00,2010-08-10 13:52:00,1,0,139.95,0.0,139.95,486,1,139.95,1,1,1,沉睡/低频
14073,2011-11-07 15:49:00,2011-11-07 15:49:00,1,1,151.04,11.5,139.54,32,1,139.54,4,1,1,新近客户
14768,2011-08-04 13:25:00,2011-11-22 12:54:00,2,1,192.6,53.1,139.5,17,2,139.5,5,3,1,潜力客户
16483,2011-05-31 13:08:00,2011-05-31 13:08:00,1,0,139.35,0.0,139.35,192,1,139.35,2,1,1,沉睡/低频
14772,2011-08-19 15:04:00,2011-08-19 15:04:00,1,0,139.26,0.0,139.26,112,1,139.26,3,1,1,潜力客户
14707,2010-05-12 11:07:00,2010-09-30 11:37:00,2,0,139.2,0.0,139.2,435,2,139.2,1,3,1,高价值流失风险
18209,2011-11-11 12:07:00,2011-11-11 12:07:00,1,0,139.1,0.0,139.1,28,1,139.1,4,1,1,新近客户
13273,2011-08-18 14:02:00,2011-08-18 14:02:00,1,0,138.98,0.0,138.98,113,1,138.98,3,1,1,潜力客户
18269,2010-12-08 13:53:00,2010-12-08 13:53:00,1,1,168.6,29.7,138.9,366,1,138.9,2,2,1,沉睡/低频
12902,2011-03-20 12:06:00,2011-03-20 12:06:00,1,0,138.68,0.0,138.68,264,1,138.68,2,2,1,沉睡/低频
13716,2011-03-15 13:49:00,2011-03-15 13:49:00,1,0,138.28,0.0,138.28,269,1,138.28,2,2,1,沉睡/低频
15873,2010-07-27 11:58:00,2010-07-28 12:41:00,4,1,313.92,175.68,138.24,499,4,138.24,1,4,1,高价值流失风险
17982,2010-01-28 09:38:00,2010-01-28 09:38:00,1,0,138.18,0.0,138.18,680,1,138.18,1,2,1,沉睡/低频
15663,2011-08-25 15:50:00,2011-08-25 15:50:00,1,0,138.14,0.0,138.14,106,1,138.14,3,2,1,潜力客户
15848,2010-03-28 10:54:00,2010-03-28 10:54:00,1,0,137.99,0.0,137.99,621,1,137.99,1,2,1,沉睡/低频
13907,2010-01-17 12:22:00,2010-01-17 12:22:00,1,0,136.8,0.0,136.8,691,1,136.8,1,2,1,沉睡/低频
13195,2010-10-21 13:07:00,2010-10-21 13:07:00,1,0,136.73,0.0,136.73,414,1,136.73,1,2,1,沉睡/低频
16237,2010-09-28 17:02:00,2010-09-28 17:02:00,1,0,136.65,0.0,136.65,437,1,136.65,1,2,1,沉睡/低频
16651,2010-05-02 11:46:00,2010-05-02 11:46:00,1,0,136.2,0.0,136.2,586,1,136.2,1,2,1,沉睡/低频
16876,2010-11-01 11:59:00,2010-11-01 11:59:00,1,0,136.01,0.0,136.01,403,1,136.01,2,2,1,沉睡/低频
14366,2010-07-02 17:23:00,2010-07-02 17:23:00,1,0,136.0,0.0,136.0,525,1,136.0,1,2,1,沉睡/低频
12968,2011-08-19 15:44:00,2011-08-19 15:44:00,1,0,135.95,0.0,135.95,112,1,135.95,3,2,1,潜力客户
13830,2010-05-07 12:24:00,2010-05-07 12:24:00,1,1,156.85,20.9,135.95,581,1,135.95,1,2,1,沉睡/低频
17583,2010-05-28 14:24:00,2010-05-28 14:24:00,1,0,135.95,0.0,135.95,560,1,135.95,1,2,1,沉睡/低频
14889,2011-01-07 15:19:00,2011-01-07 15:19:00,1,0,135.9,0.0,135.9,336,1,135.9,2,2,1,沉睡/低频
15419,2011-11-15 09:23:00,2011-11-15 09:23:00,1,0,135.86,0.0,135.86,24,1,135.86,4,2,1,新近客户
16114,2011-06-22 10:13:00,2011-06-22 10:13:00,1,0,135.75,0.0,135.75,170,1,135.75,3,2,1,潜力客户
14391,2010-05-12 09:42:00,2010-05-12 09:42:00,1,0,135.6,0.0,135.6,576,1,135.6,1,2,1,沉睡/低频
15283,2010-07-09 15:46:00,2010-11-14 14:54:00,3,1,148.33,12.9,135.43,390,3,135.43,2,3,1,高价值流失风险
16665,2010-12-12 14:03:00,2010-12-12 14:03:00,1,0,135.4,0.0,135.4,362,1,135.4,2,2,1,沉睡/低频
13076,2010-09-08 10:27:00,2010-09-08 10:27:00,1,0,135.4,0.0,135.4,457,1,135.4,1,2,1,沉睡/低频
14588,2010-05-10 15:08:00,2010-05-10 15:08:00,1,0,135.39,0.0,135.39,578,1,135.39,1,2,1,沉睡/低频
13144,2010-10-04 14:14:00,2011-01-11 11:15:00,2,0,135.35,0.0,135.35,332,2,135.35,2,3,1,高价值流失风险
17972,2011-04-12 12:16:00,2011-04-12 12:16:00,1,0,135.19,0.0,135.19,241,1,135.19,2,2,1,沉睡/低频
13702,2010-09-20 11:40:00,2010-09-20 11:40:00,1,0,135.18,0.0,135.18,445,1,135.18,1,2,1,沉睡/低频
17960,2010-03-08 12:22:00,2011-06-21 14:15:00,3,0,135.08,0.0,135.08,171,3,135.08,3,3,1,潜力客户
17199,2010-05-06 13:53:00,2010-05-06 13:53:00,1,0,135.04,0.0,135.04,582,1,135.04,1,2,1,沉睡/低频
13119,2010-02-09 08:38:00,2010-02-09 08:38:00,1,0,134.9,0.0,134.9,668,1,134.9,1,2,1,沉睡/低频
16055,2011-05-03 09:26:00,2011-05-03 09:26:00,1,0,134.8,0.0,134.8,220,1,134.8,2,2,1,沉睡/低频
14340,2011-05-05 09:44:00,2011-05-05 09:44:00,1,0,134.7,0.0,134.7,218,1,134.7,2,2,1,沉睡/低频
14174,2011-11-06 13:17:00,2011-11-06 13:17:00,1,0,134.46,0.0,134.46,33,1,134.46,4,2,1,新近客户
15926,2010-06-15 15:23:00,2010-06-15 15:23:00,1,0,134.44,0.0,134.44,542,1,134.44,1,2,1,沉睡/低频
16486,2010-06-20 12:16:00,2010-06-20 12:16:00,1,0,134.36,0.0,134.36,537,1,134.36,1,2,1,沉睡/低频
14586,2011-03-08 10:04:00,2011-03-08 10:04:00,1,2,237.36,103.2,134.16,276,1,134.16,2,2,1,沉睡/低频
14280,2011-05-27 10:37:00,2011-05-27 10:37:00,1,0,134.04,0.0,134.04,196,1,134.04,2,2,1,沉睡/低频
14349,2011-11-29 15:39:00,2011-11-29 15:39:00,1,0,133.5,0.0,133.5,10,1,133.5,5,2,1,新近客户
12959,2010-08-12 17:20:00,2010-08-12 17:20:00,1,1,150.95,17.6,133.35,484,1,133.35,1,2,1,沉睡/低频
17881,2011-02-08 17:16:00,2011-02-08 17:16:00,1,0,133.35,0.0,133.35,304,1,133.35,2,2,1,沉睡/低频
17826,2010-11-30 13:23:00,2010-11-30 13:23:00,1,0,133.34,0.0,133.34,374,1,133.34,2,2,1,沉睡/低频
12964,2010-09-28 17:47:00,2010-09-28 17:47:00,1,0,132.24,0.0,132.24,437,1,132.24,1,2,1,沉睡/低频
12512,2011-10-04 14:53:00,2011-10-04 14:55:00,2,0,132.18,0.0,132.18,66,2,132.18,3,3,1,潜力客户
14438,2011-02-06 14:56:00,2011-02-06 14:56:00,1,0,131.9,0.0,131.9,306,1,131.9,2,2,1,沉睡/低频
15558,2010-03-10 15:25:00,2010-03-10 15:25:00,1,1,202.68,70.8,131.88,639,1,131.88,1,2,1,沉睡/低频
17565,2010-05-02 11:54:00,2010-05-02 11:54:00,1,0,131.83,0.0,131.83,586,1,131.83,1,2,1,沉睡/低频
17455,2011-05-20 12:31:00,2011-05-20 12:31:00,1,0,131.7,0.0,131.7,203,1,131.7,2,2,1,沉睡/低频
14795,2011-06-26 13:04:00,2011-06-26 13:04:00,1,0,131.45,0.0,131.45,166,1,131.45,3,2,1,潜力客户
14378,2010-03-28 12:22:00,2010-03-28 12:22:00,1,0,131.25,0.0,131.25,621,1,131.25,1,2,1,沉睡/低频
12565,2011-02-24 10:34:00,2011-02-24 10:34:00,1,1,145.92,14.75,131.17,288,1,131.17,2,2,1,沉睡/低频
17225,2010-05-07 11:38:00,2010-05-07 11:38:00,1,0,131.15,0.0,131.15,581,1,131.15,1,2,1,沉睡/低频
16865,2010-11-03 11:34:00,2010-11-03 11:34:00,1,0,130.95,0.0,130.95,401,1,130.95,2,2,1,沉睡/低频
15844,2011-10-24 15:19:00,2011-10-24 15:19:00,1,0,130.74,0.0,130.74,46,1,130.74,4,2,1,新近客户
17240,2010-04-22 15:44:00,2010-04-22 15:44:00,1,0,130.6,0.0,130.6,596,1,130.6,1,2,1,沉睡/低频
16410,2009-12-05 14:51:00,2009-12-05 14:51:00,1,0,130.32,0.0,130.32,734,1,130.32,1,2,1,沉睡/低频
16288,2010-08-26 14:45:00,2010-08-26 14:45:00,1,0,129.85,0.0,129.85,470,1,129.85,1,2,1,沉睡/低频
17762,2010-09-09 17:40:00,2010-09-09 17:40:00,1,0,129.75,0.0,129.75,456,1,129.75,1,2,1,沉睡/低频
17847,2010-03-04 12:57:00,2010-07-12 10:00:00,2,0,129.69,0.0,129.69,515,2,129.69,1,3,1,高价值流失风险
14999,2010-04-26 10:47:00,2010-04-26 10:47:00,1,0,129.48,0.0,129.48,592,1,129.48,1,2,1,沉睡/低频
18020,2010-06-14 12:31:00,2010-06-14 12:31:00,1,1,190.48,61.2,129.28,543,1,129.28,1,2,1,沉睡/低频
12555,2010-01-26 16:26:00,2010-01-26 16:26:00,1,0,129.23,0.0,129.23,682,1,129.23,1,2,1,沉睡/低频
13071,2010-04-06 13:37:00,2010-04-06 13:37:00,1,0,129.22,0.0,129.22,612,1,129.22,1,2,1,沉睡/低频
17056,2009-12-01 12:55:00,2009-12-01 12:55:00,1,0,128.6,0.0,128.6,738,1,128.6,1,2,1,沉睡/低频
16828,2011-08-19 13:24:00,2011-09-07 15:10:00,2,0,128.5,0.0,128.5,93,2,128.5,3,3,1,潜力客户
17089,2010-11-18 15:33:00,2010-11-18 15:33:00,1,0,128.45,0.0,128.45,386,1,128.45,2,2,1,沉睡/低频
16251,2010-07-15 14:55:00,2010-07-15 14:55:00,1,0,128.31,0.0,128.31,512,1,128.31,1,2,1,沉睡/低频
15892,2010-02-08 16:23:00,2010-02-08 16:23:00,1,0,128.2,0.0,128.2,669,1,128.2,1,2,1,沉睡/低频
17297,2011-11-22 14:43:00,2011-11-22 14:43:00,1,0,128.18,0.0,128.18,17,1,128.18,5,2,1,新近客户
13666,2009-12-04 10:48:00,2011-10-10 15:39:00,5,0,127.9,0.0,127.9,60,5,127.9,3,4,1,忠诚客户
13053,2010-03-28 11:28:00,2010-03-28 11:28:00,1,0,127.65,0.0,127.65,621,1,127.65,1,2,1,沉睡/低频
13586,2010-06-16 13:47:00,2010-06-16 13:47:00,1,0,127.28,0.0,127.28,541,1,127.28,1,2,1,沉睡/低频
15578,2011-06-30 13:03:00,2011-06-30 13:03:00,1,0,127.1,0.0,127.1,162,1,127.1,3,2,1,潜力客户
15923,2010-12-02 12:16:00,2010-12-02 12:16:00,1,0,127.08,0.0,127.08,372,1,127.08,2,2,1,沉睡/低频
16973,2010-11-18 13:56:00,2010-11-18 13:56:00,1,0,127.0,0.0,127.0,386,1,127.0,2,2,1,沉睡/低频
16840,2010-02-03 12:42:00,2010-04-15 15:48:00,2,1,139.85,13.14,126.71,603,2,126.71,1,3,1,高价值流失风险
14751,2009-12-13 14:08:00,2010-01-24 13:37:00,2,0,126.45,0.0,126.45,684,2,126.45,1,3,1,高价值流失风险
13279,2011-09-22 17:24:00,2011-09-22 17:24:00,1,1,137.75,11.45,126.3,78,1,126.3,3,2,1,潜力客户
15463,2011-11-10 12:57:00,2011-11-10 12:57:00,1,0,126.14,0.0,126.14,29,1,126.14,4,2,1,新近客户
16294,2010-08-20 12:01:00,2010-08-20 12:01:00,1,0,126.05,0.0,126.05,476,1,126.05,1,2,1,沉睡/低频
13794,2010-06-11 12:30:00,2010-06-11 12:30:00,1,0,126.03,0.0,126.03,546,1,126.03,1,2,1,沉睡/低频
17657,2010-10-05 14:52:00,2010-10-05 14:52:00,1,0,126.0,0.0,126.0,430,1,126.0,1,2,1,沉睡/低频
12814,2011-08-30 12:11:00,2011-08-30 12:11:00,1,0,125.92,0.0,125.92,101,1,125.92,3,2,1,潜力客户
13522,2011-11-09 15:11:00,2011-11-09 15:11:00,1,0,125.8,0.0,125.8,30,1,125.8,4,2,1,新近客户
14773,2010-04-26 10:29:00,2010-04-26 10:29:00,1,1,140.55,14.85,125.7,592,1,125.7,1,2,1,沉睡/低频
16925,2010-06-17 15:03:00,2010-06-17 15:03:00,1,0,125.65,0.0,125.65,540,1,125.65,1,2,1,沉睡/低频
15017,2011-11-06 10:33:00,2011-11-06 10:33:00,1,0,125.58,0.0,125.58,33,1,125.58,4,2,1,新近客户
15731,2010-06-04 10:10:00,2010-06-04 10:10:00,1,0,125.3,0.0,125.3,553,1,125.3,1,2,1,沉睡/低频
13912,2010-10-12 08:43:00,2010-10-12 08:43:00,1,0,124.95,0.0,124.95,423,1,124.95,1,2,1,沉睡/低频
17148,2011-10-19 09:59:00,2011-10-19 09:59:00,1,0,124.88,0.0,124.88,51,1,124.88,4,2,1,新近客户
17818,2009-12-02 11:34:00,2009-12-02 11:34:00,1,0,124.78,0.0,124.78,737,1,124.78,1,2,1,沉睡/低频
13312,2010-09-14 14:36:00,2010-09-14 14:36:00,1,0,124.75,0.0,124.75,451,1,124.75,1,2,1,沉睡/低频
16849,2011-06-06 09:16:00,2011-06-06 09:16:00,1,0,124.57,0.0,124.57,186,1,124.57,3,2,1,潜力客户
17316,2010-10-15 14:35:00,2010-10-15 14:35:00,1,0,124.45,0.0,124.45,420,1,124.45,1,2,1,沉睡/低频
18000,2010-05-24 17:34:00,2010-05-24 17:34:00,1,0,124.25,0.0,124.25,564,1,124.25,1,2,1,沉睡/低频
15779,2010-06-25 15:55:00,2010-09-02 16:40:00,2,0,124.08,0.0,124.08,463,2,124.08,1,3,1,高价值流失风险
13968,2010-10-12 13:22:00,2010-10-12 13:22:00,1,0,123.66,0.0,123.66,423,1,123.66,1,2,1,沉睡/低频
14187,2010-08-23 12:06:00,2010-08-23 12:06:00,1,0,123.5,0.0,123.5,473,1,123.5,1,2,1,沉睡/低频
16397,2010-03-21 15:36:00,2010-03-21 15:36:00,1,0,123.13,0.0,123.13,628,1,123.13,1,2,1,沉睡/低频
13876,2011-10-07 10:22:00,2011-10-07 10:22:00,1,0,122.7,0.0,122.7,63,1,122.7,3,2,1,潜力客户
13638,2011-11-24 10:38:00,2011-11-24 10:38:00,1,0,122.64,0.0,122.64,15,1,122.64,5,2,1,新近客户
12969,2010-04-16 10:50:00,2010-04-16 10:50:00,1,0,122.45,0.0,122.45,602,1,122.45,1,2,1,沉睡/低频
13244,2011-09-08 11:46:00,2011-09-08 11:46:00,1,0,121.74,0.0,121.74,92,1,121.74,3,2,1,潜力客户
13182,2011-10-25 13:46:00,2011-10-25 13:46:00,1,0,121.18,0.0,121.18,45,1,121.18,4,2,1,新近客户
15049,2011-03-11 12:13:00,2011-03-11 12:13:00,1,0,121.17,0.0,121.17,273,1,121.17,2,2,1,沉睡/低频
12858,2010-11-21 12:55:00,2010-11-21 12:55:00,1,1,147.27,26.19,121.08,383,1,121.08,2,2,1,沉睡/低频
17260,2010-10-24 13:21:00,2010-10-24 13:21:00,1,0,120.95,0.0,120.95,411,1,120.95,1,2,1,沉睡/低频
17446,2011-02-02 14:40:00,2011-06-16 10:42:00,2,0,120.9,0.0,120.9,176,2,120.9,3,3,1,潜力客户
14884,2010-02-08 12:56:00,2010-02-08 12:56:00,1,0,120.6,0.0,120.6,669,1,120.6,1,2,1,沉睡/低频
14165,2011-03-09 12:39:00,2011-03-09 12:39:00,1,0,120.44,0.0,120.44,275,1,120.44,2,2,1,沉睡/低频
14444,2010-09-09 18:56:00,2010-09-09 18:56:00,1,0,120.44,0.0,120.44,456,1,120.44,1,2,1,沉睡/低频
17543,2010-06-08 12:41:00,2010-06-08 12:41:00,1,0,120.05,0.0,120.05,549,1,120.05,1,2,1,沉睡/低频
18015,2011-12-05 14:49:00,2011-12-05 14:49:00,1,0,120.03,0.0,120.03,4,1,120.03,5,2,1,新近客户
14259,2011-07-21 10:44:00,2011-07-21 10:44:00,1,0,120.0,0.0,120.0,141,1,120.0,3,2,1,潜力客户
14453,2011-06-02 14:15:00,2011-06-02 14:15:00,1,0,119.93,0.0,119.93,190,1,119.93,2,2,1,沉睡/低频
15161,2010-11-16 16:08:00,2010-11-16 16:08:00,1,0,119.92,0.0,119.92,388,1,119.92,2,2,1,沉睡/低频
17541,2010-07-18 11:36:00,2010-07-18 11:36:00,1,0,119.86,0.0,119.86,509,1,119.86,1,2,1,沉睡/低频
17177,2010-07-22 14:53:00,2010-07-22 14:53:00,1,0,119.5,0.0,119.5,505,1,119.5,1,2,1,沉睡/低频
17170,2010-11-15 16:23:00,2010-11-30 15:55:00,2,1,178.68,59.7,118.98,374,2,118.98,2,3,1,高价值流失风险
15843,2011-02-09 10:19:00,2011-02-09 10:19:00,1,0,118.95,0.0,118.95,303,1,118.95,2,2,1,沉睡/低频
17280,2010-09-27 16:46:00,2010-09-27 16:46:00,1,0,118.86,0.0,118.86,438,1,118.86,1,2,1,沉睡/低频
17079,2011-09-22 15:34:00,2011-09-22 15:34:00,1,0,118.8,0.0,118.8,78,1,118.8,3,2,1,潜力客户
14155,2011-03-18 14:13:00,2011-03-18 14:13:00,1,0,118.75,0.0,118.75,266,1,118.75,2,2,1,沉睡/低频
14076,2011-08-02 15:19:00,2011-08-02 15:19:00,1,0,118.67,0.0,118.67,129,1,118.67,3,2,1,潜力客户
13257,2010-09-29 14:58:00,2010-09-29 14:58:00,1,2,149.75,31.8,117.95,436,1,117.95,1,2,1,沉睡/低频
16291,2010-01-26 16:26:00,2010-01-26 16:26:00,1,0,117.72,0.0,117.72,682,1,117.72,1,2,1,沉睡/低频
17654,2011-03-07 13:17:00,2011-03-07 13:17:00,1,0,117.55,0.0,117.55,277,1,117.55,2,2,1,沉睡/低频
15836,2011-10-20 17:13:00,2011-10-20 17:13:00,1,1,137.37,19.9,117.47,50,1,117.47,4,2,1,新近客户
16959,2011-09-13 15:03:00,2011-09-13 15:03:00,1,0,117.35,0.0,117.35,87,1,117.35,3,2,1,潜力客户
15409,2009-12-18 15:35:00,2009-12-18 15:35:00,1,1,131.25,14.05,117.2,721,1,117.2,1,2,1,沉睡/低频
14726,2010-02-23 12:35:00,2010-02-23 12:35:00,1,0,116.5,0.0,116.5,654,1,116.5,1,2,1,沉睡/低频
13084,2010-08-05 08:49:00,2010-08-05 08:49:00,1,1,122.4,5.95,116.45,491,1,116.45,1,2,1,沉睡/低频
17117,2011-02-24 13:54:00,2011-02-24 13:54:00,1,0,116.2,0.0,116.2,288,1,116.2,2,2,1,沉睡/低频
14874,2010-06-22 14:58:00,2010-06-22 14:58:00,1,0,116.18,0.0,116.18,535,1,116.18,1,2,1,沉睡/低频
14143,2011-07-29 09:48:00,2011-07-29 09:48:00,1,0,115.8,0.0,115.8,133,1,115.8,3,2,1,潜力客户
16068,2010-04-25 11:52:00,2010-04-25 11:52:00,1,0,115.73,0.0,115.73,593,1,115.73,1,2,1,沉睡/低频
18027,2011-09-02 10:38:00,2011-09-02 10:38:00,1,0,115.31,0.0,115.31,98,1,115.31,3,2,1,潜力客户
18012,2009-12-16 13:16:00,2009-12-16 13:16:00,1,0,115.3,0.0,115.3,723,1,115.3,1,2,1,沉睡/低频
17603,2009-12-10 09:44:00,2011-09-22 14:18:00,4,7,1788.38,1673.47,114.91,78,4,114.91,3,4,1,忠诚客户
17401,2010-06-16 16:54:00,2010-06-16 16:54:00,1,0,114.85,0.0,114.85,541,1,114.85,1,2,1,沉睡/低频
17933,2010-03-17 15:11:00,2010-03-17 15:11:00,1,0,114.69,0.0,114.69,632,1,114.69,1,2,1,沉睡/低频
15905,2010-06-14 16:00:00,2010-06-14 16:00:00,1,0,114.69,0.0,114.69,543,1,114.69,1,2,1,沉睡/低频
13188,2011-11-28 15:28:00,2011-11-28 15:28:00,1,0,114.6,0.0,114.6,11,1,114.6,5,2,1,新近客户
14632,2011-03-22 08:49:00,2011-03-22 08:49:00,1,0,114.56,0.0,114.56,262,1,114.56,2,2,1,沉睡/低频
16247,2011-06-22 14:23:00,2011-06-22 14:23:00,1,0,114.56,0.0,114.56,170,1,114.56,3,2,1,潜力客户
14652,2011-09-23 14:21:00,2011-09-23 14:21:00,1,0,114.18,0.0,114.18,77,1,114.18,3,2,1,潜力客户
12938,2011-11-14 11:21:00,2011-11-14 11:21:00,1,0,114.14,0.0,114.14,25,1,114.14,4,2,1,新近客户
14582,2011-10-30 11:56:00,2011-10-30 11:56:00,1,0,114.11,0.0,114.11,40,1,114.11,4,2,1,新近客户
17275,2010-11-21 13:26:00,2010-11-21 13:26:00,1,0,114.1,0.0,114.1,383,1,114.1,2,2,1,沉睡/低频
15056,2010-07-07 15:58:00,2010-07-07 15:58:00,1,0,113.65,0.0,113.65,520,1,113.65,1,2,1,沉睡/低频
14457,2011-02-02 09:39:00,2011-02-02 09:39:00,1,0,113.64,0.0,113.64,310,1,113.64,2,2,1,沉睡/低频
18105,2011-11-02 12:04:00,2011-11-02 12:04:00,1,0,113.48,0.0,113.48,37,1,113.48,4,2,1,新近客户
16821,2010-11-23 10:04:00,2010-11-23 10:04:00,1,0,113.35,0.0,113.35,381,1,113.35,2,2,1,沉睡/低频
17784,2010-06-07 16:08:00,2010-06-07 16:08:00,1,0,112.86,0.0,112.86,550,1,112.86,1,2,1,沉睡/低频
18148,2010-03-03 11:40:00,2010-03-03 11:40:00,1,0,112.85,0.0,112.85,646,1,112.85,1,2,1,沉睡/低频
14689,2011-05-15 11:22:00,2011-05-15 11:22:00,1,0,112.8,0.0,112.8,208,1,112.8,2,2,1,沉睡/低频
16697,2011-04-12 17:12:00,2011-04-12 17:12:00,1,0,112.75,0.0,112.75,241,1,112.75,2,2,1,沉睡/低频
18129,2011-04-10 14:16:00,2011-04-10 14:16:00,1,0,112.55,0.0,112.55,243,1,112.55,2,2,1,沉睡/低频
13241,2010-10-24 11:17:00,2010-10-24 11:17:00,1,0,112.53,0.0,112.53,411,1,112.53,1,2,1,沉睡/低频
15610,2011-10-19 10:36:00,2011-10-19 10:36:00,1,0,112.46,0.0,112.46,51,1,112.46,4,2,1,新近客户
13620,2010-06-29 15:02:00,2010-06-29 15:02:00,1,0,112.34,0.0,112.34,528,1,112.34,1,2,1,沉睡/低频
12756,2011-09-14 09:31:00,2011-09-14 09:31:00,1,0,112.08,0.0,112.08,86,1,112.08,3,2,1,潜力客户
13193,2011-10-09 14:30:00,2011-10-09 14:30:00,1,0,112.08,0.0,112.08,61,1,112.08,3,2,1,潜力客户
15317,2010-01-31 15:55:00,2010-01-31 15:55:00,1,1,129.75,17.7,112.05,677,1,112.05,1,2,1,沉睡/低频
14750,2009-12-03 17:57:00,2009-12-03 17:57:00,1,0,112.03,0.0,112.03,736,1,112.03,1,2,1,沉睡/低频
17957,2011-10-04 14:58:00,2011-10-04 14:58:00,1,0,111.68,0.0,111.68,66,1,111.68,3,2,1,潜力客户
14668,2010-09-20 15:03:00,2010-09-20 15:03:00,1,0,111.63,0.0,111.63,445,1,111.63,1,2,1,沉睡/低频
17304,2010-06-23 16:23:00,2010-06-23 16:23:00,1,0,111.5,0.0,111.5,534,1,111.5,1,2,1,沉睡/低频
17887,2011-08-02 17:29:00,2011-08-02 17:29:00,1,0,111.35,0.0,111.35,129,1,111.35,3,2,1,潜力客户
17208,2010-11-09 12:50:00,2010-11-09 12:50:00,1,0,111.15,0.0,111.15,395,1,111.15,2,2,1,沉睡/低频
18120,2011-05-09 13:45:00,2011-05-09 13:45:00,1,0,111.15,0.0,111.15,214,1,111.15,2,2,1,沉睡/低频
15352,2010-06-09 11:28:00,2010-06-09 11:28:00,1,0,111.15,0.0,111.15,548,1,111.15,1,2,1,沉睡/低频
14464,2010-03-22 15:20:00,2010-05-20 18:00:00,2,0,111.0,0.0,111.0,568,2,111.0,1,3,1,高价值流失风险
12692,2010-03-12 14:02:00,2010-03-12 14:02:00,1,0,110.95,0.0,110.95,637,1,110.95,1,2,1,沉睡/低频
14509,2010-06-23 13:21:00,2010-06-23 13:21:00,1,0,110.95,0.0,110.95,534,1,110.95,1,2,1,沉睡/低频
15537,2011-06-29 13:10:00,2011-06-29 13:10:00,1,0,110.92,0.0,110.92,163,1,110.92,3,2,1,潜力客户
15853,2011-10-19 10:38:00,2011-10-19 10:38:00,1,0,110.8,0.0,110.8,51,1,110.8,4,2,1,新近客户
14787,2010-08-25 14:38:00,2010-08-25 14:38:00,1,0,110.65,0.0,110.65,471,1,110.65,1,2,1,沉睡/低频
16963,2011-06-05 13:48:00,2011-06-05 13:48:00,1,0,110.55,0.0,110.55,187,1,110.55,3,2,1,潜力客户
14641,2011-11-18 10:42:00,2011-11-18 10:42:00,1,0,110.46,0.0,110.46,21,1,110.46,4,2,1,新近客户
16544,2010-02-15 13:20:00,2010-07-08 11:11:00,4,2,376.7,266.4,110.3,519,4,110.3,1,4,1,高价值流失风险
17836,2011-10-23 16:13:00,2011-10-23 16:13:00,1,0,110.21,0.0,110.21,47,1,110.21,4,2,1,新近客户
17909,2009-12-02 13:10:00,2009-12-02 13:10:00,1,0,110.05,0.0,110.05,737,1,110.05,1,2,1,沉睡/低频
15851,2010-07-01 12:34:00,2010-07-01 12:34:00,1,0,109.73,0.0,109.73,526,1,109.73,1,2,1,沉睡/低频
14033,2010-06-02 15:10:00,2010-06-02 15:10:00,1,0,109.44,0.0,109.44,555,1,109.44,1,2,1,沉睡/低频
16363,2011-10-17 14:14:00,2011-10-17 14:14:00,1,0,109.36,0.0,109.36,53,1,109.36,4,2,1,新近客户
16064,2009-12-14 16:11:00,2009-12-14 16:11:00,1,0,109.31,0.0,109.31,725,1,109.31,1,2,1,沉睡/低频
16664,2010-05-19 17:11:00,2010-05-19 17:11:00,1,0,109.2,0.0,109.2,569,1,109.2,1,2,1,沉睡/低频
14721,2010-11-25 13:08:00,2010-11-25 13:08:00,1,0,109.07,0.0,109.07,379,1,109.07,2,2,1,沉睡/低频
14345,2011-11-01 09:51:00,2011-11-01 09:51:00,1,0,108.98,0.0,108.98,38,1,108.98,4,2,1,新近客户
13170,2011-11-13 12:19:00,2011-11-13 12:19:00,1,0,108.81,0.0,108.81,26,1,108.81,4,2,1,新近客户
15875,2010-03-03 16:51:00,2010-03-03 16:51:00,1,0,108.52,0.0,108.52,646,1,108.52,1,2,1,沉睡/低频
16106,2011-10-05 10:37:00,2011-10-05 10:37:00,1,0,108.38,0.0,108.38,65,1,108.38,3,2,1,潜力客户
15935,2011-04-12 09:35:00,2011-04-14 13:27:00,2,1,416.86,308.82,108.04,239,2,108.04,2,3,1,高价值流失风险
14374,2010-06-16 14:25:00,2010-06-16 14:25:00,1,0,108.0,0.0,108.0,541,1,108.0,1,2,1,沉睡/低频
14661,2011-11-13 11:51:00,2011-11-13 11:51:00,1,0,107.95,0.0,107.95,26,1,107.95,4,2,1,新近客户
13580,2010-10-29 15:01:00,2010-10-29 15:01:00,1,0,107.75,0.0,107.75,406,1,107.75,2,2,1,沉睡/低频
14943,2010-02-14 16:04:00,2010-02-14 16:04:00,1,0,107.62,0.0,107.62,663,1,107.62,1,2,1,沉睡/低频
15395,2011-01-18 12:40:00,2011-01-18 12:40:00,1,0,107.45,0.0,107.45,325,1,107.45,2,2,1,沉睡/低频
16301,2009-12-03 10:20:00,2009-12-03 10:20:00,1,0,107.33,0.0,107.33,736,1,107.33,1,2,1,沉睡/低频
15328,2010-10-28 09:05:00,2010-10-28 09:05:00,1,0,107.24,0.0,107.24,407,1,107.24,2,2,1,沉睡/低频
17893,2011-04-28 13:50:00,2011-04-28 13:50:00,1,0,107.21,0.0,107.21,225,1,107.21,2,2,1,沉睡/低频
16047,2010-01-26 16:34:00,2010-01-26 16:34:00,1,0,107.14,0.0,107.14,682,1,107.14,1,2,1,沉睡/低频
15846,2010-11-19 14:40:00,2010-11-19 14:40:00,1,0,107.01,0.0,107.01,385,1,107.01,2,2,1,沉睡/低频
16082,2010-02-07 15:16:00,2010-02-07 15:16:00,1,0,106.75,0.0,106.75,670,1,106.75,1,2,1,沉睡/低频
14637,2010-01-31 15:52:00,2010-01-31 15:52:00,1,0,106.68,0.0,106.68,677,1,106.68,1,2,1,沉睡/低频
15168,2011-11-14 11:26:00,2011-11-14 11:26:00,1,0,106.56,0.0,106.56,25,1,106.56,4,2,1,新近客户
15927,2010-03-02 13:25:00,2010-03-02 13:25:00,1,0,106.54,0.0,106.54,647,1,106.54,1,2,1,沉睡/低频
17791,2011-11-10 12:09:00,2011-11-10 12:09:00,1,0,106.1,0.0,106.1,29,1,106.1,4,2,1,新近客户
18103,2010-06-08 13:36:00,2010-06-08 13:36:00,1,0,105.8,0.0,105.8,549,1,105.8,1,2,1,沉睡/低频
15642,2009-12-10 11:51:00,2009-12-10 11:51:00,1,0,105.78,0.0,105.78,729,1,105.78,1,2,1,沉睡/低频
14579,2010-10-03 14:36:00,2010-10-03 14:36:00,1,0,105.56,0.0,105.56,432,1,105.56,1,2,1,沉睡/低频
15340,2010-05-27 10:27:00,2010-05-27 10:27:00,1,0,105.5,0.0,105.5,561,1,105.5,1,2,1,沉睡/低频
12929,2011-02-01 12:08:00,2011-02-01 12:08:00,1,1,117.85,12.75,105.1,311,1,105.1,2,2,1,沉睡/低频
14027,2011-10-10 09:01:00,2011-10-10 09:01:00,1,0,104.82,0.0,104.82,60,1,104.82,3,2,1,潜力客户
17328,2010-02-04 17:11:00,2010-02-04 17:11:00,1,0,104.7,0.0,104.7,673,1,104.7,1,2,1,沉睡/低频
16630,2010-10-28 14:30:00,2010-10-28 14:30:00,1,1,106.8,2.5,104.3,407,1,104.3,2,2,1,沉睡/低频
16547,2010-06-11 13:02:00,2010-06-11 13:02:00,1,0,104.26,0.0,104.26,546,1,104.26,1,2,1,沉睡/低频
16375,2010-08-26 14:12:00,2010-08-26 14:25:00,2,0,104.0,0.0,104.0,470,2,104.0,1,3,1,高价值流失风险
16896,2010-06-02 15:40:00,2010-06-02 15:40:00,1,0,103.95,0.0,103.95,555,1,103.95,1,2,1,沉睡/低频
14542,2011-06-07 08:19:00,2011-06-07 08:19:00,1,0,103.25,0.0,103.25,185,1,103.25,3,2,1,潜力客户
15924,2009-12-08 15:00:00,2009-12-08 15:00:00,1,0,102.82,0.0,102.82,731,1,102.82,1,2,1,沉睡/低频
16396,2010-08-20 14:17:00,2010-08-20 14:17:00,1,2,137.8,35.1,102.7,476,1,102.7,1,2,1,沉睡/低频
18124,2010-08-24 17:21:00,2010-08-24 17:21:00,1,0,102.65,0.0,102.65,472,1,102.65,1,2,1,沉睡/低频
17467,2010-11-09 12:58:00,2010-11-09 12:58:00,1,0,102.6,0.0,102.6,395,1,102.6,2,2,1,沉睡/低频
14836,2011-11-09 13:26:00,2011-11-29 16:45:00,3,0,102.45,0.0,102.45,10,3,102.45,5,3,1,潜力客户
15486,2010-06-30 13:15:00,2010-06-30 13:15:00,1,0,102.0,0.0,102.0,527,1,102.0,1,2,1,沉睡/低频
16462,2011-03-01 08:58:00,2011-09-27 10:24:00,3,1,136.0,34.0,102.0,73,3,102.0,3,3,1,潜力客户
16516,2011-11-09 14:59:00,2011-11-09 14:59:00,1,0,101.7,0.0,101.7,30,1,101.7,4,2,1,新近客户
18068,2011-02-23 14:50:00,2011-02-23 14:50:00,1,0,101.7,0.0,101.7,289,1,101.7,2,2,1,沉睡/低频
16944,2010-04-09 11:03:00,2010-04-09 11:03:00,1,0,101.36,0.0,101.36,609,1,101.36,1,2,1,沉睡/低频
18086,2011-03-10 13:34:00,2011-03-10 13:34:00,1,0,101.34,0.0,101.34,274,1,101.34,2,2,1,沉睡/低频
13235,2011-05-11 17:13:00,2011-05-11 17:13:00,1,1,1031.07,929.9,101.17,212,1,101.17,2,2,1,沉睡/低频
18195,2010-11-17 15:03:00,2010-11-17 15:03:00,1,0,101.16,0.0,101.16,387,1,101.16,2,2,1,沉睡/低频
17741,2010-05-28 12:11:00,2010-10-29 11:59:00,2,0,101.1,0.0,101.1,406,2,101.1,2,3,1,高价值流失风险
17493,2010-11-19 16:57:00,2010-11-19 16:57:00,1,0,100.91,0.0,100.91,385,1,100.91,2,2,1,沉睡/低频
14946,2011-11-25 13:33:00,2011-11-25 13:33:00,1,0,100.9,0.0,100.9,14,1,100.9,5,2,1,新近客户
17224,2010-07-26 13:30:00,2010-07-26 13:30:00,1,0,100.86,0.0,100.86,501,1,100.86,1,2,1,沉睡/低频
17427,2011-09-29 11:29:00,2011-09-29 11:29:00,1,0,100.8,0.0,100.8,71,1,100.8,3,2,1,潜力客户
14371,2011-02-17 16:35:00,2011-02-17 16:35:00,1,0,100.5,0.0,100.5,295,1,100.5,2,2,1,沉睡/低频
15635,2010-11-09 08:58:00,2010-11-09 08:58:00,1,0,100.35,0.0,100.35,395,1,100.35,2,2,1,沉睡/低频
13703,2010-10-20 13:11:00,2011-01-25 13:10:00,2,1,425.56,326.06,99.5,318,2,99.5,2,3,1,高价值流失风险
17939,2011-07-03 12:27:00,2011-07-03 12:27:00,1,0,99.14,0.0,99.14,159,1,99.14,3,2,1,潜力客户
16289,2010-09-03 14:02:00,2010-09-03 14:02:00,1,1,136.31,37.5,98.81,462,1,98.81,1,2,1,沉睡/低频
12774,2010-06-22 10:38:00,2010-06-22 10:38:00,1,0,98.7,0.0,98.7,535,1,98.7,1,2,1,沉睡/低频
17538,2011-11-14 12:12:00,2011-11-14 12:12:00,1,0,98.42,0.0,98.42,25,1,98.42,4,2,1,新近客户
16694,2009-12-16 15:45:00,2009-12-16 15:45:00,1,0,98.3,0.0,98.3,723,1,98.3,1,2,1,沉睡/低频
17395,2010-07-19 15:34:00,2010-07-19 15:34:00,1,0,97.5,0.0,97.5,508,1,97.5,1,2,1,沉睡/低频
12984,2011-11-21 12:37:00,2011-11-21 12:37:00,1,0,97.5,0.0,97.5,18,1,97.5,5,2,1,新近客户
14642,2011-10-12 11:08:00,2011-10-12 11:08:00,1,0,96.12,0.0,96.12,58,1,96.12,3,2,1,潜力客户
17816,2009-12-15 15:27:00,2011-11-03 11:34:00,6,0,96.11,0.0,96.11,36,6,96.11,4,4,1,忠诚客户
13793,2010-03-03 08:25:00,2010-03-03 08:25:00,1,0,96.0,0.0,96.0,646,1,96.0,1,2,1,沉睡/低频
15583,2010-11-28 15:04:00,2010-11-28 15:04:00,1,0,95.96,0.0,95.96,376,1,95.96,2,2,1,沉睡/低频
17024,2011-07-05 09:31:00,2011-10-25 13:47:00,3,0,95.85,0.0,95.85,45,3,95.85,4,3,1,潜力客户
17895,2011-10-26 17:00:00,2011-10-26 17:00:00,1,0,95.45,0.0,95.45,44,1,95.45,4,2,1,新近客户
18249,2011-11-22 15:07:00,2011-11-22 15:07:00,1,0,95.34,0.0,95.34,17,1,95.34,5,2,1,新近客户
12548,2011-06-26 15:35:00,2011-06-26 15:35:00,1,0,95.2,0.0,95.2,166,1,95.2,3,2,1,潜力客户
15285,2010-10-28 09:46:00,2010-10-28 09:46:00,1,0,94.92,0.0,94.92,407,1,94.92,2,2,1,沉睡/低频
14833,2010-07-29 10:06:00,2010-07-29 10:06:00,1,0,94.8,0.0,94.8,498,1,94.8,1,2,1,沉睡/低频
15868,2010-05-05 14:11:00,2010-05-05 14:11:00,1,0,94.53,0.0,94.53,583,1,94.53,1,2,1,沉睡/低频
16073,2011-02-15 15:41:00,2011-02-15 15:41:00,1,1,122.4,28.05,94.35,297,1,94.35,2,2,1,沉睡/低频
16339,2011-02-28 13:41:00,2011-02-28 13:41:00,1,0,94.05,0.0,94.05,284,1,94.05,2,2,1,沉睡/低频
15397,2011-02-23 09:25:00,2011-02-23 09:25:00,1,0,94.0,0.0,94.0,289,1,94.0,2,2,1,沉睡/低频
18033,2011-10-05 17:28:00,2011-10-05 17:28:00,1,0,93.82,0.0,93.82,65,1,93.82,3,2,1,潜力客户
14394,2010-05-24 10:43:00,2010-05-24 10:43:00,1,0,93.8,0.0,93.8,564,1,93.8,1,2,1,沉睡/低频
18227,2010-08-12 16:45:00,2011-05-06 12:23:00,2,1,388.75,295.0,93.75,217,2,93.75,2,3,1,高价值流失风险
15305,2010-06-02 13:50:00,2010-06-02 13:50:00,1,0,93.6,0.0,93.6,555,1,93.6,1,2,1,沉睡/低频
15082,2010-02-09 10:23:00,2010-02-09 10:23:00,1,0,93.35,0.0,93.35,668,1,93.35,1,2,1,沉睡/低频
12992,2009-12-14 16:46:00,2009-12-14 16:46:00,1,0,93.35,0.0,93.35,725,1,93.35,1,2,1,沉睡/低频
15816,2010-06-15 12:54:00,2010-06-15 13:36:00,2,1,144.15,50.85,93.3,542,2,93.3,1,3,1,高价值流失风险
16196,2010-08-08 11:40:00,2010-08-08 11:40:00,1,0,93.3,0.0,93.3,488,1,93.3,1,2,1,沉睡/低频
14865,2009-12-01 16:05:00,2011-12-02 16:25:00,4,0,92.52,0.0,92.52,7,4,92.52,5,4,1,忠诚客户
14054,2011-10-05 15:49:00,2011-10-05 15:49:00,1,0,92.46,0.0,92.46,65,1,92.46,3,2,1,潜力客户
13160,2011-11-17 13:07:00,2011-11-17 13:07:00,1,0,91.8,0.0,91.8,22,1,91.8,4,2,1,新近客户
16831,2010-05-24 09:08:00,2010-05-24 09:08:00,1,0,91.8,0.0,91.8,564,1,91.8,1,2,1,沉睡/低频
12659,2011-11-10 11:53:00,2011-11-10 11:53:00,1,0,91.68,0.0,91.68,29,1,91.68,4,2,1,新近客户
13392,2010-01-31 13:34:00,2010-01-31 13:34:00,1,0,91.14,0.0,91.14,677,1,91.14,1,2,1,沉睡/低频
14786,2010-06-07 13:42:00,2010-06-07 13:42:00,1,0,90.96,0.0,90.96,550,1,90.96,1,2,1,沉睡/低频
13947,2011-10-05 14:42:00,2011-10-05 14:42:00,1,0,90.6,0.0,90.6,65,1,90.6,3,2,1,潜力客户
14435,2010-07-26 12:33:00,2010-07-26 12:33:00,1,0,90.42,0.0,90.42,501,1,90.42,1,2,1,沉睡/低频
16506,2011-10-30 15:50:00,2011-11-20 12:17:00,2,0,90.3,0.0,90.3,19,2,90.3,4,3,1,潜力客户
16597,2011-12-05 15:44:00,2011-12-05 15:44:00,1,0,90.04,0.0,90.04,4,1,90.04,5,2,1,新近客户
15686,2010-10-15 13:50:00,2010-10-15 13:50:00,1,0,90.0,0.0,90.0,420,1,90.0,1,2,1,沉睡/低频
14117,2011-07-19 09:49:00,2011-07-19 09:49:00,1,0,90.0,0.0,90.0,143,1,90.0,3,2,1,潜力客户
14974,2011-11-02 13:01:00,2011-11-02 13:01:00,1,0,89.94,0.0,89.94,37,1,89.94,4,2,1,新近客户
13535,2010-11-02 11:49:00,2010-11-02 11:49:00,1,0,89.5,0.0,89.5,402,1,89.5,2,2,1,沉睡/低频
12686,2010-12-03 09:51:00,2010-12-03 09:51:00,1,0,89.14,0.0,89.14,371,1,89.14,2,2,1,沉睡/低频
13222,2010-05-11 13:54:00,2010-05-11 13:54:00,1,0,88.5,0.0,88.5,577,1,88.5,1,2,1,沉睡/低频
15083,2011-03-28 12:18:00,2011-03-28 12:18:00,1,0,88.2,0.0,88.2,256,1,88.2,2,2,1,沉睡/低频
16564,2010-05-19 14:41:00,2010-05-19 14:41:00,1,0,87.8,0.0,87.8,569,1,87.8,1,2,1,沉睡/低频
17606,2009-12-02 13:32:00,2009-12-02 13:32:00,1,0,87.3,0.0,87.3,737,1,87.3,1,2,1,沉睡/低频
16498,2011-06-30 19:52:00,2011-07-01 15:07:00,2,1,100.97,14.85,86.12,161,2,86.12,3,3,1,潜力客户
13180,2010-04-11 13:37:00,2010-04-11 13:37:00,1,0,86.1,0.0,86.1,607,1,86.1,1,2,1,沉睡/低频
15541,2011-08-17 14:58:00,2011-08-17 14:58:00,1,0,85.13,0.0,85.13,114,1,85.13,3,2,1,潜力客户
13841,2011-04-01 12:10:00,2011-04-01 12:10:00,1,0,85.0,0.0,85.0,252,1,85.0,2,2,1,沉睡/低频
12401,2011-02-09 13:50:00,2011-02-09 13:50:00,1,0,84.3,0.0,84.3,303,1,84.3,2,2,1,沉睡/低频
15094,2010-03-05 12:56:00,2010-09-02 16:55:00,2,0,83.0,0.0,83.0,463,2,83.0,1,3,1,高价值流失风险
14347,2009-12-03 10:49:00,2009-12-03 10:49:00,1,0,82.6,0.0,82.6,736,1,82.6,1,2,1,沉睡/低频
13469,2010-02-24 15:03:00,2010-02-24 15:03:00,1,0,82.4,0.0,82.4,653,1,82.4,1,2,1,沉睡/低频
17065,2010-03-12 11:40:00,2010-03-12 11:41:00,2,1,194.7,112.35,82.35,637,2,82.35,1,3,1,高价值流失风险
16028,2010-04-23 11:45:00,2010-04-23 11:45:00,1,0,82.2,0.0,82.2,595,1,82.2,1,2,1,沉睡/低频
13215,2010-11-02 18:26:00,2010-11-02 18:26:00,1,0,81.6,0.0,81.6,402,1,81.6,2,2,1,沉睡/低频
13006,2011-10-14 13:49:00,2011-10-14 13:49:00,1,0,81.57,0.0,81.57,56,1,81.57,4,2,1,新近客户
17620,2011-10-11 12:08:00,2011-10-11 12:08:00,1,0,81.44,0.0,81.44,59,1,81.44,3,2,1,潜力客户
17008,2010-10-06 15:19:00,2010-10-06 15:19:00,1,0,81.36,0.0,81.36,429,1,81.36,1,2,1,沉睡/低频
15170,2010-10-29 10:34:00,2010-10-29 10:34:00,1,0,81.15,0.0,81.15,406,1,81.15,2,2,1,沉睡/低频
17336,2010-08-24 15:37:00,2010-08-24 15:37:00,1,0,81.12,0.0,81.12,472,1,81.12,1,2,1,沉睡/低频
16789,2011-12-01 15:12:00,2011-12-01 15:12:00,1,0,80.8,0.0,80.8,8,1,80.8,5,2,1,新近客户
17752,2010-12-15 16:19:00,2010-12-15 16:19:00,1,0,80.64,0.0,80.64,359,1,80.64,2,2,1,沉睡/低频
15833,2009-12-02 11:59:00,2009-12-02 11:59:00,1,0,80.4,0.0,80.4,737,1,80.4,1,2,1,沉睡/低频
15131,2010-11-10 12:07:00,2010-11-10 12:07:00,1,0,80.28,0.0,80.28,394,1,80.28,2,2,1,沉睡/低频
14109,2011-09-28 10:18:00,2011-09-28 10:18:00,1,1,144.2,64.0,80.2,72,1,80.2,3,2,1,潜力客户
14190,2010-02-11 14:27:00,2010-02-11 14:27:00,1,0,79.9,0.0,79.9,666,1,79.9,1,2,1,沉睡/低频
16165,2010-07-22 14:17:00,2010-07-22 14:17:00,1,0,79.9,0.0,79.9,505,1,79.9,1,2,1,沉睡/低频
14007,2010-07-15 09:06:00,2010-07-15 09:06:00,1,0,79.48,0.0,79.48,512,1,79.48,1,2,1,沉睡/低频
15753,2011-02-08 12:41:00,2011-02-08 12:41:00,1,0,79.2,0.0,79.2,304,1,79.2,2,2,1,沉睡/低频
12570,2010-01-26 17:28:00,2010-01-26 17:28:00,1,0,77.52,0.0,77.52,682,1,77.52,1,2,1,沉睡/低频
17942,2011-12-02 10:45:00,2011-12-02 10:45:00,1,0,77.5,0.0,77.5,7,1,77.5,5,2,1,新近客户
14785,2011-11-24 13:40:00,2011-11-29 13:21:00,2,0,77.4,0.0,77.4,10,2,77.4,5,3,1,潜力客户
13132,2011-03-23 12:44:00,2011-03-23 12:44:00,1,0,77.3,0.0,77.3,261,1,77.3,2,2,1,沉睡/低频
16867,2010-01-19 09:11:00,2010-01-19 09:11:00,1,0,76.74,0.0,76.74,689,1,76.74,1,2,1,沉睡/低频
14373,2010-12-16 15:40:00,2010-12-16 15:40:00,1,0,76.55,0.0,76.55,358,1,76.55,2,2,1,沉睡/低频
14090,2011-01-19 10:51:00,2011-01-19 10:51:00,1,0,76.32,0.0,76.32,324,1,76.32,2,2,1,沉睡/低频
18113,2010-12-06 12:31:00,2010-12-06 12:31:00,1,0,76.32,0.0,76.32,368,1,76.32,2,2,1,沉睡/低频
14613,2010-01-28 13:02:00,2010-01-28 13:02:00,1,0,76.32,0.0,76.32,680,1,76.32,1,2,1,沉睡/低频
15668,2011-05-06 10:39:00,2011-05-06 10:39:00,1,0,76.32,0.0,76.32,217,1,76.32,2,2,1,沉睡/低频
13219,2010-03-31 14:18:00,2010-03-31 14:18:00,1,0,76.23,0.0,76.23,618,1,76.23,1,2,1,沉睡/低频
17628,2011-09-19 15:21:00,2011-09-19 15:21:00,1,0,75.75,0.0,75.75,81,1,75.75,3,2,1,潜力客户
16610,2011-05-04 13:13:00,2011-05-04 13:13:00,1,0,75.66,0.0,75.66,219,1,75.66,2,2,1,沉睡/低频
14559,2010-11-14 16:05:00,2010-11-14 16:05:00,1,0,75.6,0.0,75.6,390,1,75.6,2,2,1,沉睡/低频
17192,2010-06-21 16:07:00,2010-06-21 16:07:00,1,0,75.28,0.0,75.28,536,1,75.28,1,2,1,沉睡/低频
16420,2010-11-08 15:15:00,2010-11-08 15:15:00,1,0,75.0,0.0,75.0,396,1,75.0,2,2,1,沉睡/低频
17944,2010-10-12 16:25:00,2010-10-12 16:25:00,1,0,74.99,0.0,74.99,423,1,74.99,1,2,1,沉睡/低频
15603,2010-03-01 16:02:00,2011-09-22 10:04:00,2,1,88.48,13.75,74.73,78,2,74.73,3,3,1,潜力客户
13095,2011-09-30 12:03:00,2011-09-30 12:03:00,1,0,74.4,0.0,74.4,70,1,74.4,3,2,1,潜力客户
12506,2011-04-21 08:54:00,2011-04-21 08:54:00,1,0,73.5,0.0,73.5,232,1,73.5,2,2,1,沉睡/低频
18032,2011-01-09 15:32:00,2011-01-09 15:32:00,1,0,73.5,0.0,73.5,334,1,73.5,2,2,1,沉睡/低频
16171,2011-10-11 14:51:00,2011-10-11 14:51:00,1,0,73.2,0.0,73.2,59,1,73.2,3,2,1,潜力客户
17906,2011-04-06 17:25:00,2011-04-06 17:25:00,1,0,72.9,0.0,72.9,247,1,72.9,2,2,1,沉睡/低频
14717,2009-12-06 13:05:00,2009-12-06 13:05:00,1,1,81.3,8.5,72.8,733,1,72.8,1,2,1,沉睡/低频
13105,2010-09-29 13:41:00,2010-09-29 13:41:00,1,0,72.0,0.0,72.0,436,1,72.0,1,2,1,沉睡/低频
16459,2009-12-10 12:42:00,2009-12-10 12:42:00,1,0,71.79,0.0,71.79,729,1,71.79,1,2,1,沉睡/低频
13938,2011-11-04 14:37:00,2011-11-04 14:37:00,1,0,71.66,0.0,71.66,35,1,71.66,4,2,1,新近客户
13185,2011-03-17 11:56:00,2011-03-17 11:56:00,1,0,71.4,0.0,71.4,267,1,71.4,2,2,1,沉睡/低频
16970,2010-03-23 13:50:00,2010-03-23 13:50:00,1,0,71.4,0.0,71.4,626,1,71.4,1,2,1,沉睡/低频
15564,2010-02-01 15:58:00,2010-09-02 15:52:00,2,0,70.74,0.0,70.74,463,2,70.74,1,3,1,高价值流失风险
16581,2011-06-10 10:05:00,2011-06-10 10:05:00,1,1,105.84,35.4,70.44,182,1,70.44,3,2,1,潜力客户
12568,2010-03-05 09:15:00,2010-03-05 09:15:00,1,0,70.0,0.0,70.0,644,1,70.0,1,2,1,沉睡/低频
13172,2010-11-04 15:10:00,2010-11-04 15:10:00,1,0,69.6,0.0,69.6,400,1,69.6,2,2,1,沉睡/低频
12861,2010-03-30 11:39:00,2010-03-30 11:39:00,1,0,68.25,0.0,68.25,619,1,68.25,1,2,1,沉睡/低频
17249,2010-10-07 11:33:00,2010-10-07 11:33:00,1,0,68.03,0.0,68.03,428,1,68.03,1,2,1,沉睡/低频
14393,2011-05-05 18:16:00,2011-05-05 18:16:00,1,0,67.95,0.0,67.95,218,1,67.95,2,2,1,沉睡/低频
17532,2010-11-19 08:13:00,2010-11-19 08:13:00,1,0,65.34,0.0,65.34,385,1,65.34,2,2,1,沉睡/低频
13022,2010-10-06 10:50:00,2010-10-06 10:50:00,1,0,65.3,0.0,65.3,429,1,65.3,1,2,1,沉睡/低频
17747,2011-08-19 08:13:00,2011-08-19 08:13:00,1,1,71.4,6.75,64.65,112,1,64.65,3,2,1,潜力客户
13130,2011-09-06 15:30:00,2011-09-06 15:30:00,1,0,64.0,0.0,64.0,94,1,64.0,3,2,1,潜力客户
16238,2010-10-13 12:36:00,2010-10-13 12:36:00,1,0,63.66,0.0,63.66,422,1,63.66,1,2,1,沉睡/低频
17216,2010-06-03 13:03:00,2010-06-03 13:03:00,1,0,63.6,0.0,63.6,554,1,63.6,1,2,1,沉睡/低频
17263,2011-05-15 14:32:00,2011-05-15 14:32:00,1,0,63.44,0.0,63.44,208,1,63.44,2,2,1,沉睡/低频
15470,2010-05-13 09:35:00,2010-05-13 09:35:00,1,0,63.42,0.0,63.42,575,1,63.42,1,2,1,沉睡/低频
12404,2010-01-26 16:25:00,2010-01-26 16:25:00,1,0,63.24,0.0,63.24,682,1,63.24,1,2,1,沉睡/低频
16058,2010-10-29 16:48:00,2010-10-29 16:48:00,1,0,62.7,0.0,62.7,406,1,62.7,2,2,1,沉睡/低频
13218,2011-08-04 16:59:00,2011-08-04 16:59:00,1,0,62.64,0.0,62.64,127,1,62.64,3,2,1,潜力客户
14650,2010-04-29 20:27:00,2010-04-29 20:27:00,1,0,62.5,0.0,62.5,589,1,62.5,1,2,1,沉睡/低频
15516,2011-10-24 11:33:00,2011-10-26 10:51:00,3,0,62.43,0.0,62.43,44,3,62.43,4,3,1,潜力客户
13380,2010-10-03 10:18:00,2010-10-03 10:18:00,1,0,62.4,0.0,62.4,432,1,62.4,1,2,1,沉睡/低频
13303,2010-11-04 14:55:00,2010-11-04 14:55:00,1,0,61.72,0.0,61.72,400,1,61.72,2,2,1,沉睡/低频
13818,2010-10-06 12:35:00,2010-10-06 12:35:00,1,0,61.28,0.0,61.28,429,1,61.28,1,2,1,沉睡/低频
15375,2010-01-18 15:38:00,2010-01-18 15:38:00,1,0,60.96,0.0,60.96,690,1,60.96,1,2,1,沉睡/低频
18256,2010-11-17 08:53:00,2010-11-17 08:53:00,1,1,110.7,50.1,60.6,387,1,60.6,2,2,1,沉睡/低频
16605,2009-12-15 19:03:00,2009-12-15 19:03:00,1,0,60.48,0.0,60.48,724,1,60.48,1,2,1,沉睡/低频
15250,2010-03-09 07:35:00,2010-03-09 07:35:00,1,0,60.0,0.0,60.0,640,1,60.0,1,2,1,沉睡/低频
17174,2011-05-06 11:47:00,2011-05-06 11:47:00,1,0,59.9,0.0,59.9,217,1,59.9,2,2,1,沉睡/低频
13391,2011-05-20 10:50:00,2011-05-20 10:50:00,1,0,59.8,0.0,59.8,203,1,59.8,2,2,1,沉睡/低频
13682,2011-06-05 14:06:00,2011-06-05 14:06:00,1,0,59.5,0.0,59.5,187,1,59.5,3,2,1,潜力客户
15233,2010-11-03 13:36:00,2010-11-03 13:36:00,1,0,59.4,0.0,59.4,401,1,59.4,2,2,1,沉睡/低频
15371,2010-02-15 13:14:00,2010-02-15 13:14:00,1,0,59.4,0.0,59.4,662,1,59.4,1,2,1,沉睡/低频
14384,2010-07-27 09:53:00,2010-07-27 09:53:00,1,0,58.5,0.0,58.5,500,1,58.5,1,2,1,沉睡/低频
12466,2010-01-26 16:26:00,2010-01-26 16:26:00,1,0,56.73,0.0,56.73,682,1,56.73,1,2,1,沉睡/低频
17775,2011-03-30 10:50:00,2011-03-30 10:50:00,1,0,56.4,0.0,56.4,254,1,56.4,2,2,1,沉睡/低频
15899,2010-12-06 10:36:00,2010-12-06 10:36:00,1,0,56.25,0.0,56.25,368,1,56.25,2,2,1,沉睡/低频
13366,2011-10-20 13:37:00,2011-10-20 13:37:00,1,0,56.16,0.0,56.16,50,1,56.16,4,2,1,新近客户
15685,2010-09-15 13:43:00,2010-09-15 13:43:00,1,0,55.98,0.0,55.98,450,1,55.98,1,2,1,沉睡/低频
12776,2010-02-10 12:11:00,2010-02-10 12:11:00,1,0,55.5,0.0,55.5,667,1,55.5,1,2,1,沉睡/低频
17494,2010-07-26 10:06:00,2010-07-26 10:06:00,1,0,54.7,0.0,54.7,501,1,54.7,1,2,1,沉睡/低频
12860,2010-01-15 15:22:00,2010-01-15 15:22:00,1,0,54.22,0.0,54.22,693,1,54.22,1,2,1,沉睡/低频
14760,2011-02-15 16:27:00,2011-02-15 16:27:00,1,1,89.2,35.4,53.8,297,1,53.8,2,2,1,沉睡/低频
13306,2010-10-05 14:55:00,2010-10-05 14:55:00,1,0,53.65,0.0,53.65,430,1,53.65,1,2,1,沉睡/低频
16349,2011-02-22 12:40:00,2011-02-22 12:40:00,1,0,53.5,0.0,53.5,290,1,53.5,2,2,1,沉睡/低频
15313,2011-08-21 16:02:00,2011-08-21 16:02:00,1,0,52.0,0.0,52.0,110,1,52.0,3,2,1,潜力客户
16786,2010-11-11 08:25:00,2010-11-11 08:25:00,1,0,51.84,0.0,51.84,393,1,51.84,2,2,1,沉睡/低频
17844,2011-08-25 11:27:00,2011-08-25 11:27:00,1,0,51.56,0.0,51.56,106,1,51.56,3,2,1,潜力客户
13254,2010-11-28 15:42:00,2010-11-28 15:42:00,1,0,51.41,0.0,51.41,376,1,51.41,2,2,1,沉睡/低频
17763,2010-02-18 14:32:00,2011-03-21 14:25:00,4,1,86.15,35.0,51.15,263,4,51.15,2,4,1,高价值流失风险
14351,2011-06-28 11:56:00,2011-06-28 11:56:00,1,0,51.0,0.0,51.0,164,1,51.0,3,2,1,潜力客户
13011,2010-12-02 17:22:00,2010-12-02 17:22:00,1,0,50.55,0.0,50.55,372,1,50.55,2,2,1,沉睡/低频
14743,2010-04-26 10:26:00,2010-04-26 10:26:00,1,0,50.48,0.0,50.48,592,1,50.48,1,2,1,沉睡/低频
18184,2011-11-24 15:28:00,2011-11-24 15:28:00,1,0,49.8,0.0,49.8,15,1,49.8,5,2,1,新近客户
16530,2010-02-09 15:30:00,2010-02-09 15:30:00,1,0,48.35,0.0,48.35,668,1,48.35,1,2,1,沉睡/低频
16257,2011-06-16 10:11:00,2011-06-16 10:11:00,1,0,46.95,0.0,46.95,176,1,46.95,3,2,1,潜力客户
13438,2010-06-10 18:46:00,2010-06-10 18:46:00,1,0,46.5,0.0,46.5,547,1,46.5,1,2,1,沉睡/低频
15698,2010-03-25 17:38:00,2010-03-25 17:38:00,1,0,46.2,0.0,46.2,624,1,46.2,1,2,1,沉睡/低频
12496,2010-03-29 13:57:00,2010-03-29 14:06:00,2,0,45.34,0.0,45.34,620,2,45.34,1,3,1,高价值流失风险
15672,2009-12-14 16:52:00,2009-12-14 16:52:00,1,0,45.3,0.0,45.3,725,1,45.3,1,2,1,沉睡/低频
16061,2010-10-04 15:29:00,2010-10-04 15:29:00,1,2,89.65,44.7,44.95,431,1,44.95,1,2,1,沉睡/低频
17599,2010-08-19 12:50:00,2010-08-19 12:50:00,1,2,52.05,7.5,44.55,477,1,44.55,1,2,1,沉睡/低频
17916,2009-12-06 14:10:00,2010-03-21 12:26:00,2,0,43.87,0.0,43.87,628,2,43.87,1,3,1,高价值流失风险
14300,2011-11-21 08:57:00,2011-11-21 08:57:00,1,0,43.2,0.0,43.2,18,1,43.2,5,2,1,新近客户
13913,2010-07-21 10:11:00,2010-07-21 10:11:00,1,0,42.22,0.0,42.22,506,1,42.22,1,2,1,沉睡/低频
13906,2010-10-26 15:00:00,2010-10-26 15:00:00,1,0,42.0,0.0,42.0,409,1,42.0,2,2,1,沉睡/低频
16219,2010-07-27 11:44:00,2010-07-27 11:44:00,1,0,40.8,0.0,40.8,500,1,40.8,1,2,1,沉睡/低频
14266,2010-10-07 13:32:00,2010-10-07 13:32:00,1,0,40.56,0.0,40.56,428,1,40.56,1,2,1,沉睡/低频
15178,2011-03-24 15:12:00,2011-03-24 15:12:00,1,0,40.5,0.0,40.5,260,1,40.5,2,2,1,沉睡/低频
14086,2010-09-03 10:52:00,2010-09-03 10:52:00,1,0,39.95,0.0,39.95,462,1,39.95,1,2,1,沉睡/低频
14589,2010-12-03 11:42:00,2010-12-03 11:42:00,1,0,39.75,0.0,39.75,371,1,39.75,2,2,1,沉睡/低频
16659,2011-06-03 15:03:00,2011-06-03 15:03:00,1,0,39.12,0.0,39.12,189,1,39.12,2,2,1,沉睡/低频
17246,2009-12-01 17:45:00,2010-06-11 12:36:00,2,0,38.92,0.0,38.92,546,2,38.92,1,3,1,高价值流失风险
18019,2011-10-19 12:10:00,2011-10-19 12:10:00,1,0,38.45,0.0,38.45,51,1,38.45,4,2,1,新近客户
15455,2010-04-21 12:43:00,2010-04-21 12:43:00,1,0,38.25,0.0,38.25,597,1,38.25,1,2,1,沉睡/低频
15693,2010-02-18 14:37:00,2010-02-18 14:37:00,1,0,37.5,0.0,37.5,659,1,37.5,1,2,1,沉睡/低频
16162,2011-04-01 15:03:00,2011-04-01 15:03:00,1,0,37.4,0.0,37.4,252,1,37.4,2,2,1,沉睡/低频
17352,2010-01-12 16:13:00,2010-01-12 16:13:00,1,0,36.25,0.0,36.25,696,1,36.25,1,2,1,沉睡/低频
14993,2010-05-25 12:47:00,2010-05-25 12:47:00,1,0,36.13,0.0,36.13,563,1,36.13,1,2,1,沉睡/低频
16417,2010-08-04 09:08:00,2010-08-04 09:08:00,1,0,35.7,0.0,35.7,492,1,35.7,1,2,1,沉睡/低频
14576,2010-12-02 17:51:00,2010-12-02 17:51:00,1,0,35.4,0.0,35.4,372,1,35.4,2,2,1,沉睡/低频
17831,2011-11-06 15:09:00,2011-11-06 15:09:00,1,0,35.4,0.0,35.4,33,1,35.4,4,2,1,新近客户
17533,2010-10-01 09:14:00,2010-10-01 09:14:00,1,0,34.8,0.0,34.8,434,1,34.8,1,2,1,沉睡/低频
15744,2011-09-23 09:52:00,2011-09-23 09:52:00,1,0,34.8,0.0,34.8,77,1,34.8,3,2,1,潜力客户
15871,2010-09-28 14:16:00,2010-09-28 14:16:00,1,0,33.1,0.0,33.1,437,1,33.1,1,2,1,沉睡/低频
16941,2010-04-07 11:13:00,2010-04-07 11:13:00,1,0,33.0,0.0,33.0,611,1,33.0,1,2,1,沉睡/低频
14977,2009-12-14 10:37:00,2009-12-14 10:37:00,1,0,31.93,0.0,31.93,725,1,31.93,1,2,1,沉睡/低频
17129,2010-07-07 13:46:00,2010-07-07 13:46:00,1,0,31.85,0.0,31.85,520,1,31.85,1,2,1,沉睡/低频
13915,2010-11-10 15:17:00,2010-11-10 15:17:00,1,1,70.8,39.6,31.2,394,1,31.2,2,2,1,沉睡/低频
13120,2011-04-15 10:19:00,2011-04-15 10:19:00,1,0,30.6,0.0,30.6,238,1,30.6,2,2,1,沉睡/低频
14144,2010-08-10 15:17:00,2010-08-10 15:17:00,1,0,30.6,0.0,30.6,486,1,30.6,1,2,1,沉睡/低频
16548,2010-04-19 16:15:00,2010-04-19 16:15:00,1,0,30.15,0.0,30.15,599,1,30.15,1,2,1,沉睡/低频
15575,2010-03-30 12:50:00,2010-03-30 12:50:00,1,0,30.1,0.0,30.1,619,1,30.1,1,2,1,沉睡/低频
15657,2011-11-17 12:19:00,2011-11-17 12:19:00,1,0,30.0,0.0,30.0,22,1,30.0,4,2,1,新近客户
17319,2010-02-08 15:47:00,2010-02-08 15:47:00,1,0,29.1,0.0,29.1,669,1,29.1,1,2,1,沉睡/低频
17102,2011-03-23 10:08:00,2011-03-23 10:08:00,1,0,25.5,0.0,25.5,261,1,25.5,2,2,1,沉睡/低频
15284,2010-07-27 13:25:00,2010-07-27 13:25:00,1,0,24.75,0.0,24.75,500,1,24.75,1,2,1,沉睡/低频
14610,2010-07-13 16:06:00,2010-11-09 10:58:00,2,0,24.35,0.0,24.35,395,2,24.35,2,3,1,高价值流失风险
16537,2010-03-08 13:41:00,2010-03-08 13:41:00,1,0,23.35,0.0,23.35,641,1,23.35,1,2,1,沉睡/低频
12606,2010-01-26 16:23:00,2010-01-26 16:23:00,1,0,21.0,0.0,21.0,682,1,21.0,1,2,1,沉睡/低频
16953,2011-11-09 15:54:00,2011-11-09 15:54:00,1,0,20.8,0.0,20.8,30,1,20.8,4,2,1,新近客户
17986,2011-10-14 14:22:00,2011-10-14 14:22:00,1,0,20.8,0.0,20.8,56,1,20.8,4,2,1,新近客户
15999,2009-12-04 12:31:00,2009-12-04 12:31:00,1,0,20.4,0.0,20.4,735,1,20.4,1,2,1,沉睡/低频
16093,2011-08-25 11:09:00,2011-08-25 11:09:00,1,0,17.0,0.0,17.0,106,1,17.0,3,2,1,潜力客户
12846,2010-01-26 16:29:00,2010-01-26 16:29:00,1,0,15.58,0.0,15.58,682,1,15.58,1,2,1,沉睡/低频
17900,2011-06-02 14:28:00,2011-06-02 14:38:00,2,2,112.2,97.2,15.0,190,2,15.0,2,3,1,高价值流失风险
14580,2010-07-09 15:20:00,2010-07-09 15:20:00,1,0,14.85,0.0,14.85,518,1,14.85,1,2,1,沉睡/低频
14900,2010-07-05 15:09:00,2010-07-05 15:09:00,1,0,13.92,0.0,13.92,522,1,13.92,1,2,1,沉睡/低频
17956,2011-04-04 13:47:00,2011-04-04 13:47:00,1,0,12.75,0.0,12.75,249,1,12.75,2,2,1,沉睡/低频
18115,2010-01-11 11:57:00,2010-01-11 11:57:00,1,0,9.7,0.0,9.7,697,1,9.7,1,2,1,沉睡/低频
15040,2010-06-16 11:40:00,2010-06-16 11:40:00,1,0,7.49,0.0,7.49,541,1,7.49,1,2,1,沉睡/低频
15913,2010-06-23 16:31:00,2010-06-23 16:31:00,1,0,6.3,0.0,6.3,534,1,6.3,1,2,1,沉睡/低频
16738,2011-02-15 09:46:00,2011-02-15 09:46:00,1,0,3.75,0.0,3.75,297,1,3.75,2,2,1,沉睡/低频
13788,2010-07-22 15:50:00,2010-07-22 15:50:00,1,0,3.75,0.0,3.75,505,1,3.75,1,2,1,沉睡/低频
14095,2009-12-17 12:49:00,2009-12-17 12:49:00,1,0,2.95,0.0,2.95,722,1,2.95,1,2,1,沉睡/低频
16454,2010-04-07 15:54:00,2011-10-26 11:40:00,4,4,30.95,29.05,1.9,44,4,1.9,4,4,1,忠诚客户
14792,2011-10-07 09:19:00,2011-10-07 09:19:00,1,1,6.2,6.2,0.0,63,1,0.0,3,2,1,潜力客户
15940,2011-02-01 16:18:00,2011-02-01 16:18:00,1,2,35.8,35.8,0.0,311,1,0.0,2,2,1,沉睡/低频
16252,2010-11-22 11:57:00,2010-11-22 11:57:00,1,1,295.09,295.09,0.0,382,1,0.0,2,2,1,沉睡/低频
16878,2011-09-16 17:39:00,2011-09-16 17:39:00,1,1,13.3,13.3,0.0,84,1,0.0,3,2,1,潜力客户
16886,2010-09-09 15:08:00,2010-09-09 15:08:00,1,1,134.0,134.0,0.0,456,1,0.0,1,2,1,沉睡/低频
17378,2010-11-30 18:46:00,2010-11-30 18:46:00,1,1,10.95,10.95,0.0,374,1,0.0,2,2,1,沉睡/低频
17570,2010-11-23 11:56:00,2010-11-23 11:56:00,1,1,100.0,100.0,0.0,381,1,0.0,2,2,1,沉睡/低频
17592,2009-12-01 10:49:00,2009-12-01 10:49:00,1,1,148.3,148.3,0.0,738,1,0.0,1,2,1,沉睡/低频
18072,2011-06-07 10:44:00,2011-06-07 10:44:00,1,1,247.44,247.44,0.0,185,1,0.0,3,2,1,潜力客户
18274,2011-11-09 17:03:00,2011-11-09 17:03:00,1,1,175.92,175.92,0.0,30,1,0.0,4,2,1,新近客户
12467,2010-10-12 15:41:00,2010-10-12 15:41:00,1,1,132.8,132.8,0.0,423,1,0.0,1,2,1,沉睡/低频
12503,2010-05-04 13:59:00,2010-05-04 13:59:00,1,1,1126.0,1126.0,0.0,584,1,0.0,1,2,1,沉睡/低频
12558,2011-12-02 10:41:00,2011-12-02 10:41:00,1,1,269.96,269.96,0.0,7,1,0.0,5,2,1,新近客户
12607,2011-10-10 16:06:00,2011-10-10 16:06:00,1,1,1579.51,1579.51,0.0,60,1,0.0,3,2,1,潜力客户
12768,2010-09-15 12:08:00,2010-09-15 12:08:00,1,1,168.69,168.69,0.0,450,1,0.0,1,2,1,沉睡/低频
12773,2010-05-24 17:30:00,2010-05-24 17:30:00,1,1,124.25,124.25,0.0,564,1,0.0,1,2,1,沉睡/低频
13163,2010-04-08 16:21:00,2010-04-08 16:21:00,1,1,17.65,17.65,0.0,610,1,0.0,1,2,1,沉睡/低频
13364,2011-09-29 18:13:00,2011-09-29 18:13:00,1,1,134.96,134.96,0.0,71,1,0.0,3,2,1,潜力客户
13829,2010-10-14 18:19:00,2010-10-14 18:19:00,1,1,102.0,102.0,0.0,421,1,0.0,1,2,1,沉睡/低频
14213,2010-10-31 10:37:00,2010-10-31 10:37:00,1,1,1192.2,1192.2,0.0,404,1,0.0,2,2,1,沉睡/低频
14557,2011-09-15 15:48:00,2011-09-15 15:48:00,1,1,788.38,788.38,0.0,85,1,0.0,3,2,1,潜力客户
13112,2010-06-16 17:03:00,2010-06-16 17:03:00,1,2,20.6,26.04,-5.44,541,1,-5.44,1,2,1,沉睡/低频
16446,2011-05-18 09:52:00,2011-12-09 09:15:00,2,2,168472.5,168478.6,-6.1,0,2,-6.1,5,3,1,潜力客户
12346,2009-12-14 08:34:00,2011-01-18 10:01:00,12,5,77556.46,77608.2,-51.74,325,12,-51.74,2,5,1,高价值流失风险
14906,2010-09-20 16:30:00,2010-09-20 16:30:00,1,2,68.44,135.42,-66.98,445,1,-66.98,1,2,1,沉睡/低频
15354,2010-04-15 16:17:00,2010-04-15 16:24:00,3,4,284.4,379.2,-94.8,603,3,-94.8,1,3,1,高价值流失风险
14380,2010-01-26 17:11:00,2010-01-26 17:11:00,1,1,48.96,148.69,-99.73,682,1,-99.73,1,2,1,沉睡/低频
13091,2009-12-10 11:50:00,2011-11-11 15:54:00,3,3,2321.82,2452.04,-130.22,28,3,-130.22,4,3,1,潜力客户
13290,2010-09-27 16:29:00,2010-09-27 16:29:00,1,2,208.63,417.26,-208.63,438,1,-208.63,1,2,1,沉睡/低频
14832,2010-03-19 15:14:00,2010-03-19 15:14:00,1,2,322.69,597.32,-274.63,630,1,-274.63,1,2,1,沉睡/低频
13776,2010-10-07 16:07:00,2010-10-07 16:11:00,2,6,623.98,964.15,-340.17,428,2,-340.17,1,3,1,高价值流失风险
14328,2010-09-27 16:01:00,2010-09-27 16:01:00,1,2,445.05,890.11,-445.06,438,1,-445.06,1,2,1,沉睡/低频
15802,2011-07-20 11:38:00,2011-07-20 11:38:00,1,2,451.42,902.84,-451.42,142,1,-451.42,3,2,1,潜力客户
14308,2010-06-08 16:39:00,2010-06-08 16:48:00,2,3,1147.02,1996.47,-849.45,549,2,-849.45,1,3,1,高价值流失风险
14255,2010-06-11 15:54:00,2010-06-11 15:54:00,1,3,1000.63,2442.23,-1441.6,546,1,-1441.6,1,2,1,沉睡/低频
14802,2010-09-27 16:32:00,2010-09-27 16:34:00,2,4,1502.98,3005.96,-1502.98,438,2,-1502.98,1,3,1,高价值流失风险
15413,2009-12-01 10:18:00,2010-01-17 11:33:00,5,2,6798.72,9330.1,-2531.38,691,5,-2531.38,1,4,1,高价值流失风险
15202,2010-10-15 12:39:00,2010-10-15 13:05:00,3,5,6001.49,8571.67,-2570.18,420,3,-2570.18,1,3,1,高价值流失风险
14063,2009-12-08 13:46:00,2010-09-27 16:18:00,9,4,22710.2,26477.4,-3767.2,438,9,-3767.2,1,5,1,高价值流失风险
15760,2010-03-19 11:35:00,2010-03-19 11:45:00,2,3,13916.34,19712.21,-5795.87,630,2,-5795.87,1,3,1,高价值流失风险
12918,2010-03-23 15:22:00,2010-03-23 15:22:00,1,2,10953.5,21907.0,-10953.5,626,1,-10953.5,1,2,1,沉睡/低频
