invoice_id,branch,city,customer_type,gender,product_line,unit_price,quantity,tax_amount,total,sale_date,sale_time,payment,rating
133-14-7229,C,Naypyitaw,Normal,Male,Health and beauty,62.87,2,6.287,132.027,2021-01-01,0 days 11:43:00,Cash,5.0
182-52-7000,A,Yangon,Member,Female,Sports and travel,27.04,4,5.408,113.568,2021-01-01,0 days 20:26:00,Ewallet,6.9
271-77-8740,C,Naypyitaw,Member,Female,Sports and travel,29.22,6,8.766,184.086,2021-01-01,0 days 11:40:00,Ewallet,5.0
416-17-9926,A,Yangon,Member,Female,Electronic accessories,74.22,10,37.11,779.31,2021-01-01,0 days 14:42:00,Credit card,4.3
493-65-6248,C,Naypyitaw,Member,Female,Sports and travel,36.98,10,18.49,388.29,2021-01-01,0 days 19:48:00,Credit card,7.0
530-90-9855,A,Yangon,Member,Male,Home and lifestyle,47.59,8,19.036,399.756,2021-01-01,0 days 14:47:00,Cash,5.7
556-97-7101,C,Naypyitaw,Normal,Female,Electronic accessories,63.22,2,6.322,132.762,2021-01-01,0 days 15:51:00,Cash,8.5
651-88-7328,A,Yangon,Normal,Female,Fashion accessories,65.74,9,29.583,621.243,2021-01-01,0 days 13:55:00,Cash,7.7
746-04-1077,B,Mandalay,Member,Female,Food and beverages,84.63,10,42.315,888.615,2021-01-01,0 days 11:36:00,Credit card,9.0
765-26-6951,A,Yangon,Normal,Male,Sports and travel,72.61,6,21.783,457.443,2021-01-01,0 days 10:39:00,Credit card,6.9
770-42-8960,B,Mandalay,Normal,Male,Food and beverages,21.12,8,8.448,177.408,2021-01-01,0 days 19:31:00,Cash,6.3
891-01-7034,B,Mandalay,Normal,Female,Electronic accessories,74.71,6,22.413,470.673,2021-01-01,0 days 19:07:00,Cash,6.7
198-84-7132,B,Mandalay,Member,Male,Fashion accessories,40.61,9,18.2745,383.7645,2021-01-02,0 days 13:40:00,Cash,7.0
244-08-0162,B,Mandalay,Normal,Female,Health and beauty,34.21,10,17.105,359.205,2021-01-02,0 days 13:00:00,Cash,5.1
345-68-9016,C,Naypyitaw,Member,Female,Sports and travel,31.67,8,12.668,266.028,2021-01-02,0 days 16:19:00,Credit card,5.6
446-47-6729,C,Naypyitaw,Normal,Male,Fashion accessories,99.82,2,9.982,209.622,2021-01-02,0 days 18:09:00,Credit card,6.7
504-35-8843,A,Yangon,Normal,Male,Sports and travel,42.47,1,2.1235,44.5935,2021-01-02,0 days 16:57:00,Cash,5.7
670-71-7306,B,Mandalay,Normal,Male,Sports and travel,44.63,6,13.389,281.169,2021-01-02,0 days 20:08:00,Credit card,5.1
712-39-0363,A,Yangon,Member,Male,Food and beverages,41.66,6,12.498,262.458,2021-01-02,0 days 15:24:00,Ewallet,5.6
744-09-5786,B,Mandalay,Normal,Male,Electronic accessories,22.01,6,6.603,138.663,2021-01-02,0 days 18:50:00,Cash,7.6
249-42-3782,A,Yangon,Normal,Male,Health and beauty,70.01,5,17.5025,367.5525,2021-01-03,0 days 11:36:00,Ewallet,5.5
343-87-0864,C,Naypyitaw,Member,Male,Health and beauty,75.88,1,3.794,79.674,2021-01-03,0 days 10:30:00,Credit card,7.1
422-29-8786,A,Yangon,Normal,Female,Home and lifestyle,67.09,5,16.7725,352.2225,2021-01-03,0 days 16:47:00,Credit card,9.1
501-61-1753,B,Mandalay,Normal,Female,Home and lifestyle,63.15,6,18.945,397.845,2021-01-03,0 days 20:24:00,Ewallet,9.8
552-44-5977,B,Mandalay,Member,Male,Health and beauty,62.0,8,24.8,520.8,2021-01-03,0 days 19:08:00,Credit card,6.2
687-15-1097,C,Naypyitaw,Member,Female,Health and beauty,21.12,2,2.112,44.352,2021-01-03,0 days 19:17:00,Cash,9.7
749-24-1565,A,Yangon,Normal,Female,Health and beauty,23.03,9,10.3635,217.6335,2021-01-03,0 days 12:02:00,Ewallet,7.9
875-31-8302,B,Mandalay,Normal,Male,Sports and travel,93.38,1,4.669,98.049,2021-01-03,0 days 13:07:00,Cash,9.6
132-23-6451,A,Yangon,Member,Male,Health and beauty,20.97,5,5.2425,110.0925,2021-01-04,0 days 13:21:00,Cash,7.8
279-74-2924,B,Mandalay,Member,Male,Electronic accessories,72.17,1,3.6085,75.7785,2021-01-04,0 days 19:40:00,Cash,6.1
656-16-1063,B,Mandalay,Normal,Male,Sports and travel,46.42,3,6.963,146.223,2021-01-04,0 days 13:24:00,Credit card,4.4
672-51-8681,C,Naypyitaw,Member,Female,Electronic accessories,66.65,9,29.9925,629.8425,2021-01-04,0 days 18:19:00,Credit card,9.7
725-32-9708,B,Mandalay,Member,Female,Fashion accessories,68.71,4,13.742,288.582,2021-01-04,0 days 19:01:00,Cash,4.1
731-14-2199,A,Yangon,Member,Female,Home and lifestyle,35.54,10,17.77,373.17,2021-01-04,0 days 13:34:00,Ewallet,7.0
144-51-6085,A,Yangon,Member,Male,Home and lifestyle,70.74,4,14.148,297.108,2021-01-05,0 days 16:05:00,Credit card,4.4
209-61-0206,A,Yangon,Normal,Female,Home and lifestyle,42.91,5,10.7275,225.2775,2021-01-05,0 days 17:29:00,Ewallet,6.1
217-58-1179,A,Yangon,Member,Male,Home and lifestyle,62.65,4,12.53,263.13,2021-01-05,0 days 11:25:00,Cash,4.2
339-12-4827,B,Mandalay,Member,Female,Fashion accessories,73.96,1,3.698,77.658,2021-01-05,0 days 11:32:00,Credit card,5.0
433-08-7822,C,Naypyitaw,Normal,Female,Health and beauty,78.89,7,27.6115,579.8415,2021-01-05,0 days 19:48:00,Ewallet,7.5
489-82-1237,A,Yangon,Normal,Female,Electronic accessories,93.88,7,32.858,690.018,2021-01-05,0 days 11:51:00,Credit card,7.3
573-98-8548,C,Naypyitaw,Member,Female,Fashion accessories,31.9,1,1.595,33.495,2021-01-05,0 days 12:40:00,Ewallet,9.1
628-34-3388,C,Naypyitaw,Normal,Male,Fashion accessories,27.38,6,8.214,172.494,2021-01-05,0 days 20:54:00,Credit card,7.9
750-67-8428,A,Yangon,Member,Female,Health and beauty,74.69,7,26.1415,548.9715,2021-01-05,0 days 13:08:00,Ewallet,9.1
801-88-0346,C,Naypyitaw,Normal,Female,Fashion accessories,76.06,3,11.409,239.589,2021-01-05,0 days 20:30:00,Credit card,9.8
841-18-8232,B,Mandalay,Normal,Female,Food and beverages,71.2,1,3.56,74.76,2021-01-05,0 days 20:40:00,Credit card,9.2
843-01-4703,B,Mandalay,Member,Female,Home and lifestyle,35.38,9,15.921,334.341,2021-01-05,0 days 19:50:00,Credit card,9.6
393-65-2792,C,Naypyitaw,Normal,Male,Food and beverages,89.48,10,44.74,939.54,2021-01-06,0 days 12:46:00,Credit card,9.6
490-29-1201,A,Yangon,Normal,Female,Sports and travel,15.34,1,0.767,16.107,2021-01-06,0 days 11:09:00,Cash,6.5
662-72-2873,A,Yangon,Normal,Female,Food and beverages,40.94,5,10.235,214.935,2021-01-06,0 days 13:58:00,Ewallet,9.9
704-11-6354,A,Yangon,Member,Male,Home and lifestyle,58.9,8,23.56,494.76,2021-01-06,0 days 11:23:00,Cash,8.9
729-06-2010,B,Mandalay,Member,Male,Health and beauty,80.47,9,36.2115,760.4415,2021-01-06,0 days 11:18:00,Cash,9.2
826-58-8051,B,Mandalay,Normal,Male,Home and lifestyle,62.19,4,12.438,261.198,2021-01-06,0 days 19:46:00,Ewallet,4.3
834-25-9262,C,Naypyitaw,Normal,Female,Fashion accessories,81.68,4,16.336,343.056,2021-01-06,0 days 12:12:00,Cash,9.1
846-10-0341,A,Yangon,Normal,Female,Fashion accessories,42.57,7,14.8995,312.8895,2021-01-06,0 days 11:51:00,Cash,6.8
852-82-2749,A,Yangon,Normal,Male,Sports and travel,64.59,4,12.918,271.278,2021-01-06,0 days 13:35:00,Ewallet,9.3
109-28-2512,B,Mandalay,Member,Female,Fashion accessories,97.61,6,29.283,614.943,2021-01-07,0 days 15:01:00,Ewallet,9.9
126-54-1082,A,Yangon,Member,Female,Home and lifestyle,21.54,9,9.693,203.553,2021-01-07,0 days 11:44:00,Credit card,8.8
232-16-2483,C,Naypyitaw,Member,Female,Sports and travel,68.12,1,3.406,71.526,2021-01-07,0 days 12:28:00,Ewallet,6.8
390-31-6381,C,Naypyitaw,Normal,Male,Food and beverages,27.22,3,4.083,85.743,2021-01-07,0 days 12:37:00,Cash,7.3
526-86-8552,C,Naypyitaw,Member,Female,Home and lifestyle,21.82,10,10.91,229.11,2021-01-07,0 days 17:36:00,Cash,7.1
541-48-8554,A,Yangon,Normal,Male,Sports and travel,60.95,9,27.4275,575.9775,2021-01-07,0 days 12:08:00,Credit card,6.0
566-19-5475,B,Mandalay,Normal,Male,Fashion accessories,47.97,7,16.7895,352.5795,2021-01-07,0 days 20:52:00,Cash,6.2
799-71-1548,A,Yangon,Member,Male,Electronic accessories,77.72,4,15.544,326.424,2021-01-07,0 days 16:11:00,Credit card,8.8
889-04-9723,B,Mandalay,Member,Female,Food and beverages,89.14,4,17.828,374.388,2021-01-07,0 days 12:20:00,Credit card,7.8
124-31-1458,A,Yangon,Member,Female,Electronic accessories,79.59,3,11.9385,250.7085,2021-01-08,0 days 14:30:00,Cash,6.6
189-08-9157,C,Naypyitaw,Normal,Female,Fashion accessories,31.73,9,14.2785,299.8485,2021-01-08,0 days 16:17:00,Credit card,5.9
192-98-7397,C,Naypyitaw,Normal,Male,Fashion accessories,12.78,1,0.639,13.419,2021-01-08,0 days 14:11:00,Ewallet,9.5
241-96-5076,B,Mandalay,Member,Female,Home and lifestyle,49.1,2,4.91,103.11,2021-01-08,0 days 12:58:00,Credit card,6.4
257-60-7754,A,Yangon,Normal,Female,Electronic accessories,50.23,4,10.046,210.966,2021-01-08,0 days 17:12:00,Cash,9.0
387-49-4215,B,Mandalay,Member,Female,Sports and travel,48.5,3,7.275,152.775,2021-01-08,0 days 12:50:00,Cash,6.7
442-44-6497,C,Naypyitaw,Member,Male,Home and lifestyle,55.57,3,8.3355,175.0455,2021-01-08,0 days 11:42:00,Credit card,5.9
457-13-1708,B,Mandalay,Member,Male,Fashion accessories,65.23,10,32.615,684.915,2021-01-08,0 days 19:07:00,Credit card,5.2
484-22-8230,C,Naypyitaw,Member,Female,Fashion accessories,51.89,7,18.1615,381.3915,2021-01-08,0 days 20:08:00,Cash,4.5
490-95-0021,B,Mandalay,Member,Female,Food and beverages,33.21,10,16.605,348.705,2021-01-08,0 days 14:25:00,Ewallet,6.0
571-94-0759,B,Mandalay,Member,Female,Food and beverages,74.6,10,37.3,783.3,2021-01-08,0 days 20:55:00,Cash,9.5
631-34-1880,C,Naypyitaw,Member,Male,Food and beverages,24.31,3,3.6465,76.5765,2021-01-08,0 days 19:09:00,Credit card,4.3
663-86-9076,C,Naypyitaw,Member,Female,Food and beverages,68.54,8,27.416,575.736,2021-01-08,0 days 15:57:00,Ewallet,8.5
674-15-9296,A,Yangon,Normal,Male,Sports and travel,37.14,5,9.285,194.985,2021-01-08,0 days 13:05:00,Ewallet,5.0
750-57-9686,C,Naypyitaw,Normal,Female,Home and lifestyle,45.38,4,9.076,190.596,2021-01-08,0 days 13:48:00,Credit card,8.7
767-97-4650,B,Mandalay,Member,Female,Sports and travel,64.83,2,6.483,136.143,2021-01-08,0 days 11:59:00,Credit card,8.0
840-76-5966,A,Yangon,Member,Male,Sports and travel,12.76,2,1.276,26.796,2021-01-08,0 days 18:06:00,Ewallet,7.8
845-94-6841,C,Naypyitaw,Member,Female,Food and beverages,72.88,9,32.796,688.716,2021-01-08,0 days 19:38:00,Cash,4.0
189-40-5216,C,Naypyitaw,Normal,Male,Electronic accessories,96.37,7,33.7295,708.3195,2021-01-09,0 days 11:40:00,Cash,6.0
263-10-3913,C,Naypyitaw,Member,Male,Fashion accessories,49.04,9,22.068,463.428,2021-01-09,0 days 14:20:00,Credit card,8.6
288-62-1085,A,Yangon,Member,Male,Fashion accessories,38.54,5,9.635,202.335,2021-01-09,0 days 13:34:00,Ewallet,5.6
305-89-2768,B,Mandalay,Member,Female,Home and lifestyle,21.9,3,3.285,68.985,2021-01-09,0 days 18:43:00,Ewallet,4.7
343-75-9322,B,Mandalay,Member,Female,Sports and travel,11.85,8,4.74,99.54,2021-01-09,0 days 16:34:00,Cash,4.1
370-96-0655,C,Naypyitaw,Normal,Female,Fashion accessories,49.32,6,14.796,310.716,2021-01-09,0 days 13:46:00,Ewallet,7.1
554-42-2417,C,Naypyitaw,Normal,Female,Sports and travel,95.44,10,47.72,1002.12,2021-01-09,0 days 13:45:00,Cash,5.2
867-47-1948,C,Naypyitaw,Normal,Female,Home and lifestyle,15.8,10,7.9,165.9,2021-01-09,0 days 12:07:00,Cash,7.8
226-34-0034,B,Mandalay,Normal,Female,Electronic accessories,13.78,4,2.756,57.876,2021-01-10,0 days 11:10:00,Ewallet,9.0
241-11-2261,B,Mandalay,Normal,Female,Fashion accessories,79.86,7,27.951,586.971,2021-01-10,0 days 10:33:00,Credit card,5.5
577-34-7579,C,Naypyitaw,Member,Male,Food and beverages,50.49,9,22.7205,477.1305,2021-01-10,0 days 17:16:00,Cash,5.4
603-07-0961,C,Naypyitaw,Member,Male,Electronic accessories,74.79,5,18.6975,392.6475,2021-01-10,0 days 11:34:00,Cash,4.9
640-49-2076,B,Mandalay,Normal,Male,Sports and travel,83.78,8,33.512,703.752,2021-01-10,0 days 14:49:00,Cash,5.1
665-32-9167,A,Yangon,Member,Female,Health and beauty,36.26,2,3.626,76.146,2021-01-10,0 days 17:15:00,Credit card,7.2
744-02-5987,A,Yangon,Member,Male,Home and lifestyle,78.38,6,23.514,493.794,2021-01-10,0 days 14:16:00,Ewallet,5.8
873-51-0671,A,Yangon,Member,Female,Sports and travel,21.98,7,7.693,161.553,2021-01-10,0 days 16:42:00,Ewallet,5.1
887-42-0517,C,Naypyitaw,Normal,Female,Sports and travel,83.14,7,29.099,611.079,2021-01-10,0 days 10:31:00,Credit card,6.6
130-67-4723,A,Yangon,Member,Male,Food and beverages,48.5,6,14.55,305.55,2021-01-11,0 days 13:57:00,Ewallet,9.4
289-15-7034,A,Yangon,Member,Male,Sports and travel,82.33,4,16.466,345.786,2021-01-11,0 days 10:37:00,Credit card,7.5
406-46-7107,A,Yangon,Normal,Female,Home and lifestyle,96.52,6,28.956,608.076,2021-01-11,0 days 11:52:00,Cash,4.5
478-06-7835,A,Yangon,Normal,Male,Fashion accessories,89.69,1,4.4845,94.1745,2021-01-11,0 days 11:20:00,Ewallet,4.9
540-11-4336,A,Yangon,Normal,Male,Food and beverages,24.94,9,11.223,235.683,2021-01-11,0 days 16:49:00,Credit card,5.6
592-46-1692,C,Naypyitaw,Member,Female,Food and beverages,36.77,7,12.8695,270.2595,2021-01-11,0 days 20:10:00,Cash,7.4
732-67-5346,A,Yangon,Normal,Male,Food and beverages,13.79,5,3.4475,72.3975,2021-01-11,0 days 19:07:00,Credit card,7.8
746-68-6593,C,Naypyitaw,Member,Female,Sports and travel,87.16,2,8.716,183.036,2021-01-11,0 days 14:29:00,Credit card,9.7
197-77-7132,B,Mandalay,Member,Male,Electronic accessories,91.56,8,36.624,769.104,2021-01-12,0 days 18:22:00,Ewallet,6.0
296-11-7041,B,Mandalay,Member,Female,Health and beauty,27.07,1,1.3535,28.4235,2021-01-12,0 days 20:07:00,Credit card,5.3
381-20-0914,A,Yangon,Member,Female,Fashion accessories,20.01,9,9.0045,189.0945,2021-01-12,0 days 15:48:00,Credit card,5.7
533-66-5566,B,Mandalay,Normal,Female,Home and lifestyle,51.07,7,17.8745,375.3645,2021-01-12,0 days 11:42:00,Cash,7.0
647-50-1224,A,Yangon,Normal,Female,Fashion accessories,29.42,10,14.71,308.91,2021-01-12,0 days 16:23:00,Ewallet,8.9
659-36-1684,C,Naypyitaw,Member,Male,Sports and travel,57.12,7,19.992,419.832,2021-01-12,0 days 12:02:00,Credit card,6.5
704-48-3927,A,Yangon,Member,Male,Electronic accessories,88.67,10,44.335,931.035,2021-01-12,0 days 14:50:00,Ewallet,7.3
751-15-6198,B,Mandalay,Normal,Male,Sports and travel,23.01,6,6.903,144.963,2021-01-12,0 days 16:45:00,Ewallet,7.9
751-41-9720,C,Naypyitaw,Normal,Male,Home and lifestyle,97.5,10,48.75,1023.75,2021-01-12,0 days 16:18:00,Ewallet,8.0
848-07-1692,B,Mandalay,Normal,Female,Health and beauty,57.22,2,5.722,120.162,2021-01-12,0 days 17:13:00,Ewallet,8.3
852-62-7105,B,Mandalay,Normal,Female,Fashion accessories,83.25,10,41.625,874.125,2021-01-12,0 days 11:25:00,Credit card,4.4
195-06-0432,A,Yangon,Member,Male,Home and lifestyle,81.01,3,12.1515,255.1815,2021-01-13,0 days 12:55:00,Credit card,9.3
327-40-9673,B,Mandalay,Member,Male,Sports and travel,72.6,6,21.78,457.38,2021-01-13,0 days 19:51:00,Cash,6.9
339-38-9982,B,Mandalay,Member,Male,Fashion accessories,59.86,2,5.986,125.706,2021-01-13,0 days 14:55:00,Ewallet,6.7
355-34-6244,B,Mandalay,Normal,Male,Food and beverages,72.39,2,7.239,152.019,2021-01-13,0 days 19:55:00,Credit card,8.1
397-25-8725,A,Yangon,Member,Female,Health and beauty,39.62,9,17.829,374.409,2021-01-13,0 days 17:54:00,Credit card,6.8
459-50-7686,A,Yangon,Normal,Female,Electronic accessories,23.46,6,7.038,147.798,2021-01-13,0 days 19:14:00,Ewallet,6.4
460-93-5834,A,Yangon,Normal,Male,Sports and travel,45.58,7,15.953,335.013,2021-01-13,0 days 10:03:00,Cash,5.0
556-86-3144,C,Naypyitaw,Member,Female,Fashion accessories,74.29,1,3.7145,78.0045,2021-01-13,0 days 19:30:00,Cash,5.0
732-94-0499,C,Naypyitaw,Normal,Female,Electronic accessories,41.65,10,20.825,437.325,2021-01-13,0 days 17:04:00,Credit card,5.4
784-08-0310,C,Naypyitaw,Member,Female,Food and beverages,21.04,4,4.208,88.368,2021-01-13,0 days 13:58:00,Cash,7.6
320-85-2052,B,Mandalay,Normal,Female,Sports and travel,34.81,1,1.7405,36.5505,2021-01-14,0 days 10:11:00,Credit card,7.0
359-90-3665,B,Mandalay,Member,Female,Fashion accessories,18.08,4,3.616,75.936,2021-01-14,0 days 18:03:00,Credit card,9.5
377-79-7592,C,Naypyitaw,Member,Female,Electronic accessories,44.84,9,20.178,423.738,2021-01-14,0 days 14:00:00,Credit card,7.5
426-39-2418,C,Naypyitaw,Normal,Male,Electronic accessories,61.41,7,21.4935,451.3635,2021-01-14,0 days 10:02:00,Cash,9.8
451-73-2711,C,Naypyitaw,Normal,Male,Food and beverages,84.83,1,4.2415,89.0715,2021-01-14,0 days 15:20:00,Ewallet,8.8
559-61-5987,B,Mandalay,Normal,Female,Health and beauty,17.75,1,0.8875,18.6375,2021-01-14,0 days 10:38:00,Cash,8.6
588-47-8641,A,Yangon,Member,Male,Fashion accessories,56.04,10,28.02,588.42,2021-01-14,0 days 19:30:00,Ewallet,4.4
592-34-6155,C,Naypyitaw,Normal,Male,Food and beverages,31.77,4,6.354,133.434,2021-01-14,0 days 14:43:00,Ewallet,6.2
658-66-3967,C,Naypyitaw,Normal,Male,Health and beauty,53.19,7,18.6165,390.9465,2021-01-14,0 days 15:42:00,Ewallet,5.0
667-23-5919,A,Yangon,Member,Female,Fashion accessories,96.7,5,24.175,507.675,2021-01-14,0 days 12:52:00,Ewallet,7.0
704-10-4056,C,Naypyitaw,Member,Male,Health and beauty,60.47,3,9.0705,190.4805,2021-01-14,0 days 10:55:00,Credit card,5.6
785-13-7708,B,Mandalay,Normal,Male,Food and beverages,73.06,7,25.571,536.991,2021-01-14,0 days 19:06:00,Credit card,4.2
868-52-7573,B,Mandalay,Normal,Female,Food and beverages,99.69,5,24.9225,523.3725,2021-01-14,0 days 12:09:00,Cash,9.9
138-17-5109,A,Yangon,Member,Female,Home and lifestyle,89.21,9,40.1445,843.0345,2021-01-15,0 days 15:42:00,Credit card,6.5
188-55-0967,B,Mandalay,Member,Male,Health and beauty,66.47,10,33.235,697.935,2021-01-15,0 days 15:01:00,Credit card,5.0
272-65-1806,A,Yangon,Normal,Female,Electronic accessories,60.88,9,27.396,575.316,2021-01-15,0 days 17:17:00,Ewallet,4.7
299-46-1805,B,Mandalay,Member,Female,Sports and travel,93.72,6,28.116,590.436,2021-01-15,0 days 16:19:00,Cash,4.5
301-11-9629,A,Yangon,Normal,Female,Sports and travel,19.1,7,6.685,140.385,2021-01-15,0 days 10:43:00,Cash,9.7
314-23-4520,C,Naypyitaw,Member,Male,Health and beauty,81.23,7,28.4305,597.0405,2021-01-15,0 days 20:44:00,Cash,9.0
369-82-2676,B,Mandalay,Normal,Male,Electronic accessories,75.66,5,18.915,397.215,2021-01-15,0 days 18:22:00,Ewallet,7.8
437-58-8131,B,Mandalay,Normal,Female,Fashion accessories,73.52,2,7.352,154.392,2021-01-15,0 days 13:41:00,Ewallet,4.6
450-28-2866,C,Naypyitaw,Member,Male,Food and beverages,17.44,5,4.36,91.56,2021-01-15,0 days 19:25:00,Cash,8.1
589-02-8023,A,Yangon,Member,Male,Food and beverages,83.77,2,8.377,175.917,2021-01-15,0 days 10:54:00,Credit card,7.0
660-29-7083,C,Naypyitaw,Normal,Male,Electronic accessories,55.87,10,27.935,586.635,2021-01-15,0 days 15:01:00,Cash,5.8
744-16-7898,B,Mandalay,Normal,Female,Home and lifestyle,97.37,10,48.685,1022.385,2021-01-15,0 days 13:48:00,Credit card,4.9
886-54-6089,A,Yangon,Normal,Female,Home and lifestyle,11.43,6,3.429,72.009,2021-01-15,0 days 17:24:00,Cash,7.7
234-65-2137,C,Naypyitaw,Normal,Male,Home and lifestyle,95.58,10,47.79,1003.59,2021-01-16,0 days 13:32:00,Cash,4.8
286-62-6248,B,Mandalay,Normal,Male,Fashion accessories,39.21,4,7.842,164.682,2021-01-16,0 days 20:03:00,Credit card,9.0
347-72-6115,B,Mandalay,Member,Female,Sports and travel,90.74,7,31.759,666.939,2021-01-16,0 days 18:03:00,Credit card,6.2
372-62-5264,C,Naypyitaw,Normal,Female,Food and beverages,52.6,9,23.67,497.07,2021-01-16,0 days 14:42:00,Cash,7.6
618-34-8551,A,Yangon,Normal,Female,Sports and travel,93.18,2,9.318,195.678,2021-01-16,0 days 18:41:00,Credit card,8.5
648-83-1321,A,Yangon,Member,Male,Home and lifestyle,63.56,10,31.78,667.38,2021-01-16,0 days 17:59:00,Cash,4.3
659-65-8956,B,Mandalay,Member,Male,Fashion accessories,51.36,1,2.568,53.928,2021-01-16,0 days 15:26:00,Ewallet,5.2
677-11-0152,C,Naypyitaw,Normal,Female,Food and beverages,93.26,9,41.967,881.307,2021-01-16,0 days 18:08:00,Cash,8.8
842-29-4695,C,Naypyitaw,Member,Male,Sports and travel,17.14,7,5.999,125.979,2021-01-16,0 days 12:07:00,Credit card,7.9
859-71-0933,C,Naypyitaw,Member,Female,Sports and travel,15.49,2,1.549,32.529,2021-01-16,0 days 15:10:00,Cash,6.3
101-81-4070,C,Naypyitaw,Member,Female,Health and beauty,62.82,2,6.282,131.922,2021-01-17,0 days 12:36:00,Ewallet,4.9
200-16-5952,C,Naypyitaw,Member,Male,Food and beverages,65.65,2,6.565,137.865,2021-01-17,0 days 16:46:00,Cash,6.0
280-35-5823,B,Mandalay,Member,Female,Home and lifestyle,86.72,1,4.336,91.056,2021-01-17,0 days 18:45:00,Ewallet,7.9
349-97-8902,B,Mandalay,Member,Male,Food and beverages,57.89,2,5.789,121.569,2021-01-17,0 days 10:37:00,Ewallet,8.9
445-30-9252,A,Yangon,Normal,Male,Sports and travel,25.7,3,3.855,80.955,2021-01-17,0 days 17:59:00,Ewallet,6.1
497-37-6538,A,Yangon,Normal,Male,Sports and travel,58.91,7,20.6185,432.9885,2021-01-17,0 days 15:15:00,Ewallet,9.7
600-38-9738,C,Naypyitaw,Member,Male,Sports and travel,71.92,5,17.98,377.58,2021-01-17,0 days 15:05:00,Credit card,4.3
670-79-6321,B,Mandalay,Member,Female,Home and lifestyle,94.59,7,33.1065,695.2365,2021-01-17,0 days 15:27:00,Credit card,4.9
679-22-6530,B,Mandalay,Normal,Female,Sports and travel,40.62,2,4.062,85.302,2021-01-17,0 days 10:01:00,Credit card,4.1
698-98-5964,A,Yangon,Normal,Female,Food and beverages,81.21,10,40.605,852.705,2021-01-17,0 days 13:01:00,Credit card,6.3
746-54-5508,A,Yangon,Normal,Male,Home and lifestyle,21.52,6,6.456,135.576,2021-01-17,0 days 12:48:00,Credit card,9.4
166-19-2553,A,Yangon,Member,Male,Sports and travel,89.06,6,26.718,561.078,2021-01-18,0 days 17:26:00,Cash,9.9
414-12-7047,B,Mandalay,Normal,Male,Food and beverages,19.79,8,7.916,166.236,2021-01-18,0 days 12:04:00,Ewallet,8.7
562-12-5430,A,Yangon,Member,Female,Fashion accessories,88.15,3,13.2225,277.6725,2021-01-18,0 days 10:11:00,Ewallet,7.9
622-20-1945,C,Naypyitaw,Normal,Female,Health and beauty,39.42,1,1.971,41.391,2021-01-18,0 days 15:08:00,Cash,8.4
678-79-0726,C,Naypyitaw,Member,Female,Sports and travel,90.63,9,40.7835,856.4535,2021-01-18,0 days 15:28:00,Cash,5.1
700-81-1757,A,Yangon,Normal,Female,Electronic accessories,26.31,5,6.5775,138.1275,2021-01-18,0 days 20:59:00,Credit card,8.8
706-36-6154,A,Yangon,Member,Male,Home and lifestyle,19.36,9,8.712,182.952,2021-01-18,0 days 18:43:00,Ewallet,8.7
781-84-8059,C,Naypyitaw,Normal,Male,Fashion accessories,60.74,7,21.259,446.439,2021-01-18,0 days 16:23:00,Ewallet,5.0
821-14-9046,B,Mandalay,Member,Female,Fashion accessories,17.48,6,5.244,110.124,2021-01-18,0 days 15:04:00,Credit card,6.1
125-45-2293,A,Yangon,Normal,Female,Fashion accessories,99.1,6,29.73,624.33,2021-01-19,0 days 13:11:00,Cash,4.2
149-61-1929,A,Yangon,Normal,Male,Sports and travel,64.19,10,32.095,673.995,2021-01-19,0 days 14:08:00,Credit card,6.7
151-27-8496,C,Naypyitaw,Normal,Female,Electronic accessories,56.13,4,11.226,235.746,2021-01-19,0 days 11:43:00,Ewallet,8.6
284-54-4231,C,Naypyitaw,Member,Male,Sports and travel,80.93,1,4.0465,84.9765,2021-01-19,0 days 16:08:00,Credit card,9.0
375-72-3056,B,Mandalay,Normal,Male,Sports and travel,63.06,3,9.459,198.639,2021-01-19,0 days 15:58:00,Ewallet,7.0
482-17-1179,A,Yangon,Member,Male,Electronic accessories,11.94,3,1.791,37.611,2021-01-19,0 days 12:47:00,Credit card,8.1
608-27-6295,B,Mandalay,Member,Male,Electronic accessories,52.89,6,15.867,333.207,2021-01-19,0 days 17:34:00,Credit card,9.8
645-44-1170,A,Yangon,Member,Male,Home and lifestyle,58.07,9,26.1315,548.7615,2021-01-19,0 days 20:07:00,Ewallet,4.3
728-47-9078,C,Naypyitaw,Member,Male,Food and beverages,59.59,4,11.918,250.278,2021-01-19,0 days 12:46:00,Cash,9.8
761-49-0439,B,Mandalay,Member,Female,Electronic accessories,12.1,8,4.84,101.64,2021-01-19,0 days 10:17:00,Ewallet,8.6
779-06-0012,C,Naypyitaw,Member,Female,Home and lifestyle,88.61,1,4.4305,93.0405,2021-01-19,0 days 10:21:00,Cash,7.7
796-32-9050,A,Yangon,Normal,Male,Food and beverages,51.28,6,15.384,323.064,2021-01-19,0 days 16:31:00,Cash,6.5
809-69-9497,A,Yangon,Normal,Female,Home and lifestyle,45.68,10,22.84,479.64,2021-01-19,0 days 19:30:00,Ewallet,5.7
832-51-6761,A,Yangon,Normal,Male,Food and beverages,33.88,8,13.552,284.592,2021-01-19,0 days 20:29:00,Ewallet,9.6
882-40-4577,A,Yangon,Member,Male,Sports and travel,67.26,4,13.452,282.492,2021-01-19,0 days 15:28:00,Credit card,8.0
894-41-5205,C,Naypyitaw,Normal,Female,Food and beverages,43.18,8,17.272,362.712,2021-01-19,0 days 19:39:00,Credit card,8.3
257-73-1380,C,Naypyitaw,Member,Male,Sports and travel,82.93,4,16.586,348.306,2021-01-20,0 days 16:51:00,Ewallet,9.6
356-44-8813,B,Mandalay,Normal,Male,Home and lifestyle,37.48,3,5.622,118.062,2021-01-20,0 days 13:45:00,Credit card,7.7
378-24-2715,B,Mandalay,Normal,Male,Home and lifestyle,53.44,2,5.344,112.224,2021-01-20,0 days 20:38:00,Ewallet,4.1
410-67-1709,A,Yangon,Member,Female,Fashion accessories,63.88,8,25.552,536.592,2021-01-20,0 days 17:48:00,Ewallet,9.9
458-10-8612,C,Naypyitaw,Normal,Male,Health and beauty,64.08,7,22.428,470.988,2021-01-20,0 days 12:27:00,Ewallet,7.6
645-78-8093,A,Yangon,Normal,Female,Sports and travel,93.14,2,9.314,195.594,2021-01-20,0 days 18:09:00,Ewallet,4.1
725-96-3778,C,Naypyitaw,Member,Female,Home and lifestyle,89.25,8,35.7,749.7,2021-01-20,0 days 10:13:00,Cash,4.7
760-27-5490,C,Naypyitaw,Normal,Male,Fashion accessories,15.62,8,6.248,131.208,2021-01-20,0 days 20:37:00,Ewallet,9.1
787-87-2010,A,Yangon,Member,Male,Health and beauty,55.5,4,11.1,233.1,2021-01-20,0 days 15:48:00,Credit card,6.6
817-48-8732,A,Yangon,Member,Female,Home and lifestyle,72.35,10,36.175,759.675,2021-01-20,0 days 15:55:00,Cash,5.4
162-65-8559,C,Naypyitaw,Member,Male,Food and beverages,68.98,1,3.449,72.429,2021-01-21,0 days 20:13:00,Cash,4.8
239-10-7476,A,Yangon,Normal,Female,Home and lifestyle,77.95,6,23.385,491.085,2021-01-21,0 days 16:37:00,Ewallet,8.0
269-10-8440,A,Yangon,Member,Male,Health and beauty,53.17,7,18.6095,390.7995,2021-01-21,0 days 18:01:00,Cash,8.9
316-68-6352,A,Yangon,Member,Female,Food and beverages,36.36,2,3.636,76.356,2021-01-21,0 days 10:00:00,Cash,7.1
329-62-1586,A,Yangon,Normal,Male,Food and beverages,54.67,3,8.2005,172.2105,2021-01-21,0 days 18:00:00,Credit card,8.6
401-18-8016,B,Mandalay,Member,Female,Sports and travel,98.13,1,4.9065,103.0365,2021-01-21,0 days 17:36:00,Cash,8.9
462-67-9126,A,Yangon,Normal,Male,Home and lifestyle,73.22,6,21.966,461.286,2021-01-21,0 days 17:44:00,Cash,7.2
870-72-4431,C,Naypyitaw,Normal,Female,Health and beauty,99.19,6,29.757,624.897,2021-01-21,0 days 14:42:00,Credit card,5.5
120-54-2248,B,Mandalay,Normal,Female,Food and beverages,28.86,5,7.215,151.515,2021-01-22,0 days 18:08:00,Credit card,8.0
186-09-3669,C,Naypyitaw,Member,Female,Health and beauty,81.51,1,4.0755,85.5855,2021-01-22,0 days 10:57:00,Ewallet,9.2
287-21-9091,A,Yangon,Normal,Male,Home and lifestyle,74.67,9,33.6015,705.6315,2021-01-22,0 days 10:55:00,Ewallet,9.4
460-35-4390,A,Yangon,Normal,Male,Home and lifestyle,30.68,3,4.602,96.642,2021-01-22,0 days 11:00:00,Ewallet,9.1
521-18-7827,C,Naypyitaw,Member,Male,Home and lifestyle,39.39,5,9.8475,206.7975,2021-01-22,0 days 20:46:00,Credit card,8.7
563-47-4072,B,Mandalay,Normal,Female,Health and beauty,55.81,6,16.743,351.603,2021-01-22,0 days 11:52:00,Cash,9.9
756-01-7507,C,Naypyitaw,Normal,Female,Health and beauty,20.38,5,5.095,106.995,2021-01-22,0 days 18:56:00,Cash,6.0
148-41-7930,C,Naypyitaw,Normal,Male,Health and beauty,99.96,7,34.986,734.706,2021-01-23,0 days 10:33:00,Cash,6.1
160-22-2687,A,Yangon,Member,Female,Health and beauty,95.95,5,23.9875,503.7375,2021-01-23,0 days 14:21:00,Ewallet,8.8
213-32-1216,A,Yangon,Normal,Female,Electronic accessories,66.06,6,19.818,416.178,2021-01-23,0 days 10:28:00,Cash,7.3
219-61-4139,C,Naypyitaw,Normal,Male,Electronic accessories,83.08,1,4.154,87.234,2021-01-23,0 days 17:16:00,Ewallet,6.4
316-66-3011,A,Yangon,Member,Female,Food and beverages,47.63,9,21.4335,450.1035,2021-01-23,0 days 12:35:00,Cash,5.0
318-12-0304,A,Yangon,Normal,Male,Fashion accessories,30.61,1,1.5305,32.1405,2021-01-23,0 days 12:20:00,Ewallet,5.2
434-83-9547,C,Naypyitaw,Member,Male,Food and beverages,38.47,8,15.388,323.148,2021-01-23,0 days 11:51:00,Cash,7.7
477-59-2456,C,Naypyitaw,Normal,Female,Fashion accessories,45.44,7,15.904,333.984,2021-01-23,0 days 11:15:00,Cash,9.2
480-63-2856,C,Naypyitaw,Normal,Male,Food and beverages,19.25,8,7.7,161.7,2021-01-23,0 days 18:37:00,Ewallet,6.6
565-80-5980,C,Naypyitaw,Member,Female,Home and lifestyle,47.38,4,9.476,198.996,2021-01-23,0 days 10:25:00,Cash,7.1
604-70-6476,A,Yangon,Member,Male,Fashion accessories,17.94,5,4.485,94.185,2021-01-23,0 days 14:04:00,Ewallet,6.8
731-81-9469,C,Naypyitaw,Member,Female,Sports and travel,89.8,10,44.9,942.9,2021-01-23,0 days 13:00:00,Credit card,5.4
740-22-2500,C,Naypyitaw,Normal,Female,Electronic accessories,84.05,3,12.6075,264.7575,2021-01-23,0 days 13:29:00,Cash,9.8
767-05-1286,C,Naypyitaw,Member,Female,Home and lifestyle,83.77,6,25.131,527.751,2021-01-23,0 days 12:10:00,Ewallet,5.4
790-38-4466,C,Naypyitaw,Normal,Female,Health and beauty,10.99,5,2.7475,57.6975,2021-01-23,0 days 10:18:00,Credit card,9.3
809-46-1866,A,Yangon,Normal,Male,Health and beauty,58.15,4,11.63,244.23,2021-01-23,0 days 17:44:00,Cash,8.4
828-46-6863,A,Yangon,Member,Male,Food and beverages,98.53,6,29.559,620.739,2021-01-23,0 days 11:22:00,Credit card,4.0
139-20-0155,B,Mandalay,Member,Male,Electronic accessories,40.3,10,20.15,423.15,2021-01-24,0 days 17:37:00,Credit card,7.0
232-11-3025,A,Yangon,Normal,Male,Sports and travel,78.77,10,39.385,827.085,2021-01-24,0 days 10:04:00,Cash,6.4
235-06-8510,C,Naypyitaw,Member,Male,Home and lifestyle,85.72,3,12.858,270.018,2021-01-24,0 days 20:59:00,Ewallet,5.1
237-44-6163,A,Yangon,Normal,Male,Electronic accessories,10.56,8,4.224,88.704,2021-01-24,0 days 17:43:00,Cash,7.6
435-13-4908,A,Yangon,Member,Male,Fashion accessories,86.68,8,34.672,728.112,2021-01-24,0 days 18:04:00,Credit card,7.2
438-23-1242,B,Mandalay,Normal,Male,Electronic accessories,75.88,7,26.558,557.718,2021-01-24,0 days 10:38:00,Ewallet,8.9
443-60-9639,C,Naypyitaw,Member,Female,Home and lifestyle,60.87,1,3.0435,63.9135,2021-01-24,0 days 13:24:00,Cash,5.5
510-79-0415,B,Mandalay,Member,Female,Sports and travel,23.08,6,6.924,145.404,2021-01-24,0 days 19:20:00,Ewallet,4.9
602-16-6955,B,Mandalay,Normal,Female,Sports and travel,76.6,10,38.3,804.3,2021-01-24,0 days 18:10:00,Ewallet,6.0
726-27-2396,A,Yangon,Normal,Female,Health and beauty,77.5,5,19.375,406.875,2021-01-24,0 days 20:36:00,Ewallet,4.3
775-72-1988,B,Mandalay,Normal,Male,Home and lifestyle,73.28,5,18.32,384.72,2021-01-24,0 days 15:05:00,Ewallet,8.4
778-34-2523,A,Yangon,Member,Female,Electronic accessories,48.62,8,19.448,408.408,2021-01-24,0 days 10:57:00,Cash,5.0
789-23-8625,B,Mandalay,Member,Male,Fashion accessories,93.22,3,13.983,293.643,2021-01-24,0 days 11:45:00,Cash,7.2
145-94-9061,B,Mandalay,Normal,Female,Food and beverages,88.36,5,22.09,463.89,2021-01-25,0 days 19:48:00,Cash,9.6
191-10-6171,B,Mandalay,Normal,Female,Fashion accessories,39.62,7,13.867,291.207,2021-01-25,0 days 13:18:00,Cash,7.5
261-12-8671,B,Mandalay,Normal,Female,Fashion accessories,60.96,2,6.096,128.016,2021-01-25,0 days 19:39:00,Credit card,4.9
268-03-6164,B,Mandalay,Normal,Male,Health and beauty,96.11,1,4.8055,100.9155,2021-01-25,0 days 16:28:00,Ewallet,7.8
280-17-4359,C,Naypyitaw,Member,Male,Health and beauty,90.5,10,45.25,950.25,2021-01-25,0 days 13:48:00,Cash,8.1
283-79-9594,B,Mandalay,Normal,Female,Food and beverages,48.51,7,16.9785,356.5485,2021-01-25,0 days 13:30:00,Credit card,5.2
288-38-3758,C,Naypyitaw,Member,Female,Fashion accessories,84.87,3,12.7305,267.3405,2021-01-25,0 days 18:30:00,Ewallet,7.4
307-83-9164,A,Yangon,Member,Male,Home and lifestyle,60.01,4,12.002,252.042,2021-01-25,0 days 15:54:00,Cash,4.5
340-21-9136,A,Yangon,Member,Female,Sports and travel,40.05,4,8.01,168.21,2021-01-25,0 days 11:40:00,Cash,9.7
394-55-6384,C,Naypyitaw,Member,Female,Sports and travel,70.19,9,31.5855,663.2955,2021-01-25,0 days 13:38:00,Cash,6.7
569-71-4390,B,Mandalay,Normal,Male,Sports and travel,21.87,2,2.187,45.927,2021-01-25,0 days 14:29:00,Ewallet,6.9
730-61-8757,B,Mandalay,Member,Male,Health and beauty,51.13,4,10.226,214.746,2021-01-25,0 days 10:11:00,Credit card,4.0
778-71-5554,C,Naypyitaw,Member,Male,Fashion accessories,15.43,1,0.7715,16.2015,2021-01-25,0 days 15:46:00,Credit card,6.1
824-88-3614,C,Naypyitaw,Normal,Male,Health and beauty,34.31,8,13.724,288.204,2021-01-25,0 days 15:00:00,Ewallet,5.7
843-73-4724,A,Yangon,Normal,Male,Fashion accessories,74.1,1,3.705,77.805,2021-01-25,0 days 11:05:00,Cash,9.2
856-66-2701,A,Yangon,Member,Male,Home and lifestyle,53.3,3,7.995,167.895,2021-01-25,0 days 14:19:00,Ewallet,7.5
888-02-0338,A,Yangon,Normal,Male,Electronic accessories,26.23,9,11.8035,247.8735,2021-01-25,0 days 20:24:00,Ewallet,5.9
135-13-8269,B,Mandalay,Member,Female,Food and beverages,78.88,2,7.888,165.648,2021-01-26,0 days 16:04:00,Cash,9.1
173-82-9529,B,Mandalay,Normal,Female,Fashion accessories,37.95,10,18.975,398.475,2021-01-26,0 days 14:51:00,Cash,9.7
176-78-1170,C,Naypyitaw,Member,Male,Health and beauty,33.81,3,5.0715,106.5015,2021-01-26,0 days 15:11:00,Ewallet,7.3
225-32-0908,C,Naypyitaw,Normal,Female,Sports and travel,44.86,10,22.43,471.03,2021-01-26,0 days 19:54:00,Ewallet,8.2
258-69-7810,C,Naypyitaw,Normal,Female,Fashion accessories,36.85,5,9.2125,193.4625,2021-01-26,0 days 18:53:00,Cash,9.2
289-65-5721,B,Mandalay,Normal,Female,Fashion accessories,81.37,2,8.137,170.877,2021-01-26,0 days 19:28:00,Cash,6.5
308-39-1707,A,Yangon,Normal,Female,Fashion accessories,12.09,1,0.6045,12.6945,2021-01-26,0 days 18:19:00,Credit card,8.2
316-55-4634,B,Mandalay,Member,Male,Food and beverages,80.05,5,20.0125,420.2625,2021-01-26,0 days 12:45:00,Credit card,9.4
452-04-8808,B,Mandalay,Normal,Male,Electronic accessories,87.08,7,30.478,640.038,2021-01-26,0 days 15:17:00,Cash,5.5
539-21-7227,B,Mandalay,Normal,Female,Sports and travel,51.54,5,12.885,270.585,2021-01-26,0 days 17:45:00,Cash,4.2
641-43-2399,B,Mandalay,Normal,Male,Home and lifestyle,25.55,4,5.11,107.31,2021-01-26,0 days 20:23:00,Ewallet,5.7
794-42-3736,B,Mandalay,Normal,Male,Food and beverages,33.33,2,3.333,69.993,2021-01-26,0 days 14:41:00,Credit card,6.4
834-61-8124,A,Yangon,Normal,Male,Electronic accessories,51.69,7,18.0915,379.9215,2021-01-26,0 days 18:22:00,Cash,5.5
836-82-5858,B,Mandalay,Member,Male,Health and beauty,69.37,9,31.2165,655.5465,2021-01-26,0 days 19:14:00,Ewallet,4.0
847-38-7188,B,Mandalay,Normal,Female,Food and beverages,96.68,3,14.502,304.542,2021-01-26,0 days 19:56:00,Ewallet,6.4
881-41-7302,C,Naypyitaw,Normal,Female,Fashion accessories,64.99,1,3.2495,68.2395,2021-01-26,0 days 10:06:00,Credit card,4.5
896-34-0956,A,Yangon,Normal,Male,Fashion accessories,21.32,1,1.066,22.386,2021-01-26,0 days 12:43:00,Cash,5.9
123-19-1176,A,Yangon,Member,Male,Health and beauty,58.22,8,23.288,489.048,2021-01-27,0 days 20:33:00,Ewallet,8.4
325-90-8763,C,Naypyitaw,Member,Female,Electronic accessories,46.57,10,23.285,488.985,2021-01-27,0 days 13:58:00,Cash,7.6
394-41-0748,C,Naypyitaw,Member,Female,Fashion accessories,54.07,9,24.3315,510.9615,2021-01-27,0 days 14:55:00,Ewallet,9.5
534-01-4457,A,Yangon,Normal,Male,Food and beverages,81.71,6,24.513,514.773,2021-01-27,0 days 14:36:00,Credit card,8.0
585-90-0249,A,Yangon,Member,Male,Electronic accessories,73.26,1,3.663,76.923,2021-01-27,0 days 18:08:00,Ewallet,9.7
595-27-4851,A,Yangon,Normal,Female,Fashion accessories,54.28,7,18.998,398.958,2021-01-27,0 days 18:05:00,Ewallet,9.3
613-59-9758,C,Naypyitaw,Normal,Female,Sports and travel,14.36,10,7.18,150.78,2021-01-27,0 days 14:28:00,Cash,5.4
620-02-2046,C,Naypyitaw,Normal,Male,Home and lifestyle,69.4,2,6.94,145.74,2021-01-27,0 days 19:48:00,Ewallet,9.0
624-01-8356,B,Mandalay,Normal,Female,Home and lifestyle,49.01,10,24.505,514.605,2021-01-27,0 days 10:44:00,Credit card,4.2
633-91-1052,A,Yangon,Normal,Female,Home and lifestyle,12.03,2,1.203,25.263,2021-01-27,0 days 15:51:00,Cash,5.1
788-07-8452,C,Naypyitaw,Member,Female,Home and lifestyle,24.24,7,8.484,178.164,2021-01-27,0 days 17:38:00,Ewallet,9.4
862-59-8517,C,Naypyitaw,Normal,Female,Food and beverages,90.24,6,27.072,568.512,2021-01-27,0 days 11:17:00,Cash,6.2
869-11-3082,B,Mandalay,Member,Male,Health and beauty,96.16,4,19.232,403.872,2021-01-27,0 days 20:03:00,Credit card,8.4
870-54-3162,A,Yangon,Normal,Female,Sports and travel,32.25,5,8.0625,169.3125,2021-01-27,0 days 13:26:00,Cash,9.0
149-71-6266,B,Mandalay,Member,Male,Sports and travel,78.07,9,35.1315,737.7615,2021-01-28,0 days 12:43:00,Cash,4.5
211-30-9270,C,Naypyitaw,Normal,Male,Health and beauty,17.41,5,4.3525,91.4025,2021-01-28,0 days 15:16:00,Credit card,4.9
222-42-0244,B,Mandalay,Member,Female,Health and beauty,72.11,9,32.4495,681.4395,2021-01-28,0 days 13:53:00,Credit card,7.7
243-47-2663,C,Naypyitaw,Member,Male,Electronic accessories,18.77,6,5.631,118.251,2021-01-28,0 days 16:43:00,Credit card,5.5
342-65-4817,C,Naypyitaw,Member,Male,Health and beauty,86.8,3,13.02,273.42,2021-01-28,0 days 16:47:00,Ewallet,9.9
372-26-1506,C,Naypyitaw,Normal,Female,Fashion accessories,23.82,5,5.955,125.055,2021-01-28,0 days 19:24:00,Ewallet,5.4
390-80-5128,B,Mandalay,Member,Female,Health and beauty,19.15,1,0.9575,20.1075,2021-01-28,0 days 17:58:00,Credit card,9.5
400-89-4171,C,Naypyitaw,Normal,Female,Sports and travel,80.97,8,32.388,680.148,2021-01-28,0 days 13:05:00,Cash,9.3
430-53-4718,B,Mandalay,Member,Male,Health and beauty,75.37,8,30.148,633.108,2021-01-28,0 days 15:46:00,Credit card,8.4
544-55-9589,B,Mandalay,Member,Female,Electronic accessories,21.43,10,10.715,225.015,2021-01-28,0 days 11:51:00,Cash,6.2
593-65-1552,C,Naypyitaw,Normal,Female,Home and lifestyle,69.81,4,13.962,293.202,2021-01-28,0 days 20:50:00,Credit card,5.9
699-88-1972,B,Mandalay,Normal,Male,Health and beauty,99.16,8,39.664,832.944,2021-01-28,0 days 17:47:00,Credit card,4.2
726-29-6793,A,Yangon,Member,Male,Electronic accessories,24.18,8,9.672,203.112,2021-01-28,0 days 20:54:00,Ewallet,9.8
865-41-9075,A,Yangon,Normal,Male,Food and beverages,11.53,7,4.0355,84.7455,2021-01-28,0 days 17:35:00,Cash,8.1
110-48-7033,B,Mandalay,Member,Male,Fashion accessories,32.62,4,6.524,137.004,2021-01-29,0 days 14:12:00,Cash,9.0
137-63-5492,C,Naypyitaw,Normal,Male,Electronic accessories,58.76,10,29.38,616.98,2021-01-29,0 days 14:26:00,Ewallet,9.0
233-67-5758,C,Naypyitaw,Normal,Male,Health and beauty,40.35,1,2.0175,42.3675,2021-01-29,0 days 13:46:00,Ewallet,6.2
343-61-3544,B,Mandalay,Member,Male,Sports and travel,26.67,10,13.335,280.035,2021-01-29,0 days 11:48:00,Cash,8.6
382-25-8917,C,Naypyitaw,Normal,Male,Fashion accessories,42.08,6,12.624,265.104,2021-01-29,0 days 12:25:00,Cash,8.9
569-76-2760,A,Yangon,Member,Female,Sports and travel,22.01,4,4.402,92.442,2021-01-29,0 days 18:15:00,Credit card,6.6
575-67-1508,A,Yangon,Normal,Male,Electronic accessories,38.6,1,1.93,40.53,2021-01-29,0 days 11:26:00,Ewallet,6.7
606-80-4905,C,Naypyitaw,Member,Female,Sports and travel,19.15,6,5.745,120.645,2021-01-29,0 days 10:01:00,Credit card,6.8
746-94-0204,A,Yangon,Normal,Male,Fashion accessories,83.24,9,37.458,786.618,2021-01-29,0 days 11:56:00,Credit card,7.4
800-09-8606,A,Yangon,Member,Female,Home and lifestyle,87.37,5,21.8425,458.6925,2021-01-29,0 days 19:45:00,Cash,6.6
816-72-8853,A,Yangon,Member,Female,Sports and travel,27.93,5,6.9825,146.6325,2021-01-29,0 days 15:48:00,Cash,5.9
862-17-9201,B,Mandalay,Normal,Female,Food and beverages,84.05,6,25.215,529.515,2021-01-29,0 days 10:48:00,Credit card,7.7
134-54-4720,B,Mandalay,Normal,Female,Electronic accessories,42.42,8,16.968,356.328,2021-01-30,0 days 13:58:00,Ewallet,5.7
182-69-8360,B,Mandalay,Normal,Female,Electronic accessories,23.65,4,4.73,99.33,2021-01-30,0 days 13:32:00,Credit card,4.0
283-26-5248,C,Naypyitaw,Member,Female,Food and beverages,98.52,10,49.26,1034.46,2021-01-30,0 days 20:23:00,Ewallet,4.5
416-13-5917,C,Naypyitaw,Normal,Female,Food and beverages,97.03,5,24.2575,509.4075,2021-01-30,0 days 16:24:00,Ewallet,9.3
423-80-0988,C,Naypyitaw,Normal,Male,Sports and travel,76.4,2,7.64,160.44,2021-01-30,0 days 19:42:00,Ewallet,6.5
556-72-8512,C,Naypyitaw,Normal,Male,Home and lifestyle,22.96,1,1.148,24.108,2021-01-30,0 days 20:47:00,Cash,4.3
664-14-2882,C,Naypyitaw,Member,Female,Home and lifestyle,10.53,5,2.6325,55.2825,2021-01-30,0 days 14:43:00,Credit card,5.8
804-38-3935,A,Yangon,Member,Male,Electronic accessories,93.78,3,14.067,295.407,2021-01-30,0 days 11:32:00,Credit card,5.9
862-29-5914,C,Naypyitaw,Normal,Female,Sports and travel,22.38,1,1.119,23.499,2021-01-30,0 days 17:08:00,Credit card,8.6
187-83-5490,A,Yangon,Member,Male,Electronic accessories,20.77,4,4.154,87.234,2021-01-31,0 days 13:47:00,Cash,4.7
189-55-2313,C,Naypyitaw,Normal,Female,Fashion accessories,62.18,10,31.09,652.89,2021-01-31,0 days 10:33:00,Ewallet,6.0
226-71-3580,C,Naypyitaw,Normal,Female,Sports and travel,23.75,9,10.6875,224.4375,2021-01-31,0 days 12:02:00,Cash,9.5
239-36-3640,B,Mandalay,Normal,Male,Electronic accessories,45.35,6,13.605,285.705,2021-01-31,0 days 13:44:00,Ewallet,6.1
286-75-7818,B,Mandalay,Normal,Male,Fashion accessories,69.08,2,6.908,145.068,2021-01-31,0 days 19:48:00,Credit card,6.9
366-93-0948,A,Yangon,Member,Male,Electronic accessories,66.35,1,3.3175,69.6675,2021-01-31,0 days 10:46:00,Credit card,9.7
457-94-0464,B,Mandalay,Member,Male,Electronic accessories,87.87,9,39.5415,830.3715,2021-01-31,0 days 20:32:00,Ewallet,5.6
522-57-8364,A,Yangon,Member,Male,Fashion accessories,51.34,8,20.536,431.256,2021-01-31,0 days 10:00:00,Ewallet,7.6
525-09-8450,B,Mandalay,Normal,Male,Electronic accessories,72.13,10,36.065,757.365,2021-01-31,0 days 15:12:00,Credit card,4.2
525-88-7307,B,Mandalay,Member,Male,Sports and travel,75.82,1,3.791,79.611,2021-01-31,0 days 13:19:00,Cash,5.8
532-59-7201,B,Mandalay,Member,Male,Sports and travel,79.93,6,23.979,503.559,2021-01-31,0 days 14:04:00,Cash,5.5
583-72-1480,C,Naypyitaw,Member,Male,Electronic accessories,37.06,4,7.412,155.652,2021-01-31,0 days 16:24:00,Ewallet,9.7
735-32-9839,C,Naypyitaw,Member,Male,Fashion accessories,98.7,8,39.48,829.08,2021-01-31,0 days 10:36:00,Ewallet,8.5
834-45-5519,B,Mandalay,Normal,Female,Electronic accessories,43.0,4,8.6,180.6,2021-01-31,0 days 20:48:00,Ewallet,7.6
105-31-1824,A,Yangon,Member,Male,Sports and travel,69.52,7,24.332,510.972,2021-02-01,0 days 15:10:00,Credit card,8.5
237-01-6122,C,Naypyitaw,Member,Female,Home and lifestyle,80.79,9,36.3555,763.4655,2021-02-01,0 days 20:31:00,Credit card,9.5
358-88-9262,C,Naypyitaw,Member,Female,Food and beverages,87.48,6,26.244,551.124,2021-02-01,0 days 18:43:00,Ewallet,5.1
443-82-0585,A,Yangon,Member,Female,Health and beauty,77.68,4,15.536,326.256,2021-02-01,0 days 19:54:00,Cash,8.4
551-21-3069,C,Naypyitaw,Normal,Female,Electronic accessories,23.07,9,10.3815,218.0115,2021-02-01,0 days 11:27:00,Cash,4.9
870-76-1733,A,Yangon,Member,Female,Food and beverages,14.23,5,3.5575,74.7075,2021-02-01,0 days 10:08:00,Credit card,4.4
201-86-2184,B,Mandalay,Member,Female,Electronic accessories,26.26,7,9.191,193.011,2021-02-02,0 days 19:40:00,Cash,9.9
376-02-8238,B,Mandalay,Normal,Male,Home and lifestyle,93.87,8,37.548,788.508,2021-02-02,0 days 18:42:00,Credit card,8.3
376-56-3573,C,Naypyitaw,Normal,Female,Fashion accessories,95.42,4,19.084,400.764,2021-02-02,0 days 13:23:00,Ewallet,6.4
382-03-4532,A,Yangon,Member,Female,Health and beauty,18.33,1,0.9165,19.2465,2021-02-02,0 days 18:50:00,Cash,4.3
390-17-5806,C,Naypyitaw,Member,Female,Food and beverages,38.42,1,1.921,40.341,2021-02-02,0 days 16:33:00,Cash,8.6
405-31-3305,A,Yangon,Member,Male,Fashion accessories,43.13,10,21.565,452.865,2021-02-02,0 days 18:31:00,Credit card,5.5
418-05-0656,B,Mandalay,Normal,Female,Fashion accessories,25.56,7,8.946,187.866,2021-02-02,0 days 20:42:00,Cash,7.1
420-18-8989,A,Yangon,Member,Female,Sports and travel,51.52,8,20.608,432.768,2021-02-02,0 days 15:47:00,Cash,9.6
541-08-3113,C,Naypyitaw,Normal,Male,Food and beverages,65.97,8,26.388,554.148,2021-02-02,0 days 20:29:00,Cash,8.4
554-53-8700,C,Naypyitaw,Member,Male,Home and lifestyle,56.11,2,5.611,117.831,2021-02-02,0 days 10:11:00,Cash,6.3
642-32-2990,A,Yangon,Normal,Female,Food and beverages,10.96,10,5.48,115.08,2021-02-02,0 days 20:48:00,Ewallet,6.0
717-96-4189,C,Naypyitaw,Normal,Female,Electronic accessories,35.49,6,10.647,223.587,2021-02-02,0 days 12:40:00,Cash,4.1
756-93-1854,C,Naypyitaw,Member,Female,Fashion accessories,83.35,2,8.335,175.035,2021-02-02,0 days 14:05:00,Credit card,9.5
845-51-0542,B,Mandalay,Member,Male,Food and beverages,46.55,9,20.9475,439.8975,2021-02-02,0 days 15:34:00,Ewallet,6.4
190-59-3964,B,Mandalay,Member,Male,Food and beverages,47.16,5,11.79,247.59,2021-02-03,0 days 14:35:00,Credit card,6.0
277-63-2961,B,Mandalay,Member,Male,Sports and travel,73.97,1,3.6985,77.6685,2021-02-03,0 days 15:53:00,Credit card,5.4
322-02-2271,B,Mandalay,Normal,Female,Sports and travel,42.97,3,6.4455,135.3555,2021-02-03,0 days 11:46:00,Cash,9.3
326-71-2155,C,Naypyitaw,Normal,Female,Sports and travel,73.95,4,14.79,310.59,2021-02-03,0 days 10:02:00,Cash,6.1
326-78-5178,C,Naypyitaw,Member,Male,Food and beverages,91.4,7,31.99,671.79,2021-02-03,0 days 10:19:00,Cash,9.5
347-34-2234,B,Mandalay,Member,Female,Sports and travel,55.07,9,24.7815,520.4115,2021-02-03,0 days 13:40:00,Ewallet,10.0
430-60-3493,A,Yangon,Member,Female,Home and lifestyle,94.88,7,33.208,697.368,2021-02-03,0 days 14:38:00,Cash,4.2
443-59-0061,A,Yangon,Member,Male,Food and beverages,67.45,10,33.725,708.225,2021-02-03,0 days 11:25:00,Ewallet,4.2
566-71-1091,A,Yangon,Normal,Male,Fashion accessories,77.02,5,19.255,404.355,2021-02-03,0 days 15:59:00,Cash,5.5
585-86-8361,A,Yangon,Normal,Female,Food and beverages,27.28,5,6.82,143.22,2021-02-03,0 days 10:31:00,Credit card,8.6
639-76-1242,C,Naypyitaw,Normal,Male,Food and beverages,40.52,5,10.13,212.73,2021-02-03,0 days 15:19:00,Cash,4.5
676-10-2200,B,Mandalay,Member,Male,Fashion accessories,53.78,1,2.689,56.469,2021-02-03,0 days 20:13:00,Ewallet,4.7
718-57-9773,C,Naypyitaw,Normal,Female,Sports and travel,49.33,10,24.665,517.965,2021-02-03,0 days 16:40:00,Credit card,9.4
742-04-5161,A,Yangon,Member,Male,Home and lifestyle,72.78,10,36.39,764.19,2021-02-03,0 days 17:24:00,Cash,7.3
151-33-7434,B,Mandalay,Normal,Female,Food and beverages,67.77,1,3.3885,71.1585,2021-02-04,0 days 20:43:00,Credit card,6.5
198-66-9832,B,Mandalay,Member,Female,Fashion accessories,72.04,2,7.204,151.284,2021-02-04,0 days 19:38:00,Cash,9.5
236-86-3015,C,Naypyitaw,Member,Male,Home and lifestyle,13.98,1,0.699,14.679,2021-02-04,0 days 13:38:00,Ewallet,9.8
268-20-3585,C,Naypyitaw,Normal,Female,Health and beauty,13.85,9,6.2325,130.8825,2021-02-04,0 days 12:50:00,Ewallet,6.0
404-91-5964,A,Yangon,Normal,Male,Electronic accessories,74.58,7,26.103,548.163,2021-02-04,0 days 16:09:00,Credit card,9.0
434-35-9162,B,Mandalay,Member,Male,Food and beverages,23.34,4,4.668,98.028,2021-02-04,0 days 18:53:00,Ewallet,7.4
441-94-7118,A,Yangon,Member,Male,Electronic accessories,71.95,1,3.5975,75.5475,2021-02-04,0 days 12:14:00,Cash,7.3
518-17-2983,A,Yangon,Normal,Female,Fashion accessories,48.63,4,9.726,204.246,2021-02-04,0 days 15:44:00,Ewallet,7.6
627-95-3243,B,Mandalay,Member,Female,Home and lifestyle,77.68,9,34.956,734.076,2021-02-04,0 days 13:21:00,Ewallet,9.8
695-28-6250,A,Yangon,Normal,Female,Sports and travel,43.06,5,10.765,226.065,2021-02-04,0 days 16:38:00,Ewallet,7.7
745-71-3520,A,Yangon,Member,Female,Electronic accessories,25.22,7,8.827,185.367,2021-02-04,0 days 10:23:00,Cash,8.2
181-94-6432,C,Naypyitaw,Member,Male,Fashion accessories,69.33,2,6.933,145.593,2021-02-05,0 days 19:05:00,Ewallet,9.7
210-57-1719,B,Mandalay,Normal,Female,Health and beauty,58.24,9,26.208,550.368,2021-02-05,0 days 12:34:00,Cash,9.7
210-67-5886,C,Naypyitaw,Member,Female,Health and beauty,98.21,3,14.7315,309.3615,2021-02-05,0 days 10:41:00,Credit card,7.8
307-04-2070,A,Yangon,Member,Female,Fashion accessories,30.62,1,1.531,32.151,2021-02-05,0 days 14:14:00,Credit card,4.1
324-92-3863,A,Yangon,Member,Male,Electronic accessories,20.89,2,2.089,43.869,2021-02-05,0 days 18:45:00,Cash,9.8
325-89-4209,A,Yangon,Member,Male,Food and beverages,87.9,1,4.395,92.295,2021-02-05,0 days 19:42:00,Ewallet,6.7
338-65-2210,C,Naypyitaw,Member,Female,Health and beauty,68.6,10,34.3,720.3,2021-02-05,0 days 19:57:00,Cash,9.1
374-17-3652,B,Mandalay,Member,Female,Food and beverages,42.82,9,19.269,404.649,2021-02-05,0 days 15:26:00,Credit card,8.9
409-49-6995,C,Naypyitaw,Member,Female,Food and beverages,47.27,6,14.181,297.801,2021-02-05,0 days 10:17:00,Cash,8.8
479-26-8945,B,Mandalay,Member,Female,Sports and travel,16.49,2,1.649,34.629,2021-02-05,0 days 11:32:00,Ewallet,4.6
729-09-9681,A,Yangon,Member,Male,Home and lifestyle,25.91,6,7.773,163.233,2021-02-05,0 days 10:16:00,Ewallet,8.7
880-35-0356,A,Yangon,Member,Female,Sports and travel,75.2,3,11.28,236.88,2021-02-05,0 days 11:51:00,Ewallet,4.8
149-14-0304,C,Naypyitaw,Member,Female,Health and beauty,28.5,8,11.4,239.4,2021-02-06,0 days 14:24:00,Cash,6.6
183-56-6882,C,Naypyitaw,Member,Female,Food and beverages,99.42,4,19.884,417.564,2021-02-06,0 days 10:42:00,Ewallet,7.5
258-92-7466,A,Yangon,Normal,Female,Health and beauty,35.68,5,8.92,187.32,2021-02-06,0 days 18:33:00,Credit card,6.6
351-62-0822,B,Mandalay,Member,Female,Fashion accessories,14.48,4,2.896,60.816,2021-02-06,0 days 18:07:00,Ewallet,4.5
373-88-1424,C,Naypyitaw,Member,Male,Home and lifestyle,35.81,5,8.9525,188.0025,2021-02-06,0 days 18:44:00,Ewallet,7.9
471-06-8611,C,Naypyitaw,Normal,Female,Food and beverages,52.42,1,2.621,55.041,2021-02-06,0 days 10:22:00,Credit card,6.3
512-91-0811,C,Naypyitaw,Normal,Male,Health and beauty,89.75,1,4.4875,94.2375,2021-02-06,0 days 20:05:00,Credit card,6.6
595-86-2894,C,Naypyitaw,Member,Male,Fashion accessories,96.98,4,19.396,407.316,2021-02-06,0 days 17:20:00,Ewallet,9.4
609-81-8548,A,Yangon,Member,Female,Home and lifestyle,37.44,6,11.232,235.872,2021-02-06,0 days 13:55:00,Credit card,5.9
727-46-3608,B,Mandalay,Member,Female,Food and beverages,20.01,9,9.0045,189.0945,2021-02-06,0 days 15:47:00,Ewallet,4.1
811-35-1094,B,Mandalay,Member,Male,Electronic accessories,50.45,6,15.135,317.835,2021-02-06,0 days 15:16:00,Credit card,8.9
857-67-9057,B,Mandalay,Normal,Male,Electronic accessories,22.95,10,11.475,240.975,2021-02-06,0 days 19:20:00,Ewallet,8.2
875-46-5808,B,Mandalay,Member,Male,Health and beauty,25.9,10,12.95,271.95,2021-02-06,0 days 14:51:00,Ewallet,8.7
114-35-5271,B,Mandalay,Normal,Female,Electronic accessories,57.91,8,23.164,486.444,2021-02-07,0 days 15:06:00,Cash,8.1
214-17-6927,C,Naypyitaw,Normal,Female,Food and beverages,16.48,6,4.944,103.824,2021-02-07,0 days 18:23:00,Ewallet,9.9
252-56-2699,A,Yangon,Normal,Male,Food and beverages,43.19,10,21.595,453.495,2021-02-07,0 days 16:48:00,Ewallet,8.2
374-38-5555,B,Mandalay,Normal,Female,Fashion accessories,63.71,5,15.9275,334.4775,2021-02-07,0 days 19:30:00,Ewallet,8.5
380-94-4661,C,Naypyitaw,Member,Male,Electronic accessories,65.94,4,13.188,276.948,2021-02-07,0 days 13:05:00,Credit card,6.9
421-95-9805,A,Yangon,Normal,Female,Electronic accessories,28.96,1,1.448,30.408,2021-02-07,0 days 10:18:00,Credit card,6.2
430-02-3888,B,Mandalay,Normal,Male,Electronic accessories,46.02,6,13.806,289.926,2021-02-07,0 days 15:55:00,Cash,7.1
453-33-6436,A,Yangon,Normal,Female,Home and lifestyle,93.12,8,37.248,782.208,2021-02-07,0 days 10:09:00,Cash,6.8
533-33-5337,B,Mandalay,Normal,Male,Electronic accessories,79.39,10,39.695,833.595,2021-02-07,0 days 20:24:00,Cash,6.2
560-49-6611,A,Yangon,Member,Female,Sports and travel,45.58,1,2.279,47.859,2021-02-07,0 days 14:13:00,Cash,9.8
583-41-4548,C,Naypyitaw,Normal,Male,Home and lifestyle,16.67,7,5.8345,122.5245,2021-02-07,0 days 11:36:00,Ewallet,7.4
626-43-7888,C,Naypyitaw,Normal,Female,Fashion accessories,60.41,8,24.164,507.444,2021-02-07,0 days 12:23:00,Ewallet,9.6
635-40-6220,A,Yangon,Normal,Male,Health and beauty,89.6,8,35.84,752.64,2021-02-07,0 days 11:28:00,Ewallet,6.6
641-96-3695,C,Naypyitaw,Member,Female,Fashion accessories,43.46,6,13.038,273.798,2021-02-07,0 days 17:55:00,Ewallet,8.5
648-94-3045,C,Naypyitaw,Normal,Male,Health and beauty,58.95,10,29.475,618.975,2021-02-07,0 days 14:27:00,Ewallet,8.1
744-82-9138,C,Naypyitaw,Normal,Male,Fashion accessories,86.13,2,8.613,180.873,2021-02-07,0 days 17:59:00,Cash,8.2
784-21-9238,C,Naypyitaw,Member,Male,Sports and travel,10.17,1,0.5085,10.6785,2021-02-07,0 days 14:15:00,Cash,5.9
810-60-6344,C,Naypyitaw,Normal,Female,Electronic accessories,40.86,8,16.344,343.224,2021-02-07,0 days 14:38:00,Credit card,6.5
827-44-5872,B,Mandalay,Member,Female,Food and beverages,54.36,10,27.18,570.78,2021-02-07,0 days 11:28:00,Credit card,6.1
868-81-1752,B,Mandalay,Normal,Male,Home and lifestyle,22.02,9,9.909,208.089,2021-02-07,0 days 18:48:00,Cash,6.8
181-82-6255,B,Mandalay,Normal,Female,Home and lifestyle,16.37,6,4.911,103.131,2021-02-08,0 days 10:58:00,Cash,7.0
271-88-8734,C,Naypyitaw,Member,Female,Fashion accessories,97.21,10,48.605,1020.705,2021-02-08,0 days 13:00:00,Credit card,8.7
354-25-5821,B,Mandalay,Member,Female,Sports and travel,69.12,6,20.736,435.456,2021-02-08,0 days 13:03:00,Cash,5.6
373-73-7910,A,Yangon,Normal,Male,Sports and travel,86.31,7,30.2085,634.3785,2021-02-08,0 days 10:37:00,Ewallet,5.3
440-59-5691,C,Naypyitaw,Member,Female,Health and beauty,37.15,7,13.0025,273.0525,2021-02-08,0 days 13:12:00,Credit card,7.7
549-84-7482,B,Mandalay,Normal,Female,Sports and travel,90.28,9,40.626,853.146,2021-02-08,0 days 11:15:00,Ewallet,7.2
649-29-6775,B,Mandalay,Normal,Male,Fashion accessories,33.52,1,1.676,35.196,2021-02-08,0 days 15:31:00,Cash,6.7
687-47-8271,A,Yangon,Normal,Male,Fashion accessories,98.98,10,49.49,1039.29,2021-02-08,0 days 16:20:00,Credit card,8.7
732-04-5373,B,Mandalay,Member,Male,Home and lifestyle,46.47,4,9.294,195.174,2021-02-08,0 days 10:53:00,Cash,7.0
756-49-0168,A,Yangon,Member,Male,Fashion accessories,19.7,1,0.985,20.685,2021-02-08,0 days 11:39:00,Ewallet,9.5
815-04-6282,C,Naypyitaw,Member,Female,Sports and travel,64.97,5,16.2425,341.0925,2021-02-08,0 days 12:52:00,Credit card,6.5
830-58-2383,B,Mandalay,Normal,Male,Home and lifestyle,31.75,4,6.35,133.35,2021-02-08,0 days 15:26:00,Cash,8.6
130-98-8941,C,Naypyitaw,Normal,Male,Fashion accessories,64.26,7,22.491,472.311,2021-02-09,0 days 10:00:00,Cash,5.7
146-09-5432,A,Yangon,Member,Male,Food and beverages,35.04,9,15.768,331.128,2021-02-09,0 days 19:17:00,Ewallet,4.6
200-40-6154,B,Mandalay,Member,Male,Home and lifestyle,65.91,6,19.773,415.233,2021-02-09,0 days 11:45:00,Cash,5.7
428-83-5800,C,Naypyitaw,Member,Female,Food and beverages,21.08,3,3.162,66.402,2021-02-09,0 days 10:25:00,Cash,7.3
447-15-7839,A,Yangon,Member,Female,Sports and travel,22.24,10,11.12,233.52,2021-02-09,0 days 11:00:00,Cash,4.2
450-42-3339,C,Naypyitaw,Normal,Male,Health and beauty,84.61,10,42.305,888.405,2021-02-09,0 days 18:58:00,Credit card,8.8
509-10-0516,B,Mandalay,Normal,Male,Home and lifestyle,45.97,4,9.194,193.074,2021-02-09,0 days 12:02:00,Ewallet,5.1
602-80-9671,C,Naypyitaw,Member,Female,Home and lifestyle,15.95,6,4.785,100.485,2021-02-09,0 days 17:15:00,Credit card,5.1
727-02-1313,A,Yangon,Member,Male,Food and beverages,31.84,1,1.592,33.432,2021-02-09,0 days 13:22:00,Cash,7.7
746-19-0921,C,Naypyitaw,Normal,Male,Food and beverages,21.58,1,1.079,22.659,2021-02-09,0 days 10:02:00,Ewallet,7.2
747-58-7183,B,Mandalay,Normal,Male,Fashion accessories,57.27,3,8.5905,180.4005,2021-02-09,0 days 20:31:00,Ewallet,6.5
866-05-7563,B,Mandalay,Member,Female,Electronic accessories,81.4,3,12.21,256.41,2021-02-09,0 days 19:43:00,Cash,4.8
871-39-9221,C,Naypyitaw,Normal,Female,Electronic accessories,12.45,6,3.735,78.435,2021-02-09,0 days 13:11:00,Cash,4.1
162-48-8011,A,Yangon,Member,Female,Food and beverages,44.59,5,11.1475,234.0975,2021-02-10,0 days 15:10:00,Cash,8.5
196-01-2849,C,Naypyitaw,Member,Female,Fashion accessories,73.38,7,25.683,539.343,2021-02-10,0 days 13:56:00,Cash,9.5
227-07-4446,C,Naypyitaw,Member,Female,Electronic accessories,78.13,10,39.065,820.365,2021-02-10,0 days 20:51:00,Cash,4.4
378-07-7001,B,Mandalay,Member,Male,Electronic accessories,48.09,3,7.2135,151.4835,2021-02-10,0 days 18:23:00,Credit card,7.8
400-60-7251,A,Yangon,Normal,Male,Home and lifestyle,74.07,1,3.7035,77.7735,2021-02-10,0 days 12:50:00,Ewallet,9.9
448-34-8700,B,Mandalay,Member,Male,Home and lifestyle,36.91,7,12.9185,271.2885,2021-02-10,0 days 13:51:00,Ewallet,6.7
559-98-9873,A,Yangon,Member,Female,Fashion accessories,53.65,7,18.7775,394.3275,2021-02-10,0 days 12:56:00,Ewallet,5.2
669-54-1719,B,Mandalay,Member,Male,Electronic accessories,18.93,6,5.679,119.259,2021-02-10,0 days 12:45:00,Credit card,8.1
685-64-1609,A,Yangon,Member,Female,Fashion accessories,30.14,10,15.07,316.47,2021-02-10,0 days 12:28:00,Ewallet,9.2
695-51-0018,B,Mandalay,Normal,Female,Sports and travel,34.84,4,6.968,146.328,2021-02-10,0 days 18:36:00,Cash,7.4
838-78-4295,C,Naypyitaw,Normal,Female,Health and beauty,33.47,2,3.347,70.287,2021-02-10,0 days 15:43:00,Ewallet,6.7
284-34-9626,B,Mandalay,Normal,Female,Home and lifestyle,77.04,3,11.556,242.676,2021-02-11,0 days 10:39:00,Credit card,7.2
401-09-4232,C,Naypyitaw,Member,Male,Home and lifestyle,86.69,5,21.6725,455.1225,2021-02-11,0 days 18:38:00,Ewallet,9.4
418-02-5978,B,Mandalay,Normal,Female,Health and beauty,84.09,9,37.8405,794.6505,2021-02-11,0 days 10:54:00,Cash,8.0
531-56-4728,A,Yangon,Normal,Male,Home and lifestyle,80.08,3,12.012,252.252,2021-02-11,0 days 15:29:00,Cash,5.4
534-53-3526,A,Yangon,Normal,Female,Sports and travel,94.76,4,18.952,397.992,2021-02-11,0 days 16:06:00,Ewallet,7.8
796-12-2025,C,Naypyitaw,Normal,Male,Fashion accessories,62.12,10,31.06,652.26,2021-02-11,0 days 16:19:00,Cash,5.9
842-40-8179,B,Mandalay,Member,Female,Food and beverages,77.2,10,38.6,810.6,2021-02-11,0 days 10:38:00,Credit card,5.6
866-99-7614,C,Naypyitaw,Normal,Male,Food and beverages,89.2,10,44.6,936.6,2021-02-11,0 days 15:42:00,Credit card,4.4
287-83-1405,A,Yangon,Normal,Male,Health and beauty,25.43,6,7.629,160.209,2021-02-12,0 days 19:01:00,Ewallet,7.0
305-18-3552,B,Mandalay,Member,Male,Home and lifestyle,60.38,10,30.19,633.99,2021-02-12,0 days 16:19:00,Cash,6.0
365-64-0515,A,Yangon,Normal,Female,Electronic accessories,46.95,5,11.7375,246.4875,2021-02-12,0 days 10:25:00,Ewallet,7.1
373-14-0504,A,Yangon,Member,Female,Sports and travel,71.63,2,7.163,150.423,2021-02-12,0 days 14:33:00,Ewallet,8.8
528-87-5606,B,Mandalay,Member,Female,Electronic accessories,39.48,1,1.974,41.454,2021-02-12,0 days 19:43:00,Cash,6.5
549-03-9315,B,Mandalay,Normal,Male,Fashion accessories,94.87,8,37.948,796.908,2021-02-12,0 days 12:58:00,Ewallet,8.7
641-51-2661,C,Naypyitaw,Member,Female,Food and beverages,87.1,10,43.55,914.55,2021-02-12,0 days 14:45:00,Credit card,9.9
885-56-0389,C,Naypyitaw,Member,Male,Fashion accessories,52.35,1,2.6175,54.9675,2021-02-12,0 days 17:49:00,Cash,4.0
139-52-2867,C,Naypyitaw,Normal,Female,Fashion accessories,22.51,7,7.8785,165.4485,2021-02-13,0 days 10:50:00,Credit card,4.8
151-16-1484,A,Yangon,Member,Male,Electronic accessories,32.25,4,6.45,135.45,2021-02-13,0 days 12:38:00,Ewallet,6.5
173-50-1108,B,Mandalay,Member,Female,Sports and travel,20.18,4,4.036,84.756,2021-02-13,0 days 12:14:00,Credit card,5.0
339-18-7061,C,Naypyitaw,Member,Female,Fashion accessories,92.98,2,9.298,195.258,2021-02-13,0 days 15:06:00,Credit card,8.0
388-76-2555,B,Mandalay,Normal,Male,Sports and travel,13.69,6,4.107,86.247,2021-02-13,0 days 13:59:00,Cash,6.3
549-23-9016,C,Naypyitaw,Member,Female,Food and beverages,14.87,2,1.487,31.227,2021-02-13,0 days 18:15:00,Credit card,8.9
563-36-9814,A,Yangon,Member,Male,Electronic accessories,76.82,1,3.841,80.661,2021-02-13,0 days 18:27:00,Ewallet,7.2
767-54-1907,B,Mandalay,Member,Female,Fashion accessories,29.56,5,7.39,155.19,2021-02-13,0 days 16:59:00,Cash,6.9
109-86-4363,B,Mandalay,Member,Female,Sports and travel,60.08,7,21.028,441.588,2021-02-14,0 days 11:36:00,Credit card,4.5
150-89-8043,A,Yangon,Normal,Male,Sports and travel,44.65,3,6.6975,140.6475,2021-02-14,0 days 15:04:00,Cash,6.2
174-36-3675,C,Naypyitaw,Member,Male,Food and beverages,99.37,2,9.937,208.677,2021-02-14,0 days 17:29:00,Cash,5.2
235-46-8343,C,Naypyitaw,Member,Male,Food and beverages,27.66,10,13.83,290.43,2021-02-14,0 days 11:26:00,Credit card,8.9
528-14-9470,A,Yangon,Member,Male,Health and beauty,91.3,1,4.565,95.865,2021-02-14,0 days 14:42:00,Ewallet,9.2
545-07-8534,C,Naypyitaw,Normal,Female,Health and beauty,58.32,2,5.832,122.472,2021-02-14,0 days 12:42:00,Ewallet,6.0
638-60-7125,A,Yangon,Normal,Female,Electronic accessories,99.56,8,39.824,836.304,2021-02-14,0 days 17:03:00,Credit card,5.2
853-23-2453,B,Mandalay,Member,Male,Health and beauty,75.74,4,15.148,318.108,2021-02-14,0 days 14:35:00,Cash,7.6
136-08-6195,A,Yangon,Normal,Female,Home and lifestyle,69.96,8,27.984,587.664,2021-02-15,0 days 17:01:00,Credit card,6.4
152-68-2907,A,Yangon,Normal,Male,Food and beverages,52.2,3,7.83,164.43,2021-02-15,0 days 13:30:00,Credit card,9.5
227-78-1148,B,Mandalay,Normal,Female,Fashion accessories,72.84,7,25.494,535.374,2021-02-15,0 days 12:44:00,Cash,8.4
233-34-0817,C,Naypyitaw,Member,Female,Electronic accessories,98.84,1,4.942,103.782,2021-02-15,0 days 11:21:00,Cash,8.4
234-36-2483,B,Mandalay,Normal,Male,Health and beauty,57.59,6,17.277,362.817,2021-02-15,0 days 13:51:00,Cash,5.1
246-11-3901,C,Naypyitaw,Normal,Female,Electronic accessories,32.8,10,16.4,344.4,2021-02-15,0 days 12:12:00,Cash,6.2
285-68-5083,C,Naypyitaw,Member,Female,Sports and travel,24.74,3,3.711,77.931,2021-02-15,0 days 17:47:00,Credit card,10.0
305-03-2383,A,Yangon,Normal,Female,Food and beverages,67.1,3,10.065,211.365,2021-02-15,0 days 10:36:00,Cash,7.5
321-49-7382,B,Mandalay,Member,Male,Sports and travel,88.31,1,4.4155,92.7255,2021-02-15,0 days 17:38:00,Credit card,5.2
372-94-8041,A,Yangon,Normal,Male,Health and beauty,15.26,6,4.578,96.138,2021-02-15,0 days 18:03:00,Ewallet,9.8
394-43-4238,B,Mandalay,Member,Male,Home and lifestyle,17.77,5,4.4425,93.2925,2021-02-15,0 days 12:42:00,Credit card,5.4
400-80-4065,C,Naypyitaw,Member,Male,Health and beauty,68.55,4,13.71,287.91,2021-02-15,0 days 20:21:00,Credit card,9.2
431-66-2305,B,Mandalay,Normal,Female,Electronic accessories,88.25,9,39.7125,833.9625,2021-02-15,0 days 20:51:00,Credit card,7.6
497-36-0989,A,Yangon,Normal,Male,Fashion accessories,51.94,3,7.791,163.611,2021-02-15,0 days 15:21:00,Cash,7.9
541-89-9860,C,Naypyitaw,Member,Female,Fashion accessories,80.48,3,12.072,253.512,2021-02-15,0 days 12:31:00,Cash,8.1
556-41-6224,C,Naypyitaw,Normal,Male,Health and beauty,33.64,8,13.456,282.576,2021-02-15,0 days 17:10:00,Credit card,9.3
710-46-4433,B,Mandalay,Member,Female,Food and beverages,77.4,9,34.83,731.43,2021-02-15,0 days 14:15:00,Credit card,4.5
860-79-0874,C,Naypyitaw,Member,Female,Fashion accessories,99.3,10,49.65,1042.65,2021-02-15,0 days 14:53:00,Credit card,6.6
873-95-4984,B,Mandalay,Member,Female,Health and beauty,76.9,7,26.915,565.215,2021-02-15,0 days 20:21:00,Cash,7.7
133-77-3154,B,Mandalay,Member,Male,Fashion accessories,60.18,4,12.036,252.756,2021-02-16,0 days 18:04:00,Credit card,9.4
241-72-9525,B,Mandalay,Normal,Male,Sports and travel,51.91,10,25.955,545.055,2021-02-16,0 days 12:21:00,Cash,8.2
273-84-2164,C,Naypyitaw,Member,Male,Electronic accessories,12.05,5,3.0125,63.2625,2021-02-16,0 days 15:53:00,Ewallet,5.5
408-66-6712,C,Naypyitaw,Member,Female,Health and beauty,47.71,6,14.313,300.573,2021-02-16,0 days 14:19:00,Ewallet,4.4
587-03-7455,C,Naypyitaw,Member,Female,Fashion accessories,97.79,7,34.2265,718.7565,2021-02-16,0 days 17:30:00,Ewallet,4.9
598-06-7312,B,Mandalay,Member,Male,Fashion accessories,91.35,1,4.5675,95.9175,2021-02-16,0 days 15:42:00,Cash,6.8
873-14-6353,A,Yangon,Member,Male,Food and beverages,24.82,7,8.687,182.427,2021-02-16,0 days 10:33:00,Credit card,7.1
895-03-6665,B,Mandalay,Normal,Female,Fashion accessories,36.51,9,16.4295,345.0195,2021-02-16,0 days 10:52:00,Cash,4.2
123-35-4896,C,Naypyitaw,Normal,Female,Sports and travel,46.66,9,20.997,440.937,2021-02-17,0 days 19:11:00,Ewallet,5.3
131-70-8179,A,Yangon,Member,Female,Health and beauty,92.09,3,13.8135,290.0835,2021-02-17,0 days 16:27:00,Cash,4.2
201-63-8275,C,Naypyitaw,Member,Female,Sports and travel,67.99,7,23.7965,499.7265,2021-02-17,0 days 16:50:00,Ewallet,5.7
389-25-3394,C,Naypyitaw,Normal,Male,Electronic accessories,11.81,5,2.9525,62.0025,2021-02-17,0 days 18:06:00,Cash,9.4
420-11-4919,C,Naypyitaw,Member,Female,Food and beverages,71.39,5,17.8475,374.7975,2021-02-17,0 days 19:57:00,Credit card,5.5
590-83-4591,B,Mandalay,Member,Male,Electronic accessories,87.45,6,26.235,550.935,2021-02-17,0 days 14:40:00,Credit card,8.8
612-36-5536,A,Yangon,Member,Male,Food and beverages,80.96,8,32.384,680.064,2021-02-17,0 days 11:12:00,Credit card,7.4
634-97-8956,A,Yangon,Normal,Male,Food and beverages,32.9,3,4.935,103.635,2021-02-17,0 days 17:27:00,Credit card,9.1
636-48-8204,A,Yangon,Normal,Male,Electronic accessories,34.56,5,8.64,181.44,2021-02-17,0 days 11:15:00,Ewallet,9.9
785-96-0615,B,Mandalay,Member,Female,Electronic accessories,35.74,8,14.296,300.216,2021-02-17,0 days 15:28:00,Ewallet,4.9
788-21-5741,A,Yangon,Normal,Male,Fashion accessories,45.38,3,6.807,142.947,2021-02-17,0 days 13:34:00,Credit card,7.2
803-17-8013,A,Yangon,Member,Female,Home and lifestyle,88.79,8,35.516,745.836,2021-02-17,0 days 17:09:00,Cash,4.1
827-77-7633,A,Yangon,Normal,Male,Sports and travel,98.09,9,44.1405,926.9505,2021-02-17,0 days 19:41:00,Cash,9.3
278-97-7759,A,Yangon,Member,Female,Electronic accessories,62.48,1,3.124,65.604,2021-02-18,0 days 20:29:00,Cash,4.7
354-39-5160,A,Yangon,Member,Female,Home and lifestyle,34.42,6,10.326,216.846,2021-02-18,0 days 15:39:00,Cash,9.8
597-78-7908,C,Naypyitaw,Normal,Male,Fashion accessories,90.22,3,13.533,284.193,2021-02-18,0 days 19:39:00,Cash,6.2
652-49-6720,C,Naypyitaw,Member,Female,Electronic accessories,60.95,1,3.0475,63.9975,2021-02-18,0 days 11:40:00,Ewallet,5.9
764-44-8999,B,Mandalay,Normal,Female,Health and beauty,14.76,2,1.476,30.996,2021-02-18,0 days 14:42:00,Ewallet,4.3
787-15-1757,C,Naypyitaw,Member,Male,Health and beauty,44.07,4,8.814,185.094,2021-02-18,0 days 16:28:00,Ewallet,8.4
849-09-3807,A,Yangon,Member,Female,Fashion accessories,88.34,7,30.919,649.299,2021-02-18,0 days 13:28:00,Cash,6.6
183-21-3799,C,Naypyitaw,Normal,Female,Electronic accessories,77.63,9,34.9335,733.6035,2021-02-19,0 days 15:14:00,Ewallet,7.2
272-27-9238,C,Naypyitaw,Normal,Female,Food and beverages,41.24,4,8.248,173.208,2021-02-19,0 days 16:23:00,Cash,7.1
384-59-6655,A,Yangon,Member,Female,Food and beverages,98.66,9,44.397,932.337,2021-02-19,0 days 15:07:00,Cash,8.4
409-33-9708,A,Yangon,Normal,Female,Fashion accessories,98.48,2,9.848,206.808,2021-02-19,0 days 10:12:00,Ewallet,9.2
449-16-6770,A,Yangon,Normal,Male,Health and beauty,50.79,5,12.6975,266.6475,2021-02-19,0 days 14:53:00,Credit card,5.3
629-42-4133,C,Naypyitaw,Normal,Male,Health and beauty,21.8,8,8.72,183.12,2021-02-19,0 days 19:24:00,Cash,8.3
752-23-3760,B,Mandalay,Member,Female,Sports and travel,64.08,7,22.428,470.988,2021-02-19,0 days 19:29:00,Credit card,7.3
868-06-0466,A,Yangon,Member,Male,Electronic accessories,69.58,9,31.311,657.531,2021-02-19,0 days 19:38:00,Credit card,7.8
886-77-9084,C,Naypyitaw,Normal,Male,Electronic accessories,71.89,8,28.756,603.876,2021-02-19,0 days 11:33:00,Ewallet,5.5
311-13-6971,B,Mandalay,Member,Male,Sports and travel,31.99,10,15.995,335.895,2021-02-20,0 days 15:18:00,Credit card,9.9
458-61-0011,B,Mandalay,Normal,Male,Food and beverages,60.3,4,12.06,253.26,2021-02-20,0 days 18:43:00,Cash,5.8
498-41-1961,B,Mandalay,Normal,Male,Health and beauty,66.68,5,16.67,350.07,2021-02-20,0 days 18:01:00,Cash,7.6
546-80-2899,A,Yangon,Member,Male,Home and lifestyle,37.69,2,3.769,79.149,2021-02-20,0 days 15:29:00,Ewallet,9.5
548-46-9322,B,Mandalay,Normal,Male,Food and beverages,39.9,10,19.95,418.95,2021-02-20,0 days 15:24:00,Credit card,5.9
692-92-5582,B,Mandalay,Member,Female,Food and beverages,54.84,3,8.226,172.746,2021-02-20,0 days 13:27:00,Credit card,5.9
725-56-0833,A,Yangon,Normal,Female,Health and beauty,32.32,10,16.16,339.36,2021-02-20,0 days 16:49:00,Credit card,10.0
779-42-2410,B,Mandalay,Member,Male,Food and beverages,57.74,3,8.661,181.881,2021-02-20,0 days 13:06:00,Ewallet,7.7
782-95-9291,A,Yangon,Member,Male,Food and beverages,92.29,5,23.0725,484.5225,2021-02-20,0 days 15:55:00,Credit card,9.0
848-95-6252,C,Naypyitaw,Member,Female,Home and lifestyle,86.27,1,4.3135,90.5835,2021-02-20,0 days 13:24:00,Ewallet,7.0
269-04-5750,B,Mandalay,Member,Male,Fashion accessories,73.82,4,14.764,310.044,2021-02-21,0 days 18:31:00,Cash,6.7
279-62-1445,C,Naypyitaw,Member,Female,Fashion accessories,12.54,1,0.627,13.167,2021-02-21,0 days 12:38:00,Cash,8.2
319-74-2561,A,Yangon,Member,Female,Electronic accessories,94.64,3,14.196,298.116,2021-02-21,0 days 16:55:00,Cash,5.5
389-70-2397,C,Naypyitaw,Normal,Female,Health and beauty,83.66,5,20.915,439.215,2021-02-21,0 days 10:26:00,Cash,7.2
503-21-4385,B,Mandalay,Member,Male,Health and beauty,39.91,3,5.9865,125.7165,2021-02-21,0 days 12:40:00,Ewallet,9.3
714-02-3114,C,Naypyitaw,Normal,Female,Sports and travel,98.8,2,9.88,207.48,2021-02-21,0 days 11:39:00,Cash,7.7
347-56-2442,A,Yangon,Normal,Male,Home and lifestyle,65.82,1,3.291,69.111,2021-02-22,0 days 15:33:00,Cash,4.1
488-25-4221,C,Naypyitaw,Member,Female,Food and beverages,30.41,1,1.5205,31.9305,2021-02-22,0 days 10:36:00,Credit card,8.4
582-52-8065,B,Mandalay,Normal,Female,Fashion accessories,54.31,9,24.4395,513.2295,2021-02-22,0 days 10:49:00,Cash,8.9
690-01-6631,B,Mandalay,Normal,Male,Fashion accessories,17.49,10,8.745,183.645,2021-02-22,0 days 18:35:00,Ewallet,6.6
743-88-1662,C,Naypyitaw,Normal,Male,Sports and travel,95.49,7,33.4215,701.8515,2021-02-22,0 days 18:17:00,Ewallet,8.7
777-67-2495,B,Mandalay,Normal,Male,Home and lifestyle,68.97,3,10.3455,217.2555,2021-02-22,0 days 11:26:00,Ewallet,8.7
807-14-7833,A,Yangon,Member,Female,Electronic accessories,17.42,10,8.71,182.91,2021-02-22,0 days 12:30:00,Ewallet,7.0
831-64-0259,B,Mandalay,Normal,Female,Fashion accessories,39.75,5,9.9375,208.6875,2021-02-22,0 days 10:43:00,Ewallet,9.6
837-55-7229,B,Mandalay,Normal,Female,Fashion accessories,47.44,1,2.372,49.812,2021-02-22,0 days 18:19:00,Credit card,6.8
838-02-1821,C,Naypyitaw,Member,Female,Home and lifestyle,12.73,2,1.273,26.733,2021-02-22,0 days 12:10:00,Credit card,5.2
864-24-7918,A,Yangon,Member,Female,Sports and travel,24.49,10,12.245,257.145,2021-02-22,0 days 15:15:00,Cash,8.1
190-14-3147,B,Mandalay,Normal,Female,Health and beauty,17.97,4,3.594,75.474,2021-02-23,0 days 20:43:00,Ewallet,6.4
274-05-5470,A,Yangon,Member,Female,Food and beverages,73.47,4,14.694,308.574,2021-02-23,0 days 18:30:00,Cash,6.0
396-90-2219,B,Mandalay,Normal,Female,Electronic accessories,14.96,8,5.984,125.664,2021-02-23,0 days 12:29:00,Cash,8.6
503-07-0930,C,Naypyitaw,Member,Male,Sports and travel,58.39,7,20.4365,429.1665,2021-02-23,0 days 19:49:00,Credit card,8.2
695-09-5146,B,Mandalay,Member,Female,Food and beverages,98.79,3,14.8185,311.1885,2021-02-23,0 days 20:00:00,Ewallet,6.4
729-46-7422,C,Naypyitaw,Normal,Male,Food and beverages,35.89,1,1.7945,37.6845,2021-02-23,0 days 16:52:00,Credit card,7.9
787-56-0757,C,Naypyitaw,Member,Female,Food and beverages,80.36,4,16.072,337.512,2021-02-23,0 days 18:45:00,Credit card,8.3
831-81-6575,B,Mandalay,Member,Female,Electronic accessories,75.59,9,34.0155,714.3255,2021-02-23,0 days 11:12:00,Cash,8.0
186-43-8965,A,Yangon,Member,Female,Home and lifestyle,47.68,2,4.768,100.128,2021-02-24,0 days 10:10:00,Credit card,4.1
242-11-3142,B,Mandalay,Member,Male,Fashion accessories,83.77,2,8.377,175.917,2021-02-24,0 days 19:57:00,Cash,4.6
315-22-5665,C,Naypyitaw,Normal,Female,Home and lifestyle,73.56,10,36.78,772.38,2021-02-24,0 days 11:38:00,Ewallet,8.0
365-16-4334,B,Mandalay,Normal,Female,Food and beverages,26.43,8,10.572,222.012,2021-02-24,0 days 14:26:00,Ewallet,8.9
380-60-5336,A,Yangon,Normal,Female,Electronic accessories,40.26,10,20.13,422.73,2021-02-24,0 days 18:06:00,Credit card,5.0
516-77-6464,C,Naypyitaw,Member,Female,Health and beauty,10.16,5,2.54,53.34,2021-02-24,0 days 13:08:00,Ewallet,4.1
692-27-8933,B,Mandalay,Normal,Female,Sports and travel,57.95,6,17.385,365.085,2021-02-24,0 days 13:02:00,Cash,5.2
740-11-5257,C,Naypyitaw,Normal,Male,Electronic accessories,24.74,10,12.37,259.77,2021-02-24,0 days 16:44:00,Cash,7.1
803-83-5989,C,Naypyitaw,Normal,Male,Home and lifestyle,55.73,6,16.719,351.099,2021-02-24,0 days 10:55:00,Ewallet,7.0
275-28-0149,A,Yangon,Normal,Male,Sports and travel,63.69,1,3.1845,66.8745,2021-02-25,0 days 16:21:00,Cash,6.0
300-71-4605,C,Naypyitaw,Member,Male,Electronic accessories,86.04,5,21.51,451.71,2021-02-25,0 days 11:24:00,Ewallet,4.8
308-81-0538,A,Yangon,Normal,Female,Fashion accessories,73.05,4,14.61,306.81,2021-02-25,0 days 17:16:00,Credit card,4.9
355-53-5943,A,Yangon,Member,Female,Electronic accessories,68.84,6,20.652,433.692,2021-02-25,0 days 14:36:00,Ewallet,5.8
459-45-2396,A,Yangon,Member,Female,Food and beverages,99.6,3,14.94,313.74,2021-02-25,0 days 18:45:00,Cash,5.8
502-05-1910,A,Yangon,Normal,Male,Health and beauty,65.18,3,9.777,205.317,2021-02-25,0 days 20:35:00,Credit card,6.3
505-02-0892,B,Mandalay,Member,Male,Health and beauty,42.57,8,17.028,357.588,2021-02-25,0 days 14:12:00,Ewallet,5.6
511-54-3087,B,Mandalay,Normal,Male,Sports and travel,88.45,1,4.4225,92.8725,2021-02-25,0 days 16:36:00,Credit card,9.5
574-80-1489,B,Mandalay,Member,Female,Food and beverages,62.85,4,12.57,263.97,2021-02-25,0 days 13:22:00,Ewallet,8.7
608-05-3804,B,Mandalay,Member,Male,Electronic accessories,39.75,1,1.9875,41.7375,2021-02-25,0 days 20:19:00,Cash,6.1
636-17-0325,B,Mandalay,Normal,Male,Health and beauty,62.57,4,12.514,262.794,2021-02-25,0 days 18:37:00,Cash,9.5
719-89-8991,A,Yangon,Member,Female,Sports and travel,91.41,5,22.8525,479.9025,2021-02-25,0 days 16:03:00,Ewallet,7.1
735-06-4124,C,Naypyitaw,Normal,Male,Food and beverages,48.61,1,2.4305,51.0405,2021-02-25,0 days 15:31:00,Cash,4.4
834-83-1826,B,Mandalay,Member,Female,Home and lifestyle,82.04,5,20.51,430.71,2021-02-25,0 days 17:16:00,Credit card,7.6
866-70-2814,B,Mandalay,Normal,Female,Electronic accessories,52.79,10,26.395,554.295,2021-02-25,0 days 11:58:00,Ewallet,10.0
871-79-8483,B,Mandalay,Normal,Male,Fashion accessories,94.13,5,23.5325,494.1825,2021-02-25,0 days 19:39:00,Credit card,4.8
154-74-7179,B,Mandalay,Normal,Male,Sports and travel,54.45,1,2.7225,57.1725,2021-02-26,0 days 19:24:00,Ewallet,7.9
437-53-3084,B,Mandalay,Normal,Male,Fashion accessories,99.89,2,9.989,209.769,2021-02-26,0 days 11:48:00,Ewallet,7.1
466-61-5506,B,Mandalay,Member,Female,Electronic accessories,90.7,6,27.21,571.41,2021-02-26,0 days 10:52:00,Cash,5.3
477-24-6490,B,Mandalay,Normal,Female,Health and beauty,99.71,6,29.913,628.173,2021-02-26,0 days 16:52:00,Ewallet,7.9
491-38-3499,A,Yangon,Member,Male,Fashion accessories,55.45,1,2.7725,58.2225,2021-02-26,0 days 17:46:00,Credit card,4.9
518-71-6847,B,Mandalay,Member,Male,Food and beverages,26.6,6,7.98,167.58,2021-02-26,0 days 15:10:00,Ewallet,4.9
649-11-3678,C,Naypyitaw,Normal,Female,Food and beverages,22.93,9,10.3185,216.6885,2021-02-26,0 days 20:26:00,Cash,5.5
702-72-0487,A,Yangon,Normal,Female,Electronic accessories,46.61,2,4.661,97.881,2021-02-26,0 days 12:28:00,Credit card,6.6
707-32-7409,B,Mandalay,Member,Female,Sports and travel,95.54,4,19.108,401.268,2021-02-26,0 days 11:58:00,Ewallet,4.5
105-10-6182,A,Yangon,Member,Male,Fashion accessories,21.48,2,2.148,45.108,2021-02-27,0 days 12:22:00,Ewallet,6.6
135-84-8019,A,Yangon,Normal,Female,Fashion accessories,77.93,9,35.0685,736.4385,2021-02-27,0 days 16:10:00,Ewallet,7.6
191-29-0321,B,Mandalay,Member,Female,Fashion accessories,19.77,10,9.885,207.585,2021-02-27,0 days 18:57:00,Credit card,5.0
243-55-8457,A,Yangon,Normal,Female,Food and beverages,74.44,10,37.22,781.62,2021-02-27,0 days 11:40:00,Ewallet,5.1
250-17-5703,A,Yangon,Member,Male,Food and beverages,18.85,10,9.425,197.925,2021-02-27,0 days 18:24:00,Ewallet,5.6
250-81-7186,C,Naypyitaw,Normal,Female,Electronic accessories,99.69,1,4.9845,104.6745,2021-02-27,0 days 10:23:00,Credit card,8.0
263-12-5321,A,Yangon,Member,Male,Electronic accessories,92.6,7,32.41,680.61,2021-02-27,0 days 12:52:00,Credit card,9.3
318-68-5053,B,Mandalay,Normal,Female,Health and beauty,76.99,6,23.097,485.037,2021-02-27,0 days 17:55:00,Cash,6.1
370-41-7321,B,Mandalay,Member,Male,Health and beauty,56.69,9,25.5105,535.7205,2021-02-27,0 days 17:24:00,Credit card,8.4
400-45-1220,B,Mandalay,Normal,Female,Health and beauty,13.5,10,6.75,141.75,2021-02-27,0 days 11:06:00,Credit card,4.8
605-72-4132,C,Naypyitaw,Normal,Female,Food and beverages,94.47,8,37.788,793.548,2021-02-27,0 days 15:12:00,Cash,9.1
665-63-9737,B,Mandalay,Normal,Male,Fashion accessories,52.42,3,7.863,165.123,2021-02-27,0 days 17:36:00,Ewallet,7.5
741-73-3559,B,Mandalay,Normal,Male,Sports and travel,67.27,5,16.8175,353.1675,2021-02-27,0 days 17:27:00,Cash,6.9
759-98-4285,C,Naypyitaw,Member,Female,Health and beauty,85.87,7,30.0545,631.1445,2021-02-27,0 days 19:01:00,Credit card,8.0
142-72-4741,C,Naypyitaw,Member,Male,Fashion accessories,93.2,2,9.32,195.72,2021-02-28,0 days 18:37:00,Credit card,6.0
291-59-1384,B,Mandalay,Normal,Male,Electronic accessories,60.3,1,3.015,63.315,2021-02-28,0 days 17:38:00,Cash,6.0
399-46-5918,C,Naypyitaw,Normal,Female,Electronic accessories,85.98,8,34.392,722.232,2021-02-28,0 days 19:01:00,Cash,8.2
635-28-5728,A,Yangon,Normal,Male,Health and beauty,56.0,3,8.4,176.4,2021-02-28,0 days 19:33:00,Ewallet,4.8
709-58-4068,B,Mandalay,Normal,Female,Fashion accessories,41.09,10,20.545,431.445,2021-02-28,0 days 14:42:00,Cash,7.3
786-94-2700,A,Yangon,Member,Male,Food and beverages,80.62,6,24.186,507.906,2021-02-28,0 days 20:18:00,Cash,9.1
153-58-4872,C,Naypyitaw,Member,Female,Food and beverages,74.89,4,14.978,314.538,2021-03-01,0 days 15:32:00,Ewallet,4.2
189-98-2939,C,Naypyitaw,Normal,Male,Fashion accessories,78.55,9,35.3475,742.2975,2021-03-01,0 days 13:22:00,Cash,7.2
207-73-1363,B,Mandalay,Normal,Male,Health and beauty,69.51,2,6.951,145.971,2021-03-01,0 days 12:15:00,Ewallet,8.1
220-28-1851,A,Yangon,Normal,Male,Home and lifestyle,34.73,2,3.473,72.933,2021-03-01,0 days 18:14:00,Ewallet,9.7
238-45-6950,B,Mandalay,Member,Male,Food and beverages,53.72,1,2.686,56.406,2021-03-01,0 days 20:03:00,Ewallet,6.4
247-11-2470,A,Yangon,Member,Female,Fashion accessories,22.32,4,4.464,93.744,2021-03-01,0 days 16:23:00,Credit card,4.4
339-96-8318,B,Mandalay,Member,Male,Fashion accessories,81.31,7,28.4585,597.6285,2021-03-01,0 days 19:49:00,Ewallet,6.3
453-63-6187,B,Mandalay,Normal,Male,Electronic accessories,27.5,3,4.125,86.625,2021-03-01,0 days 15:40:00,Ewallet,6.5
470-31-3286,B,Mandalay,Normal,Male,Health and beauty,14.82,3,2.223,46.683,2021-03-01,0 days 11:30:00,Credit card,8.7
811-03-8790,A,Yangon,Normal,Female,Electronic accessories,45.48,10,22.74,477.54,2021-03-01,0 days 10:22:00,Credit card,4.8
172-42-8274,B,Mandalay,Normal,Female,Electronic accessories,38.27,2,3.827,80.367,2021-03-02,0 days 18:18:00,Credit card,5.8
225-98-1496,C,Naypyitaw,Normal,Female,Fashion accessories,27.02,3,4.053,85.113,2021-03-02,0 days 13:01:00,Credit card,7.1
303-96-2227,B,Mandalay,Normal,Female,Home and lifestyle,97.38,10,48.69,1022.49,2021-03-02,0 days 17:16:00,Ewallet,4.4
346-84-3103,B,Mandalay,Member,Female,Electronic accessories,13.22,5,3.305,69.405,2021-03-02,0 days 19:26:00,Cash,4.3
408-26-9866,C,Naypyitaw,Normal,Female,Sports and travel,73.98,7,25.893,543.753,2021-03-02,0 days 16:42:00,Ewallet,4.1
549-59-1358,A,Yangon,Member,Male,Sports and travel,88.63,3,13.2945,279.1845,2021-03-02,0 days 17:36:00,Ewallet,6.0
565-67-6697,B,Mandalay,Member,Male,Home and lifestyle,27.0,9,12.15,255.15,2021-03-02,0 days 14:16:00,Cash,4.8
576-31-4774,B,Mandalay,Normal,Female,Health and beauty,73.41,3,11.0115,231.2415,2021-03-02,0 days 13:10:00,Ewallet,4.0
607-76-6216,C,Naypyitaw,Member,Female,Fashion accessories,92.49,5,23.1225,485.5725,2021-03-02,0 days 16:35:00,Credit card,8.6
636-98-3364,B,Mandalay,Member,Female,Electronic accessories,26.26,3,3.939,82.719,2021-03-02,0 days 12:36:00,Ewallet,6.3
640-48-5028,B,Mandalay,Member,Female,Home and lifestyle,88.39,9,39.7755,835.2855,2021-03-02,0 days 12:40:00,Cash,6.3
720-72-2436,A,Yangon,Normal,Male,Food and beverages,66.52,4,13.304,279.384,2021-03-02,0 days 18:14:00,Ewallet,6.9
725-54-0677,C,Naypyitaw,Member,Male,Health and beauty,85.6,7,29.96,629.16,2021-03-02,0 days 13:50:00,Cash,5.3
817-69-8206,B,Mandalay,Normal,Female,Electronic accessories,99.73,9,44.8785,942.4485,2021-03-02,0 days 19:42:00,Credit card,6.5
825-94-5922,B,Mandalay,Normal,Male,Sports and travel,25.31,2,2.531,53.151,2021-03-02,0 days 19:26:00,Ewallet,7.2
860-73-6466,A,Yangon,Member,Female,Sports and travel,39.47,2,3.947,82.887,2021-03-02,0 days 16:16:00,Credit card,5.0
878-30-2331,C,Naypyitaw,Member,Female,Sports and travel,54.55,10,27.275,572.775,2021-03-02,0 days 11:22:00,Credit card,7.1
883-17-4236,C,Naypyitaw,Normal,Female,Sports and travel,14.39,2,1.439,30.219,2021-03-02,0 days 19:44:00,Credit card,7.2
175-54-2529,A,Yangon,Member,Male,Food and beverages,22.17,8,8.868,186.228,2021-03-03,0 days 17:01:00,Credit card,9.6
211-05-0490,C,Naypyitaw,Member,Female,Electronic accessories,51.92,5,12.98,272.58,2021-03-03,0 days 13:42:00,Cash,7.5
234-03-4040,B,Mandalay,Member,Female,Food and beverages,73.05,10,36.525,767.025,2021-03-03,0 days 12:25:00,Credit card,8.7
302-15-2162,C,Naypyitaw,Member,Male,Health and beauty,46.53,6,13.959,293.139,2021-03-03,0 days 10:54:00,Credit card,4.3
305-14-0245,B,Mandalay,Member,Female,Home and lifestyle,94.49,8,37.796,793.716,2021-03-03,0 days 19:00:00,Ewallet,7.5
324-41-6833,C,Naypyitaw,Member,Female,Electronic accessories,30.2,8,12.08,253.68,2021-03-03,0 days 19:30:00,Ewallet,5.1
468-99-7231,C,Naypyitaw,Normal,Female,Home and lifestyle,44.01,8,17.604,369.684,2021-03-03,0 days 17:36:00,Cash,8.8
568-88-3448,A,Yangon,Normal,Male,Health and beauty,25.0,1,1.25,26.25,2021-03-03,0 days 15:09:00,Ewallet,5.5
610-46-4100,A,Yangon,Normal,Male,Health and beauty,28.95,7,10.1325,212.7825,2021-03-03,0 days 20:31:00,Credit card,6.0
631-41-3108,A,Yangon,Normal,Male,Home and lifestyle,46.33,7,16.2155,340.5255,2021-03-03,0 days 13:23:00,Credit card,7.4
651-96-5970,A,Yangon,Normal,Male,Fashion accessories,46.41,1,2.3205,48.7305,2021-03-03,0 days 20:06:00,Credit card,4.0
733-33-4967,C,Naypyitaw,Normal,Male,Electronic accessories,20.85,8,8.34,175.14,2021-03-03,0 days 19:17:00,Cash,6.3
777-82-7220,B,Mandalay,Member,Male,Home and lifestyle,30.12,8,12.048,253.008,2021-03-03,0 days 13:01:00,Cash,7.7
861-77-0145,C,Naypyitaw,Member,Male,Electronic accessories,81.97,10,40.985,860.685,2021-03-03,0 days 14:30:00,Cash,9.2
221-25-5073,A,Yangon,Normal,Female,Food and beverages,74.66,4,14.932,313.572,2021-03-04,0 days 10:39:00,Cash,8.5
227-50-3718,A,Yangon,Normal,Male,Health and beauty,14.62,5,3.655,76.755,2021-03-04,0 days 12:23:00,Cash,4.4
228-96-1411,C,Naypyitaw,Member,Female,Food and beverages,98.7,8,39.48,829.08,2021-03-04,0 days 20:39:00,Cash,7.6
256-08-8343,A,Yangon,Normal,Female,Home and lifestyle,56.53,4,11.306,237.426,2021-03-04,0 days 19:48:00,Ewallet,5.5
276-75-6884,A,Yangon,Normal,Female,Health and beauty,68.71,3,10.3065,216.4365,2021-03-04,0 days 10:05:00,Cash,8.7
320-49-6392,C,Naypyitaw,Normal,Female,Electronic accessories,30.24,1,1.512,31.752,2021-03-04,0 days 15:44:00,Cash,8.4
346-12-3257,B,Mandalay,Member,Male,Electronic accessories,19.24,9,8.658,181.818,2021-03-04,0 days 16:28:00,Cash,8.0
558-60-5016,A,Yangon,Normal,Female,Home and lifestyle,33.3,9,14.985,314.685,2021-03-04,0 days 15:27:00,Ewallet,7.2
586-25-0848,A,Yangon,Normal,Female,Sports and travel,12.34,7,4.319,90.699,2021-03-04,0 days 11:19:00,Credit card,6.7
667-92-0055,A,Yangon,Member,Male,Health and beauty,99.83,6,29.949,628.929,2021-03-04,0 days 15:02:00,Ewallet,8.5
689-05-1884,A,Yangon,Member,Male,Health and beauty,48.63,10,24.315,510.615,2021-03-04,0 days 12:44:00,Cash,8.8
759-29-9521,A,Yangon,Member,Female,Fashion accessories,48.96,9,22.032,462.672,2021-03-04,0 days 11:27:00,Cash,8.0
102-77-2261,C,Naypyitaw,Member,Male,Health and beauty,65.31,7,22.8585,480.0285,2021-03-05,0 days 18:02:00,Credit card,4.2
148-82-2527,C,Naypyitaw,Member,Female,Home and lifestyle,12.12,10,6.06,127.26,2021-03-05,0 days 13:44:00,Credit card,8.4
174-64-0215,B,Mandalay,Normal,Male,Sports and travel,69.74,10,34.87,732.27,2021-03-05,0 days 17:49:00,Credit card,8.9
291-32-1427,B,Mandalay,Member,Male,Fashion accessories,21.94,5,5.485,115.185,2021-03-05,0 days 12:29:00,Ewallet,5.3
371-85-5789,B,Mandalay,Normal,Male,Health and beauty,87.98,3,13.197,277.137,2021-03-05,0 days 10:40:00,Ewallet,5.1
433-75-6987,B,Mandalay,Member,Female,Health and beauty,55.97,7,19.5895,411.3795,2021-03-05,0 days 19:06:00,Ewallet,8.9
510-95-6347,B,Mandalay,Member,Female,Food and beverages,48.52,3,7.278,152.838,2021-03-05,0 days 18:17:00,Ewallet,4.0
593-14-4239,B,Mandalay,Normal,Female,Home and lifestyle,95.46,8,38.184,801.864,2021-03-05,0 days 19:40:00,Ewallet,4.7
608-04-3797,B,Mandalay,Member,Female,Health and beauty,25.32,8,10.128,212.688,2021-03-05,0 days 20:24:00,Ewallet,8.7
655-07-2265,A,Yangon,Normal,Male,Electronic accessories,78.31,3,11.7465,246.6765,2021-03-05,0 days 16:38:00,Ewallet,5.4
730-50-9884,C,Naypyitaw,Normal,Female,Sports and travel,83.06,7,29.071,610.491,2021-03-05,0 days 14:31:00,Ewallet,4.0
733-01-9107,B,Mandalay,Normal,Male,Home and lifestyle,82.7,6,24.81,521.01,2021-03-05,0 days 18:14:00,Cash,7.4
755-12-3214,C,Naypyitaw,Member,Female,Fashion accessories,44.22,5,11.055,232.155,2021-03-05,0 days 17:07:00,Credit card,8.6
793-10-3222,B,Mandalay,Member,Female,Health and beauty,41.06,6,12.318,258.678,2021-03-05,0 days 13:30:00,Credit card,8.3
829-49-1914,C,Naypyitaw,Member,Female,Food and beverages,78.31,10,39.155,822.255,2021-03-05,0 days 16:24:00,Ewallet,6.6
848-42-2560,A,Yangon,Normal,Female,Fashion accessories,81.91,2,8.191,172.011,2021-03-05,0 days 17:43:00,Cash,7.8
895-66-0685,B,Mandalay,Member,Male,Food and beverages,18.08,3,2.712,56.952,2021-03-05,0 days 19:46:00,Ewallet,8.0
149-15-7606,B,Mandalay,Member,Male,Sports and travel,37.32,9,16.794,352.674,2021-03-06,0 days 15:31:00,Ewallet,5.1
199-75-8169,A,Yangon,Member,Male,Sports and travel,15.81,10,7.905,166.005,2021-03-06,0 days 12:27:00,Credit card,8.6
254-31-0042,A,Yangon,Member,Male,Electronic accessories,21.5,9,9.675,203.175,2021-03-06,0 days 12:46:00,Credit card,7.8
262-47-2794,B,Mandalay,Member,Male,Home and lifestyle,71.86,8,28.744,603.624,2021-03-06,0 days 15:07:00,Credit card,6.2
468-01-2051,B,Mandalay,Normal,Male,Food and beverages,62.08,7,21.728,456.288,2021-03-06,0 days 13:46:00,Ewallet,5.4
523-38-0215,C,Naypyitaw,Normal,Male,Home and lifestyle,37.0,1,1.85,38.85,2021-03-06,0 days 13:29:00,Credit card,7.9
715-20-1673,B,Mandalay,Normal,Male,Electronic accessories,28.38,5,7.095,148.995,2021-03-06,0 days 20:57:00,Cash,9.4
783-09-1637,B,Mandalay,Normal,Female,Sports and travel,67.43,5,16.8575,354.0075,2021-03-06,0 days 18:13:00,Ewallet,6.3
802-70-5316,A,Yangon,Member,Female,Sports and travel,92.13,6,27.639,580.419,2021-03-06,0 days 20:34:00,Cash,8.3
883-69-1285,B,Mandalay,Member,Male,Fashion accessories,49.92,2,4.992,104.832,2021-03-06,0 days 11:55:00,Credit card,7.0
885-17-6250,A,Yangon,Normal,Female,Health and beauty,79.74,1,3.987,83.727,2021-03-06,0 days 10:36:00,Ewallet,7.3
242-55-6721,B,Mandalay,Normal,Male,Home and lifestyle,16.16,2,1.616,33.936,2021-03-07,0 days 11:49:00,Ewallet,6.5
307-85-2293,B,Mandalay,Normal,Male,Home and lifestyle,50.28,5,12.57,263.97,2021-03-07,0 days 13:58:00,Ewallet,9.7
399-69-4630,C,Naypyitaw,Normal,Male,Electronic accessories,22.21,6,6.663,139.923,2021-03-07,0 days 10:23:00,Credit card,8.6
423-64-4619,A,Yangon,Member,Female,Health and beauty,15.55,9,6.9975,146.9475,2021-03-07,0 days 13:12:00,Cash,5.0
471-41-2823,C,Naypyitaw,Normal,Male,Food and beverages,99.79,2,9.979,209.559,2021-03-07,0 days 20:37:00,Ewallet,8.0
598-47-9715,C,Naypyitaw,Normal,Male,Electronic accessories,84.07,4,16.814,353.094,2021-03-07,0 days 16:54:00,Ewallet,4.4
643-38-7867,A,Yangon,Normal,Male,Home and lifestyle,97.94,1,4.897,102.837,2021-03-07,0 days 11:44:00,Ewallet,6.9
748-45-2862,A,Yangon,Member,Female,Home and lifestyle,28.31,4,5.662,118.902,2021-03-07,0 days 18:35:00,Cash,8.2
821-07-3596,C,Naypyitaw,Normal,Female,Fashion accessories,16.45,4,3.29,69.09,2021-03-07,0 days 14:53:00,Ewallet,5.6
226-31-3081,C,Naypyitaw,Normal,Female,Electronic accessories,15.28,5,3.82,80.22,2021-03-08,0 days 10:29:00,Cash,9.6
325-77-6186,A,Yangon,Member,Female,Home and lifestyle,90.65,10,45.325,951.825,2021-03-08,0 days 10:53:00,Ewallet,7.3
345-08-4992,A,Yangon,Normal,Male,Home and lifestyle,33.99,6,10.197,214.137,2021-03-08,0 days 15:37:00,Credit card,7.7
364-33-8584,B,Mandalay,Member,Female,Food and beverages,17.63,5,4.4075,92.5575,2021-03-08,0 days 15:27:00,Cash,8.5
458-41-1477,C,Naypyitaw,Normal,Female,Health and beauty,46.26,6,13.878,291.438,2021-03-08,0 days 17:11:00,Credit card,9.5
483-71-1164,C,Naypyitaw,Normal,Female,Health and beauty,81.3,6,24.39,512.19,2021-03-08,0 days 16:43:00,Ewallet,5.3
549-96-4200,C,Naypyitaw,Member,Male,Food and beverages,17.04,4,3.408,71.568,2021-03-08,0 days 20:15:00,Ewallet,7.0
563-91-7120,A,Yangon,Normal,Female,Fashion accessories,61.77,5,15.4425,324.2925,2021-03-08,0 days 13:21:00,Cash,6.7
574-57-9721,C,Naypyitaw,Normal,Male,Food and beverages,43.27,2,4.327,90.867,2021-03-08,0 days 16:53:00,Ewallet,5.7
594-34-4444,A,Yangon,Normal,Male,Electronic accessories,97.16,1,4.858,102.018,2021-03-08,0 days 20:38:00,Ewallet,7.2
632-90-0281,C,Naypyitaw,Normal,Female,Fashion accessories,37.55,10,18.775,394.275,2021-03-08,0 days 20:01:00,Credit card,9.3
127-47-6963,A,Yangon,Normal,Male,Health and beauty,51.71,4,10.342,217.182,2021-03-09,0 days 13:53:00,Credit card,9.8
132-32-9879,B,Mandalay,Member,Female,Electronic accessories,93.96,4,18.792,394.632,2021-03-09,0 days 18:00:00,Cash,9.5
157-13-5295,A,Yangon,Member,Male,Health and beauty,51.94,10,25.97,545.37,2021-03-09,0 days 18:24:00,Ewallet,6.5
219-22-9386,B,Mandalay,Member,Male,Sports and travel,99.96,9,44.982,944.622,2021-03-09,0 days 17:26:00,Credit card,4.2
268-27-6179,B,Mandalay,Member,Female,Fashion accessories,56.47,8,22.588,474.348,2021-03-09,0 days 14:57:00,Ewallet,7.3
277-35-5865,C,Naypyitaw,Member,Female,Food and beverages,98.97,9,44.5365,935.2665,2021-03-09,0 days 11:23:00,Cash,6.7
299-29-0180,B,Mandalay,Member,Female,Home and lifestyle,52.18,7,18.263,383.523,2021-03-09,0 days 10:54:00,Cash,9.3
308-47-4913,A,Yangon,Member,Female,Sports and travel,52.26,10,26.13,548.73,2021-03-09,0 days 12:45:00,Credit card,6.2
360-39-5055,C,Naypyitaw,Member,Male,Sports and travel,48.91,5,12.2275,256.7775,2021-03-09,0 days 10:17:00,Cash,6.6
489-64-4354,C,Naypyitaw,Normal,Male,Fashion accessories,16.28,1,0.814,17.094,2021-03-09,0 days 15:36:00,Cash,5.0
529-56-3974,B,Mandalay,Member,Male,Electronic accessories,25.51,4,5.102,107.142,2021-03-09,0 days 17:03:00,Cash,6.8
616-87-0016,B,Mandalay,Normal,Male,Fashion accessories,95.54,7,33.439,702.219,2021-03-09,0 days 14:36:00,Credit card,9.6
652-43-6591,A,Yangon,Normal,Female,Fashion accessories,97.29,8,38.916,817.236,2021-03-09,0 days 13:18:00,Credit card,6.2
815-11-1168,A,Yangon,Member,Male,Food and beverages,99.78,5,24.945,523.845,2021-03-09,0 days 19:09:00,Cash,5.4
816-57-2053,A,Yangon,Normal,Male,Sports and travel,60.87,2,6.087,127.827,2021-03-09,0 days 12:37:00,Ewallet,8.7
841-35-6630,C,Naypyitaw,Normal,Female,Electronic accessories,75.91,6,22.773,478.233,2021-03-09,0 days 18:21:00,Cash,8.7
129-29-8530,A,Yangon,Member,Male,Sports and travel,62.62,5,15.655,328.755,2021-03-10,0 days 19:15:00,Ewallet,7.0
156-20-0370,B,Mandalay,Normal,Female,Electronic accessories,25.45,1,1.2725,26.7225,2021-03-10,0 days 18:10:00,Credit card,5.1
189-17-4241,A,Yangon,Normal,Female,Fashion accessories,87.67,2,8.767,184.107,2021-03-10,0 days 12:17:00,Credit card,7.7
239-48-4278,A,Yangon,Member,Male,Food and beverages,10.13,7,3.5455,74.4555,2021-03-10,0 days 19:35:00,Ewallet,8.3
246-55-6923,C,Naypyitaw,Member,Female,Home and lifestyle,35.79,9,16.1055,338.2155,2021-03-10,0 days 15:06:00,Credit card,5.1
453-12-7053,C,Naypyitaw,Normal,Male,Fashion accessories,45.74,3,6.861,144.081,2021-03-10,0 days 17:38:00,Credit card,6.5
596-42-3999,B,Mandalay,Normal,Male,Food and beverages,18.22,7,6.377,133.917,2021-03-10,0 days 14:04:00,Credit card,6.6
607-65-2441,C,Naypyitaw,Member,Male,Health and beauty,81.95,10,40.975,860.475,2021-03-10,0 days 12:39:00,Credit card,6.0
668-90-8900,A,Yangon,Normal,Female,Home and lifestyle,93.69,7,32.7915,688.6215,2021-03-10,0 days 18:44:00,Credit card,4.5
696-90-2548,A,Yangon,Normal,Male,Sports and travel,25.84,3,3.876,81.396,2021-03-10,0 days 18:55:00,Ewallet,6.6
745-74-0715,A,Yangon,Normal,Male,Electronic accessories,58.03,2,5.803,121.863,2021-03-10,0 days 20:46:00,Ewallet,8.8
790-29-1172,B,Mandalay,Normal,Female,Food and beverages,57.34,3,8.601,180.621,2021-03-10,0 days 18:59:00,Credit card,7.9
214-30-2776,B,Mandalay,Member,Female,Electronic accessories,34.49,5,8.6225,181.0725,2021-03-11,0 days 19:44:00,Credit card,9.0
319-50-3348,B,Mandalay,Normal,Female,Home and lifestyle,40.3,2,4.03,84.63,2021-03-11,0 days 15:30:00,Ewallet,4.4
448-81-5016,A,Yangon,Normal,Male,Health and beauty,59.77,2,5.977,125.517,2021-03-11,0 days 12:01:00,Credit card,5.8
584-86-7256,C,Naypyitaw,Member,Male,Sports and travel,34.56,7,12.096,254.016,2021-03-11,0 days 16:07:00,Credit card,7.3
656-95-9349,A,Yangon,Member,Female,Health and beauty,68.93,7,24.1255,506.6355,2021-03-11,0 days 11:03:00,Credit card,4.6
689-16-9784,C,Naypyitaw,Normal,Male,Food and beverages,46.77,6,14.031,294.651,2021-03-11,0 days 13:37:00,Cash,6.0
704-20-4138,C,Naypyitaw,Member,Female,Health and beauty,29.67,7,10.3845,218.0745,2021-03-11,0 days 18:58:00,Credit card,8.1
721-86-6247,A,Yangon,Normal,Female,Home and lifestyle,63.42,8,25.368,532.728,2021-03-11,0 days 12:55:00,Ewallet,7.4
749-81-8133,A,Yangon,Normal,Female,Fashion accessories,94.67,4,18.934,397.614,2021-03-11,0 days 12:04:00,Cash,6.8
891-58-8335,B,Mandalay,Member,Female,Sports and travel,29.61,7,10.3635,217.6335,2021-03-11,0 days 15:53:00,Cash,6.5
892-05-6689,A,Yangon,Normal,Female,Home and lifestyle,28.32,5,7.08,148.68,2021-03-11,0 days 13:28:00,Ewallet,6.2
120-06-4233,C,Naypyitaw,Normal,Male,Electronic accessories,30.61,6,9.183,192.843,2021-03-12,0 days 20:36:00,Cash,9.3
152-08-9985,B,Mandalay,Member,Male,Health and beauty,64.36,9,28.962,608.202,2021-03-12,0 days 12:09:00,Credit card,8.6
253-12-6086,A,Yangon,Member,Female,Sports and travel,98.4,7,34.44,723.24,2021-03-12,0 days 12:43:00,Credit card,8.7
266-20-6657,C,Naypyitaw,Member,Male,Food and beverages,55.04,7,19.264,404.544,2021-03-12,0 days 19:39:00,Ewallet,5.2
276-54-0879,B,Mandalay,Normal,Male,Sports and travel,97.74,4,19.548,410.508,2021-03-12,0 days 19:53:00,Ewallet,6.4
427-45-9297,B,Mandalay,Member,Female,Home and lifestyle,40.73,7,14.2555,299.3655,2021-03-12,0 days 11:01:00,Ewallet,5.4
545-46-3100,B,Mandalay,Member,Female,Electronic accessories,10.59,3,1.5885,33.3585,2021-03-12,0 days 13:52:00,Credit card,8.7
565-17-3836,A,Yangon,Member,Female,Health and beauty,47.67,4,9.534,200.214,2021-03-12,0 days 14:21:00,Cash,9.1
573-10-3877,B,Mandalay,Member,Male,Health and beauty,39.01,1,1.9505,40.9605,2021-03-12,0 days 16:46:00,Credit card,4.7
651-61-0874,C,Naypyitaw,Normal,Male,Home and lifestyle,46.22,4,9.244,194.124,2021-03-12,0 days 20:04:00,Credit card,6.2
699-01-4164,C,Naypyitaw,Normal,Male,Health and beauty,41.5,4,8.3,174.3,2021-03-12,0 days 19:58:00,Credit card,8.2
719-76-3868,C,Naypyitaw,Member,Male,Food and beverages,94.26,4,18.852,395.892,2021-03-12,0 days 16:30:00,Cash,8.6
101-17-6199,A,Yangon,Normal,Male,Food and beverages,45.79,7,16.0265,336.5565,2021-03-13,0 days 19:44:00,Credit card,7.0
137-74-8729,C,Naypyitaw,Normal,Female,Fashion accessories,12.19,8,4.876,102.396,2021-03-13,0 days 12:47:00,Ewallet,6.8
173-57-2300,C,Naypyitaw,Member,Male,Sports and travel,72.88,2,7.288,153.048,2021-03-13,0 days 12:51:00,Cash,6.1
316-01-3952,A,Yangon,Normal,Female,Food and beverages,54.27,5,13.5675,284.9175,2021-03-13,0 days 14:16:00,Ewallet,4.6
336-78-2147,C,Naypyitaw,Member,Male,Home and lifestyle,63.91,8,25.564,536.844,2021-03-13,0 days 19:52:00,Credit card,4.6
584-66-4073,C,Naypyitaw,Normal,Male,Fashion accessories,56.5,1,2.825,59.325,2021-03-13,0 days 15:45:00,Ewallet,9.6
585-03-5943,B,Mandalay,Normal,Male,Health and beauty,18.11,10,9.055,190.155,2021-03-13,0 days 11:46:00,Ewallet,5.9
655-85-5130,B,Mandalay,Member,Female,Fashion accessories,38.3,4,7.66,160.86,2021-03-13,0 days 19:22:00,Cash,5.7
686-41-0932,B,Mandalay,Normal,Female,Fashion accessories,34.7,2,3.47,72.87,2021-03-13,0 days 19:48:00,Ewallet,8.2
877-22-3308,A,Yangon,Member,Male,Health and beauty,15.87,10,7.935,166.635,2021-03-13,0 days 16:40:00,Cash,5.8
115-99-4379,B,Mandalay,Member,Female,Fashion accessories,54.73,7,19.1555,402.2655,2021-03-14,0 days 19:02:00,Credit card,8.5
122-61-9553,C,Naypyitaw,Normal,Female,Electronic accessories,51.32,9,23.094,484.974,2021-03-14,0 days 19:33:00,Cash,5.6
139-32-4183,A,Yangon,Member,Female,Sports and travel,97.48,9,43.866,921.186,2021-03-14,0 days 14:19:00,Ewallet,7.4
169-52-4504,A,Yangon,Normal,Female,Electronic accessories,15.69,3,2.3535,49.4235,2021-03-14,0 days 14:13:00,Credit card,5.8
174-75-0888,B,Mandalay,Normal,Male,Electronic accessories,21.58,9,9.711,203.931,2021-03-14,0 days 12:32:00,Cash,7.3
189-52-0236,A,Yangon,Normal,Male,Electronic accessories,99.55,7,34.8425,731.6925,2021-03-14,0 days 12:07:00,Cash,7.6
210-30-7976,B,Mandalay,Member,Female,Fashion accessories,22.32,4,4.464,93.744,2021-03-14,0 days 11:16:00,Ewallet,4.1
373-09-4567,C,Naypyitaw,Normal,Male,Food and beverages,77.56,10,38.78,814.38,2021-03-14,0 days 20:35:00,Ewallet,6.9
379-17-6588,C,Naypyitaw,Normal,Male,Fashion accessories,59.61,10,29.805,625.905,2021-03-14,0 days 11:07:00,Cash,5.3
442-48-3607,A,Yangon,Member,Male,Food and beverages,23.48,2,2.348,49.308,2021-03-14,0 days 11:21:00,Credit card,7.9
457-12-0244,C,Naypyitaw,Member,Female,Sports and travel,35.22,6,10.566,221.886,2021-03-14,0 days 13:49:00,Ewallet,6.5
499-27-7781,B,Mandalay,Normal,Female,Food and beverages,53.21,8,21.284,446.964,2021-03-14,0 days 16:45:00,Ewallet,5.0
558-80-4082,C,Naypyitaw,Normal,Male,Electronic accessories,27.85,7,9.7475,204.6975,2021-03-14,0 days 17:20:00,Ewallet,6.0
628-90-8624,B,Mandalay,Member,Male,Health and beauty,82.58,10,41.29,867.09,2021-03-14,0 days 14:41:00,Cash,5.0
722-13-2115,C,Naypyitaw,Member,Male,Sports and travel,42.85,1,2.1425,44.9925,2021-03-14,0 days 15:36:00,Credit card,9.3
730-70-9830,C,Naypyitaw,Normal,Female,Home and lifestyle,70.11,6,21.033,441.693,2021-03-14,0 days 17:54:00,Ewallet,5.2
808-65-0703,C,Naypyitaw,Normal,Male,Home and lifestyle,35.47,4,7.094,148.974,2021-03-14,0 days 17:22:00,Credit card,6.9
840-19-2096,C,Naypyitaw,Member,Male,Electronic accessories,87.91,5,21.9775,461.5275,2021-03-14,0 days 18:10:00,Ewallet,4.4
154-87-7367,C,Naypyitaw,Normal,Male,Home and lifestyle,65.26,8,26.104,548.184,2021-03-15,0 days 14:04:00,Ewallet,6.3
273-16-6619,B,Mandalay,Normal,Male,Home and lifestyle,33.2,2,3.32,69.72,2021-03-15,0 days 12:20:00,Credit card,4.4
359-94-5395,B,Mandalay,Normal,Male,Health and beauty,92.78,1,4.639,97.419,2021-03-15,0 days 10:50:00,Credit card,9.8
361-59-0574,B,Mandalay,Member,Male,Sports and travel,90.53,8,36.212,760.452,2021-03-15,0 days 14:48:00,Credit card,6.5
510-09-5628,A,Yangon,Member,Female,Fashion accessories,19.66,10,9.83,206.43,2021-03-15,0 days 18:20:00,Credit card,7.2
542-41-0513,B,Mandalay,Member,Female,Electronic accessories,57.49,4,11.498,241.458,2021-03-15,0 days 11:57:00,Cash,6.6
565-91-4567,B,Mandalay,Normal,Male,Health and beauty,10.75,8,4.3,90.3,2021-03-15,0 days 14:38:00,Ewallet,6.2
585-11-6748,B,Mandalay,Member,Male,Sports and travel,96.8,3,14.52,304.92,2021-03-15,0 days 13:05:00,Cash,5.3
595-11-5460,A,Yangon,Normal,Male,Health and beauty,96.58,2,9.658,202.818,2021-03-15,0 days 10:12:00,Credit card,5.1
605-83-1050,B,Mandalay,Normal,Male,Fashion accessories,27.18,2,2.718,57.078,2021-03-15,0 days 16:26:00,Ewallet,4.3
760-54-1821,B,Mandalay,Normal,Male,Home and lifestyle,13.59,9,6.1155,128.4255,2021-03-15,0 days 10:26:00,Cash,5.8
848-62-7243,A,Yangon,Normal,Male,Health and beauty,24.89,9,11.2005,235.2105,2021-03-15,0 days 15:36:00,Cash,7.4
210-74-9613,C,Naypyitaw,Normal,Male,Fashion accessories,97.26,4,19.452,408.492,2021-03-16,0 days 15:33:00,Ewallet,6.8
286-43-6208,C,Naypyitaw,Normal,Female,Food and beverages,87.8,9,39.51,829.71,2021-03-16,0 days 19:08:00,Cash,9.2
290-68-2984,A,Yangon,Normal,Male,Home and lifestyle,23.75,4,4.75,99.75,2021-03-16,0 days 11:22:00,Cash,5.2
575-30-8091,A,Yangon,Normal,Male,Sports and travel,72.5,8,29.0,609.0,2021-03-16,0 days 19:25:00,Ewallet,9.2
578-80-7669,B,Mandalay,Normal,Male,Sports and travel,74.97,1,3.7485,78.7185,2021-03-16,0 days 16:58:00,Cash,5.6
617-15-4209,C,Naypyitaw,Member,Male,Health and beauty,15.37,2,1.537,32.277,2021-03-16,0 days 19:47:00,Cash,7.2
701-69-8742,B,Mandalay,Normal,Male,Sports and travel,34.37,10,17.185,360.885,2021-03-16,0 days 10:11:00,Ewallet,6.7
711-31-1234,B,Mandalay,Normal,Female,Electronic accessories,95.64,4,19.128,401.688,2021-03-16,0 days 18:51:00,Cash,7.9
727-17-0390,A,Yangon,Normal,Female,Food and beverages,63.61,5,15.9025,333.9525,2021-03-16,0 days 12:43:00,Ewallet,4.8
152-03-4217,B,Mandalay,Normal,Female,Home and lifestyle,11.28,9,5.076,106.596,2021-03-17,0 days 11:55:00,Credit card,4.3
220-68-6701,A,Yangon,Normal,Female,Home and lifestyle,77.47,4,15.494,325.374,2021-03-17,0 days 16:36:00,Cash,4.2
320-32-8842,C,Naypyitaw,Member,Female,Food and beverages,22.62,1,1.131,23.751,2021-03-17,0 days 18:58:00,Cash,6.4
642-30-6693,B,Mandalay,Normal,Female,Sports and travel,54.51,6,16.353,343.413,2021-03-17,0 days 13:54:00,Ewallet,7.8
662-47-5456,C,Naypyitaw,Member,Male,Fashion accessories,35.19,10,17.595,369.495,2021-03-17,0 days 19:06:00,Credit card,8.4
880-46-5796,A,Yangon,Member,Male,Sports and travel,76.92,10,38.46,807.66,2021-03-17,0 days 19:53:00,Ewallet,5.6
256-58-3609,C,Naypyitaw,Member,Male,Fashion accessories,91.98,1,4.599,96.579,2021-03-18,0 days 15:29:00,Cash,9.8
263-87-5680,C,Naypyitaw,Member,Female,Home and lifestyle,28.53,10,14.265,299.565,2021-03-18,0 days 17:38:00,Ewallet,7.8
413-20-6708,C,Naypyitaw,Member,Female,Fashion accessories,51.47,1,2.5735,54.0435,2021-03-18,0 days 15:52:00,Ewallet,8.5
420-04-7590,B,Mandalay,Normal,Male,Home and lifestyle,99.7,3,14.955,314.055,2021-03-18,0 days 11:29:00,Ewallet,4.7
439-54-7422,A,Yangon,Normal,Female,Electronic accessories,51.19,4,10.238,214.998,2021-03-18,0 days 17:15:00,Credit card,4.7
485-30-8700,A,Yangon,Normal,Female,Sports and travel,33.26,5,8.315,174.615,2021-03-18,0 days 16:10:00,Credit card,4.2
776-68-1096,B,Mandalay,Normal,Male,Home and lifestyle,44.12,3,6.618,138.978,2021-03-18,0 days 13:45:00,Credit card,7.9
155-45-3814,C,Naypyitaw,Member,Female,Electronic accessories,88.55,8,35.42,743.82,2021-03-19,0 days 15:29:00,Ewallet,4.7
301-81-8610,B,Mandalay,Member,Male,Fashion accessories,25.42,8,10.168,213.528,2021-03-19,0 days 19:42:00,Credit card,6.7
318-81-2368,C,Naypyitaw,Normal,Female,Electronic accessories,46.2,1,2.31,48.51,2021-03-19,0 days 12:16:00,Cash,6.3
462-78-5240,C,Naypyitaw,Normal,Female,Electronic accessories,26.61,2,2.661,55.881,2021-03-19,0 days 14:35:00,Cash,4.2
548-48-3156,A,Yangon,Member,Female,Food and beverages,83.34,2,8.334,175.014,2021-03-19,0 days 13:37:00,Cash,7.6
568-90-5112,C,Naypyitaw,Normal,Male,Health and beauty,66.14,4,13.228,277.788,2021-03-19,0 days 12:46:00,Credit card,5.6
574-22-5561,C,Naypyitaw,Member,Female,Fashion accessories,82.63,10,41.315,867.615,2021-03-19,0 days 17:08:00,Ewallet,7.9
593-08-5916,A,Yangon,Normal,Female,Fashion accessories,15.5,1,0.775,16.275,2021-03-19,0 days 15:23:00,Credit card,7.4
701-23-5550,B,Mandalay,Member,Male,Home and lifestyle,38.81,4,7.762,163.002,2021-03-19,0 days 13:40:00,Ewallet,4.9
716-39-1409,B,Mandalay,Normal,Male,Health and beauty,30.35,7,10.6225,223.0725,2021-03-19,0 days 18:19:00,Cash,8.0
728-88-7867,C,Naypyitaw,Member,Female,Home and lifestyle,75.53,4,15.106,317.226,2021-03-19,0 days 15:52:00,Ewallet,8.3
737-88-5876,A,Yangon,Member,Male,Home and lifestyle,23.29,4,4.658,97.818,2021-03-19,0 days 11:52:00,Credit card,5.9
751-69-0068,C,Naypyitaw,Normal,Male,Sports and travel,99.24,9,44.658,937.818,2021-03-19,0 days 19:09:00,Ewallet,9.0
831-07-6050,A,Yangon,Normal,Male,Electronic accessories,32.71,5,8.1775,171.7275,2021-03-19,0 days 11:30:00,Credit card,9.9
850-41-9669,A,Yangon,Normal,Female,Electronic accessories,75.06,9,33.777,709.317,2021-03-19,0 days 13:25:00,Ewallet,6.2
898-04-2717,A,Yangon,Normal,Male,Fashion accessories,76.4,9,34.38,721.98,2021-03-19,0 days 15:49:00,Ewallet,7.5
102-06-2002,C,Naypyitaw,Member,Male,Sports and travel,25.25,5,6.3125,132.5625,2021-03-20,0 days 17:52:00,Cash,6.1
142-63-6033,B,Mandalay,Normal,Male,Home and lifestyle,92.36,5,23.09,484.89,2021-03-20,0 days 19:17:00,Ewallet,4.9
182-88-2763,B,Mandalay,Member,Male,Food and beverages,79.91,3,11.9865,251.7165,2021-03-20,0 days 19:28:00,Credit card,5.0
213-72-6612,A,Yangon,Normal,Male,Food and beverages,43.25,2,4.325,90.825,2021-03-20,0 days 15:56:00,Cash,6.2
436-54-4512,A,Yangon,Member,Female,Food and beverages,91.61,1,4.5805,96.1905,2021-03-20,0 days 19:44:00,Cash,9.8
451-28-5717,C,Naypyitaw,Member,Female,Home and lifestyle,83.17,6,24.951,523.971,2021-03-20,0 days 11:23:00,Cash,7.3
509-29-3912,A,Yangon,Member,Female,Sports and travel,38.72,9,17.424,365.904,2021-03-20,0 days 12:24:00,Ewallet,4.2
514-37-2845,B,Mandalay,Normal,Male,Fashion accessories,99.25,2,9.925,208.425,2021-03-20,0 days 13:02:00,Cash,9.0
537-72-0426,C,Naypyitaw,Member,Male,Fashion accessories,70.99,10,35.495,745.395,2021-03-20,0 days 16:28:00,Cash,5.7
574-31-8277,B,Mandalay,Member,Male,Fashion accessories,33.63,1,1.6815,35.3115,2021-03-20,0 days 19:55:00,Cash,5.6
632-32-4574,B,Mandalay,Normal,Male,Sports and travel,75.92,8,30.368,637.728,2021-03-20,0 days 14:14:00,Cash,5.5
650-98-6268,B,Mandalay,Member,Female,Food and beverages,20.87,3,3.1305,65.7405,2021-03-20,0 days 13:53:00,Credit card,8.0
760-90-2357,A,Yangon,Member,Male,Electronic accessories,74.51,6,22.353,469.413,2021-03-20,0 days 15:08:00,Ewallet,5.0
805-86-0265,A,Yangon,Normal,Male,Home and lifestyle,93.96,9,42.282,887.922,2021-03-20,0 days 11:32:00,Cash,9.8
828-61-5674,A,Yangon,Member,Male,Sports and travel,44.02,10,22.01,462.21,2021-03-20,0 days 19:57:00,Credit card,9.6
438-01-4015,B,Mandalay,Member,Female,Sports and travel,49.49,4,9.898,207.858,2021-03-21,0 days 15:25:00,Ewallet,6.6
448-61-3783,A,Yangon,Normal,Female,Electronic accessories,90.02,8,36.008,756.168,2021-03-21,0 days 16:08:00,Credit card,4.5
500-02-2261,C,Naypyitaw,Normal,Female,Food and beverages,57.29,6,17.187,360.927,2021-03-21,0 days 17:04:00,Ewallet,5.9
512-98-1403,A,Yangon,Member,Female,Electronic accessories,26.48,3,3.972,83.412,2021-03-21,0 days 10:40:00,Ewallet,4.7
527-09-6272,A,Yangon,Member,Female,Electronic accessories,28.45,5,7.1125,149.3625,2021-03-21,0 days 10:17:00,Credit card,9.1
827-26-2100,A,Yangon,Member,Male,Home and lifestyle,33.84,9,15.228,319.788,2021-03-21,0 days 16:21:00,Ewallet,8.8
227-03-5010,A,Yangon,Member,Female,Home and lifestyle,52.59,8,21.036,441.756,2021-03-22,0 days 19:20:00,Credit card,8.5
394-30-3170,B,Mandalay,Member,Female,Sports and travel,88.43,8,35.372,742.812,2021-03-22,0 days 19:35:00,Credit card,4.3
472-15-9636,A,Yangon,Normal,Male,Home and lifestyle,50.93,8,20.372,427.812,2021-03-22,0 days 19:36:00,Ewallet,9.2
550-84-8664,A,Yangon,Normal,Male,Sports and travel,85.91,5,21.4775,451.0275,2021-03-22,0 days 14:33:00,Credit card,8.6
554-53-3790,B,Mandalay,Normal,Male,Sports and travel,37.02,6,11.106,233.226,2021-03-22,0 days 18:33:00,Cash,4.5
616-24-2851,B,Mandalay,Member,Female,Fashion accessories,17.87,4,3.574,75.054,2021-03-22,0 days 14:42:00,Ewallet,6.5
630-74-5166,A,Yangon,Normal,Male,Sports and travel,62.13,6,18.639,391.419,2021-03-22,0 days 20:19:00,Cash,7.4
674-56-6360,A,Yangon,Normal,Male,Electronic accessories,95.15,1,4.7575,99.9075,2021-03-22,0 days 14:00:00,Cash,6.0
802-43-8934,A,Yangon,Normal,Male,Home and lifestyle,18.28,1,0.914,19.194,2021-03-22,0 days 15:05:00,Credit card,8.3
886-18-2897,A,Yangon,Normal,Female,Food and beverages,56.56,5,14.14,296.94,2021-03-22,0 days 19:06:00,Credit card,4.5
333-73-7901,C,Naypyitaw,Normal,Female,Health and beauty,54.92,8,21.968,461.328,2021-03-23,0 days 13:24:00,Ewallet,7.6
386-27-7606,C,Naypyitaw,Member,Female,Home and lifestyle,81.2,7,28.42,596.82,2021-03-23,0 days 15:59:00,Credit card,8.1
407-63-8975,A,Yangon,Normal,Male,Food and beverages,73.88,6,22.164,465.444,2021-03-23,0 days 19:16:00,Ewallet,4.4
474-33-8305,C,Naypyitaw,Member,Male,Fashion accessories,67.39,7,23.5865,495.3165,2021-03-23,0 days 13:23:00,Ewallet,6.9
608-96-3517,B,Mandalay,Member,Female,Fashion accessories,91.54,4,18.308,384.468,2021-03-23,0 days 19:20:00,Credit card,4.8
733-29-1227,C,Naypyitaw,Normal,Male,Home and lifestyle,55.61,7,19.4635,408.7335,2021-03-23,0 days 12:41:00,Cash,8.5
795-49-7276,A,Yangon,Normal,Male,Fashion accessories,37.15,4,7.43,156.03,2021-03-23,0 days 18:59:00,Ewallet,8.3
851-28-6367,A,Yangon,Member,Male,Sports and travel,15.5,10,7.75,162.75,2021-03-23,0 days 10:55:00,Ewallet,8.0
856-22-8149,A,Yangon,Normal,Female,Home and lifestyle,25.29,1,1.2645,26.5545,2021-03-23,0 days 10:13:00,Ewallet,6.1
865-92-6136,A,Yangon,Normal,Male,Food and beverages,52.75,3,7.9125,166.1625,2021-03-23,0 days 10:16:00,Ewallet,9.3
884-80-6021,A,Yangon,Member,Female,Electronic accessories,73.47,10,36.735,771.435,2021-03-23,0 days 13:14:00,Ewallet,9.5
118-62-1812,C,Naypyitaw,Member,Female,Home and lifestyle,78.38,4,15.676,329.196,2021-03-24,0 days 17:56:00,Cash,7.9
334-64-2006,A,Yangon,Member,Female,Home and lifestyle,70.32,2,7.032,147.672,2021-03-24,0 days 14:22:00,Ewallet,9.6
468-88-0009,A,Yangon,Member,Male,Home and lifestyle,65.94,4,13.188,276.948,2021-03-24,0 days 10:29:00,Cash,6.0
538-22-0304,C,Naypyitaw,Normal,Male,Electronic accessories,64.95,10,32.475,681.975,2021-03-24,0 days 18:27:00,Cash,5.2
560-30-5617,B,Mandalay,Normal,Female,Sports and travel,24.77,5,6.1925,130.0425,2021-03-24,0 days 18:27:00,Cash,8.5
588-01-7461,C,Naypyitaw,Normal,Female,Food and beverages,33.98,9,15.291,321.111,2021-03-24,0 days 10:43:00,Cash,4.2
593-95-4461,C,Naypyitaw,Member,Male,Home and lifestyle,74.86,1,3.743,78.603,2021-03-24,0 days 14:49:00,Cash,6.9
641-62-7288,B,Mandalay,Normal,Male,Home and lifestyle,99.92,6,29.976,629.496,2021-03-24,0 days 13:33:00,Ewallet,7.1
725-67-2480,B,Mandalay,Member,Female,Fashion accessories,58.75,6,17.625,370.125,2021-03-24,0 days 18:14:00,Credit card,5.9
835-16-0096,C,Naypyitaw,Member,Male,Sports and travel,14.7,5,3.675,77.175,2021-03-24,0 days 13:48:00,Ewallet,8.5
851-98-3555,B,Mandalay,Normal,Female,Health and beauty,82.88,5,20.72,435.12,2021-03-24,0 days 14:08:00,Credit card,6.6
110-05-6330,C,Naypyitaw,Normal,Female,Food and beverages,39.43,6,11.829,248.409,2021-03-25,0 days 20:18:00,Credit card,9.4
134-75-2619,A,Yangon,Member,Male,Electronic accessories,19.32,7,6.762,142.002,2021-03-25,0 days 18:51:00,Cash,6.9
156-95-3964,A,Yangon,Normal,Female,Food and beverages,55.39,4,11.078,232.638,2021-03-25,0 days 15:19:00,Ewallet,8.0
282-35-2475,B,Mandalay,Normal,Female,Sports and travel,93.31,2,9.331,195.951,2021-03-25,0 days 17:53:00,Cash,6.3
340-66-0321,A,Yangon,Member,Male,Electronic accessories,36.36,4,7.272,152.712,2021-03-25,0 days 13:07:00,Cash,7.6
362-58-8315,C,Naypyitaw,Normal,Male,Fashion accessories,76.52,5,19.13,401.73,2021-03-25,0 days 10:23:00,Cash,9.9
366-43-6862,B,Mandalay,Normal,Male,Electronic accessories,52.89,4,10.578,222.138,2021-03-25,0 days 16:32:00,Ewallet,6.7
605-03-2706,A,Yangon,Normal,Female,Health and beauty,15.8,3,2.37,49.77,2021-03-25,0 days 18:02:00,Cash,9.5
699-14-3026,C,Naypyitaw,Normal,Male,Electronic accessories,85.39,7,29.8865,627.6165,2021-03-25,0 days 18:30:00,Ewallet,4.1
163-56-7055,C,Naypyitaw,Member,Male,Fashion accessories,48.71,1,2.4355,51.1455,2021-03-26,0 days 19:20:00,Cash,4.1
236-27-1144,C,Naypyitaw,Normal,Female,Food and beverages,16.31,9,7.3395,154.1295,2021-03-26,0 days 10:31:00,Ewallet,8.4
411-77-0180,A,Yangon,Member,Male,Electronic accessories,72.2,7,25.27,530.67,2021-03-26,0 days 20:14:00,Ewallet,4.3
449-27-2918,B,Mandalay,Member,Female,Sports and travel,39.12,1,1.956,41.076,2021-03-26,0 days 11:02:00,Credit card,9.6
487-79-6868,B,Mandalay,Member,Female,Home and lifestyle,12.29,9,5.5305,116.1405,2021-03-26,0 days 19:28:00,Credit card,8.0
587-73-4862,A,Yangon,Member,Female,Health and beauty,10.69,5,2.6725,56.1225,2021-03-26,0 days 11:07:00,Ewallet,7.6
595-94-9924,A,Yangon,Member,Female,Health and beauty,27.73,5,6.9325,145.5825,2021-03-26,0 days 20:21:00,Credit card,4.2
734-91-1155,B,Mandalay,Normal,Female,Electronic accessories,45.71,3,6.8565,143.9865,2021-03-26,0 days 10:34:00,Credit card,7.7
760-53-9233,A,Yangon,Member,Male,Fashion accessories,41.28,3,6.192,130.032,2021-03-26,0 days 18:37:00,Credit card,8.5
797-88-0493,A,Yangon,Normal,Female,Health and beauty,64.27,4,12.854,269.934,2021-03-26,0 days 13:54:00,Cash,7.7
807-34-3742,A,Yangon,Normal,Male,Fashion accessories,52.38,1,2.619,54.999,2021-03-26,0 days 19:44:00,Cash,5.8
848-24-9445,C,Naypyitaw,Member,Male,Health and beauty,43.7,2,4.37,91.77,2021-03-26,0 days 18:03:00,Cash,4.9
859-97-6048,C,Naypyitaw,Member,Male,Electronic accessories,84.25,2,8.425,176.925,2021-03-26,0 days 14:13:00,Credit card,5.3
106-35-6779,A,Yangon,Member,Male,Home and lifestyle,44.34,2,4.434,93.114,2021-03-27,0 days 11:26:00,Cash,5.8
176-64-7711,B,Mandalay,Normal,Male,Food and beverages,32.32,3,4.848,101.808,2021-03-27,0 days 19:11:00,Credit card,4.3
186-71-5196,A,Yangon,Member,Female,Food and beverages,79.54,2,7.954,167.034,2021-03-27,0 days 16:30:00,Ewallet,6.2
238-49-0436,A,Yangon,Normal,Male,Health and beauty,32.46,8,12.984,272.664,2021-03-27,0 days 13:48:00,Credit card,4.9
278-86-2735,A,Yangon,Normal,Female,Food and beverages,52.34,3,7.851,164.871,2021-03-27,0 days 14:03:00,Cash,9.2
313-66-9943,B,Mandalay,Member,Female,Food and beverages,29.15,3,4.3725,91.8225,2021-03-27,0 days 20:29:00,Credit card,7.3
423-57-2993,B,Mandalay,Normal,Male,Sports and travel,93.39,6,28.017,588.357,2021-03-27,0 days 19:18:00,Ewallet,10.0
633-44-8566,A,Yangon,Member,Male,Food and beverages,49.38,7,17.283,362.943,2021-03-27,0 days 20:35:00,Credit card,7.3
702-83-5291,C,Naypyitaw,Member,Male,Fashion accessories,99.82,9,44.919,943.299,2021-03-27,0 days 10:43:00,Cash,6.6
794-32-2436,B,Mandalay,Member,Male,Electronic accessories,55.67,2,5.567,116.907,2021-03-27,0 days 15:08:00,Ewallet,6.0
212-62-1842,A,Yangon,Normal,Male,Food and beverages,58.26,6,17.478,367.038,2021-03-28,0 days 16:44:00,Cash,9.9
266-76-6436,C,Naypyitaw,Member,Female,Food and beverages,38.6,3,5.79,121.59,2021-03-28,0 days 13:57:00,Ewallet,7.5
333-23-2632,A,Yangon,Member,Male,Health and beauty,10.08,7,3.528,74.088,2021-03-28,0 days 20:14:00,Cash,4.2
420-97-3340,A,Yangon,Normal,Female,Food and beverages,71.68,3,10.752,225.792,2021-03-28,0 days 15:30:00,Credit card,9.2
470-32-9057,A,Yangon,Member,Male,Food and beverages,51.34,5,12.835,269.535,2021-03-28,0 days 15:31:00,Credit card,9.1
531-80-1784,A,Yangon,Normal,Male,Electronic accessories,26.02,7,9.107,191.247,2021-03-28,0 days 17:38:00,Cash,5.1
544-32-5024,C,Naypyitaw,Member,Female,Food and beverages,49.79,4,9.958,209.118,2021-03-28,0 days 19:16:00,Credit card,6.4
573-58-9734,B,Mandalay,Normal,Female,Fashion accessories,30.37,3,4.5555,95.6655,2021-03-28,0 days 13:41:00,Ewallet,5.1
633-09-3463,C,Naypyitaw,Normal,Female,Electronic accessories,47.65,3,7.1475,150.0975,2021-03-28,0 days 12:58:00,Credit card,9.5
857-16-3520,A,Yangon,Member,Female,Fashion accessories,71.46,7,25.011,525.231,2021-03-28,0 days 16:06:00,Ewallet,4.5
186-79-9562,B,Mandalay,Normal,Male,Health and beauty,71.77,7,25.1195,527.5095,2021-03-29,0 days 14:06:00,Cash,8.9
218-59-9410,A,Yangon,Member,Female,Home and lifestyle,72.42,3,10.863,228.123,2021-03-29,0 days 16:54:00,Ewallet,8.2
267-62-7380,C,Naypyitaw,Member,Male,Electronic accessories,82.34,10,41.17,864.57,2021-03-29,0 days 19:12:00,Ewallet,4.3
291-21-5991,B,Mandalay,Member,Male,Health and beauty,61.29,5,15.3225,321.7725,2021-03-29,0 days 14:28:00,Cash,7.0
425-85-2085,B,Mandalay,Member,Male,Health and beauty,54.86,5,13.715,288.015,2021-03-29,0 days 16:48:00,Ewallet,9.8
727-75-6477,C,Naypyitaw,Normal,Male,Electronic accessories,28.84,4,5.768,121.128,2021-03-29,0 days 14:44:00,Cash,6.4
766-85-7061,B,Mandalay,Normal,Male,Health and beauty,87.87,10,43.935,922.635,2021-03-29,0 days 10:25:00,Ewallet,5.1
829-34-3910,A,Yangon,Normal,Female,Health and beauty,71.38,10,35.69,749.49,2021-03-29,0 days 19:21:00,Cash,5.7
115-38-7388,C,Naypyitaw,Member,Female,Fashion accessories,10.18,8,4.072,85.512,2021-03-30,0 days 12:51:00,Credit card,9.5
131-15-8856,C,Naypyitaw,Member,Female,Food and beverages,72.52,8,29.008,609.168,2021-03-30,0 days 19:26:00,Credit card,4.0
286-01-5402,A,Yangon,Normal,Female,Sports and travel,40.23,7,14.0805,295.6905,2021-03-30,0 days 13:22:00,Cash,9.6
291-55-6563,A,Yangon,Member,Female,Home and lifestyle,34.42,6,10.326,216.846,2021-03-30,0 days 12:45:00,Ewallet,7.5
361-85-2571,A,Yangon,Normal,Female,Sports and travel,89.48,5,22.37,469.77,2021-03-30,0 days 10:18:00,Cash,7.4
364-34-2972,C,Naypyitaw,Member,Male,Electronic accessories,96.82,3,14.523,304.983,2021-03-30,0 days 20:37:00,Cash,6.7
642-61-4706,B,Mandalay,Member,Male,Food and beverages,93.4,2,9.34,196.14,2021-03-30,0 days 16:34:00,Cash,5.5
676-39-6028,A,Yangon,Member,Female,Electronic accessories,64.44,5,16.11,338.31,2021-03-30,0 days 17:04:00,Cash,6.6
731-59-7531,B,Mandalay,Member,Male,Health and beauty,72.57,8,29.028,609.588,2021-03-30,0 days 17:58:00,Cash,4.6
743-04-1105,B,Mandalay,Member,Male,Health and beauty,97.22,9,43.749,918.729,2021-03-30,0 days 14:43:00,Ewallet,6.0
778-89-7974,C,Naypyitaw,Normal,Male,Health and beauty,70.21,6,21.063,442.323,2021-03-30,0 days 14:58:00,Cash,7.4
