stock_code,description,units_sold,units_returned,gross_sales,returns_value,net_revenue
22423,REGENCY CAKESTAND 3 TIER,26478.0,1450.0,330590.32,16545.3,314045.02
85123A,WHITE HANGING HEART T-LIGHT HOLDER,94719.0,3637.0,261168.73,9387.1,251781.63
85099B,RED RETROSPOT JUMBO BAG,97176.0,1213.0,182680.98,2168.82,180512.16
47566,PARTY BUNTING,28200.0,285.0,148318.28,1238.55,147079.73
84879,ASSORTED COLOUR BIRD ORNAMENT,80082.0,511.0,129324.49,774.07,128550.42
22086,PAPER CHAIN KIT 50'S CHRISTMAS,35084.0,590.0,117760.29,1461.7,116298.59
79321,CHILLI LIGHTS,15841.0,145.0,80540.88,635.75,79905.13
22197,SMALL POPCORN HOLDER,88499.0,804.0,79520.2,616.58,78903.62
22386,JUMBO BAG PINK WITH WHITE SPOTS,39437.0,482.0,76324.62,866.98,75457.64
84347,ROTATING SILVER ANGELS T-LIGHT HLDR,31409.0,9381.0,71300.4,330.45,70969.95
20725,LUNCH BAG RED SPOTTY,40317.0,931.0,71106.29,1383.75,69722.54
85099F,JUMBO BAG STRAWBERRY,37061.0,283.0,69002.13,512.24,68489.89
23084,RABBIT NIGHT LIGHT,30739.0,108.0,66870.03,208.4,66661.63
48138,DOORMAT UNION FLAG,10077.0,51.0,67010.31,359.41,66650.9
20685,RED SPOTTY COIR DOORMAT,9783.0,91.0,66417.47,632.53,65784.94
21137,BLACK RECORD COVER FRAME,18739.0,23.0,65189.29,82.29,65107.0
21931,JUMBO STORAGE BAG SUKI,29182.0,390.0,61537.55,710.63,60826.92
22502,PICNIC BASKET WICKER SMALL,3766.0,86.0,60880.3,436.42,60443.88
21621,VINTAGE UNION JACK BUNTING,6900.0,64.0,60286.04,544.0,59742.04
21843,RETRO SPOT CAKE STAND,6128.0,587.0,64918.3,5270.25,59648.05
15056N,EDWARDIAN PARASOL NATURAL,11459.0,155.0,60145.85,840.55,59305.3
85099C,JUMBO  BAG BAROQUE BLACK WHITE,30657.0,313.0,59142.78,570.88,58571.9
22114,HOT WATER BOTTLE TEA AND SYMPATHY,11677.0,220.0,59189.14,795.2,58393.94
22910,PAPER CHAIN KIT VINTAGE CHRISTMAS,18634.0,448.0,58652.7,1185.6,57467.1
22112,CHOCOLATE HOT WATER BOTTLE,11065.0,156.0,57981.94,687.48,57294.46
22411,JUMBO SHOPPER VINTAGE RED PAISLEY,27281.0,441.0,57318.71,791.52,56527.19
82484,WOOD BLACK BOARD ANT WHITE FINISH,9831.0,49.0,56745.73,325.0,56420.73
22470,HEART OF WICKER LARGE,17773.0,396.0,53506.13,1028.7,52477.43
20914,SET/5 RED SPOTTY LID GLASS BOWLS,18670.0,400.0,52508.56,1068.8,51439.76
21212,PACK OF 72 RETROSPOT CAKE CASES,94884.0,1110.0,51825.15,549.66,51275.49
22178,VICTORIAN GLASS HANGING T-LIGHT,40081.0,1008.0,52382.82,1262.94,51119.88
22139,RETROSPOT TEA SET CERAMIC 11 PC,10609.0,460.0,52843.01,2014.5,50828.51
21181,PLEASE ONE PERSON METAL SIGN,24732.0,114.0,50117.14,225.9,49891.24
21733,RED HANGING HEART T-LIGHT HOLDER,17575.0,423.0,50346.49,1102.25,49244.24
21929,JUMBO BAG PINK VINTAGE PAISLEY,25608.0,272.0,49651.99,483.97,49168.02
22090,PAPER BUNTING RETROSPOT,16698.0,497.0,50431.9,1290.15,49141.75
22189,CREAM HEART CARD HOLDER,16186.0,43.0,49300.94,168.73,49132.21
22111,SCOTTIE DOG HOT WATER BOTTLE,9776.0,217.0,49771.94,936.65,48835.29
84946,ANTIQUE SILVER TEA GLASS ETCHED,36696.0,450.0,49210.4,503.03,48707.37
48194,DOORMAT HEARTS,7726.0,25.0,48726.56,172.17,48554.39
22469,HEART OF WICKER SMALL,27908.0,281.0,48935.11,424.65,48510.46
21232,STRAWBERRY CERAMIC TRINKET POT,37997.0,804.0,49300.57,950.09,48350.48
15056BL,EDWARDIAN PARASOL BLACK,9620.0,213.0,48723.77,1071.35,47652.42
22457,NATURAL SLATE HEART CHALKBOARD,15373.0,109.0,47288.23,315.95,46972.28
21731,RED TOADSTOOL LED NIGHT LIGHT,28910.0,990.0,48315.84,1457.9,46857.94
48187,DOORMAT NEW ENGLAND,7314.0,10.0,46405.4,76.46,46328.94
21754,HOME BUILDING BLOCK WORD,7595.0,39.0,46516.99,231.65,46285.34
21523,FANCY FONT HOME SWEET HOME DOORMAT,6916.0,6.0,46083.71,47.54,46036.17
21928,JUMBO BAG SCANDINAVIAN PAISLEY,24268.0,295.0,46202.52,536.58,45665.94
82494L,WOODEN FRAME ANTIQUE WHITE,15679.0,511.0,46967.09,1325.85,45641.24
22355,CHARLOTTE BAG SUKI DESIGN,31956.0,185.0,45377.56,142.69,45234.87
21623,VINTAGE UNION JACK MEMOBOARD,6165.0,56.0,45402.18,499.2,44902.98
22326,ROUND SNACK BOXES SET OF4 WOODLAND,15446.0,57.0,44257.74,168.15,44089.59
20727,LUNCH BAG  BLACK SKULL.,26678.0,1211.0,45655.27,1778.95,43876.32
22383,LUNCHBAG SUKI  DESIGN,25058.0,188.0,43254.35,285.8,42968.55
84997D,PINK 3 PIECE POLKADOT CUTLERY SET,11024.0,55.0,42972.52,206.25,42766.27
84029E,RED WOOLLY HOTTIE WHITE HEART.,10628.0,86.0,42994.24,327.7,42666.54
23298,SPOTTY BUNTING,8466.0,110.0,43148.18,482.81,42665.37
22138,BAKING SET 9 PIECE RETROSPOT,9366.0,859.0,45882.01,4052.95,41829.06
21915,RED  HARMONICA IN BOX,36289.0,884.0,42664.54,991.0,41673.54
48185,DOORMAT FAIRY CAKE,6822.0,692.0,45723.84,4678.68,41045.16
23203,JUMBO BAG VINTAGE DOILY,20485.0,590.0,42030.34,1076.4,40953.94
82482,WOODEN PICTURE FRAME WHITE FINISH,16914.0,460.0,41837.6,1068.15,40769.45
20728,LUNCH BAG CARS BLUE,24596.0,1140.0,42270.3,1678.0,40592.3
20713,JUMBO BAG OWLS,20814.0,252.0,40667.05,448.98,40218.07
21175,GIN AND TONIC DIET METAL SIGN,20676.0,2035.0,43851.48,3785.58,40065.9
22083,PAPER CHAIN KIT RETROSPOT,13716.0,528.0,40412.82,1397.6,39015.22
84078A,SET/4 WHITE RETRO STORAGE CUBES,1128.0,147.0,43844.96,5187.65,38657.31
84997B,RED 3 PIECE RETROSPOT CUTLERY SET,9771.0,109.0,38810.64,382.83,38427.81
22629,SPACEBOY LUNCH BOX,20807.0,71.0,37955.5,125.85,37829.65
71477,COLOURED GLASS STAR T-LIGHT HOLDER,15089.0,2574.0,44680.75,7164.12,37516.63
22720,SET OF 3 CAKE TINS PANTRY DESIGN,7483.0,154.0,38108.89,730.1,37378.79
22960,JAM MAKING SET WITH JARS,9019.0,247.0,38380.11,1012.79,37367.32
85066,CREAM SWEETHEART MINI CHEST,3091.0,106.0,38599.98,1235.4,37364.58
82486,WOOD S/3 CABINET ANT WHITE FINISH,4728.0,105.0,38052.33,855.15,37197.18
21166,COOK WITH WINE METAL SIGN,19932.0,558.0,38138.86,967.23,37171.63
20712,JUMBO BAG WOODLAND ANIMALS,17710.0,251.0,37499.37,447.61,37051.76
20726,LUNCH BAG WOODLAND,22118.0,1015.0,38506.74,1497.95,37008.79
22699,TEACUP AND SAUCER REGENCY ROSES,13070.0,491.0,38249.5,1295.25,36954.25
21485,RETROSPOT HEART HOT WATER BOTTLE,7593.0,36.0,37078.67,178.2,36900.47
23284,DOORMAT KEEP CALM AND COME IN,5487.0,225.0,38133.64,1601.25,36532.39
22727,ALARM CLOCK BAKELIKE RED,9234.0,84.0,36543.77,315.0,36228.77
21524,SPOTTY  HOME SWEET HOME DOORMAT,5255.0,7.0,35955.44,56.39,35899.05
84997C,CHILDRENS CUTLERY POLKADOT BLUE,9151.0,92.0,35699.23,319.48,35379.75
20724,RED SPOTTY CHARLOTTE BAG,32197.0,321.0,35190.21,252.83,34937.38
21755,LOVE BUILDING BLOCK WORD,5643.0,48.0,34836.02,285.6,34550.42
22379,RECYCLING BAG RETROSPOT,15765.0,67.0,34640.84,128.95,34511.89
22328,ROUND SNACK BOXES SET OF 4 FRUITS,12959.0,699.0,36170.31,1812.45,34357.86
22382,LUNCHBAG SPACEBOY DESIGN,20248.0,253.0,34071.97,387.25,33684.72
22384,LUNCHBAG PINK RETROSPOT,20783.0,285.0,34088.79,434.85,33653.94
22666,RECIPE BOX PANTRY YELLOW DESIGN,10706.0,237.0,33682.62,655.55,33027.07
22630,DOLLY GIRL LUNCH BOX,18058.0,302.0,33380.83,531.0,32849.83
22726,ALARM CLOCK BAKELIKE GREEN,7671.0,65.0,32609.32,243.75,32365.57
15036,ASSORTED COLOURS SILK FAN,44272.0,929.0,32967.03,644.03,32323.0
22385,JUMBO BAG SPACEBOY DESIGN,17057.0,426.0,32433.5,725.44,31708.06
22077,6 RIBBONS RUSTIC CHARM,17238.0,117.0,31513.11,193.05,31320.06
85152,HAND OVER THE CHOCOLATE   SIGN,16373.0,101.0,31483.7,191.51,31292.19
85014B,RED/WHITE DOTS RUFFLED UMBRELLA,6194.0,18.0,31268.0,105.1,31162.9
22865,HAND WARMER OWL DESIGN,14537.0,126.0,31416.04,264.35,31151.69
48184,DOORMAT ENGLISH ROSE,4715.0,11.0,31142.63,86.07,31056.56
23245,SET OF 3 REGENCY CAKE TINS,6345.0,90.0,31118.55,421.5,30697.05
21479,WHITE SKULL HOT WATER BOTTLE,6219.0,196.0,31079.8,677.18,30402.62
22697,TEACUP AND SAUCER REGENCY GREEN,9795.0,184.0,30425.05,506.8,29918.25
20679,EDWARDIAN PARASOL RED,6149.0,18.0,30020.97,107.1,29913.87
84029G,KNITTED UNION FLAG HOT WATER BOTTLE,6830.0,60.0,29533.87,219.7,29314.17
21217,RED SPOTTY ROUND CAKE TINS,2904.0,50.0,29769.24,484.5,29284.74
47590B,PINK HAPPY BIRTHDAY BUNTING,5751.0,57.0,29504.36,293.05,29211.31
22501,PICNIC BASKET WICKER LARGE,2612.0,131.0,30339.36,1158.45,29180.91
23199,JUMBO BAG APPLES,14908.0,723.0,30450.69,1309.25,29141.44
22659,LUNCHBOX I LOVE LONDON,15942.0,337.0,29563.81,574.95,28988.86
22158,3 HEARTS HANGING DECORATION RUSTIC,8985.0,82.0,29198.28,239.9,28958.38
22622,BOX OF VINTAGE ALPHABET BLOCKS,2945.0,61.0,29450.11,559.35,28890.76
48188,DOORMAT WELCOME PUPPIES,4872.0,11.0,28639.1,85.35,28553.75
23355,HOT WATER BOTTLE KEEP CALM,5816.0,96.0,28718.8,417.6,28301.2
22188,BLACK HEART CARD HOLDER,10353.0,5.0,28112.03,19.75,28092.28
84978,HANGING HEART JAR T-LIGHT HOLDER,21689.0,361.0,28475.96,417.72,28058.24
22866,HAND WARMER SCOTTY DOG DESIGN,12778.0,135.0,28266.87,259.5,28007.37
21977,PACK OF 60 PINK PAISLEY CAKE CASES,56061.0,219.0,28081.73,117.3,27964.43
82583,HOT BATHS METAL SIGN,12877.0,107.0,27981.99,204.09,27777.9
22492,MINI PAINT SET VINTAGE  BOY+ GIRL,43546.0,281.0,27817.59,182.65,27634.94
20719,WOODLAND CHARLOTTE BAG,24479.0,135.0,27598.42,106.82,27491.6
22467,GUMBALL COAT RACK,11868.0,294.0,28059.48,665.55,27393.93
21930,JUMBO STORAGE BAG SKULLS,13390.0,6.0,27368.08,11.49,27356.59
82483,WOOD 2 DRAWER CABINET WHITE FINISH,4878.0,283.0,29003.37,1683.85,27319.52
72741,GRAND CHOCOLATECANDLE,19712.0,62.0,27239.46,89.3,27150.16
22624,IVORY KITCHEN SCALES,3152.0,26.0,27282.73,214.2,27068.53
84991,60 TEATIME FAIRY CAKE CASES,54028.0,350.0,27041.21,187.95,26853.26
23201,JUMBO BAG ALPHABET,13366.0,594.0,27850.83,1076.02,26774.81
20750,RED/WHITE DOT MINI CASES,3688.0,20.0,26866.63,144.6,26722.03
22734,SET OF 6 RIBBONS VINTAGE CHRISTMAS,9772.0,30.0,26763.75,86.7,26677.05
71459,HANGING JAM JAR T-LIGHT HOLDERS,32989.0,327.0,26738.79,257.28,26481.51
22961,JAM MAKING SET PRINTED,17252.0,344.0,26888.43,444.6,26443.83
22752,SET 7 BABUSHKA NESTING BOXES,3459.0,224.0,28139.45,1761.2,26378.25
22867,HAND WARMER BIRD DESIGN,11872.0,82.0,26117.63,172.2,25945.43
48111,DOORMAT 3 SMILEY CATS,4248.0,16.0,25970.0,102.4,25867.6
20971,PINK BLUE FELT CRAFT TRINKET BOX,22260.0,2571.0,28580.97,2739.32,25841.65
82600,NO SINGING METAL SIGN,12675.0,43.0,25736.19,83.8,25652.39
20711,JUMBO BAG TOYS,12643.0,38.0,25719.13,70.31,25648.82
22507,MEMO BOARD RETROSPOT  DESIGN,5455.0,24.0,25603.46,118.1,25485.36
22551,PLASTERS IN TIN SPACEBOY,15441.0,287.0,25912.87,435.15,25477.72
22835,HOT WATER BOTTLE I AM SO POORLY,5302.0,408.0,27082.84,1744.8,25338.04
21080,SET/20 RED SPOTTY PAPER NAPKINS,31076.0,653.0,25416.93,433.67,24983.26
22149,FELTCRAFT 6 FLOWER FRIENDS,12674.0,664.0,26218.97,1244.4,24974.57
22087,PAPER BUNTING WHITE LACE,8475.0,159.0,25389.1,465.4,24923.7
37503,TEA TIME CAKE STAND IN GIFT BOX,2465.0,51.0,25428.33,515.45,24912.88
22084,PAPER CHAIN KIT EMPIRE,8803.0,111.0,25163.56,299.45,24864.11
84755,COLOUR GLASS T-LIGHT HOLDER HANGING,40439.0,729.0,25205.13,415.35,24789.78
23173,REGENCY TEAPOT ROSES,2766.0,52.0,24879.13,436.4,24442.73
22722,SET OF 6 SPICE TINS PANTRY DESIGN,5972.0,36.0,24459.96,141.7,24318.26
48173C,DOORMAT BLACK FLOCK,4147.0,7.0,24256.47,55.93,24200.54
84836,ZINC METAL HEART DECORATION,19847.0,102.0,24289.33,127.5,24161.83
84077,WORLD WAR 2 GLIDERS ASSTD DESIGNS,106139.0,1704.0,24445.61,361.68,24083.93
22728,ALARM CLOCK BAKELIKE PINK,6215.0,53.0,24257.31,198.75,24058.56
22698,TEACUP AND SAUCER REGENCY PINK,8193.0,197.0,24374.62,546.75,23827.87
21231,SWEETHEART CERAMIC TRINKET BOX,19428.0,323.0,24128.86,388.93,23739.93
21527,RETRO SPOT TRADITIONAL TEAPOT,3345.0,171.0,24968.47,1333.48,23634.99
21955,UNION JACK GUNS & ROSES  DOORMAT,3911.0,28.0,23734.4,183.28,23551.12
21481,FAWN BLUE HOT WATER BOTTLE,8174.0,802.0,25613.45,2065.9,23547.55
21790,VINTAGE SNAP CARDS,27244.0,203.0,23506.17,162.67,23343.5
47590A,BLUE HAPPY BIRTHDAY BUNTING,4753.0,188.0,24185.03,887.8,23297.23
23344,JUMBO BAG 50'S CHRISTMAS,10285.0,262.0,23772.07,486.96,23285.11
22605,WOODEN CROQUET GARDEN SET,1827.0,14.0,23426.82,170.3,23256.52
20972,PINK CREAM FELT CRAFT TRINKET BOX,20496.0,1497.0,24785.31,1553.39,23231.92
47566B,TEA TIME PARTY BUNTING,6013.0,1635.0,27564.75,4490.5,23074.25
23243,SET OF TEA COFFEE SUGAR TINS PANTRY,4800.0,117.0,23489.42,545.55,22943.87
22607,WOODEN ROUNDERS GARDEN SET,2533.0,16.0,22906.54,133.55,22772.99
22625,RED KITCHEN SCALES,2627.0,37.0,22911.55,299.2,22612.35
22554,PLASTERS IN TIN WOODLAND ANIMALS,13588.0,159.0,22853.72,243.15,22610.57
22171,3 HOOK PHOTO SHELF ANTIQUE WHITE,3141.0,154.0,23709.46,1212.1,22497.36
84970S,HANGING HEART ZINC T-LIGHT HOLDER,26817.0,125.0,22578.3,105.2,22473.1
84406B,CREAM CUPID HEARTS COAT HANGER,7133.0,218.0,23093.95,663.1,22430.85
21936,RED/WHITE SPOT PICNIC BAG,7805.0,143.0,22741.31,391.75,22349.56
21314,SMALL GLASS HEART TRINKET POT,11426.0,1228.0,24641.39,2296.8,22344.59
85014A,BLACK/BLUE POLKADOT UMBRELLA,4656.0,8.0,22213.7,47.6,22166.1
22556,PLASTERS IN TIN CIRCUS PARADE,13585.0,107.0,22334.08,176.55,22157.53
20749,ASSORTED COLOUR MINI CASES,3062.0,13.0,22097.61,101.75,21995.86
22113,GREY HEART HOT WATER BOTTLE,5759.0,32.0,22025.93,121.8,21904.13
22499,WOODEN UNION JACK BUNTING,3584.0,7.0,21826.52,41.65,21784.87
21791,VINTAGE HEADS AND TAILS CARD GAME,17604.0,1077.0,22858.6,1156.25,21702.35
22585,PACK OF 6 BIRDY GIFT TAGS,17557.0,394.0,21977.3,442.91,21534.39
21210,SET OF 72 RETROSPOT PAPER  DOILIES,15118.0,151.0,21727.19,197.55,21529.64
23202,JUMBO BAG VINTAGE LEAF,10941.0,242.0,21810.43,442.46,21367.97
23209,LUNCH BAG VINTAGE DOILY,13170.0,40.0,21418.82,65.8,21353.02
21213,PACK OF 72 SKULL CAKE CASES,40263.0,89.0,21390.76,48.95,21341.81
22969,HOMEMADE JAM SCENTED CANDLES,14461.0,140.0,21501.99,185.8,21316.19
22941,CHRISTMAS LIGHTS 10 REINDEER,2615.0,74.0,21727.58,610.3,21117.28
22456,NATURAL SLATE CHALKBOARD LARGE,4416.0,104.0,21583.2,501.5,21081.7
84997A,GREEN 3 PIECE POLKADOT CUTLERY SET,5363.0,26.0,20882.48,98.7,20783.78
23206,LUNCH BAG APPLE DESIGN,12147.0,59.0,20852.58,97.15,20755.43
48116,DOORMAT MULTICOLOUR STRIPE,3452.0,3.0,20712.63,24.15,20688.48
21218,RED SPOTTY BISCUIT TIN,5256.0,79.0,20800.31,277.25,20523.06
85048,15CM CHRISTMAS GLASS BALL 20 LIGHTS,2685.0,93.0,21201.13,695.35,20505.78
22294,HEART FILIGREE DOVE  SMALL,16671.0,107.0,20629.38,133.75,20495.63
22632,HAND WARMER RED RETROSPOT,10290.0,35.0,20540.33,71.5,20468.83
22356,CHARLOTTE BAG PINK WITH WHITE SPOTS,20015.0,582.0,20871.9,430.74,20441.16
22693,GROW A FLYTRAP OR SUNFLOWER IN TIN,17875.0,72.0,20469.08,90.0,20379.08
22424,ENAMEL BREAD BIN CREAM,1529.0,47.0,20886.89,570.45,20316.44
21559,STRAWBERRY LUNCHBOX WITH CUTLERY,8227.0,34.0,20345.53,86.25,20259.28
20723,STRAWBERRY CHARLOTTE BAG,18296.0,187.0,20401.05,157.78,20243.27
85150,LADIES & GENTLEMEN METAL SIGN,8361.0,26.0,20237.72,64.95,20172.77
37449,CERAMIC CAKE STAND + HANGING CAKES,2382.0,255.0,22333.3,2234.15,20099.15
21216,"SET 3 RETROSPOT TEA,COFFEE,SUGAR",3884.0,23.0,20169.0,111.75,20057.25
21258,VICTORIAN SEWING BOX LARGE,1505.0,121.0,21386.56,1360.15,20026.41
21622,VINTAGE UNION JACK CUSHION COVER,3699.0,43.0,19936.94,212.85,19724.09
21174,POTTERING IN THE SHED METAL SIGN,9696.0,4.0,19593.81,7.8,19586.01
22381,TOY TIDY PINK RETROSPOT,9265.0,30.0,19619.54,62.75,19556.79
22568,FELTCRAFT CUSHION OWL,5479.0,212.0,20244.97,725.16,19519.81
48129,DOORMAT TOPIARY,3127.0,23.0,19608.91,159.15,19449.76
22570,FELTCRAFT CUSHION RABBIT,5631.0,431.0,20901.1,1464.33,19436.77
22617,BAKING SET SPACEBOY DESIGN,4251.0,243.0,20546.99,1147.55,19399.44
22413,METAL SIGN TAKE IT OR LEAVE IT,6976.0,129.0,19728.24,340.55,19387.69
22558,CLOTHES PEGS RETROSPOT PACK 24,13809.0,91.0,19513.17,130.71,19382.46
22900,SET 2 TEA TOWELS I LOVE LONDON,6156.0,216.0,19834.04,552.6,19281.44
21908,CHOCOLATE THIS WAY METAL SIGN,9678.0,32.0,19125.98,67.2,19058.78
22952,SET 72 CAKE CASES VINTAGE CHRISTMAS,32988.0,552.0,19240.05,241.2,18998.85
22427,ENAMEL FLOWER JUG CREAM,3210.0,50.0,19273.28,291.5,18981.78
22569,FELTCRAFT CUSHION BUTTERFLY,5521.0,345.0,20104.43,1170.63,18933.8
22561,WOODEN SCHOOL COLOURING SET,11642.0,410.0,19524.27,611.7,18912.57
21108,FAIRY CAKE FLANNEL ASSORTED COLOUR,12962.0,3159.0,25407.27,6614.37,18792.9
22169,FAMILY ALBUM WHITE PICTURE FRAME,2275.0,93.0,19507.6,741.2,18766.4
84947,ANTIQUE SILVER TEA GLASS ENGRAVED,15810.0,37.0,18744.17,44.54,18699.63
47591D,PINK FAIRY CAKE CHILDRENS APRON,9643.0,12.0,18716.67,23.4,18693.27
71053,WHITE MOROCCAN METAL LANTERN,4769.0,68.0,18906.77,248.52,18658.25
22555,PLASTERS IN TIN STRONGMAN,11549.0,40.0,18680.32,66.0,18614.32
22041,"RECORD FRAME 7"" SINGLE SIZE",7540.0,42.0,18650.87,103.95,18546.92
21340,CLASSIC METAL BIRDCAGE PLANT HOLDER,1758.0,62.0,19194.13,670.1,18524.03
21121,SET/10 RED SPOTTY PARTY CANDLES,15215.0,170.0,18442.7,212.5,18230.2
84949,SILVER HANGING T-LIGHT HOLDER,11945.0,512.0,19015.8,793.8,18222.0
21035,SET/2 RED SPOTTY TEA TOWELS,5994.0,207.0,18644.78,570.65,18074.13
22061,LARGE CAKE STAND  HANGING STRAWBERY,2171.0,114.0,19121.37,1060.35,18061.02
21484,CHICK GREY HOT WATER BOTTLE,4584.0,51.0,18171.14,157.95,18013.19
22505,MEMO BOARD COTTAGE DESIGN,3773.0,19.0,18034.63,94.05,17940.58
21430,SET/3 RED GINGHAM ROSE STORAGE BOX,4621.0,62.0,18044.97,222.78,17822.19
22560,TRADITIONAL MODELLING CLAY,14836.0,175.0,17861.71,191.2,17670.51
22352,LUNCHBOX WITH CUTLERY RETROSPOT,7090.0,65.0,17830.71,165.3,17665.41
84970L,SINGLE HEART ZINC T-LIGHT HOLDER,17633.0,36.0,17664.18,34.2,17629.98
84945,MULTI COLOUR SILVER T-LIGHT HOLDER,21605.0,156.0,17746.71,141.73,17604.98
21914,BLUE HARMONICA IN BOX,12957.0,120.0,17725.36,150.0,17575.36
22847,"BREAD BIN, DINER STYLE, IVORY",1157.0,49.0,18352.74,794.55,17558.19
22633,HAND WARMER UNION JACK,8541.0,39.0,17576.67,81.9,17494.77
84467,ENGLISH ROSE DESIGN QUILTED THROW,816.0,2.0,17477.66,79.9,17397.76
20718,RED SPOTTY SHOPPER BAG,13353.0,58.0,17457.35,71.74,17385.61
22297,HEART IVORY TRELLIS SMALL,13715.0,275.0,17702.62,343.75,17358.87
22557,PLASTERS IN TIN VINTAGE PAISLEY,10369.0,68.0,17401.3,112.2,17289.1
21136,PAINTED METAL PEARS ASSORTED,10496.0,225.0,17451.45,329.37,17122.08
84992,72 SWEETHEART FAIRY CAKE CASES,34797.0,410.0,17259.85,175.33,17084.52
22366,DOORMAT AIRMAIL,2540.0,29.0,17242.3,209.97,17032.33
21889,WOODEN BOX OF DOMINOES,12805.0,155.0,17095.66,193.75,16901.91
21156,RETROSPOT CHILDRENS APRON,9137.0,73.0,17002.28,142.35,16859.93
23240,SET OF 4 KNICK KNACK TINS DOILY,4177.0,50.0,17000.17,206.7,16793.47
22147,FELTCRAFT BUTTERFLY HEARTS,12828.0,904.0,17893.58,1142.8,16750.78
22652,TRAVEL SEWING KIT,9910.0,56.0,16794.05,92.4,16701.65
22654,DELUXE SEWING KIT,2534.0,52.0,16971.27,306.4,16664.87
21535,RETRO SPOT SMALL MILK JUG,6776.0,88.0,16837.0,223.05,16613.95
22273,FELTCRAFT DOLL MOLLY,7355.0,1464.0,20150.99,3562.8,16588.19
21164,HOME SWEET HOME METAL SIGN,5981.0,22.0,16626.41,64.9,16561.51
22993,SET OF 4 PANTRY JELLY MOULDS,12649.0,68.0,16478.48,85.0,16393.48
22776,SWEETHEART CAKESTAND 3 TIER,1708.0,134.0,17530.46,1230.35,16300.11
22837,HOT WATER BOTTLE BABUSHKA LARGE,3534.0,37.0,16455.18,157.65,16297.53
21533,RETROSPOT LARGE MILK JUG,3343.0,80.0,16614.87,375.0,16239.87
72760B,VINTAGE CREAM 3 BASKET CAKE STAND,1699.0,20.0,16409.02,170.34,16238.68
23301,GARDENERS KNEELING PAD KEEP CALM,8807.0,114.0,16327.35,168.9,16158.45
22662,LUNCH BAG DOLLY GIRL DESIGN,9951.0,68.0,16213.61,112.2,16101.41
22296,HEART IVORY TRELLIS LARGE,9719.0,8.0,16027.56,13.2,16014.36
22759,SET OF 3 NOTEBOOKS IN PARCEL,9380.0,26.0,15866.56,42.9,15823.66
22193,RED WALL CLOCK,1910.0,39.0,16117.98,319.6,15798.38
35004C,SET OF 3 COLOURED  FLYING DUCKS,3062.0,88.0,16218.1,426.8,15791.3
22690,DOORMAT HOME SWEET HOME BLUE,2530.0,6.0,15836.35,48.3,15788.05
21155,RED SPOTTY PEG BAG,6665.0,263.0,16343.09,562.69,15780.4
22487,WHITE WOOD GARDEN PLANT LADDER,1632.0,70.0,16373.7,635.6,15738.1
23313,VINTAGE CHRISTMAS BUNTING,2990.0,13.0,15798.66,64.35,15734.31
22367,CHILDS APRON SPACEBOY DESIGN,8059.0,51.0,15778.67,99.45,15679.22
84375,SET OF 20 KIDS COOKIE CUTTERS,7575.0,61.0,15753.18,120.9,15632.28
22619,SET OF 6 SOLDIER SKITTLES,4008.0,10.0,15620.09,37.5,15582.59
21891,TRADITIONAL WOODEN SKIPPING ROPE,12142.0,93.0,15547.75,118.07,15429.68
22749,FELTCRAFT PRINCESS CHARLOTTE DOLL,3759.0,1.0,15354.35,3.75,15350.6
22692,DOORMAT WELCOME TO OUR HOME,2135.0,143.0,15965.95,665.05,15300.9
84378,SET OF 3 HEART COOKIE CUTTERS,11637.0,93.0,15388.44,116.06,15272.38
22365,DOORMAT RESPECTABLE HOUSE,2329.0,3.0,15289.79,22.65,15267.14
21844,RETRO SPOT MUG,5374.0,48.0,15329.44,141.2,15188.24
21975,PACK OF 60 DINOSAUR CAKE CASES,31332.0,95.0,15236.62,49.26,15187.36
22940,FELTCRAFT CHRISTMAS FAIRY,3491.0,39.0,15282.81,120.75,15162.06
21165,BEWARE OF THE CAT METAL SIGN,9360.0,51.0,15167.38,82.59,15084.79
22170,PICTURE FRAME WOOD TRIPLE PORTRAIT,2385.0,90.0,15645.27,581.9,15063.37
22634,CHILDS BREAKFAST SET SPACEBOY,1688.0,94.0,15946.55,906.3,15040.25
22173,METAL 4 HOOK HANGER FRENCH CHATEAU,5026.0,146.0,15411.9,399.72,15012.18
35970,ZINC FOLKART SLEIGH BELLS,8375.0,74.0,15072.58,122.86,14949.72
22909,SET OF 20 VINTAGE CHRISTMAS NAPKINS,17144.0,470.0,15275.82,334.22,14941.6
82582,AREA PATROLLED METAL SIGN,7479.0,129.0,15110.98,241.38,14869.6
21094,SET/6 RED SPOTTY PAPER PLATES,19633.0,762.0,15334.03,495.24,14838.79
21877,HOME SWEET HOME MUG,14054.0,1086.0,15954.75,1176.82,14777.93
21122,SET/10 PINK SPOTTY PARTY CANDLES,12209.0,73.0,14844.78,91.25,14753.53
22635,CHILDS BREAKFAST SET DOLLY GIRL,1660.0,124.0,15795.01,1113.45,14681.56
22946,WOODEN ADVENT CALENDAR CREAM,976.0,26.0,15060.57,390.3,14670.27
22730,ALARM CLOCK BAKELIKE IVORY,3702.0,58.0,14867.27,217.5,14649.77
21770,OPEN CLOSED METAL SIGN,2991.0,48.0,14807.3,212.4,14594.9
17003,BROCADE RING PURSE,70369.0,740.0,14766.42,215.78,14550.64
22485,SET OF 2 WOODEN MARKET CRATES,1101.0,13.0,14677.84,165.75,14512.09
22606,WOODEN SKITTLES GARDEN SET,1069.0,34.0,14881.94,430.7,14451.24
84050,PINK HEART SHAPE EGG FRYING PAN,9853.0,66.0,14525.0,107.3,14417.7
21912,VINTAGE SNAKES & LADDERS,3734.0,76.0,14651.33,285.0,14366.33
21672,WHITE SPOT RED CERAMIC DRAWER KNOB,11120.0,62.0,14411.13,81.3,14329.83
20748,KENSINGTON COFFEE SET,1600.0,0.0,14266.98,0.0,14266.98
21169,YOU'RE CONFUSING ME METAL SIGN,8856.0,33.0,14262.61,54.57,14208.04
22179,SET 10 NIGHT OWL LIGHTS,2023.0,35.0,14418.61,217.85,14200.76
85232B,SET/3 RUSSIAN DOLL STACKING TINS,3086.0,305.0,15587.0,1502.75,14084.25
23200,JUMBO BAG PEARS,7067.0,134.0,14188.96,243.63,13945.33
22627,MINT KITCHEN SCALES,1600.0,16.0,14016.8,125.71,13891.09
84380,SET OF 3 BUTTERFLY COOKIE CUTTERS,10405.0,219.0,14076.34,251.39,13824.95
21668,RED STRIPE CERAMIC DRAWER KNOB,10357.0,87.0,13912.17,106.42,13805.75
22295,HEART FILIGREE DOVE LARGE,8411.0,48.0,13873.54,79.2,13794.34
21257,VICTORIAN SEWING BOX MEDIUM,1549.0,27.0,13968.48,205.3,13763.18
22444,GROW YOUR OWN PLANT IN A CAN,10132.0,114.0,13856.6,142.5,13714.1
21669,BLUE STRIPE CERAMIC DRAWER KNOB,10578.0,106.0,13839.18,147.32,13691.86
22333,RETROSPOT PARTY BAG + STICKER SET,10030.0,1326.0,15639.65,1947.9,13691.75
21259,VICTORIAN SEWING BOX SMALL,2293.0,27.0,13843.92,155.65,13688.27
22621,TRADITIONAL KNITTING NANCY,8726.0,85.0,13784.32,114.05,13670.27
23077,DOUGHNUT LIP GLOSS,10395.0,60.0,13695.77,75.0,13620.77
22191,IVORY WALL CLOCK,1967.0,350.0,16216.05,2703.85,13512.2
21888,BINGO SET,3520.0,97.0,13862.17,363.75,13498.42
22109,FULL ENGLISH BREAKFAST PLATE,3338.0,78.0,13750.11,271.26,13478.85
23343,JUMBO BAG VINTAGE CHRISTMAS,6078.0,271.0,13972.71,505.68,13467.03
21390,FILIGRIS HEART WITH BUTTERFLY,10937.0,75.0,13552.97,93.75,13459.22
47556B,TEA TIME TEA TOWELS,5205.0,156.0,13714.66,402.6,13312.06
23356,LOVE HOT WATER BOTTLE,2359.0,9.0,13334.32,53.55,13280.77
23328,SET 6 SCHOOL MILK BOTTLES IN CRATE,2841.0,8.0,13269.49,29.64,13239.85
22150,3 STRIPEY MICE FELTCRAFT,7815.0,764.0,14486.55,1264.8,13221.75
35400,WOODEN BOX ADVENT CALENDAR,1435.0,91.0,13999.1,779.45,13219.65
21539,RETRO SPOTS BUTTER DISH,2723.0,70.0,13551.64,334.31,13217.33
15044A,PINK PAPER PARASOL,4964.0,3.0,13210.85,8.05,13202.8
22667,RECIPE BOX RETROSPOT,4845.0,138.0,13586.35,393.5,13192.85
21673,WHITE SPOT BLUE CERAMIC DRAWER KNOB,10050.0,103.0,13272.39,143.95,13128.44
22271,FELTCRAFT DOLL ROSIE,4866.0,304.0,13921.73,839.2,13082.53
22636,CHILDS BREAKFAST SET CIRCUS PARADE,1618.0,45.0,13437.03,375.7,13061.33
21098,CHRISTMAS TOILET ROLL,8537.0,219.0,13263.93,246.39,13017.54
21380,WOODEN HAPPY BIRTHDAY GARLAND,5031.0,582.0,14593.32,1601.7,12991.62
22207,FRYING PAN UNION FLAG,3103.0,85.0,13298.57,324.75,12973.82
23108,SET OF 10 LED DOLLY LIGHTS,2219.0,64.0,13290.52,317.6,12972.92
20676,RED SPOTTY BOWL,10475.0,137.0,13105.7,156.81,12948.89
21935,SUKI  SHOULDER BAG,7127.0,131.0,13103.21,196.15,12907.06
22088,PAPER BUNTING COLOURED LACE,4399.0,75.0,13076.88,198.05,12878.83
22584,PACK OF 6 PANNETONE GIFT BOXES,5222.0,197.0,13287.78,425.85,12861.93
22553,PLASTERS IN TIN SKULLS,7794.0,96.0,13013.15,158.4,12854.75
22236,CAKE STAND 3 TIER MAGIC GARDEN,1127.0,95.0,13965.52,1121.25,12844.27
84988,SET OF 72 PINK HEART PAPER DOILIES,8305.0,64.0,12913.24,91.27,12821.97
22846,"BREAD BIN, DINER STYLE, RED",825.0,28.0,13264.82,450.6,12814.22
22580,ADVENT CALENDAR GINGHAM SACK,2322.0,64.0,13141.08,331.8,12809.28
22804,PINK HANGING HEART T-LIGHT HOLDER,5261.0,504.0,14075.8,1294.8,12781.0
21871,SAVE THE PLANET MUG,11492.0,806.0,13654.89,892.19,12762.7
21704,BAG 250g SWIRLY MARBLES,17175.0,702.0,13235.16,512.07,12723.09
22766,PHOTO FRAME CORNICE,4367.0,63.0,12864.25,185.85,12678.4
23207,LUNCH BAG ALPHABET DESIGN,7830.0,448.0,13325.55,659.6,12665.95
21906,PHARMACIE FIRST AID TIN,1786.0,39.0,12879.46,263.25,12616.21
22464,HANGING METAL HEART LANTERN,7847.0,250.0,12985.31,378.9,12606.41
22646,CERAMIC STRAWBERRY CAKE MONEY BANK,8913.0,109.0,12654.71,155.0,12499.71
22947,WOODEN ADVENT CALENDAR RED,1011.0,15.0,12704.15,221.27,12482.88
62018,SOMBRERO,9567.0,0.0,12450.85,0.0,12450.85
22616,PACK OF 12 LONDON TISSUES,39147.0,72.0,12460.16,22.08,12438.08
22198,"POPCORN HOLDER , LARGE",7331.0,214.0,12759.61,347.3,12412.31
22303,COFFEE MUG APPLES DESIGN,5439.0,139.0,12701.63,336.45,12365.18
75049L,LARGE CIRCULAR MIRROR MOBILE,13968.0,903.0,13153.8,808.75,12345.05
22144,CHRISTMAS CRAFT LITTLE FRIENDS,5134.0,47.0,12382.47,98.7,12283.77
22631,CIRCUS PARADE LUNCHBOX,6272.0,36.0,12241.85,70.2,12171.65
22082,RIBBON REEL STRIPES DESIGN,7267.0,31.0,12192.05,51.15,12140.9
21124,SET/10 BLUE SPOTTY PARTY CANDLES,10029.0,49.0,12172.79,61.25,12111.54
21671,RED SPOT CERAMIC DRAWER KNOB,9488.0,170.0,12339.32,237.31,12102.01
22623,BOX OF VINTAGE JIGSAW BLOCKS,2312.0,79.0,12432.28,355.05,12077.23
23174,REGENCY SUGAR BOWL GREEN,3055.0,88.0,12342.43,345.2,11997.23
21670,BLUE SPOT CERAMIC DRAWER KNOB,8845.0,72.0,12074.4,100.0,11974.4
22301,COFFEE MUG CAT + BIRD DESIGN,5009.0,76.0,12124.78,192.0,11932.78
84212,"ASSORTED FLOWER COLOUR ""LEIS""",24794.0,72.0,11961.49,46.8,11914.69
21937,STRAWBERRY   PICNIC BAG,4100.0,58.0,12038.82,169.1,11869.72
22192,BLUE DINER WALL CLOCK,1426.0,31.0,12104.8,252.45,11852.35
21242,RED SPOTTY PLATE,7085.0,42.0,11917.73,70.98,11846.75
84987,SET OF 36 TEATIME PAPER DOILIES,8138.0,70.0,11864.15,97.7,11766.45
22729,ALARM CLOCK BAKELIKE ORANGE,2999.0,35.0,11864.0,130.89,11733.11
22243,"HOOK, 5 HANGER ,MAGIC TOADSTOOL RED",7678.0,86.0,11860.25,141.9,11718.35
15056P,EDWARDIAN PARASOL PINK,2519.0,313.0,12806.76,1091.05,11715.71
22488,NATURAL SLATE RECTANGLE CHALKBOARD,6905.0,49.0,11788.06,80.85,11707.21
22750,FELTCRAFT PRINCESS LOLA DOLL,3125.0,10.0,11697.6,37.5,11660.1
47567B,TEA TIME KITCHEN APRON,2169.0,13.0,11721.99,76.05,11645.94
79323W,WHITE CHERRY LIGHTS,3004.0,1088.0,18048.72,6421.1,11627.62
21428,SET3 BOOK BOX GREEN GINGHAM FLOWER,2883.0,42.0,11762.93,166.0,11596.93
20969,RED FLORAL FELTCRAFT SHOULDER BAG,3237.0,145.0,12066.52,491.91,11574.61
23300,GARDENERS KNEELING PAD CUP OF TEA,6809.0,152.0,11785.99,231.6,11554.39
21326,AGED GLASS SILVER T-LIGHT HOLDER,17770.0,102.0,11593.86,66.3,11527.56
22791,T-LIGHT GLASS FLUTED ANTIQUE,9458.0,190.0,11728.69,209.0,11519.69
22943,CHRISTMAS LIGHTS 10 VINTAGE BAUBLES,2381.0,39.0,11696.64,190.25,11506.39
21787,RAIN PONCHO WITH RED SPOTS,15135.0,528.0,11926.08,420.0,11506.08
85042,ANTIQUE LILY FAIRY LIGHTS,2685.0,168.0,12234.56,757.4,11477.16
22508,DOORSTOP RETROSPOT HEART,2880.0,26.0,11561.95,97.5,11464.45
21154,RED SPOTTY OVEN GLOVE,8095.0,223.0,11694.95,240.75,11454.2
82001S,VINYL RECORD FRAME SILVER,3051.0,11.0,11464.38,40.53,11423.85
22838,"CAKE TIN, 3 TIER RED/IVORY",922.0,137.0,13220.86,1801.75,11419.11
22663,JUMBO BAG DOLLY GIRL DESIGN,5764.0,34.0,11465.29,66.3,11398.99
22740,POLKADOT PENS,13345.0,0.0,11395.31,0.0,11395.31
21260,FIRST AID TIN,3512.0,61.0,11564.43,197.25,11367.18
23581,JUMBO BAG PAISLEY PARK,5020.0,122.0,11581.83,224.76,11357.07
22844,VINTAGE DOG FOOD CONTAINER,1227.0,29.0,11593.28,236.3,11356.98
22637,PIGGY BANK RETROSPOT,4478.0,69.0,11492.82,171.9,11320.92
22151,PLACE SETTING WHITE HEART,27562.0,915.0,11609.19,332.46,11276.73
21172,PARTY METAL SIGN,7685.0,77.0,11382.16,110.85,11271.31
21429,RED GINGHAM ROSE JEWELLERY BOX,6359.0,70.0,11342.25,120.3,11221.95
22468,BABUSHKA LIGHTS STRING OF 10,1736.0,58.0,11542.6,352.3,11190.3
22649,STRAWBERRY FAIRY CAKE TEAPOT,2302.0,72.0,11541.78,352.9,11188.88
22988,SOLDIERS EGG CUP,9363.0,112.0,11238.45,132.78,11105.67
22417,PACK OF 60 SPACEBOY CAKE CASES,21451.0,114.0,11159.9,62.7,11097.2
22795,SWEETHEART RECIPE BOOK STAND,1597.0,23.0,11175.81,118.95,11056.86
22620,4 TRADITIONAL SPINNING TOPS,8181.0,16.0,11073.45,20.4,11053.05
21922,UNION STRIPE WITH FRINGE  HAMMOCK,1443.0,27.0,11199.18,190.65,11008.53
20975,12 PENCILS SMALL TUBE RED SPOTTY,18099.0,1483.0,11848.71,858.35,10990.36
72351B,SET/6 PINK  BUTTERFLY T-LIGHTS,5785.0,127.0,11184.89,221.6,10963.29
22834,MINI HAND WARMER BABUSHKA DESIGN,6900.0,215.0,11287.63,331.25,10956.38
22968,ROSE COTTAGE KEEPSAKE BOX,1127.0,26.0,11184.82,248.55,10936.27
47599A,PINK PARTY BAGS,5967.0,160.0,11180.57,247.36,10933.21
21868,POTTING SHED TEA MUG,9075.0,207.0,11163.64,250.39,10913.25
20828,GLITTER BUTTERFLY CLIPS,4423.0,30.0,10940.48,76.5,10863.98
22130,PARTY CONE CHRISTMAS DECORATION,9737.0,183.0,10991.21,136.7,10854.51
21907,I'M ON HOLIDAY METAL SIGN,5163.0,21.0,10866.22,44.1,10822.12
21498,RED SPOTS  WRAP,26726.0,100.0,10851.92,42.0,10809.92
37370,RETRO COFFEE MUGS ASSORTED,7145.0,47.0,10821.29,57.42,10763.87
22668,PINK BABY BUNTING,3587.0,67.0,10898.05,177.65,10720.4
22768,FAMILY PHOTO FRAME CORNICE,1158.0,38.0,11064.72,375.2,10689.52
22950,SET OF 36 VINTAGE CHRISTMAS DOILIES,8333.0,613.0,11452.64,773.65,10678.99
22812,PACK 3 BOXES CHRISTMAS PANNETONE,4879.0,47.0,10734.43,91.65,10642.78
22694,WICKER STAR,4893.0,180.0,10958.6,348.0,10610.6
21558,SKULL LUNCHBOX WITH CUTLERY,4207.0,109.0,10810.66,232.95,10577.71
22274,FELTCRAFT DOLL EMILY,3773.0,74.0,10770.07,199.1,10570.97
22655,VINTAGE RED KITCHEN CABINET,76.0,12.0,12845.0,2320.5,10524.5
21624,VINTAGE UNION JACK DOORSTOP,1771.0,25.0,10641.15,128.75,10512.4
22348,TEA BAG PLATE RED SPOTTY,12453.0,100.0,10583.12,85.0,10498.12
22595,GINGHAM HEART DECORATION,12535.0,144.0,10544.32,103.68,10440.64
21890,S/6 WOODEN SKITTLES IN COTTON BAG,3489.0,10.0,10451.6,30.2,10421.4
21974,SET OF 36 PAISLEY FLOWER DOILIES,7046.0,140.0,10622.15,201.45,10420.7
22349,DOG BOWL CHASING BALL DESIGN,2571.0,36.0,10551.67,132.12,10419.55
22302,COFFEE MUG PEARS  DESIGN,4926.0,37.0,10492.45,94.35,10398.1
21982,PACK OF 12 SUKI TISSUES,32086.0,37.0,10395.88,10.83,10385.05
21833,CAMOUFLAGE LED TORCH,6239.0,190.0,10681.67,297.5,10384.17
20754,RETROSPOT RED WASHING UP GLOVES,5094.0,33.0,10444.82,66.3,10378.52
22064,PINK DOUGHNUT TRINKET POT,6606.0,137.0,10592.66,221.25,10371.41
21086,SET/6 RED SPOTTY PAPER CUPS,16658.0,792.0,10781.81,422.64,10359.17
23208,LUNCH BAG VINTAGE LEAF DESIGN,6308.0,73.0,10441.91,109.85,10332.06
22174,PHOTO CUBE,5122.0,48.0,10374.33,79.2,10295.13
22418,"PEN, 10 COLOURS - SPACEBOY",12314.0,208.0,10417.73,176.8,10240.93
22089,PAPER BUNTING VINTAGE PAISLEY,3506.0,61.0,10303.35,173.9,10129.45
22120,WELCOME  WOODEN BLOCK LETTERS,1018.0,19.0,10314.19,187.6,10126.59
22748,POPPY'S PLAYHOUSE KITCHEN,4142.0,17.0,10161.4,35.7,10125.7
22966,GINGERBREAD MAN COOKIE CUTTER,8219.0,5.0,10131.26,6.25,10125.01
22380,TOY TIDY SPACEBOY,4964.0,45.0,10217.66,94.5,10123.16
22725,ALARM CLOCK BAKELIKE CHOCOLATE,2518.0,57.0,10324.92,213.75,10111.17
22771,DRAWER KNOB ACRYLIC EDWARDIAN CLEAR,7489.0,30.0,10147.08,37.5,10109.58
22970,LONDON BUS COFFEE MUG,4334.0,16.0,10140.6,33.6,10107.0
21033,JUMBO BAG CHARLIE AND LOLA TOYS,4590.0,11.0,10132.11,31.29,10100.82
21892,TRADITIONAL WOODEN CATCH CUP GAME,7826.0,54.0,10151.28,67.5,10083.78
21531,RETRO SPOT SUGAR JAM BOWL,4073.0,37.0,10174.12,92.55,10081.57
23170,REGENCY TEA PLATE ROSES,6857.0,718.0,11097.25,1046.3,10050.95
20682,RED SPOTTY CHILDS UMBRELLA,3068.0,57.0,10171.31,178.75,9992.56
23582,VINTAGE DOILY JUMBO BAG RED,4802.0,121.0,10206.41,222.68,9983.73
84030E,ENGLISH ROSE HOT WATER BOTTLE,2242.0,13.0,10021.55,55.25,9966.3
21756,BATH BUILDING BLOCK WORD,1612.0,6.0,9944.65,35.7,9908.95
23171,REGENCY TEA PLATE GREEN,6247.0,97.0,10051.99,146.25,9905.74
23076,ICE CREAM SUNDAE LIP GLOSS,8076.0,28.0,9935.76,35.0,9900.76
22131,FOOD CONTAINER SET 3 LOVE HEART,5243.0,16.0,9914.89,29.1,9885.79
22327,ROUND SNACK BOXES SET OF 4 SKULLS,3065.0,22.0,9943.55,64.5,9879.05
22904,CALENDAR PAPER CUT DESIGN,3467.0,322.0,10755.05,885.9,9869.15
84792,ENCHANTED BIRD COATHANGER 5 HOOK,2297.0,69.0,10119.51,270.45,9849.06
84880,WHITE WIRE EGG HOLDER,1729.0,13.0,9894.99,78.9,9816.09
20979,36 PENCILS TUBE RED SPOTTY,8156.0,390.0,10271.81,463.18,9808.63
22645,CERAMIC HEART FAIRY CAKE MONEY BANK,5560.0,87.0,9925.13,125.95,9799.18
22840,ROUND CAKE TIN VINTAGE RED,1323.0,29.0,10023.65,229.55,9794.1
22466,FAIRY TALE COTTAGE NIGHTLIGHT,5312.0,39.0,9857.18,70.95,9786.23
21488,RED WHITE SCARF  HOT WATER BOTTLE,2384.0,0.0,9784.58,0.0,9784.58
20677,PINK SPOTTY BOWL,7774.0,14.0,9798.06,17.31,9780.75
47570B,TEA TIME TABLE CLOTH,981.0,2.0,9791.67,21.3,9770.37
79323P,PINK CHERRY LIGHTS,2281.0,693.0,13787.93,4021.35,9766.58
22745,POPPY'S PLAYHOUSE BEDROOM,3976.0,13.0,9764.64,27.3,9737.34
22300,COFFEE MUG DOG + BALL DESIGN,4116.0,63.0,9891.4,160.65,9730.75
22549,PICTURE DOMINOES,6521.0,1.0,9718.41,1.45,9716.96
22429,ENAMEL MEASURING JUG CREAM,2280.0,42.0,9844.04,178.5,9665.54
22180,RETROSPOT LAMP,975.0,49.0,10103.38,483.2,9620.18
21749,LARGE RED SPOT WINDMILL,5657.0,744.0,10980.98,1381.9,9599.08
79000,MOROCCAN TEA GLASS,11973.0,238.0,9759.91,171.9,9588.01
21781,MA CAMPAGNE CUTLERY BOX,655.0,44.0,10125.72,600.6,9525.12
82552,WASHROOM METAL SIGN,6955.0,7.0,9527.16,8.75,9518.41
35961,FOLKART ZINC HEART CHRISTMAS DEC,11430.0,1.0,9514.78,0.85,9513.93
16014,SMALL CHINESE STYLE SCISSOR,29355.0,0.0,9513.1,0.0,9513.1
85049A,TRADITIONAL CHRISTMAS RIBBONS,6585.0,51.0,9566.02,63.75,9502.27
22665,RECIPE BOX BLUE SKETCHBOOK DESIGN,2955.0,45.0,9589.84,129.95,9459.89
20970,PINK FLORAL FELTCRAFT SHOULDER BAG,2490.0,3.0,9387.29,11.25,9376.04
21716,BOYS VINTAGE TIN SEASIDE BUCKET,3709.0,10.0,9397.07,25.5,9371.57
23175,REGENCY MILK JUG PINK,3160.0,80.0,9587.15,225.5,9361.65
21385,IVORY HANGING DECORATION  HEART,10832.0,6.0,9358.94,5.1,9353.84
85049E,SCANDINAVIAN REDS RIBBONS,6584.0,28.0,9346.72,35.0,9311.72
22978,PANTRY ROLLING PIN,2464.0,75.0,9564.98,272.61,9292.37
21243,PINK POLKADOT PLATE,5636.0,16.0,9287.7,27.04,9260.66
84692,BOX OF 24 COCKTAIL PARASOLS,19085.0,207.0,9336.68,86.94,9249.74
22992,REVOLVER WOODEN RULER,5233.0,716.0,10373.99,1193.4,9180.59
22219,LOVEBIRD HANGING DECORATION WHITE,9771.0,123.0,9270.48,93.89,9176.59
20747,PICCADILLY TEA SET,683.0,4.0,9224.92,55.4,9169.52
22357,KINGS CHOICE BISCUIT TIN,2073.0,48.0,9352.41,198.0,9154.41
21745,GAOLERS KEYS DECORATIVE GARDEN,2699.0,19.0,9201.49,71.25,9130.24
22741,FUNKY DIVA PEN,10652.0,51.0,9173.03,43.35,9129.68
22121,NOEL WOODEN BLOCK LETTERS,1481.0,8.0,9167.61,47.6,9120.01
22195,LARGE HEART MEASURING SPOONS,5127.0,19.0,9144.24,28.35,9115.89
22767,TRIPLE PHOTO FRAME CORNICE,1004.0,40.0,9478.23,398.0,9080.23
22072,TEA CUP AND SAUCER RETRO SPOT,2405.0,49.0,9231.01,183.75,9047.26
21933,PINK VINTAGE PAISLEY PICNIC BAG,4116.0,21.0,9087.63,58.05,9029.58
23080,RED METAL BOX TOP SECRET,1074.0,11.0,9117.62,90.75,9026.87
21041,RED SPOTTY OVEN GLOVE DOUBLE,2666.0,13.0,9049.29,38.35,9010.94
22244,"HOOK, 3 HANGER ,MAGIC GARDEN",4760.0,60.0,9101.96,117.0,8984.96
23319,BOX OF 6 MINI 50'S CRACKERS,3720.0,116.0,9219.53,244.97,8974.56
21777,RECIPE BOX WITH METAL HEART,1126.0,15.0,9075.51,119.25,8956.26
21985,PACK OF 12 HEARTS DESIGN TISSUES,25523.0,108.0,8972.11,31.32,8940.79
22989,SET 2 PANTRY DESIGN TEA TOWELS,2811.0,24.0,8999.27,78.0,8921.27
21658,GLASS  BEURRE DISH,2225.0,90.0,9271.89,351.44,8920.45
21715,GIRLS VINTAGE TIN SEASIDE BUCKET,3553.0,33.0,8987.24,69.75,8917.49
22141,CHRISTMAS CRAFT TREE TOP ANGEL,3663.0,16.0,8895.21,33.6,8861.61
22371,AIRLINE BAG VINTAGE TOKYO 78,1828.0,18.0,8936.8,76.88,8859.92
23439,HAND WARMER RED LOVE HEART,3986.0,0.0,8855.51,0.0,8855.51
22942,CHRISTMAS LIGHTS 10 SANTAS,1221.0,77.0,9466.41,612.85,8853.56
23318,BOX OF 6 MINI VINTAGE CRACKERS,3809.0,168.0,9162.41,368.71,8793.7
22839,"CAKE TIN, 3 TIER MINT/IVORY",579.0,15.0,8971.17,222.05,8749.12
23322,LARGE WHITE HEART OF WICKER,3069.0,63.0,8878.21,169.85,8708.36
84839,SWEETHEART KEY CABINET,1523.0,12.0,8747.05,78.6,8668.45
22895,SET OF 2 TEA TOWELS APPLE AND PEARS,2847.0,6.0,8648.49,17.7,8630.79
21042,RED SPOTTY APRON,1473.0,18.0,8717.31,105.8,8611.51
21980,PACK OF 12 RED SPOTTY TISSUES,31337.0,192.0,8650.14,55.68,8594.46
21735,TWO DOOR CURIO CABINET,853.0,224.0,11112.85,2535.6,8577.25
23534,WALL ART STOP FOR TEA,1387.0,7.0,8608.9,41.65,8567.25
22212,FOUR HOOK  WHITE LOVEBIRDS,4024.0,40.0,8642.3,84.0,8558.3
22110,BIRD HOUSE HOT WATER BOTTLE,2609.0,4.0,8563.76,10.2,8553.56
21186,WHITE DOVE HONEYCOMB PAPER GARLAND,5272.0,10.0,8532.17,14.5,8517.67
84032A,CHARLIE+LOLA PINK HOT WATER BOTTLE,3234.0,38.0,8624.1,112.1,8512.0
23078,ICE CREAM PEN LIP GLOSS,6831.0,48.0,8553.34,60.0,8493.34
23493,VINTAGE DOILY TRAVEL SEWING KIT,3964.0,6.0,8497.98,11.4,8486.58
23082,SET 6 PAPER TABLE LANTERN HEARTS,2328.0,28.0,8558.76,103.16,8455.6
21932,SCANDINAVIAN PAISLEY PICNIC BAG,3871.0,34.0,8498.61,58.3,8440.31
72807C,SET/3 VANILLA SCENTED CANDLE IN BOX,2043.0,146.0,9001.15,566.38,8434.77
23535,WALL ART BICYCLE SAFTEY,1324.0,1.0,8440.24,5.95,8434.29
22751,FELTCRAFT PRINCESS OLIVIA DOLL,2264.0,6.0,8445.97,22.5,8423.47
48189,DOORMAT FRIENDSHIP,1321.0,10.0,8470.28,67.5,8402.78
22283,6 EGG HOUSE PAINTED WOOD,1032.0,18.0,8533.09,143.1,8389.99
21135,VICTORIAN  METAL POSTCARD SPRING,5985.0,328.0,8567.24,182.8,8384.44
22354,RETROSPOT PADDED SEAT CUSHION,2228.0,19.0,8454.56,70.89,8383.67
22329,ROUND FOOD CONTAINER S/5 RETROSPOT,5159.0,29.0,8430.45,47.85,8382.6
23321,SMALL WHITE HEART OF WICKER,4716.0,39.0,8438.54,64.35,8374.19
22078,RIBBON REEL LACE DESIGN,3984.0,38.0,8449.94,79.8,8370.14
22079,RIBBON REEL HEARTS DESIGN,5028.0,61.0,8457.84,100.65,8357.19
23256,KIDS CUTLERY SPACEBOY,2113.0,88.0,8667.07,338.0,8329.07
21411,GINGHAM HEART  DOORSTOP RED,2090.0,8.0,8352.94,34.0,8318.94
22215,CAKE STAND WHITE TWO TIER LACE,1085.0,62.0,8809.93,510.0,8299.93
22073,RETRO SPOT STORAGE JAR,2124.0,44.0,8457.89,164.28,8293.61
20974,12 PENCILS SMALL TUBE SKULL,13219.0,612.0,8686.54,397.8,8288.74
21244,BLUE POLKADOT PLATE,5045.0,23.0,8279.07,38.87,8240.2
22628,PICNIC BOXES SET OF 3 RETROSPOT,1744.0,27.0,8367.8,133.65,8234.15
22358,KINGS CHOICE TEA CADDY,2651.0,61.0,8393.61,170.35,8223.26
21934,SKULL SHOULDER BAG,4597.0,61.0,8275.22,100.65,8174.57
21874,GIN AND TONIC MUG,6332.0,29.0,8209.17,36.46,8172.71
22055,MINI CAKE STAND  HANGING STRAWBERY,4925.0,51.0,8179.19,82.95,8096.24
82551,LAUNDRY 15C METAL SIGN,5641.0,6.0,8081.14,7.7,8073.44
84508A,CAMOUFLAGE DESIGN TEDDY,3809.0,10.0,8091.48,21.9,8069.58
21238,RED SPOTTY CUP,9477.0,149.0,8164.0,126.39,8037.61
20829,GLITTER HANGING BUTTERFLY STRING,4820.0,1094.0,9825.02,1801.96,8023.06
20675,BLUE SPOTTY BOWL,6465.0,40.0,8067.83,49.81,8018.02
22689,DOORMAT MERRY CHRISTMAS RED,1092.0,52.0,8366.72,354.0,8012.72
85067,CREAM SWEETHEART WALL CABINET,496.0,11.0,8201.99,202.45,7999.54
22592,CARDHOLDER HOLLY WREATH METAL,1980.0,2.0,7956.84,7.5,7949.34
21115,ROSE CARAVAN DOORSTOP,1247.0,1.0,7955.84,6.75,7949.09
21116,OWL DOORSTOP,1355.0,1.0,7900.01,4.95,7895.06
22350,ILLUSTRATED CAT BOWL,2840.0,2.0,7883.44,5.1,7878.34
22353,LUNCHBOX WITH CUTLERY FAIRY CAKES,3039.0,20.0,7917.89,51.0,7866.89
22275,WEEKEND BAG VINTAGE ROSE PAISLEY,946.0,5.0,7875.33,42.5,7832.83
22738,RIBBON REEL SNOWY VILLAGE,4447.0,140.0,8012.57,207.0,7805.57
21875,KINGS CHOICE MUG,6818.0,71.0,7882.08,81.53,7800.55
21976,PACK OF 60 MUSHROOM CAKE CASES,14570.0,55.0,7792.37,30.25,7762.12
23238,SET OF 4 KNICK KNACK TINS LONDON,1849.0,16.0,7771.61,65.6,7706.01
21110,LARGE CAKE TOWEL PINK SPOTS,1640.0,6.0,7729.37,38.9,7690.47
21588,RETROSPOT GIANT TUBE MATCHES,3351.0,25.0,7748.55,63.75,7684.8
22504,CABIN BAG VINTAGE RETROSPOT,366.0,12.0,7985.03,322.25,7662.78
22813,PACK 3 BOXES BIRD PANNETONE,3945.0,1.0,7663.83,1.95,7661.88
23007,SPACEBOY BABY GIFT SET,498.0,6.0,7741.75,101.7,7640.05
21769,VINTAGE POST OFFICE CABINET,123.0,4.0,7954.87,319.8,7635.07
20717,STRAWBERRY SHOPPER BAG,6296.0,125.0,7767.48,137.25,7630.23
21381,MINI WOODEN HAPPY BIRTHDAY GARLAND,5104.0,603.0,8568.0,949.71,7618.29
84568,GIRLS ALPHABET IRON ON PATCHES,37066.0,865.0,7788.67,181.65,7607.02
23204,CHARLOTTE BAG APPLES DESIGN,7976.0,186.0,7741.94,138.34,7603.6
22165,"DIAMANTE HEART SHAPED WALL MIRROR,",976.0,9.0,7673.73,89.25,7584.48
84968C,SET OF 16 VINTAGE PISTACHIO CUTLERY,637.0,4.0,7629.25,51.0,7578.25
22528,GARDENERS KNEELING PAD,5824.0,45.0,7623.41,56.25,7567.16
22809,SET OF 6 T-LIGHTS SANTA,2568.0,48.0,7664.72,132.0,7532.72
84032B,CHARLIE + LOLA RED HOT WATER BOTTLE,3285.0,78.0,7699.25,168.9,7530.35
21870,I CAN ONLY PLEASE ONE PERSON MUG,6083.0,97.0,7627.49,121.25,7506.24
22784,LANTERN CREAM GAZEBO,1551.0,52.0,7727.14,249.0,7478.14
85064,CREAM SWEETHEART LETTER RACK,1595.0,4.0,7493.06,20.2,7472.86
22669,RED BABY BUNTING,2386.0,55.0,7613.94,142.25,7471.69
22242,"HOOK, 5 HANGER , MAGIC TOADSTOOL",4756.0,57.0,7559.91,94.05,7465.86
22224,WHITE LOVEBIRD LANTERN,2373.0,22.0,7527.94,64.9,7463.04
22796,PHOTO FRAME 3 CLASSIC HANGING,806.0,59.0,8020.45,563.85,7456.6
72351A,SET/6 TURQUOISE BUTTERFLY T-LIGHTS,3765.0,34.0,7523.57,67.03,7456.54
22489,PACK OF 12 TRADITIONAL CRAYONS,17916.0,348.0,7548.67,128.88,7419.79
21746,SMALL RED SPOT  WINDMILL,5965.0,58.0,7468.34,72.5,7395.84
22588,CARDHOLDER GINGHAM HEART,2849.0,195.0,7776.84,411.87,7364.97
21737,SET 3 WICKER LOG BASKETS,398.0,0.0,7362.66,0.0,7362.66
22890,NOVELTY BISCUITS CAKE STAND 3 TIER,800.0,51.0,7821.96,481.35,7340.61
22550,HOLIDAY FUN LUDO,2058.0,88.0,7669.64,330.0,7339.64
82580,BATHROOM METAL SIGN,13249.0,295.0,7458.52,129.49,7329.03
51008,AFGHAN SLIPPER SOCK PAIR,2604.0,349.0,8378.8,1054.05,7324.75
21561,DINOSAUR LUNCHBOX WITH CUTLERY,2969.0,3.0,7303.91,7.65,7296.26
23382,BOX OF 6 CHRISTMAS CAKE DECORATIONS,1875.0,17.0,7356.18,63.75,7292.43
22282,12 EGG HOUSE PAINTED WOOD,561.0,2.0,7304.69,25.5,7279.19
22029,SPACEBOY BIRTHDAY CARD,17602.0,60.0,7280.76,25.2,7255.56
21876,POTTERING MUG,5663.0,85.0,7351.25,112.4,7238.85
21114,LAVENDER SCENTED FABRIC HEART,5666.0,60.0,7306.14,75.0,7231.14
22493,PAINT YOUR OWN CANVAS SET,4738.0,274.0,7608.12,398.1,7210.02
22414,DOORMAT NEIGHBOURHOOD WITCH,1187.0,2.0,7203.57,16.2,7187.37
22798,ANTIQUE GLASS DRESSING TABLE POT,2367.0,52.0,7336.09,153.4,7182.69
22739,"RIBBON REEL, XMAS SOCK/BAUBLE",4021.0,130.0,7357.44,190.5,7166.94
21361,LOVE LARGE WOOD LETTERS,556.0,16.0,7361.74,202.2,7159.54
22945,CHRISTMAS METAL TAGS ASSORTED,7641.0,270.0,7365.7,210.78,7154.92
85065,CREAM SWEETHEART TRAYS,620.0,36.0,7524.44,377.8,7146.64
21981,PACK OF 12 WOODLAND TISSUES,26204.0,31.0,7129.46,9.69,7119.77
22907,PACK OF 20 NAPKINS PANTRY DESIGN,8686.0,244.0,7279.03,167.08,7111.95
21463,MIRRORED DISCO BALL,1349.0,73.0,7484.81,397.35,7087.46
22577,WOODEN HEART CHRISTMAS SCANDISPOT,14023.0,101.0,7154.53,83.05,7071.48
22465,HANGING METAL STAR LANTERN,4517.0,145.0,7284.24,217.65,7066.59
22626,BLACK KITCHEN SCALES,837.0,13.0,7167.48,110.5,7056.98
21625,VINTAGE UNION JACK APRON,984.0,0.0,7037.62,0.0,7037.62
23083,SET 6 PAPER TABLE LANTERN STARS,1932.0,63.0,7250.9,214.17,7036.73
23320,GIANT 50'S CHRISTMAS CRACKER,2661.0,13.0,7053.57,37.57,7016.0
22360,"GLASS JAR, ENGLISH CONFECTIONERY",2503.0,187.0,7535.5,524.45,7011.05
23543,WALL ART KEEP CALM,1236.0,0.0,7010.76,0.0,7010.76
21984,PACK OF 12 PINK PAISLEY TISSUES,25351.0,144.0,7023.95,41.28,6982.67
21497,FANCY FONTS BIRTHDAY WRAP,17500.0,0.0,6978.0,0.0,6978.0
23236,STORAGE TIN VINTAGE DOILY,2493.0,33.0,7059.97,95.37,6964.6
23293,SET OF 12 FAIRY CAKE BAKING CASES,8471.0,32.0,6989.54,26.56,6962.98
23283,DOORMAT VINTAGE LEAVES DESIGN,994.0,7.0,7003.38,57.45,6945.93
22498,WOODEN REGATTA BUNTING,1135.0,0.0,6933.74,0.0,6933.74
21700,BIG DOUGHNUT FRIDGE MAGNETS,6335.0,121.0,7028.51,102.85,6925.66
22656,VINTAGE BLUE KITCHEN CABINET,45.0,13.0,9290.0,2368.5,6921.5
22563,HAPPY STENCIL CRAFT,5942.0,3.0,6923.85,3.75,6920.1
22567,20 DOLLY PEGS RETROSPOT,5561.0,49.0,6955.83,61.45,6894.38
21903,MAN FLU METAL SIGN,3436.0,16.0,6908.87,33.1,6875.77
37450,CERAMIC CAKE BOWL + HANGING CAKES,2444.0,72.0,7023.14,193.2,6829.94
21563,RED HEART SHAPE LOVE BUCKET,2786.0,19.0,6875.71,52.05,6823.66
23215,JINGLE BELL HEART ANTIQUE SILVER,3564.0,120.0,7038.4,214.8,6823.6
23254,KIDS CUTLERY DOLLY GIRL,1703.0,20.0,6903.11,83.0,6820.11
22644,CERAMIC CHERRY CAKE MONEY BANK,4857.0,107.0,7069.88,254.45,6815.43
23541,WALL ART CLASSIC PUDDINGS,872.0,2.0,6823.91,16.5,6807.41
22377,BOTTLE BAG RETROSPOT,3618.0,60.0,6920.11,116.8,6803.31
23103,JINGLE BELL HEART DECORATION,4072.0,28.0,6846.16,46.2,6799.96
22378,WALL TIDY RETROSPOT,3749.0,15.0,6826.51,31.5,6795.01
22938,CUPCAKE LACE PAPER SET 6,3687.0,60.0,6891.25,117.0,6774.25
20973,12 PENCIL SMALL TUBE WOODLAND,9863.0,7.0,6773.95,4.55,6769.4
47559B,TEA TIME OVEN GLOVE,5270.0,54.0,6823.15,67.5,6755.65
23297,SET 40 HEART SHAPE PETIT FOUR CASES,4303.0,26.0,6792.23,42.9,6749.33
22431,WATERING CAN BLUE ELEPHANT,3365.0,18.0,6771.52,35.1,6736.42
37448,CERAMIC CAKE DESIGN SPOTTED MUG,4549.0,66.0,6827.21,97.86,6729.35
21768,WALL MOUNTED VINTAGE ORGANISER,497.0,2.0,6756.09,27.7,6728.39
21992,VINTAGE PAISLEY STATIONERY SET,3320.0,6.0,6744.8,17.7,6727.1
22311,OFFICE MUG WARMER BLACK+SILVER,2116.0,10.0,6755.56,33.5,6722.06
23229,VINTAGE DONKEY TAIL GAME,1869.0,11.0,6739.71,40.89,6698.82
22432,WATERING CAN PINK BUNNY,3532.0,18.0,6730.42,35.1,6695.32
22781,GUMBALL MAGAZINE RACK,867.0,51.0,7060.58,366.75,6693.83
84509A,SET OF 4 ENGLISH ROSE PLACEMATS,1636.0,13.0,6742.53,48.75,6693.78
22845,VINTAGE CREAM CAT FOOD CONTAINER,999.0,14.0,6764.6,88.1,6676.5
22746,POPPY'S PLAYHOUSE LIVINGROOM,2910.0,12.0,6699.25,25.2,6674.05
37500,TEA TIME TEAPOT IN GIFT BOX,881.0,13.0,6787.46,119.97,6667.49
85014D,PINK/BROWN DOTS RUFFLED UMBRELLA,1918.0,0.0,6664.45,0.0,6664.45
84884A,ANT WHITE WIRE HEART SPIRAL,1757.0,1.0,6659.17,3.95,6655.22
23480,MINI LIGHTS WOODLAND MUSHROOMS,1798.0,20.0,6719.14,68.1,6651.04
22187,GREEN CHRISTMAS TREE CARD HOLDER,2104.0,49.0,6820.7,191.45,6629.25
21107,CREAM SLICE FLANNEL PINK SPOT,2302.0,0.0,6624.77,0.0,6624.77
85068,CREAM SWEETHEART SHELF + HOOKS,960.0,4.0,6647.24,29.8,6617.44
22661,CHARLOTTE BAG DOLLY GIRL DESIGN,8199.0,16.0,6620.45,13.34,6607.11
22898,CHILDRENS APRON APPLES DESIGN,3168.0,1.0,6604.16,1.65,6602.51
23008,DOLLY GIRL BABY GIFT SET,433.0,7.0,6719.61,118.65,6600.96
23109,PACK OF SIX LED TEA LIGHTS,2386.0,96.0,6835.02,239.04,6595.98
22430,ENAMEL WATERING CAN CREAM,1397.0,37.0,6761.38,171.95,6589.43
85174,S/4 CACTI CANDLES,1459.0,141.0,7193.46,607.65,6585.81
22221,CAKE STAND LOVEBIRD 2 TIER PINK,905.0,12.0,6702.33,119.4,6582.93
22827,RUSTIC  SEVENTEEN DRAWER SIDEBOARD,46.0,4.0,7150.0,580.0,6570.0
84520B,PACK 20 ENGLISH ROSE PAPER NAPKINS,7500.0,12.0,6579.02,10.2,6568.82
23247,BISCUIT TIN 50'S CHRISTMAS,2194.0,46.0,6681.25,118.54,6562.71
22810,SET OF 6 T-LIGHTS SNOWMEN,2199.0,64.0,6729.13,169.6,6559.53
22059,CERAMIC STRWBERRY DESIGN MUG,4940.0,65.0,6639.03,96.85,6542.18
22575,METAL MERRY CHRISTMAS WREATH,3113.0,94.0,6699.71,160.5,6539.21
22526,WHEELBARROW FOR CHILDREN,544.0,12.0,6689.67,153.0,6536.67
21592,RETROSPOT CIGAR BOX MATCHES,5876.0,24.0,6552.46,30.0,6522.46
22779,WOODEN OWLS LIGHT GARLAND,1735.0,26.0,6631.35,110.5,6520.85
21240,BLUE POLKADOT CUP,7581.0,45.0,6535.74,37.99,6497.75
16156S,WRAP PINK FAIRY CAKES,16661.0,146.0,6558.62,61.32,6497.3
21201,TROPICAL  HONEYCOMB PAPER GARLAND,2741.0,13.0,6517.16,33.15,6484.01
47502,POLKADOT CUTLERY 24 PCS IN TRAY,640.0,37.0,6855.75,387.95,6467.8
23311,VINTAGE CHRISTMAS STOCKING,2390.0,15.0,6488.2,38.25,6449.95
35004B,SET OF 3 BLACK FLYING DUCKS,1474.0,93.0,6809.65,364.65,6445.0
22080,RIBBON REEL SPOTS DESIGN,3887.0,41.0,6512.44,67.65,6444.79
23553,LANDMARK FRAME CAMDEN TOWN,568.0,0.0,6444.65,0.0,6444.65
15060B,FAIRY CAKE DESIGN UMBRELLA,1419.0,10.0,6486.79,42.22,6444.57
21494,ROTATING LEAVES T-LIGHT HOLDER,3833.0,4.0,6449.0,5.0,6444.0
21500,PINK SPOTS  WRAP,15950.0,0.0,6443.0,0.0,6443.0
22596,CHRISTMAS STAR WISH LIST CHALKBOARD,6331.0,29.0,6471.2,34.12,6437.08
23134,LARGE ZINC HEART WALL ORGANISER,1065.0,0.0,6431.11,0.0,6431.11
23188,VINTAGE  2 METRE FOLDING RULER,3471.0,14.0,6447.77,23.1,6424.67
22142,CHRISTMAS CRAFT WHITE FAIRY,4300.0,18.0,6445.39,26.1,6419.29
22991,GIRAFFE WOODEN RULER,3887.0,714.0,7604.89,1185.9,6418.99
22199,FRYING PAN RED RETROSPOT,1827.0,283.0,7480.35,1066.75,6413.6
23571,TRADITIONAL NAUGHTS & CROSSES,2841.0,0.0,6406.91,0.0,6406.91
22220,CAKE STAND LOVEBIRD 2 TIER WHITE,745.0,51.0,6885.44,485.7,6399.74
21239,PINK  SPOTTY CUP,7369.0,52.0,6438.39,44.07,6394.32
21989,PACK OF 20 SKULL PAPER NAPKINS,8552.0,624.0,6790.7,409.44,6381.26
22148,EASTER CRAFT 4 CHICKS,3237.0,52.0,6480.29,101.4,6378.89
85175,CACTI T-LIGHT CANDLES,15566.0,629.0,6606.26,248.82,6357.44
85062,PEARL CRYSTAL PUMPKIN T-LIGHT HLDR,3886.0,9.0,6363.28,14.27,6349.01
23307,SET OF 60 PANTRY DESIGN CAKE CASES,12049.0,88.0,6371.89,48.4,6323.49
47599B,BLUE PARTY BAGS,3492.0,206.0,6662.54,343.96,6318.58
79067,CORONA MEXICAN TRAY,1615.0,18.0,6380.2,62.7,6317.5
22783,SET 3 WICKER OVAL BASKETS W LIDS,482.0,0.0,6316.3,0.0,6316.3
11001,ASSTD DESIGN RACING CAR PEN,4829.0,811.0,7408.65,1093.39,6315.26
22063,CERAMIC BOWL WITH STRAWBERRY DESIGN,2303.0,16.0,6356.06,46.8,6309.26
22578,WOODEN STAR CHRISTMAS SCANDISPOT,13302.0,133.0,6419.24,112.49,6306.75
84968A,SET OF 16 VINTAGE ROSE CUTLERY,535.0,34.0,6688.9,390.3,6298.6
23169,CLASSIC GLASS SWEET JAR,1556.0,93.0,6662.84,379.15,6283.69
22979,PANTRY WASHING UP BRUSH,4090.0,91.0,6391.82,117.55,6274.27
22460,EMBOSSED GLASS TEALIGHT HOLDER,4771.0,26.0,6283.87,32.12,6251.75
22065,CHRISTMAS PUDDING TRINKET POT,8640.0,45.0,6273.84,54.77,6219.07
22185,SLATE TILE NATURAL HANGING,3896.0,4.0,6224.72,6.6,6218.12
85047,WHITE BEADED GARLAND STRING 20LIGHT,1051.0,74.0,6664.33,450.7,6213.63
22364,GLASS JAR DIGESTIVE BISCUITS,2054.0,110.0,6498.61,306.9,6191.71
23172,REGENCY TEA PLATE PINK,3861.0,102.0,6344.41,154.3,6190.11
21078,SET/20 STRAWBERRY PAPER NAPKINS,7211.0,2.0,6181.25,1.7,6179.55
22582,PACK OF 6 SWEETIE GIFT BOXES,2522.0,78.0,6324.77,183.6,6141.17
22222,CAKE PLATE LOVEBIRD WHITE,1489.0,5.0,6160.84,24.75,6136.09
22906,12 MESSAGE CARDS WITH ENVELOPES,3370.0,61.0,6214.83,88.65,6126.18
84832,ZINC WILLIE WINKIE  CANDLE STICK,6794.0,12.0,6134.7,10.2,6124.5
21714,CITRONELLA CANDLE GARDEN POT,4283.0,70.0,6182.39,70.1,6112.29
23192,BUNDLE OF 3 ALPHABET EXERCISE BOOKS,3516.0,3.0,6114.24,4.95,6109.29
22196,SMALL HEART MEASURING SPOONS,6586.0,45.0,6141.19,36.04,6105.15
22780,LIGHT GARLAND BUTTERFILES PINK,1623.0,25.0,6167.59,106.25,6061.34
10002,INFLATABLE POLITICAL GLOBE,8671.0,1223.0,6942.26,883.55,6058.71
22849,"BREAD BIN, DINER STYLE, MINT",403.0,16.0,6287.73,251.2,6036.53
22435,SET OF 9 HEART SHAPED BALLOONS,4915.0,139.0,6185.22,154.75,6030.47
21584,RETROSPOT SMALL TUBE MATCHES,3769.0,27.0,6070.05,44.55,6025.5
20751,FUNKY WASHING UP GLOVES ASSORTED,2839.0,3.0,6023.26,6.3,6016.96
21918,SET 12 KIDS COLOUR  CHALK STICKS,14598.0,43.0,6013.14,18.06,5995.08
21499,BLUE SPOTS  WRAP,15052.0,225.0,6059.84,82.5,5977.34
22331,WOODLAND PARTY BAG + STICKER SET,3660.0,28.0,6011.57,46.2,5965.37
22855,FINE WICKER HEART,4795.0,12.0,5979.24,15.0,5964.24
23312,VINTAGE CHRISTMAS GIFT SACK,1423.0,1.0,5964.15,4.15,5960.0
23296,SET OF 6 TEA TIME BAKING CASES,4979.0,27.0,5985.55,33.75,5951.8
23052,RECYCLED ACAPULCO MAT TURQUOISE,654.0,1.0,5949.34,8.25,5941.09
22045,SPACEBOY GIFT WRAP,14542.0,105.0,5981.64,44.1,5937.54
21591,COSY HOUR CIGAR BOX MATCHES,3978.0,54.0,6003.08,67.5,5935.58
23526,WALL ART DOG LICENCE,1012.0,16.0,6021.4,95.2,5926.2
21586,KINGS CHOICE GIANT TUBE MATCHES,2583.0,37.0,6018.75,94.35,5924.4
23118,PARISIENNE JEWELLERY DRAWER,813.0,24.0,6102.18,180.0,5922.18
22848,"BREAD BIN, DINER STYLE, PINK",381.0,13.0,6128.6,208.35,5920.25
48197,DOORMAT BIRD ON THE WIRE,898.0,0.0,5905.64,0.0,5905.64
22772,PINK DRAWER KNOB ACRYLIC EDWARDIAN,4377.0,15.0,5914.92,18.75,5896.17
21407,BROWN CHECK CAT DOORSTOP,1294.0,2.0,5883.33,8.5,5874.83
22841,ROUND CAKE TIN VINTAGE GREEN,772.0,19.0,6002.52,151.05,5851.47
22332,SKULLS PARTY BAG + STICKER SET,4158.0,458.0,6520.55,669.3,5851.25
22278,OVERNIGHT BAG VINTAGE ROSE PAISLEY,1016.0,21.0,5959.53,117.32,5842.21
22241,GARLAND WOODEN HAPPY EASTER,4349.0,18.0,5862.42,22.31,5840.11
22491,PACK OF 12 COLOURED PENCILS,7423.0,180.0,5950.0,134.28,5815.72
22971,QUEENS GUARD COFFEE MUG,2431.0,16.0,5849.29,37.65,5811.64
22167,"WALL MIRROR , DIAMANTE OVAL SHAPE",690.0,25.0,6056.33,248.75,5807.58
85038,6 CHOCOLATE LOVE HEART T-LIGHTS,2778.0,0.0,5803.58,0.0,5803.58
22361,GLASS JAR DAISY FRESH COTTON WOOL,1845.0,81.0,6036.26,232.85,5803.41
22660,DOORMAT I LOVE LONDON,881.0,6.0,5839.41,47.7,5791.71
85132C,CHARLIE AND LOLA FIGURES TINS,2066.0,12.0,5865.04,79.4,5785.64
22687,DOORMAT CHRISTMAS VILLAGE,895.0,0.0,5784.67,0.0,5784.67
79323LP,LIGHT PINK CHERRY LIGHTS,1433.0,458.0,8481.19,2702.8,5778.39
22737,RIBBON REEL CHRISTMAS PRESENT,3266.0,40.0,5840.43,66.0,5774.43
21832,CHOCOLATE CALCULATOR,3338.0,42.0,5836.76,69.3,5767.46
22618,COOKING SET RETROSPOT,718.0,131.0,6984.35,1226.07,5758.28
22899,CHILDRENS APRON DOLLY GIRL,2773.0,7.0,5769.76,14.45,5755.31
22200,FRYING PAN PINK RETROSPOT,1296.0,11.0,5784.92,44.25,5740.67
22964,3 PIECE SPACEBOY COOKIE CUTTER SET,2761.0,14.0,5768.83,29.4,5739.43
21667,GLASS CAKE COVER AND PLATE,354.0,25.0,6126.25,393.75,5732.5
84968B,SET OF 16 VINTAGE IVORY CUTLERY,430.0,1.0,5732.39,12.75,5719.64
23154,SET OF 4 JAM JAR MAGNETS,2701.0,61.0,5842.88,126.88,5716.0
22441,GROW YOUR OWN BASIL IN ENAMEL MUG,2644.0,10.0,5729.57,21.0,5708.57
22826,LOVE SEAT ANTIQUE WHITE METAL,58.0,4.0,6210.0,517.5,5692.5
22115,METAL SIGN EMPIRE TEA,2889.0,1.0,5695.1,2.95,5692.15
85178,VICTORIAN SEWING KIT,5478.0,301.0,6024.52,337.85,5686.67
21577,SAVE THE PLANET COTTON TOTE BAG,2556.0,16.0,5716.52,36.0,5680.52
22951,72 CAKE CASES DOLLY GIRL DESIGN,10993.0,240.0,5785.97,116.4,5669.57
21313,GLASS HEART T-LIGHT HOLDER,6711.0,158.0,5771.11,110.15,5660.96
21452,TOADSTOOL MONEY BOX,1875.0,43.0,5731.33,124.05,5607.28
22854,CREAM SWEETHEART EGG HOLDER,1160.0,6.0,5624.5,29.7,5594.8
23205,CHARLOTTE BAG VINTAGE ALPHABET,5857.0,191.0,5726.38,140.25,5586.13
21703,BAG 125g SWIRLY MARBLES,14577.0,171.0,5646.47,71.82,5574.65
23531,WALL ART BIG LOVE,976.0,0.0,5538.26,0.0,5538.26
22653,BUTTON BOX,3031.0,44.0,5618.21,85.8,5532.41
21900,"KEY FOB , SHED",8323.0,5.0,5529.14,3.25,5525.89
23133,LARGE IVORY HEART WALL ORGANISER,782.0,1.0,5525.4,8.25,5517.15
22060,LARGE CAKE STAND HANGING HEARTS,733.0,26.0,5691.41,186.7,5504.71
22119,PEACE WOODEN BLOCK LETTERS,896.0,6.0,5543.87,41.7,5502.17
84971S,SMALL HEART FLOWERS HOOK,6495.0,2.0,5503.27,1.7,5501.57
40016,CHINESE DRAGON PAPER LANTERNS,15435.0,0.0,5487.31,0.0,5487.31
84968D,SET OF 16 VINTAGE RED CUTLERY,476.0,1.0,5494.08,12.75,5481.33
23583,LUNCH BAG PAISLEY PARK,3385.0,10.0,5497.33,16.5,5480.83
23177,TREASURE ISLAND BOOK BOX,2532.0,20.0,5521.29,45.0,5476.29
82599,FANNY'S REST STOPMETAL SIGN,2505.0,4.0,5479.44,6.76,5472.68
72802C,VANILLA SCENT CANDLE JEWELLED BOX,2185.0,506.0,6055.85,584.06,5471.79
21528,DAIRY MAID TRADITIONAL TEAPOT,899.0,32.0,5680.15,213.4,5466.75
22534,MAGIC SLATE SPACEBOY,12891.0,139.0,5514.79,58.38,5456.41
23126,FELTCRAFT GIRL AMELIE KIT,1109.0,16.0,5532.04,79.2,5452.84
21988,PACK OF 6 SKULL PAPER PLATES,7829.0,576.0,5820.1,368.64,5451.46
22437,SET OF 9 BLACK SKULL BALLOONS,6514.0,16.0,5457.97,13.6,5444.37
20983,12 PENCILS TALL TUBE RED SPOTTY,6280.0,31.0,5469.08,26.35,5442.73
23485,BOTANICAL GARDENS WALL CLOCK,262.0,18.0,5843.92,407.4,5436.52
85061W,WHITE JEWELLED HEART DECORATION,6306.0,25.0,5451.49,21.25,5430.24
16161P,WRAP ENGLISH ROSE,13198.0,25.0,5435.4,10.5,5424.9
79029,GLASS HONEYPOT WASP CATCHER,2944.0,27.0,5473.82,49.35,5424.47
72756,FAIRY CAKE CANDLES,4012.0,25.0,5459.48,37.25,5422.23
23135,SMALL ZINC HEART WALL ORGANISER,1541.0,0.0,5416.18,0.0,5416.18
20978,36 PENCILS TUBE SKULLS,4117.0,18.0,5438.57,22.5,5416.07
22203,MILK PAN RED RETROSPOT,1402.0,15.0,5469.51,56.25,5413.26
22483,RED GINGHAM TEDDY BEAR,1877.0,17.0,5440.51,50.15,5390.36
23158,SET OF 5 LUCKY CAT MAGNETS,2633.0,60.0,5513.83,124.8,5389.03
22085,PAPER CHAIN KIT SKULLS,2538.0,585.0,6883.87,1501.75,5382.12
22602,RETROSPOT WOODEN HEART DECORATION,6383.0,52.0,5415.59,44.2,5371.39
21730,GLASS STAR FROSTED T-LIGHT HOLDER,1115.0,35.0,5534.17,172.55,5361.62
22763,KEY CABINET MA CAMPAGNE,662.0,7.0,5430.59,69.65,5360.94
84937,KASHMIR FOLKART TUMBLERS,2542.0,18.0,5394.54,37.8,5356.74
22156,HEART DECORATION WITH PEARLS,6156.0,217.0,5537.57,183.41,5354.16
22443,GROW YOUR OWN HERBS SET OF 3,683.0,5.0,5393.43,39.75,5353.68
22335,HEART DECORATION PAINTED ZINC,8666.0,495.0,5644.77,292.95,5351.82
35832,WOOLLY HAT SOCK GLOVE ADVENT STRING,1737.0,3.0,5341.85,13.55,5328.3
21432,SET OF 3 CASES WOODLAND DESIGN,942.0,23.0,5435.91,129.35,5306.56
21491,SET OF THREE VINTAGE GIFT WRAPS,2878.0,51.0,5367.01,99.45,5267.56
22175,PINK OWL SOFT TOY,1824.0,8.0,5278.31,23.6,5254.71
85132A,CHARLIE + LOLA BISCUITS TINS,1358.0,5.0,5287.2,33.75,5253.45
22186,RED STAR CARD HOLDER,2004.0,70.0,5431.4,182.3,5249.1
37495,FAIRY CAKE BIRTHDAY CANDLE SET,1560.0,142.0,5732.6,493.2,5239.4
22070,SMALL RETRO SPOT MUG IN BOX  RED,1835.0,339.0,5701.49,474.79,5226.7
37446,MINI CAKE STAND WITH HANGING CAKES,3691.0,94.0,5332.25,121.7,5210.55
22117,METAL SIGN HER DINNER IS SERVED,1765.0,1.0,5207.73,2.95,5204.78
21363,HOME SMALL WOOD LETTERS,984.0,19.0,5296.48,92.65,5203.83
21993,FLORAL FOLK STATIONERY SET,2849.0,12.0,5216.88,15.0,5201.88
22998,TRAVEL CARD WALLET KEEP CALM,12366.0,177.0,5262.82,74.34,5188.48
21718,RED METAL BEACH SPADE,4030.0,52.0,5250.3,65.0,5185.3
22896,PEG BAG APPLES DESIGN,2076.0,18.0,5230.55,45.9,5184.65
22842,"BISCUIT TIN, RED,IVORY, VINTAGE",818.0,20.0,5308.58,134.2,5174.38
22476,EMPIRE UNION JACK TV DINNER TRAY,1332.0,10.0,5218.61,49.5,5169.11
21587,COSY HOUR GIANT TUBE MATCHES,2071.0,6.0,5173.05,15.3,5157.75
22433,WATERING CAN PINK BUNNY,2778.0,15.0,5186.28,29.25,5157.03
22030,SWALLOWS GREETING CARD,12735.0,120.0,5197.84,50.4,5147.44
22894,TABLECLOTH RED APPLES DESIGN,561.0,2.0,5160.78,17.0,5143.78
23162,REGENCY TEA STRAINER,1412.0,0.0,5143.69,0.0,5143.69
22801,ANTIQUE GLASS PEDESTAL BOWL,1300.0,37.0,5277.95,138.39,5139.56
22412,METAL SIGN NEIGHBOURHOOD WITCH,2401.0,2.0,5140.82,4.2,5136.62
22472,TV DINNER TRAY DOLLY GIRL,1099.0,5.0,5160.32,24.75,5135.57
21872,GLAMOROUS  MUG,5092.0,35.0,5163.8,41.47,5122.33
23132,SMALL IVORY HEART WALL ORGANISER,1020.0,4.0,5138.6,23.0,5115.6
22218,CAKE STAND LACE WHITE,1232.0,65.0,5365.66,250.75,5114.91
21495,SKULLS WRAP,12465.0,25.0,5119.3,10.5,5108.8
22775,PURPLE DRAWERKNOB ACRYLIC EDWARDIAN,3633.0,70.0,5190.03,87.5,5102.53
22168,"ORGANISER WOOD, ANTIQUE WHITE",659.0,45.0,5475.93,381.65,5094.28
23263,SET OF 3 WOODEN HEART DECORATIONS,3863.0,47.0,5147.19,58.75,5088.44
21471,STRAWBERRY RAFFIA FOOD COVER,1406.0,4.0,5095.63,15.0,5080.63
22610,PENS ASSORTED FUNNY FACE,12680.0,36.0,5107.54,30.6,5076.94
22374,AIRLINE BAG VINTAGE JET SET RED,1023.0,5.0,5099.84,23.35,5076.49
23295,SET OF 12 MINI LOAF BAKING CASES,6134.0,13.0,5073.45,10.79,5062.66
22571,ROCKING HORSE RED CHRISTMAS,5780.0,109.0,5135.24,80.17,5055.07
21578,WOODLAND DESIGN  COTTON TOTE BAG,2205.0,10.0,5062.86,22.5,5040.36
23397,FOOT STOOL HOME SWEET HOME,489.0,6.0,5097.65,59.7,5037.95
23234,BISCUIT TIN VINTAGE CHRISTMAS,1722.0,16.0,5079.78,46.24,5033.54
21544,SKULLS  WATER TRANSFER TATTOOS,6064.0,24.0,5052.21,20.4,5031.81
84796B,BLUE SAVANNAH PICNIC HAMPER FOR 2,602.0,0.0,5016.91,0.0,5016.91
22426,ENAMEL WASH BOWL CREAM,1333.0,38.0,5133.3,129.7,5003.6
22732,3D VINTAGE CHRISTMAS STICKERS,3773.0,0.0,5001.84,0.0,5001.84
23310,BUBBLEGUM RING ASSORTED,12050.0,0.0,4997.28,0.0,4997.28
23165,LARGE CERAMIC TOP STORAGE JAR,3114.0,102.0,5141.06,154.5,4986.56
21071,VINTAGE BILLBOARD DRINK ME MUG,4269.0,12.0,4998.32,13.67,4984.65
21112,"SWISS ROLL TOWEL, PINK  SPOTS",2222.0,198.0,5484.26,507.3,4976.96
20977,36 PENCILS TUBE WOODLAND,3792.0,76.0,5069.99,95.0,4974.99
23198,PANTRY MAGNETIC  SHOPPING LIST,3342.0,64.0,5062.6,92.8,4969.8
23494,VINTAGE DOILY DELUXE SEWING KIT,809.0,65.0,5354.01,386.75,4967.26
23314,VINTAGE CHRISTMAS TABLECLOTH,407.0,5.0,5012.96,62.5,4950.46
85049G,CHOCOLATE BOX RIBBONS,3944.0,45.0,5000.06,56.25,4943.81
22957,SET 3 PAPER VINTAGE CHICK PAPER EGG,1775.0,26.0,5014.65,71.9,4942.75
47568,ENGLISH ROSE DESIGN PEG BAG,2384.0,22.0,4983.02,44.97,4938.05
23570,TRADITIONAL PICK UP STICKS GAME,2772.0,0.0,4931.87,0.0,4931.87
46000S,POLYESTER FILLER PAD 40x40cm,3471.0,70.0,5032.95,101.5,4931.45
85184C,SET 4 VALENTINE DECOUPAGE HEART BOX,2281.0,0.0,4927.06,0.0,4927.06
22318,FIVE HEART HANGING DECORATION,1583.0,20.0,4983.98,59.0,4924.98
23556,LANDMARK FRAME COVENT GARDEN,436.0,1.0,4937.01,12.5,4924.51
21896,POTTING SHED TWINE,2387.0,14.0,4944.04,28.65,4915.39
21713,CITRONELLA CANDLE FLOWERPOT,2733.0,128.0,5145.44,233.0,4912.44
22604,SET OF 4 NAPKIN CHARMS CUTLERY,2017.0,24.0,4957.62,61.2,4896.42
21207,SKULL AND CROSSBONES  GARLAND,3601.0,489.0,5597.42,709.25,4888.17
21706,FOLDING UMBRELLA RED/WHITE POLKADOT,1348.0,30.0,5026.21,148.5,4877.71
72349B,SET/6 PURPLE BUTTERFLY T-LIGHTS,2194.0,12.0,4898.4,25.2,4873.2
23503,PLAYING CARDS KEEP CALM & CARRY ON,3643.0,2.0,4860.55,2.5,4858.05
84968E,SET OF 16 VINTAGE BLACK CUTLERY,403.0,4.0,4894.61,51.0,4843.61
22509,SEWING BOX RETROSPOT DESIGN,387.0,19.0,5130.36,288.05,4842.31
22276,WASH BAG VINTAGE ROSE PAISLEY,1889.0,17.0,4884.86,42.9,4841.96
23010,CIRCUS PARADE BABY GIFT SET,315.0,3.0,4879.6,50.85,4828.75
23554,LANDMARK FRAME OXFORD STREET,422.0,0.0,4805.53,0.0,4805.53
23555,LANDMARK FRAME NOTTING HILL,421.0,0.0,4780.57,0.0,4780.57
21986,PACK OF 12 PINK SPOT TISSUES,13476.0,24.0,4786.13,6.96,4779.17
23351,ROLL WRAP 50'S CHRISTMAS,3535.0,96.0,4875.65,104.88,4770.77
22688,DOORMAT PEACE ON EARTH BLUE,865.0,0.0,4756.7,0.0,4756.7
72807B,SET/3 OCEAN SCENT CANDLE JEWEL BOX,1085.0,28.0,4866.81,119.0,4747.81
23389,SPACEBOY MINI RUCKSACK,1115.0,2.0,4751.49,8.3,4743.19
21249,WOODLAND  HEIGHT CHART STICKERS,1661.0,16.0,4770.53,46.4,4724.13
22593,CHRISTMAS GINGHAM STAR,5420.0,144.0,4823.9,103.68,4720.22
22027,TEA PARTY BIRTHDAY CARD,11297.0,228.0,4806.49,87.12,4719.37
22672,FRENCH BATHROOM SIGN BLUE METAL,2850.0,17.0,4736.11,28.05,4708.06
23569,TRADTIONAL ALPHABET STAMP SET,954.0,2.0,4717.66,9.9,4707.76
23286,BLUE VINTAGE SPOT BEAKER,5048.0,49.0,4747.62,41.65,4705.97
22399,MAGNETS PACK OF 4 CHILDHOOD MEMORY,4040.0,24.0,4734.6,30.0,4704.6
23558,LANDMARK FRAME LONDON BRIDGE,415.0,0.0,4703.87,0.0,4703.87
23184,BULL DOG BOTTLE OPENER,874.0,13.0,4764.5,64.35,4700.15
23157,SET OF 6 NATIVITY MAGNETS,2557.0,240.0,5143.06,444.0,4699.06
22434,BALLOON PUMP WITH 10 BALLOONS,2547.0,18.0,4733.49,35.1,4698.39
22128,PARTY CONES CANDY ASSORTED,3923.0,56.0,4759.59,70.0,4689.59
22305,COFFEE MUG PINK PAISLEY DESIGN,2267.0,11.0,4711.53,28.05,4683.48
22583,PACK OF 6 HANDBAG GIFT BOXES,1873.0,111.0,4955.75,272.85,4682.9
22562,MONSTERS STENCIL CRAFT,3978.0,0.0,4682.3,0.0,4682.3
22721,SET OF 3 CAKE TINS SKETCHBOOK,1020.0,0.0,4671.81,0.0,4671.81
20963,APPLE BATH SPONGE,3459.0,10.0,4676.15,12.5,4663.65
23159,SET OF 5 PANCAKE DAY MAGNETS,2293.0,25.0,4713.52,52.0,4661.52
20681,PINK SPOTTY CHILDS UMBRELLA,1405.0,31.0,4757.15,99.75,4657.4
21916,SET 12 RETRO WHITE CHALK STICKS,11011.0,225.0,4751.06,94.5,4656.56
23241,TREASURE TIN GYMKHANA DESIGN,2165.0,7.0,4669.55,14.56,4654.99
22304,COFFEE MUG BLUE PAISLEY DESIGN,2380.0,18.0,4689.56,44.55,4645.01
15044B,BLUE PAPER PARASOL,1670.0,1.0,4644.13,2.95,4641.18
22075,6 RIBBONS ELEGANT CHRISTMAS,3079.0,12.0,4660.69,19.8,4640.89
18098C,PORCELAIN BUTTERFLY OIL BURNER,1515.0,24.0,4710.74,70.8,4639.94
21069,VINTAGE BILLBOARD TEA MUG,5099.0,726.0,5404.36,770.89,4633.47
21534,DAIRY MAID LARGE MILK JUG,938.0,29.0,4768.64,143.55,4625.09
22442,GROW YOUR OWN FLOWERS SET OF 3,866.0,18.0,4765.32,141.9,4623.42
21328,BALLOONS  WRITING SET,2441.0,0.0,4612.63,0.0,4612.63
22474,"TRAY FOR TV DINNER ,SPACEBOY",972.0,32.0,4746.53,136.0,4610.53
82581,TOILET METAL SIGN,8399.0,71.0,4649.0,38.66,4610.34
20961,STRAWBERRY BATH SPONGE,3530.0,71.0,4687.65,88.75,4598.9
22956,36 FOIL HEART CAKE CASES,2494.0,152.0,4878.9,283.2,4595.7
23176,ABC TREASURE BOOK BOX,2165.0,45.0,4693.08,101.25,4591.83
23285,PINK VINTAGE SPOT BEAKER,4807.0,2.0,4572.41,1.7,4570.71
21811,HANGING HEART WITH BELL,6340.0,48.0,4577.18,18.72,4558.46
10135,COLOURING PENCILS BROWN TUBE,4226.0,11.0,4566.21,13.75,4552.46
22601,CHRISTMAS RETROSPOT ANGEL WOOD,5250.0,4.0,4547.19,3.4,4543.79
15044D,RED PAPER PARASOL,1596.0,9.0,4559.65,26.15,4533.5
22691,DOORMAT WELCOME SUNRISE,758.0,143.0,5198.6,665.35,4533.25
84270,ASSTD DESIGN BUBBLE GUM RING,22936.0,1740.0,4824.3,293.4,4530.9
22800,ANTIQUE TALL SWIRLGLASS TRINKET POT,1127.0,16.0,4586.4,60.0,4526.4
22743,MAKE YOUR OWN FLOWERPOWER CARD KIT,1502.0,6.0,4542.5,17.7,4524.8
22908,PACK OF 20 NAPKINS RED APPLES,5610.0,7.0,4524.0,5.95,4518.05
21990,MODERN FLORAL STATIONERY SET,2453.0,12.0,4530.54,15.0,4515.54
22107,PIZZA PLATE IN BOX,1240.0,95.0,4840.59,330.71,4509.88
21506,"FANCY FONT BIRTHDAY CARD,",10878.0,60.0,4534.49,25.2,4509.29
22564,ALPHABET STENCIL CRAFT,4570.0,679.0,5221.4,721.07,4500.33
22736,"RIBBON REEL, MAKING SNOWMEN",2527.0,23.0,4538.28,37.95,4500.33
23168,CLASSIC SUGAR DISPENSER,3291.0,54.0,4558.67,65.61,4493.06
21564,PINK  HEART SHAPE LOVE BUCKET,1951.0,11.0,4524.5,31.65,4492.85
22747,POPPY'S PLAYHOUSE BATHROOM,2035.0,6.0,4487.2,12.6,4474.6
22451,SILK PURSE RUSSIAN DOLL RED,1339.0,8.0,4496.99,26.8,4470.19
21109,"LARGE CAKE TOWEL, CHOCOLATE SPOTS",1173.0,2.0,4476.49,13.5,4462.99
23309,SET OF 60 I LOVE LONDON CAKE CASES,8275.0,64.0,4495.85,35.2,4460.65
23530,"WALL ART,ONLY ONE PERSON",1056.0,0.0,4436.27,0.0,4436.27
37447,CERAMIC CAKE DESIGN SPOTTED PLATE,2891.0,76.0,4540.85,109.16,4431.69
23288,GREEN VINTAGE SPOT BEAKER,4625.0,18.0,4444.23,15.17,4429.06
23275,SET OF 3 HANGING OWLS OLLIE BEAK,3720.0,77.0,4521.72,95.41,4426.31
23404,HOME SWEET HOME BLACKBOARD,1011.0,29.0,4561.76,143.55,4418.21
22574,HEART WOODEN CHRISTMAS DECORATION,5074.0,288.0,4629.17,219.84,4409.33
22548,HEADS AND TAILS SPORTING FUN,3526.0,0.0,4404.31,0.0,4404.31
22573,STAR WOODEN CHRISTMAS DECORATION,4907.0,0.0,4403.83,0.0,4403.83
21967,PACK OF 12 SKULL TISSUES,15652.0,0.0,4401.44,0.0,4401.44
23163,REGENCY SUGAR TONGS,1832.0,55.0,4515.22,114.4,4400.82
22733,3D TRADITIONAL CHRISTMAS STICKERS,3441.0,20.0,4425.49,25.0,4400.49
51014A,"FEATHER PEN,HOT PINK",6671.0,195.0,4556.5,165.75,4390.75
21864,UNION JACK FLAG PASSPORT COVER,1853.0,20.0,4431.54,42.0,4389.54
22760,"TRAY, BREAKFAST IN BED",356.0,10.0,4506.89,125.7,4381.19
21064,BOOM BOX SPEAKER BOYS,884.0,9.0,4432.92,53.55,4379.37
22594,CHRISTMAS GINGHAM TREE,4791.0,1.0,4377.33,0.85,4376.48
85063,CREAM SWEETHEART MAGAZINE RACK,308.0,66.0,5426.74,1060.7,4366.04
22299,PIG KEYRING WITH LIGHT & SOUND,3912.0,57.0,4430.82,71.25,4359.57
84031A,CHARLIE+LOLA RED HOT WATER BOTTLE,1099.0,27.0,4420.65,71.55,4349.1
22291,"SPRING DEC , HANGING CHICK CREAM",3193.0,48.0,4412.93,69.6,4343.33
22449,SILK PURSE RUSSIAN DOLL PINK,1323.0,12.0,4374.45,40.2,4334.25
20674,GREEN SPOTTY BOWL,3412.0,15.0,4348.52,18.56,4329.96
22227,HANGING HEART MIRROR DECORATION,6021.0,33.0,4344.17,21.45,4322.72
15039,SANDALWOOD FAN,5101.0,27.0,4345.62,22.95,4322.67
22611,VINTAGE UNION JACK SHOPPING BAG,907.0,4.0,4338.63,19.8,4318.83
84279P,CHERRY BLOSSOM  DECORATIVE FLASK,1145.0,44.0,4476.67,163.56,4313.11
23349,ROLL WRAP VINTAGE CHRISTMAS,3221.0,24.0,4342.6,30.0,4312.6
21810,CHRISTMAS HANGING STAR WITH BELL,6959.0,59.0,4374.41,73.75,4300.66
21913,VINTAGE SEASIDE JIGSAW PUZZLES,1129.0,4.0,4302.48,15.0,4287.48
21012,ANTIQUE ALL GLASS CANDLESTICK,2297.0,5.0,4293.7,10.5,4283.2
21878,PACK OF 6 SANDCASTLE FLAGS ASSORTED,5586.0,421.0,4586.48,304.81,4281.67
79320,FLAMINGO LIGHTS,904.0,16.0,4357.38,77.1,4280.28
21899,"KEY FOB , GARAGE DESIGN",6676.0,67.0,4322.47,43.55,4278.92
85053,FRENCH ENAMEL CANDLEHOLDER,2032.0,41.0,4363.28,84.46,4278.82
23050,RECYCLED ACAPULCO MAT GREEN,497.0,1.0,4286.55,8.25,4278.3
21153,RED SPOTTY TABLECLOTH,393.0,2.0,4294.69,21.3,4273.39
21056,DOCTOR'S BAG SOFT TOY,545.0,82.0,4961.33,693.9,4267.43
23112,PARISIENNE CURIO CABINET,546.0,33.0,4507.08,239.85,4267.23
20966,SANDWICH BATH SPONGE,3007.0,1.0,4265.24,1.25,4263.99
21245,GREEN POLKADOT PLATE,2567.0,4.0,4268.36,6.76,4261.6
84969,BOX OF 6 ASSORTED COLOUR TEASPOONS,969.0,5.0,4279.93,21.25,4258.68
22723,SET OF 6 HERB TINS SKETCHBOOK,1164.0,2.0,4262.82,7.9,4254.92
47580,TEA TIME DES TEA COSY,1662.0,21.0,4298.6,53.55,4245.05
22530,MAGIC SLATE DOLLY GIRL,10065.0,48.0,4257.09,20.16,4236.93
21556,CERAMIC STRAWBERRY MONEY BOX,1607.0,4.0,4244.41,10.2,4234.21
84598,BOYS ALPHABET IRON ON PATCHES,20775.0,576.0,4350.14,120.96,4229.18
22285,HANGING HEN ON NEST DECORATION,2705.0,12.0,4248.01,19.8,4228.21
23166,MEDIUM CERAMIC TOP STORAGE JAR,78033.0,74494.0,81700.92,77479.64,4221.28
22202,MILK PAN PINK RETROSPOT,1074.0,31.0,4336.25,116.25,4220.0
20982,12 PENCILS TALL TUBE SKULLS,4851.0,29.0,4243.8,24.65,4219.15
22497,SET OF 2 TINS VINTAGE BATHROOM,929.0,5.0,4239.07,21.25,4217.82
72807A,SET/3 ROSE CANDLE IN JEWELLED BOX,933.0,17.0,4288.33,72.25,4216.08
22425,ENAMEL COLLANDER CREAM,854.0,25.0,4321.52,112.55,4208.97
23237,SET OF 4 KNICK KNACK TINS LEAVES,1053.0,17.0,4274.39,69.35,4205.04
21614,SET OF 12 ROSE BOTANICAL T-LIGHTS,1627.0,131.0,4538.17,336.05,4202.12
23089,GLASS BON BON JAR,2354.0,15.0,4215.78,25.65,4190.13
21609,SET 12 LAVENDER  BOTANICAL T-LIGHTS,1499.0,0.0,4186.29,0.0,4186.29
22600,CHRISTMAS RETROSPOT STAR WOOD,4860.0,28.0,4209.9,23.8,4186.1
21707,FOLDING UMBRELLA BLACKBLUE POLKADOT,1005.0,0.0,4184.95,0.0,4184.95
22892,SET OF SALT AND PEPPER TOADSTOOLS,3520.0,116.0,4322.06,139.94,4182.12
22312,OFFICE MUG WARMER POLKADOT,1233.0,27.0,4254.05,81.65,4172.4
22670,FRENCH WC SIGN BLUE METAL,4432.0,1160.0,5510.57,1340.56,4170.01
23012,GLASS APOTHECARY BOTTLE PERFUME,1071.0,8.0,4197.11,31.6,4165.51
22833,HALL CABINET WITH 3 DRAWERS,120.0,0.0,4163.54,0.0,4163.54
20665,RED SPOTTY PURSE,1335.0,32.0,4256.34,94.4,4161.94
23144,ZINC T-LIGHT HOLDER STARS SMALL,5089.0,44.0,4197.83,36.52,4161.31
21355,TOAST ITS - I LOVE YOU,3452.0,48.0,4218.05,60.0,4158.05
21470,FLOWER VINE RAFFIA FOOD COVER,1102.0,9.0,4190.93,33.75,4157.18
84950,ASSORTED COLOUR T-LIGHT HOLDER,6041.0,58.0,4199.27,44.5,4154.77
70006,LOVE HEART POCKET WARMER,4438.0,2.0,4139.56,2.44,4137.12
22851,SET 20 NAPKINS FAIRY CAKES DESIGN,5167.0,78.0,4193.68,66.3,4127.38
21068,VINTAGE BILLBOARD LOVE/HATE MUG,4066.0,89.0,4224.63,98.33,4126.3
23306,SET OF 36 PANTRY PAPER DOILIES,2808.0,7.0,4123.38,10.15,4113.23
21143,ANTIQUE GLASS HEART DECORATION,2088.0,19.0,4149.15,37.05,4112.1
23167,SMALL CERAMIC TOP STORAGE JAR,5847.0,525.0,4476.01,365.19,4110.82
21590,KINGS CHOICE CIGAR BOX MATCHES,3448.0,26.0,4141.28,32.5,4108.78
22071,SMALL WHITE RETROSPOT MUG IN BOX,1530.0,309.0,4355.88,248.75,4107.13
21537,RETRO SPOTS PUDDING BOWL,1005.0,64.0,4338.71,247.0,4091.71
23009,I LOVE LONDON BABY GIFT SET,263.0,0.0,4082.52,0.0,4082.52
22744,MAKE YOUR OWN MONSOON CARD KIT,1515.0,62.0,4245.17,163.7,4081.47
21472,LADYBIRD + BEE RAFFIA FOOD COVER,1056.0,0.0,4077.82,0.0,4077.82
22926,IVORY GIANT GARDEN THERMOMETER,680.0,15.0,4150.31,89.25,4061.06
21911,GARDEN METAL SIGN,2546.0,12.0,4080.85,19.8,4061.05
23255,CHILDRENS CUTLERY CIRCUS PARADE,1014.0,9.0,4097.22,37.35,4059.87
16161U,"WRAP,SUKI AND FRIENDS",10026.0,75.0,4084.92,31.5,4053.42
84596B,SMALL DOLLY MIX DESIGN ORANGE BOWL,6231.0,48.0,4099.77,46.72,4053.05
21474,SWEETHEART CREAM STEEL FOLDIN BENCH,210.0,7.0,4189.5,139.65,4049.85
84580,MOUSE TOY WITH PINK T-SHIRT,1057.0,4.0,4051.94,15.0,4036.94
22807,SET OF 6 T-LIGHTS TOADSTOOLS,1375.0,19.0,4086.56,51.25,4035.31
23193,BUFFALO BILL TREASURE BOOK BOX,1922.0,20.0,4079.28,45.0,4034.28
23340,VINTAGE CHRISTMAS CAKE FRILL,2500.0,0.0,4034.08,0.0,4034.08
22127,PARTY CONES CARNIVAL ASSORTED,3468.0,98.0,4153.11,122.31,4030.8
22053,EMPIRE DESIGN ROSETTE,4551.0,2.0,4020.89,2.5,4018.39
21717,EASTER TIN BUCKET,1554.0,9.0,4039.63,22.95,4016.68
22639,SET OF 4 NAPKIN CHARMS HEARTS,1651.0,6.0,4021.12,15.3,4005.82
20981,12 PENCILS TALL TUBE WOODLAND,4718.0,79.0,4069.16,67.15,4002.01
23129,HEART SHAPED HOLLY WREATH,950.0,1.0,3999.5,4.15,3995.35
23194,GYMKHANNA TREASURE BOOK BOX,1835.0,37.0,4077.37,83.25,3994.12
23081,GREEN METAL BOX TOP SECRET,483.0,6.0,4038.25,49.5,3988.75
22284,HEN HOUSE DECORATION,2465.0,26.0,4017.74,42.9,3974.84
22612,TEA COSY VINTAGE UNION JACK,1001.0,4.0,3984.99,15.0,3969.99
85206A,CREAM FELT EASTER EGG BASKET,2327.0,10.0,3982.91,16.5,3966.41
22245,"HOOK, 1 HANGER ,MAGIC GARDEN",4633.0,31.0,3988.85,26.35,3962.5
21901,"KEY FOB , BACK DOOR",6158.0,153.0,4061.51,99.45,3962.06
21349,IVY HEART WREATH,553.0,8.0,4010.73,54.0,3956.73
23130,MISTLETOE HEART WREATH GREEN,962.0,9.0,3988.98,37.35,3951.63
22445,PENCIL CASE LIFE IS BEAUTIFUL,1287.0,0.0,3948.86,0.0,3948.86
23486,ANTIQUE HEART SHELF UNIT,275.0,13.0,4145.47,199.65,3945.82
22359,"GLASS JAR, KINGS CHOICE SOAP",1278.0,39.0,4052.18,115.05,3937.13
23557,LANDMARK FRAME BAKER STREET,350.0,0.0,3930.27,0.0,3930.27
22731,3D STICKERS CHRISTMAS STAMPS,2958.0,34.0,3965.62,42.5,3923.12
20967,GREY FLORAL FELTCRAFT SHOULDER BAG,1055.0,20.0,3997.34,75.0,3922.34
22454,MEASURING TAPE RUSSIAN DOLL RED,1405.0,14.0,3933.63,41.3,3892.33
22057,CERAMIC PLATE STRAWBERRY DESIGN,3060.0,82.0,4011.73,122.18,3889.55
22790,"MIRROR, ARCHED GEORGIAN",200.0,0.0,3884.0,0.0,3884.0
23552,BICYCLE PUNCTURE REPAIR KIT,1863.0,0.0,3881.91,0.0,3881.91
22788,BROCANTE COAT RACK,476.0,7.0,3942.62,66.75,3875.87
22314,OFFICE MUG WARMER CHOC+BLUE,1110.0,4.0,3888.48,15.8,3872.68
23049,RECYCLED ACAPULCO MAT RED,456.0,3.0,3896.84,24.75,3872.09
46000M,POLYESTER FILLER PAD 45x45cm,2517.0,21.0,3901.35,32.55,3868.8
23110,PARISIENNE KEY CABINET,700.0,51.0,4147.18,293.25,3853.93
21987,PACK OF 6 SKULL PAPER CUPS,6417.0,301.0,3988.06,138.05,3850.01
22478,BIRDHOUSE GARDEN MARKER,2772.0,2.0,3848.41,2.5,3845.91
22272,FELTCRAFT DOLL MARIA,1371.0,1.0,3848.34,2.95,3845.39
21447,12 IVORY ROSE PEG PLACE SETTINGS,2776.0,1.0,3842.63,1.25,3841.38
22341,LOVE GARLAND PAINTED ZINC,3467.0,1196.0,5698.89,1858.2,3840.69
22959,"WRAPPING PAPER, XMAS VILLAGE",9738.0,350.0,3981.96,147.0,3834.96
22118,JOY WOODEN BLOCK LETTERS,799.0,2.0,3842.07,9.9,3832.17
22475,SKULL DESIGN TV DINNER TRAY,769.0,6.0,3856.8,29.7,3827.1
23253,16 PIECE CUTLERY SET PANTRY DESIGN,258.0,2.0,3848.86,31.9,3816.96
21192,WHITE BELL HONEYCOMB PAPER,2167.0,48.0,3885.64,69.6,3816.04
23131,MISTLETOE HEART WREATH CREAM,942.0,6.0,3835.98,24.9,3811.08
85114B,IVORY ENCHANTED FOREST PLACEMAT,2073.0,2.0,3804.81,3.3,3801.51
22797,CHEST OF DRAWERS GINGHAM HEART,242.0,25.0,4205.56,411.75,3793.81
21067,VINTAGE RED TEATIME MUG,4763.0,36.0,3830.67,39.76,3790.91
22458,CAST IRON HOOK GARDEN FORK,1523.0,0.0,3790.47,0.0,3790.47
21812,GARLAND WITH HEARTS AND BELLS,805.0,26.0,3917.49,128.7,3788.79
22777,GLASS CLOCHE LARGE,455.0,6.0,3838.82,50.15,3788.67
21100,CHARLIE AND LOLA CHARLOTTE BAG,2540.0,4.0,3795.0,6.6,3788.4
22980,PANTRY SCRUBBING BRUSH,2363.0,81.0,3910.01,124.05,3785.96
23032,DRAWER KNOB CRACKLE GLAZE IVORY,2328.0,46.0,3853.68,75.9,3777.78
21055,TOOL BOX SOFT TOY,386.0,7.0,3839.09,62.65,3776.44
21034,REX CASH+CARRY JUMBO SHOPPER,4002.0,28.0,3801.9,26.6,3775.3
22125,UNION JACK HOT WATER BOTTLE,653.0,63.0,4089.09,314.85,3774.24
22830,UTILTY CABINET WITH HOOKS,181.0,0.0,3760.71,0.0,3760.71
22965,3 TRADITIONAL COOKIE CUTTERS  SET,1842.0,38.0,3834.04,79.8,3754.24
23542,WALL ART 70'S ALPHABET,506.0,6.0,3800.16,48.7,3751.46
22843,"BISCUIT TIN, MINT,IVORY, VINTAGE",595.0,16.0,3858.51,107.2,3751.31
23299,FOOD COVER WITH BEADS SET 2,1012.0,8.0,3772.88,30.0,3742.88
84016,FLAG OF ST GEORGE CAR FLAG,1004.0,60.0,3791.67,50.3,3741.37
85040B,SET/4 BLUE FLOWER CANDLES IN BOWL,2458.0,65.0,3837.3,97.65,3739.65
22292,"SPRING DEC , HANGING CHICK  YELLOW",2779.0,24.0,3773.74,34.8,3738.94
85040A,S/4 PINK FLOWER CANDLES IN BOWL,2116.0,44.0,3809.64,72.6,3737.04
84356,POMPOM CURTAIN,750.0,6.0,3771.04,41.7,3729.34
21329,DINOSAURS  WRITING SET,2082.0,20.0,3760.66,33.0,3727.66
21795,SET OF 3 BLUE STRIPE BASKET,441.0,1.0,3734.94,12.75,3722.19
21846,PINK DIAMANTE PEN IN GIFT BOX,1601.0,27.0,3803.4,81.85,3721.55
71038,WHITE HANGING BEADS CANDLE HOLDER,717.0,13.0,3789.25,70.85,3718.4
22544,MINI JIGSAW SPACEBOY,9382.0,91.0,3756.52,38.22,3718.3
85049C,ROMANTIC PINKS RIBBONS,2982.0,25.0,3748.75,31.25,3717.5
22579,WOODEN TREE CHRISTMAS SCANDISPOT,7152.0,96.0,3797.28,81.6,3715.68
22782,SET 3 WICKER STORAGE BASKETS,254.0,0.0,3712.3,0.0,3712.3
22162,HEART GARLAND RUSTIC PADDED,1218.0,12.0,3737.9,35.4,3702.5
35924,HANGING FAIRY CAKE DECORATION,2164.0,205.0,4049.4,347.68,3701.72
23127,FELTCRAFT GIRL NICOLE KIT,736.0,13.0,3759.0,64.35,3694.65
21627,ELEPHANT CARNIVAL POUFFE,195.0,6.0,3766.35,78.7,3687.65
21648,ASSORTED TUTTI FRUTTI SMALL PURSE,2940.0,256.0,3956.48,274.4,3682.08
23092,LARGE ANTIQUE WHITE PHOTO FRAME,523.0,10.0,3757.78,77.75,3680.03
72802A,ROSE SCENT CANDLE IN JEWELLED BOX,923.0,45.0,3864.87,185.09,3679.78
84558A,3D DOG PICTURE PLAYING CARDS,1280.0,25.0,3753.28,73.75,3679.53
23182,TOILET SIGN OCCUPIED OR VACANT,3741.0,14.0,3688.21,11.62,3676.59
20692,FLORAL ELEPHANT SOFT TOY,908.0,2.0,3682.76,8.5,3674.26
22494,EMERGENCY FIRST AID TIN,2765.0,51.0,3730.92,63.75,3667.17
21813,GARLAND WITH STARS AND BELLS,815.0,21.0,3761.41,103.95,3657.46
22823,CHEST NATURAL WOOD 20 DRAWERS,32.0,0.0,3655.0,0.0,3655.0
23013,GLASS APOTHECARY BOTTLE TONIC,924.0,6.0,3674.16,23.7,3650.46
21845,DAIRY MAID STRIPE MUG,2521.0,64.0,3758.41,111.04,3647.37
21246,RED SPOTTY BIG BOWL,749.0,8.0,3685.63,39.6,3646.03
22591,CARDHOLDER GINGHAM CHRISTMAS TREE,1347.0,82.0,3854.15,214.7,3639.45
23497,CLASSIC CROME BICYCLE BELL,2558.0,12.0,3656.02,17.4,3638.62
21486,PINK HEART DOTS HOT WATER BOTTLE,1116.0,1.0,3638.67,3.75,3634.92
20785,FUSCHIA RETRO BAR STOOL,102.0,1.0,3672.35,39.95,3632.4
23191,BUNDLE OF 3 RETRO NOTE BOOKS,2201.0,3.0,3628.89,4.95,3623.94
84968F,SET OF 16 VINTAGE SKY BLUE CUTLERY,300.0,0.0,3622.75,0.0,3622.75
23091,ZINC HERB GARDEN CONTAINER,580.0,7.0,3656.32,43.75,3612.57
21351,CINAMMON & ORANGE WREATH,1099.0,25.0,3702.75,91.95,3610.8
23294,SET OF 6 SNACK LOAF BAKING CASES,4392.0,13.0,3607.81,10.79,3597.02
22778,GLASS CLOCHE SMALL,972.0,71.0,3844.46,250.77,3593.69
21743,STAR PORTABLE TABLE LIGHT,1288.0,59.0,3767.08,174.05,3593.03
85232D,SET/3 DECOUPAGE STACKING TINS,702.0,13.0,3646.83,64.35,3582.48
22589,CARDHOLDER GINGHAM STAR,1317.0,18.0,3626.78,45.9,3580.88
72802B,OCEAN SCENT CANDLE IN JEWELLED BOX,1559.0,458.0,4258.97,679.24,3579.73
21509,COWBOYS AND INDIANS BIRTHDAY CARD,8696.0,24.0,3587.22,10.08,3577.14
22962,JAM JAR WITH PINK LID,4366.0,85.0,3640.93,72.12,3568.81
22398,MAGNETS PACK OF 4 SWALLOWS,4239.0,96.0,3687.48,120.0,3567.48
21866,UNION JACK FLAG LUGGAGE TAG,2168.0,25.0,3591.5,31.25,3560.25
84797A,PINK HAWAIIAN PICNIC HAMPER FOR 4,499.0,0.0,3560.09,0.0,3560.09
22774,RED DRAWER KNOB ACRYLIC EDWARDIAN,2791.0,28.0,3591.06,34.81,3556.25
23111,PARISIENNE SEWING BOX,312.0,24.0,3839.24,283.2,3556.04
22704,WRAP RED APPLES,8678.0,50.0,3564.76,21.0,3543.76
22603,CHRISTMAS RETROSPOT TREE WOOD,4143.0,13.0,3552.09,11.05,3541.04
23332,IVORY WICKER HEART LARGE,2059.0,2.0,3542.71,3.3,3539.41
22536,MAGIC SLATE FIDO,9091.0,131.0,3586.24,47.82,3538.42
20784,RED RETRO BAR STOOL,101.0,1.0,3570.87,39.95,3530.92
20886,BOX OF 9 PEBBLE CANDLES,1777.0,6.0,3540.22,11.7,3528.52
22334,DINOSAUR PARTY BAG + STICKER SET,2230.0,19.0,3552.36,31.35,3521.01
21054,NURSE'S BAG SOFT TOY,382.0,2.0,3538.0,17.9,3520.1
22176,BLUE OWL SOFT TOY,1184.0,9.0,3542.73,26.55,3516.18
21179,NO JUNK MAIL METAL SIGN,4284.0,12.0,3517.9,4.68,3513.22
22531,MAGIC SLATE CIRCUS PARADE,8136.0,0.0,3507.76,0.0,3507.76
23189,SET OF 12 FORK CANDLES,1249.0,1.0,3507.51,2.89,3504.62
22765,NEWSPAPER STAND,311.0,1.0,3508.3,14.95,3493.35
22076,6 RIBBONS EMPIRE,2353.0,0.0,3490.19,0.0,3490.19
23353,6 GIFT TAGS VINTAGE CHRISTMAS,4007.0,24.0,3510.05,19.92,3490.13
21466,RED FLOWER CROCHET FOOD COVER,927.0,0.0,3479.79,0.0,3479.79
21794,CLASSIC FRENCH STYLE BASKET NATURAL,713.0,13.0,3552.09,79.35,3472.74
21784,SHOE SHINE BOX,290.0,7.0,3538.28,69.65,3468.63
22166,WALL MIRROR RECTANGLE DIAMANTE PINK,440.0,8.0,3528.75,63.6,3465.15
22902,TOTE BAG I LOVE LONDON,1716.0,24.0,3506.56,50.4,3456.16
23085,ANTIQUE SILVER BAUBLE LAMP,376.0,13.0,3583.23,128.75,3454.48
20786,BLACK RETRO BAR STOOL,99.0,2.0,3533.9,79.9,3454.0
21507,"ELEPHANT, BIRTHDAY CARD,",8223.0,24.0,3455.41,10.08,3445.33
47505,MINATURE COLOURED GARDENING SET,737.0,19.0,3527.42,87.05,3440.37
22939,APRON APPLE DELIGHT,700.0,14.0,3502.54,69.3,3433.24
23388,WOODLAND MINI RUCKSACK,821.0,0.0,3432.09,0.0,3432.09
23426,METAL SIGN DROP YOUR PANTS,1275.0,6.0,3444.43,17.34,3427.09
23536,WALL ART VILLAGE SHOW,626.0,4.0,3442.13,23.8,3418.33
22172,METAL SHELF WITH RAIL,378.0,4.0,3451.82,34.0,3417.82
23232,WRAP VINTAGE PETALS  DESIGN,8526.0,51.0,3436.92,21.42,3415.5
23350,ROLL WRAP VINTAGE SPOT,2712.0,24.0,3445.08,30.0,3415.08
23065,LARGE JEWELLERY STAND,273.0,1.0,3427.44,12.5,3414.94
21469,POLKA DOT RAFFIA FOOD COVER,1165.0,50.0,3482.01,67.5,3414.51
84510A,SET OF 4 ENGLISH ROSE COASTERS,2477.0,21.0,3439.84,26.25,3413.59
21191,LARGE WHITE HONEYCOMB PAPER BELL,1479.0,0.0,3408.61,0.0,3408.61
22320,BIRDS MOBILE VINTAGE DESIGN,598.0,23.0,3545.02,136.85,3408.17
21364,PEACE SMALL WOOD LETTERS,468.0,2.0,3407.72,13.5,3394.22
22309,TEA COSY RED  STRIPE,1331.0,26.0,3459.08,66.3,3392.78
22459,CAST IRON HOOK GARDEN TROWEL,1378.0,0.0,3389.74,0.0,3389.74
84352,SILVER CHRISTMAS TREE BAUBLE STAND,206.0,7.0,3505.58,118.65,3386.93
23014,GLASS APOTHECARY BOTTLE ELIXIR,856.0,9.0,3419.58,35.55,3384.03
21039,RED SPOTTY SHOPPING BAG,1313.0,16.0,3423.65,40.8,3382.85
21679,SKULLS  STICKERS,4871.0,900.0,4034.51,652.68,3381.83
22440,BALLOON WATER BOMB PACK OF 35,8523.0,44.0,3399.41,18.48,3380.93
37340,MULTICOLOUR SPRING FLOWER MUG,13665.0,4996.0,3881.33,501.22,3380.11
23354,6 GIFT TAGS 50'S CHRISTMAS,3740.0,60.0,3429.4,49.8,3379.6
21327,SKULLS WRITING SET,1926.0,0.0,3378.51,0.0,3378.51
23156,SET OF 5 MINI GROCERY MAGNETS,1665.0,24.0,3423.29,49.92,3373.37
21902,"KEY FOB , FRONT  DOOR",5359.0,57.0,3408.03,37.05,3370.98
22764,"RUSTIC WOODEN CABINET, GLASS DOORS",183.0,4.0,3462.49,93.8,3368.69
22862,LOVE HEART NAPKIN BOX,758.0,4.0,3373.22,17.0,3356.22
22477,WATERING CAN GARDEN MARKER,2414.0,1.0,3356.74,1.25,3355.49
22822,CREAM WALL PLANTER HEART SHAPED,581.0,2.0,3367.35,11.9,3355.45
22223,CAKE PLATE LOVEBIRD PINK,726.0,1.0,3359.66,4.95,3354.71
18097C,WHITE TALL PORCELAIN T-LIGHT HOLDER,1763.0,292.0,3924.92,571.8,3353.12
21211,SET OF 72 SKULL PAPER  DOILIES,2405.0,12.0,3365.64,17.4,3348.24
21123,SET/10 IVORY SPOTTY PARTY CANDLES,2751.0,48.0,3393.06,60.0,3333.06
23210,WHITE ROCKING HORSE HAND PAINTED,2849.0,200.0,3551.53,219.76,3331.77
22452,MEASURING TAPE RUSSIAN DOLL PINK,1271.0,13.0,3358.1,38.35,3319.75
22136,LOVE HEART SOCK HANGER,1989.0,3.0,3322.22,4.55,3317.67
21917,SET 12 KIDS  WHITE CHALK STICKS,8010.0,21.0,3324.22,8.82,3315.4
44230,SQUARE MIRROR CURTAIN,347.0,10.0,3381.62,77.91,3303.71
37501,TEA TIME TEA SET IN GIFT BOX,481.0,15.0,3401.15,104.25,3296.9
84813,SET OF 4 DIAMOND NAPKIN RINGS,422.0,1.0,3300.76,3.95,3296.81
22122,SET OF 2 FANCY FONT TEA TOWELS,1095.0,0.0,3290.08,0.0,3290.08
37410,BLACK AND WHITE PAISLEY FLOWER MUG,25707.0,6.0,3288.65,7.5,3281.15
84472,PINK AND LILAC QUILTED THROW,87.0,3.0,3402.32,125.9,3276.42
22428,ENAMEL FIRE BUCKET CREAM,459.0,15.0,3379.67,104.25,3275.42
23308,SET OF 60 VINTAGE LEAF CAKE CASES,6139.0,0.0,3272.61,0.0,3272.61
84828,JUNGLE POPSICLES ICE LOLLY MOULDS,2503.0,36.0,3315.18,45.0,3270.18
22944,CHRISTMAS METAL POSTCARD WITH BELLS,4870.0,301.0,3577.99,311.21,3266.78
22047,EMPIRE GIFT WRAP,8250.0,250.0,3351.0,89.0,3262.0
15058B,PINK WHITE SPOTS GARDEN PARASOL,438.0,9.0,3327.67,69.15,3258.52
22769,CHALKBOARD KITCHEN ORGANISER,174.0,17.0,3656.86,400.15,3256.71
84975,HEART SHAPED MIRROR,1990.0,9.0,3266.4,15.21,3251.19
20702,PINK PADDED MOBILE,782.0,11.0,3296.7,46.75,3249.95
23053,RECYCLED ACAPULCO MAT PINK,364.0,1.0,3254.32,8.25,3246.07
21467,CHERRY CROCHET FOOD COVER,1025.0,5.0,3263.75,18.75,3245.0
22183,CAKE STAND VICTORIAN FILIGREE MED,586.0,9.0,3297.25,56.2,3241.05
22419,LIPSTICK PEN RED,6847.0,10.0,3242.59,4.14,3238.45
23239,SET OF 4 KNICK KNACK TINS POPPIES,842.0,28.0,3353.84,115.8,3238.04
84596F,SMALL MARSHMALLOWS PINK BOWL,4739.0,16.0,3243.32,6.72,3236.6
22794,SWEETHEART WIRE MAGAZINE RACK,389.0,5.0,3271.35,39.75,3231.6
22792,FLUTED ANTIQUE CANDLE HOLDER,3489.0,12.0,3241.13,10.2,3230.93
23395,BELLE JARDINIERE CUSHION COVER,748.0,7.0,3257.08,26.25,3230.83
85220,SMALL FAIRY CAKE FRIDGE MAGNETS,12236.0,2513.0,6875.0,3645.65,3229.35
84849B,FAIRY SOAP SOAP HOLDER,1936.0,13.0,3244.14,21.97,3222.17
20992,JAZZ HEARTS PURSE NOTEBOOK,6151.0,0.0,3220.4,0.0,3220.4
84031B,CHARLIE LOLA BLUE HOT WATER BOTTLE,840.0,26.0,3279.66,64.2,3215.46
84837,WHITE SWEETHEARTS CABINET 4 DRAWERS,251.0,0.0,3210.04,0.0,3210.04
23051,RECYCLED ACAPULCO MAT BLUE,365.0,2.0,3223.49,16.5,3206.99
22967,SET 3 SONG BIRD PAPER EGGS ASSORTED,1171.0,22.0,3271.41,64.9,3206.51
21732,RED HANGING METAL STAR TLIGHT HLDR,925.0,3.0,3214.57,10.53,3204.04
22281,EASTER TREE YELLOW BIRDS,511.0,16.0,3285.86,95.2,3190.66
23035,DRAWER KNOB CERAMIC IVORY,2191.0,9.0,3199.99,13.05,3186.94
23230,WRAP ALPHABET DESIGN,7976.0,75.0,3217.92,31.5,3186.42
21829,DINOSAUR KEYRINGS ASSORTED,15035.0,289.0,3242.18,60.69,3181.49
23342,MINT DINER WALL CLOCK,373.0,1.0,3176.41,8.5,3167.91
21111,"SWISS ROLL TOWEL, CHOCOLATE  SPOTS",1379.0,7.0,3187.16,20.65,3166.51
21557,SET OF 6 FUNKY BEAKERS,932.0,1.0,3169.39,2.95,3166.44
22972,CHILDRENS SPACEBOY MUG,1882.0,34.0,3219.74,56.1,3163.64
22194,BLACK DINER WALL CLOCK,373.0,6.0,3212.1,51.0,3161.1
79164,BLACK WINE GLASS,3653.0,24.0,3196.01,36.6,3159.41
21949,SET OF 6 STRAWBERRY CHOPSTICKS,2598.0,6.0,3164.18,7.5,3156.68
22773,GREEN DRAWER KNOB ACRYLIC EDWARDIAN,2392.0,12.0,3171.11,15.0,3156.11
22702,BLACK AND WHITE CAT BOWL,1589.0,2.0,3156.32,3.95,3152.37
23323,WHITE WICKER STAR,1469.0,3.0,3146.78,6.3,3140.48
21519,GIN & TONIC DIET GREETING CARD,7356.0,36.0,3149.93,15.12,3134.81
21333,CLASSIC WHITE FRAME,1057.0,18.0,3192.09,59.02,3133.07
21473,SWEETHEART CREAM STEEL TABLE RECT,157.0,4.0,3212.16,79.8,3132.36
23393,HOME SWEET HOME CUSHION COVER,801.0,21.0,3207.91,78.75,3129.16
22863,SOAP DISH BROCANTE,1107.0,13.0,3166.61,38.35,3128.26
21628,TRIANGULAR POUFFE VINTAGE,164.0,4.0,3185.28,59.8,3125.48
22700,BLACK AND WHITE DOG BOWL,1384.0,22.0,3155.4,31.3,3124.1
82578,KITCHEN METAL SIGN,5595.0,13.0,3129.24,7.15,3122.09
22347,PIZZA SLICE DISH,2716.0,0.0,3119.18,0.0,3119.18
23346,SPACEBOY BEAKER,2628.0,6.0,3112.34,7.5,3104.84
21705,BAG 500g SWIRLY MARBLES,2534.0,26.0,3145.71,41.5,3104.21
22406,TIN CAN KINGS CHOICE DESIGN,2487.0,50.0,3149.35,55.66,3093.69
21272,SALLE DE BAIN HOOK,2348.0,13.0,3109.83,16.25,3093.58
22310,KNITTED MUG COSY IVORY COLOUR,1739.0,13.0,3113.94,21.25,3092.69
22572,ROCKING HORSE GREEN CHRISTMAS,3439.0,3.0,3087.18,2.55,3084.63
22129,PARTY CONES CANDY TREE DECORATION,3246.0,18.0,3095.12,15.3,3079.82
84912B,GREEN ROSE WASHBAG,1125.0,0.0,3072.64,0.0,3072.64
22473,TV DINNER TRAY VINTAGE PAISLEY,811.0,0.0,3070.92,0.0,3070.92
22757,LARGE RED BABUSHKA NOTEBOOK,2696.0,1.0,3070.18,1.25,3068.93
47504K,ENGLISH ROSE GARDEN SECATEURS,2654.0,22.0,3096.08,28.98,3067.1
85227,SET/6 3D KIT CARDS FOR KIDS,3440.0,30.0,3086.44,25.5,3060.94
21206,STRAWBERRY HONEYCOMB  GARLAND,2155.0,11.0,3067.9,18.15,3049.75
20956,PORCELAIN T-LIGHT HOLDERS ASSORTED,2338.0,30.0,3083.82,37.5,3046.32
22372,AIRLINE BAG VINTAGE WORLD CHAMPION,604.0,7.0,3073.43,33.95,3039.48
21352,EUCALYPTUS & PINECONE  WREATH,880.0,11.0,3110.28,74.25,3036.03
22754,SMALL RED BABUSHKA NOTEBOOK,3924.0,12.0,3044.86,10.2,3034.66
23329,DECORATIVE WICKER HEART LARGE,1767.0,3.0,3038.19,4.95,3033.24
15058A,BLUE WHITE SPOTS GARDEN PARASOL,476.0,17.0,3153.73,120.75,3032.98
22762,CUPBOARD 3 DRAWER MA CAMPAGNE,204.0,18.0,3276.62,244.9,3031.72
22037,ROBOT BIRTHDAY CARD,7054.0,12.0,3035.7,5.04,3030.66
23461,SWEETHEART BIRD HOUSE,847.0,4.0,3041.21,16.6,3024.61
21408,SPOTTY PINK DUCK DOORSTOP,703.0,5.0,3045.31,21.25,3024.06
23390,DOLLY GIRL MINI RUCKSACK,747.0,1.0,3025.59,4.15,3021.44
21820,GLITTER HEART GARLAND WITH BELLS,795.0,30.0,3132.39,112.5,3019.89
21786,RAIN HAT WITH RED SPOTS,7471.0,70.0,3049.03,29.4,3019.63
15044C,PURPLE PAPER PARASOL,967.0,5.0,3027.26,13.95,3013.31
84279B,CHERRY BLOSSOM DECORATIVE FLASK,808.0,17.0,3076.92,63.75,3013.17
84912A,PINK ROSE WASHBAG,1096.0,0.0,3012.0,0.0,3012.0
21765,HANGING METAL BIRD BATH,371.0,9.0,3076.39,66.75,3009.64
23231,WRAP DOILEY DESIGN,7277.0,0.0,3008.34,0.0,3008.34
22208,WOOD STAMP SET THANK YOU,2366.0,25.0,3036.95,31.41,3005.54
22095,LADS ONLY TISSUE BOX,2978.0,107.0,3123.03,119.88,3003.15
22402,MAGNETS PACK OF 4 VINTAGE COLLAGE,3431.0,14.0,3012.78,17.5,2995.28
20985,HEART CALCULATOR,2370.0,44.0,3047.99,54.43,2993.56
22805,BLUE DRAWER KNOB ACRYLIC EDWARDIAN,2207.0,13.0,3008.82,16.25,2992.57
21477,STRING OF 20 ROSE LIGHTS,273.0,23.0,3248.94,257.25,2991.69
22963,JAM JAR WITH GREEN LID,3696.0,115.0,3079.41,90.86,2988.55
22154,ANGEL DECORATION 3 BUTTONS,7114.0,204.0,3073.32,85.68,2987.64
22755,SMALL PURPLE BABUSHKA NOTEBOOK,3776.0,12.0,2997.63,10.2,2987.43
22067,CHOC TRUFFLE GOLD TRINKET POT,1855.0,20.0,3019.32,32.2,2987.12
22712,CARD DOLLY GIRL,7295.0,37.0,3002.42,15.54,2986.88
22461,SAVOY ART DECO CLOCK,410.0,62.0,3607.81,625.7,2982.11
22132,RED LOVE HEART SHAPE CUP,3345.0,12.0,2989.81,10.2,2979.61
21354,TOAST ITS - BEST MUM,2476.0,0.0,2979.46,0.0,2979.46
23242,TREASURE TIN BUFFALO BILL,1470.0,27.0,3024.63,56.16,2968.47
22375,AIRLINE BAG VINTAGE JET SET BROWN,590.0,2.0,2969.29,10.6,2958.69
22905,CALENDAR IN SEASON DESIGN,1077.0,0.0,2957.17,0.0,2957.17
22891,TEA FOR ONE POLKADOT,644.0,37.0,3103.7,157.25,2946.45
22925,BLUE GIANT GARDEN THERMOMETER,488.0,8.0,2989.52,47.6,2941.92
22519,CHILDS GARDEN BRUSH PINK,1425.0,14.0,2968.77,29.4,2939.37
22674,FRENCH TOILET SIGN BLUE METAL,2377.0,14.0,2956.33,17.5,2938.83
21830,ASSORTED CREEPY CRAWLIES,7658.0,672.0,3185.6,247.68,2937.92
79072,TEATIME CAKE TIN WITH HANDLE,284.0,15.0,3083.2,149.25,2933.95
22816,CARD MOTORBIKE SANTA,6856.0,48.0,2950.93,20.16,2930.77
22664,TOY TIDY DOLLY GIRL DESIGN,1429.0,12.0,2954.19,25.2,2928.99
85049D,BRIGHT BLUES RIBBONS,2332.0,0.0,2927.88,0.0,2927.88
22277,COSMETIC BAG VINTAGE ROSE PAISLEY,1400.0,2.0,2927.49,4.2,2923.29
21948,SET OF 6 CAKE CHOPSTICKS,2293.0,0.0,2921.36,0.0,2921.36
21214,SET OF 72 IVORY PAPER DOILIES,2006.0,1.0,2920.82,1.45,2919.37
84944,SET OF 6 KASHMIR FOLKART BAUBLES,1135.0,93.0,3153.88,244.45,2909.43
22325,MOBILE VINTAGE HEARTS,699.0,48.0,3139.99,237.6,2902.39
23211,RED ROCKING HORSE HAND PAINTED,2329.0,24.0,2930.57,30.0,2900.57
21626,VINTAGE UNION JACK PENNANT,1496.0,60.0,3017.07,117.0,2900.07
22518,CHILDS GARDEN BRUSH BLUE,1398.0,0.0,2899.8,0.0,2899.8
85184D,S/4 BLUE ROUND DECOUPAGE BOXES,8312.0,3940.0,4552.69,1664.92,2887.77
22955,36 FOIL STAR CAKE CASES,1448.0,0.0,2885.26,0.0,2885.26
22811,SET OF 6 T-LIGHTS CACTI,1021.0,1.0,2884.13,2.95,2881.18
23290,SPACEBOY CHILDRENS BOWL,2430.0,10.0,2890.35,12.5,2877.85
23345,DOLLY GIRL BEAKER,2451.0,7.0,2886.25,8.75,2877.5
21709,FOLDING UMBRELLA CHOCOLATE POLKADOT,696.0,0.0,2876.72,0.0,2876.72
85114C,RED ENCHANTED FOREST PLACEMAT,1364.0,0.0,2875.7,0.0,2875.7
22177,5 HOOK BLACKBOARD ORGANISER,325.0,25.0,3101.46,227.0,2874.46
21465,PINK FLOWER CROCHET FOOD COVER,793.0,2.0,2875.64,7.5,2868.14
22927,GREEN GIANT GARDEN THERMOMETER,468.0,14.0,2948.57,83.3,2865.27
22480,RED TEA TOWEL CLASSIC DESIGN,2368.0,0.0,2863.06,0.0,2863.06
20752,RETRO BLUE SPOTTY WASHING UP GLOVES,1500.0,3.0,2868.2,6.3,2861.9
22581,WOOD STOCKING CHRISTMAS SCANDISPOT,3565.0,2.0,2852.63,1.7,2850.93
23504,PLAYING CARDS JUBILEE UNION JACK,1927.0,0.0,2848.89,0.0,2848.89
85132B,CHARLIE AND LOLA TABLE TINS,929.0,2.0,2863.37,19.9,2843.47
23427,STOOL HOME SWEET HOME,237.0,2.0,2860.58,22.9,2837.68
22897,OVEN MITT APPLES DESIGN,1956.0,42.0,2894.75,60.9,2833.85
22949,SET OF 36 DOLLY GIRL PAPER DOILIES,2010.0,18.0,2858.19,26.1,2832.09
22576,SWALLOW WOODEN CHRISTMAS DECORATION,3132.0,6.0,2835.08,5.1,2829.98
21688,SILVER PLATE CANDLE BOWL SMALL,912.0,6.0,2845.65,17.7,2827.95
22293,"SPRING DEC , HANGING CHICK  GREEN",2034.0,24.0,2860.2,34.8,2825.4
23196,VINTAGE LEAF MAGNETIC NOTEPAD,1872.0,13.0,2842.24,18.85,2823.39
21821,GLITTER STAR GARLAND WITH BELLS,713.0,13.0,2866.6,48.75,2817.85
22671,FRENCH LAUNDRY SIGN BLUE METAL,1688.0,4.0,2811.34,6.4,2804.94
21508,VINTAGE KID DOLLY CARD,6716.0,12.0,2808.62,5.04,2803.58
84909A,PINK PAISLEY QUILT,209.0,0.0,2797.55,0.0,2797.55
22696,WICKER WREATH LARGE,1415.0,0.0,2790.83,0.0,2790.83
84519A,TOMATO CHARLIE+LOLA COASTER SET,1200.0,0.0,2788.45,0.0,2788.45
23212,PAINTED HEART WREATH WITH BELL,2296.0,60.0,2860.89,75.0,2785.89
21796,SET OF 3 RED STRIPE BASKETS,324.0,0.0,2782.19,0.0,2782.19
85199S,SMALL HANGING IVORY/RED WOOD BIRD,6022.0,24.0,2789.28,10.08,2779.2
22983,"CARD, BILLBOARD FONT",6695.0,181.0,2843.55,68.76,2774.79
21360,JOY LARGE WOOD LETTERS,441.0,2.0,2790.41,19.9,2770.51
22710,WRAP I LOVE LONDON,7184.0,125.0,2821.28,52.5,2768.78
22974,CHILDRENS DOLLY GIRL MUG,1636.0,20.0,2795.81,33.0,2762.81
22450,SILK PURSE RUSSIAN DOLL BLUE,834.0,11.0,2798.28,36.85,2761.43
23190,BUNDLE OF 3 SCHOOL EXERCISE BOOKS,1702.0,2.0,2761.9,3.3,2758.6
22416,SET OF 36 SPACEBOY PAPER DOILIES,1970.0,6.0,2763.36,8.7,2754.66
21683,MEDIUM MEDINA STAMPED METAL BOWL,936.0,1.0,2757.47,2.95,2754.52
22184,CAKE STAND VICTORIAN FILIGREE LARGE,389.0,18.0,2887.07,134.8,2752.27
85015,SET OF 12  VINTAGE POSTCARD SET,2908.0,0.0,2750.0,0.0,2750.0
21682,LARGE MEDINA STAMPED METAL BOWL,559.0,4.0,2767.59,19.8,2747.79
21728,METAL MEDINA LANTERN,298.0,2.0,2773.11,25.5,2747.61
22217,T-LIGHT HOLDER HANGING LACE,2374.0,56.0,2814.81,70.0,2744.81
84795C,OCEAN STRIPE HAMMOCK,325.0,1.0,2752.59,7.95,2744.64
22315,200 RED + WHITE BENDY STRAWS,2136.0,5.0,2749.51,6.25,2743.26
23341,PINK DINER WALL CLOCK,307.0,0.0,2741.35,0.0,2741.35
22145,CHRISTMAS CRAFT HEART STOCKING,1306.0,6.0,2752.66,12.6,2740.06
35001W,HAND OPEN SHAPE DECO.WHITE,883.0,21.0,2806.69,66.81,2739.88
22482,BLUE TEA TOWEL CLASSIC DESIGN,2319.0,0.0,2739.43,0.0,2739.43
23100,SILVER BELLS TABLE DECORATION,2166.0,1.0,2739.38,1.25,2738.13
22597,MUSICAL ZINC HEART DECORATION,4613.0,34.0,2766.08,28.9,2737.18
23396,LE JARDIN BOTANIQUE CUSHION COVER,654.0,4.0,2750.53,15.0,2735.53
23147,SINGLE ANTIQUE ROSE HOOK IVORY,1868.0,15.0,2752.2,21.75,2730.45
22525,CHILDRENS GARDEN GLOVES PINK,1946.0,15.0,2748.79,18.75,2730.04
15058C,ICE CREAM DESIGN GARDEN PARASOL,470.0,4.0,2753.72,23.8,2729.92
23266,SET OF 3 WOODEN STOCKING DECORATION,2053.0,12.0,2743.82,15.0,2728.82
22651,GENTLEMAN SHIRT REPAIR KIT,3175.0,0.0,2720.86,0.0,2720.86
22675,FRENCH KITCHEN SIGN BLUE METAL,2227.0,28.0,2754.95,35.0,2719.95
22066,LOVE HEART TRINKET POT,3435.0,11.0,2729.16,10.65,2718.51
23164,REGENCY CAKE SLICE,578.0,1.0,2718.65,4.95,2713.7
21424,WOODLAND STORAGE BOX LARGE,955.0,58.0,2861.64,151.9,2709.74
22161,HEART DECORATION RUSTIC HANGING,6726.0,88.0,2738.28,28.88,2709.4
23489,VINTAGE BELLS GARLAND,913.0,0.0,2709.23,0.0,2709.23
21324,HANGING MEDINA LANTERN SMALL,1014.0,54.0,2845.71,140.1,2705.61
85035C,ROSE 3 WICK MORRIS BOX CANDLE,1358.0,3.0,2710.79,12.75,2698.04
84795B,SUNSET CHECK HAMMOCK,317.0,0.0,2696.81,0.0,2696.81
22914,BLUE COAT RACK PARIS FASHION,570.0,5.0,2720.66,24.75,2695.91
22524,CHILDRENS GARDEN GLOVES BLUE,1925.0,14.0,2713.23,17.5,2695.73
22081,RIBBON REEL FLORA + FAUNA,1559.0,41.0,2761.04,67.65,2693.39
22479,DAISY GARDEN MARKER,1939.0,0.0,2691.19,0.0,2691.19
23264,SET OF 3 WOODEN SLEIGH DECORATIONS,1963.0,1.0,2690.81,1.25,2689.56
47480,HANGING PHOTO CLIP ROPE LADDER,1638.0,15.0,2713.98,24.75,2689.23
21188,3D HEARTS  HONEYCOMB PAPER GARLAND,912.0,35.0,2771.34,89.65,2681.69
23333,IVORY WICKER HEART MEDIUM,2089.0,12.0,2695.45,15.0,2680.45
21744,SNOWFLAKE PORTABLE TABLE LIGHT,898.0,6.0,2697.16,17.7,2679.46
23292,SPACEBOY CHILDRENS CUP,2181.0,21.0,2703.33,26.25,2677.08
90057,DIAMANTE RING ASSORTED IN BOX.,1804.0,0.0,2675.88,0.0,2675.88
22436,12 COLOURED PARTY BALLOONS,4215.0,27.0,2687.05,17.55,2669.5
22495,SET OF 2 ROUND TINS CAMEMBERT,940.0,6.0,2682.32,17.7,2664.62
21224,SET/4 SKULL BADGES,2171.0,22.0,2691.91,27.5,2664.41
22650,CERAMIC PIRATE CHEST MONEY BANK,1786.0,37.0,2717.88,53.65,2664.23
85049B,LUSH GREENS RIBBONS,2130.0,0.0,2663.24,0.0,2663.24
21788,KIDS RAIN MAC BLUE,3375.0,73.0,2725.09,61.85,2663.24
22101,MIRROR MOSAIC VOTIVE HOLDER,1909.0,325.0,2790.27,128.46,2661.81
22818,CARD CHRISTMAS VILLAGE,6290.0,144.0,2720.86,60.48,2660.38
22028,PENNY FARTHING BIRTHDAY CARD,6344.0,24.0,2665.13,10.08,2655.05
23407,SET OF 2 TRAYS HOME SWEET HOME,265.0,6.0,2709.43,59.7,2649.73
22155,STAR DECORATION RUSTIC,5925.0,53.0,2671.81,22.26,2649.55
21693,SMALL HAMMERED SILVER CANDLEPOT,871.0,0.0,2648.62,0.0,2648.62
21742,LARGE ROUND WICKER PLATTER,437.0,0.0,2647.28,0.0,2647.28
21923,RED/CREAM STRIPE FRINGE HAMMOCK,337.0,2.0,2662.64,15.9,2646.74
22930,BAKING MOULD HEART MILK CHOCOLATE,1108.0,96.0,2846.8,201.6,2645.2
22152,PLACE SETTING WHITE STAR,6241.0,11.0,2642.28,4.62,2637.66
22376,AIRLINE BAG VINTAGE JET SET WHITE,529.0,0.0,2632.18,0.0,2632.18
22503,CABIN BAG VINTAGE PAISLEY,141.0,22.0,3178.02,546.7,2631.32
22500,SET OF 2 TINS JARDIN DE PROVENCE,580.0,4.0,2647.31,19.8,2627.51
21897,POTTING SHED CANDLE CITRONELLA,866.0,5.0,2641.36,14.75,2626.61
84872A,TEATIME FUNKY FLOWER BACKPACK FOR 2,235.0,0.0,2620.01,0.0,2620.01
21422,PORCELAIN ROSE SMALL,3160.0,4.0,2619.17,3.4,2615.77
85034B,3 WHITE CHOC MORRIS BOXED CANDLES,1184.0,0.0,2614.93,0.0,2614.93
21204,DAISIES  HONEYCOMB GARLAND,1608.0,49.0,2682.99,71.25,2611.74
22713,CARD I LOVE LONDON,6084.0,20.0,2616.12,8.4,2607.72
51014C,"FEATHER PEN,COAL BLACK",4269.0,230.0,2752.33,144.9,2607.43
72800E,4 IVORY DINNER CANDLES SILVER FLOCK,1388.0,12.0,2613.82,9.48,2604.34
85049F,BABY BOOM RIBBONS,2110.0,25.0,2634.0,31.25,2602.75
85183B,CHARLIE & LOLA WASTEPAPER BIN FLORA,1725.0,35.0,2731.76,131.25,2600.51
22046,TEA PARTY  WRAPPING PAPER,6375.0,34.0,2613.5,14.28,2599.22
37502,TEA TIME MUG IN GIFT BOX,868.0,1.0,2599.79,2.95,2596.84
23054,RECYCLED ACAPULCO MAT LAVENDER,295.0,1.0,2604.93,8.25,2596.68
22758,LARGE PURPLE BABUSHKA NOTEBOOK,2437.0,18.0,2618.35,22.5,2595.85
47585A,PINK FAIRY CAKE CUSHION COVER,1084.0,13.0,2612.88,18.75,2594.13
85035B,CHOCOLATE 3 WICK MORRIS BOX CANDLE,992.0,0.0,2590.11,0.0,2590.11
22190,LOCAL CAFE MUG,1400.0,1.0,2591.67,2.1,2589.57
72799E,IVORY PILLAR CANDLE SILVER FLOCK,1232.0,6.0,2600.64,17.7,2582.94
21171,BATHROOM METAL SIGN,1845.0,0.0,2578.27,0.0,2578.27
84849D,HOT BATHS SOAP HOLDER,1558.0,24.0,2618.27,40.56,2577.71
22094,RED RETROSPOT TISSUE BOX,3557.0,92.0,2649.05,73.72,2575.33
47503J,SET/3 FLORAL GARDEN TOOLS IN BAG,344.0,19.0,2719.38,151.05,2568.33
82597,BOMBS AWAY METAL SIGN,1210.0,3.0,2569.66,5.89,2563.77
22231,JIGSAW TREE WITH BIRDHOUSE,2135.0,107.0,2712.48,150.15,2562.33
21808,"CHRISTMAS GARLAND STARS,TREES",1001.0,46.0,2715.53,155.0,2560.53
22471,TV DINNER TRAY AIR HOSTESS,627.0,3.0,2568.76,11.85,2556.91
22146,EASTER CRAFT IVY WREATH WITH CHICK,1413.0,46.0,2633.13,77.7,2555.43
21589,SWALLOW GIANT TUBE MATCHES,1119.0,12.0,2583.45,30.6,2552.85
21653,GLASS ETCHED T-LIGHT HOLDER LARGE,1246.0,7.0,2565.67,14.7,2550.97
20960,WATERMELON BATH SPONGE,1900.0,0.0,2550.84,0.0,2550.84
22439,6 ROCKET BALLOONS,3891.0,75.0,2599.01,48.75,2550.26
21818,GLITTER HEART DECORATION,4196.0,0.0,2549.45,0.0,2549.45
22270,HAPPY EASTER HANGING DECORATION,685.0,26.0,2638.67,96.78,2541.89
22735,RIBBON REEL SOCKS AND MITTENS,1434.0,0.0,2541.38,0.0,2541.38
21898,POTTING SHED ROSE CANDLE,827.0,0.0,2538.81,0.0,2538.81
20787,BLUE RETRO BAR STOOL,69.0,0.0,2535.1,0.0,2535.1
22937,BAKING MOULD CUPCAKE CHOCOLATE,972.0,13.0,2563.24,33.15,2530.09
90062,CARNIVAL BRACELET,204.0,5.0,2591.42,63.75,2527.67
84012,MAGIC SHEEP WOOL GROWING FROM PAPER,1838.0,120.0,2628.47,102.0,2526.47
23681,LUNCH BAG RED VINTAGE DOILY,1576.0,0.0,2525.04,0.0,2525.04
22415,WHITE TISSUE REAM,317.0,0.0,2520.15,0.0,2520.15
85034C,3 ROSE MORRIS BOXED CANDLES,1314.0,23.0,2604.15,85.75,2518.4
21215,IVORY PAPER CUP CAKE CASES,4349.0,42.0,2533.88,17.64,2516.24
21431,GREEN GINGHAM FLOWER JEWELLERY BOX,1483.0,2.0,2511.36,3.3,2508.06
23424,GINGHAM RECIPE BOOK BOX,462.0,1.0,2509.62,4.95,2504.67
22313,OFFICE MUG WARMER PINK,985.0,252.0,3146.07,647.4,2498.67
82567,"AIRLINE LOUNGE,METAL SIGN",1207.0,1.0,2498.98,2.1,2496.88
21323,HANGING MEDINA LANTERN LARGE,740.0,3.0,2506.89,12.75,2494.14
21288,STRIPEY CHOCOLATE NESTING BOXES,982.0,25.0,2557.47,64.15,2493.32
23316,RED REFECTORY CLOCK,250.0,1.0,2501.64,9.95,2491.69
23146,TRIPLE HOOK ANTIQUE IVORY ROSE,798.0,50.0,2645.26,164.1,2481.16
23367,SET 12 COLOUR PENCILS SPACEBOY,3278.0,16.0,2491.2,10.4,2480.8
84754,S/15 SILVER GLASS BAUBLES IN BAG,2083.0,146.0,2634.59,155.14,2479.45
84509B,SET OF 4 FAIRY CAKE PLACEMATS,654.0,4.0,2489.97,15.0,2474.97
85054,FRENCH ENAMEL POT W LID,916.0,8.0,2495.02,20.2,2474.82
22742,MAKE YOUR OWN PLAYTIME CARD KIT,1002.0,2.0,2475.3,5.9,2469.4
85041,SET/4 PINK ORCHID CANDLES IN BOWL,1853.0,14.0,2489.87,23.1,2466.77
21616,4 PEAR BOTANICAL DINNER CANDLES,1152.0,0.0,2458.58,0.0,2458.58
21680,WOODLAND  STICKERS,2858.0,30.0,2483.68,25.5,2458.18
84509F,SET OF 4 NEW ENGLAND PLACEMATS,2781.0,0.0,2456.1,0.0,2456.1
21203,BUTTERFLIES  HONEYCOMB GARLAND,1539.0,49.0,2527.0,71.25,2455.75
20668,DISCO BALL CHRISTMAS DECORATION,20951.0,3.0,2454.88,0.36,2454.52
85206B,PINK FELT EASTER EGG BASKET,1538.0,14.0,2477.3,23.1,2454.2
22676,"FRENCH BLUE METAL DOOR SIGN, 1",1830.0,11.0,2464.98,13.75,2451.23
22852,ENAMEL DOG BOWL CREAM,565.0,5.0,2467.11,21.25,2445.86
23352,ROLL WRAP 50'S RED CHRISTMAS,1800.0,12.0,2459.2,15.0,2444.2
21330,WOODLAND ANIMAL  WRITING SET,1452.0,9.0,2454.07,14.85,2439.22
21792,CLASSIC FRENCH STYLE BASKET GREEN,494.0,13.0,2517.88,84.95,2432.93
21809,CHRISTMAS HANGING TREE WITH BELL,3015.0,0.0,2427.89,0.0,2427.89
22342,HOME GARLAND PAINTED ZINC,1817.0,70.0,2521.25,96.3,2424.95
21106,CREAM SLICE FLANNEL CHOCOLATE SPOT,790.0,0.0,2419.68,0.0,2419.68
22911,PAPER CHAIN KIT LONDON,853.0,12.0,2454.35,35.4,2418.95
22789,T-LIGHT HOLDER SWEETHEART HANGING,1238.0,1.0,2419.54,1.95,2417.59
22091,EMPIRE TISSUE BOX,3179.0,55.0,2485.86,68.75,2417.11
21823,PAINTED METAL HEART WITH HOLLY BELL,2468.0,24.0,2447.72,34.8,2412.92
22613,PACK OF 20 SPACEBOY NAPKINS,3051.0,10.0,2419.76,8.5,2411.26
22021,BLUE FELT EASTER EGG BASKET,1413.0,12.0,2430.31,19.8,2410.51
22540,MINI JIGSAW CIRCUS PARADE,6162.0,3.0,2410.29,1.26,2409.03
21274,EMBOSSED HEART 3 DRAWER SHELF,175.0,1.0,2420.69,12.75,2407.94
21924,BLUE/CREAM STRIPE FRINGE HAMMOCK,315.0,10.0,2486.66,79.5,2407.16
22448,PIN CUSHION RUSSIAN DOLL RED,753.0,6.0,2426.73,20.1,2406.63
84840,SWEETHEART CARRY-ALL BASKET,282.0,3.0,2430.82,25.5,2405.32
21439,BASKET OF TOADSTOOLS,2259.0,408.0,2837.54,432.48,2405.06
23406,HOME SWEET HOME KEY HOLDER,456.0,3.0,2422.66,18.75,2403.91
21642,ASSORTED TUTTI FRUTTI PEN,4413.0,266.0,2575.18,172.34,2402.84
21973,SET OF 36 MUSHROOM PAPER DOILIES,1670.0,13.0,2420.03,18.85,2401.18
22537,MAGIC SLATE DINOSAUR,5861.0,48.0,2420.91,20.16,2400.75
85036A,GARDENIA 1 WICK MORRIS BOXED CANDLE,621.0,2.0,2405.79,5.5,2400.29
22153,ANGEL DECORATION STARS ON DRESS,5705.0,166.0,2469.16,69.72,2399.44
23400,SHELF WITH 4 HOOKS HOME SWEET HOME,461.0,2.0,2409.34,12.5,2396.84
23265,SET OF 3 WOODEN TREE DECORATIONS,1769.0,15.0,2404.79,18.75,2386.04
21462,"NURSERY A,B,C PAINTED LETTERS",413.0,6.0,2425.41,40.5,2384.91
22829,SWEETHEART WIRE WALL TIDY,241.0,10.0,2468.57,87.9,2380.67
22986,WRAP GINGHAM ROSE,5795.0,25.0,2389.9,10.5,2379.4
22566,"FELTCRAFT HAIRBAND S/2, PINK/PURPLE",2836.0,0.0,2373.82,0.0,2373.82
47570,ENGLISH ROSE TABLE CLOTH,220.0,0.0,2373.01,0.0,2373.01
23498,CLASSIC BICYCLE CLIPS,1640.0,0.0,2372.68,0.0,2372.68
23437,GIFT BAG LARGE 50'S CHRISTMAS,1939.0,2.0,2373.63,2.5,2371.13
85059,FRENCH ENAMEL WATER BASIN,701.0,10.0,2399.89,30.0,2369.89
23028,DRAWER KNOB CRACKLE GLAZE BLUE,1369.0,7.0,2377.13,11.55,2365.58
22990,COTTON APRON PANTRY DESIGN,633.0,126.0,2917.43,553.7,2363.73
10133,COLOURING PENCILS BROWN TUBE,3837.0,20.0,2373.26,12.7,2360.56
21789,KIDS RAIN MAC PINK,2920.0,92.0,2437.07,78.2,2358.87
21468,BUTTERFLY CROCHET FOOD COVER,669.0,2.0,2361.39,7.5,2353.89
85034A,3 GARDENIA MORRIS BOXED CANDLES,849.0,11.0,2389.69,37.75,2351.94
23436,VINTAGE CHRISTMAS GIFT BAG LARGE,1979.0,15.0,2367.39,18.75,2348.64
22642,SET OF 4 NAPKIN CHARMS STARS,989.0,0.0,2348.47,0.0,2348.47
23412,HEART MIRROR ANTIQUE WHITE,358.0,2.0,2354.8,15.0,2339.8
22321,BIRD DECORATION RED SPOT,2528.0,1.0,2339.95,0.85,2339.1
23401,RUSTIC MIRROR WITH LACE HEART,459.0,3.0,2354.87,18.75,2336.12
22421,LIPSTICK PEN FUSCHIA,4721.0,45.0,2351.86,18.6,2333.26
21437,24 HANGING EASTER EGGS FLORAL TUB,677.0,5.0,2350.92,18.75,2332.17
21126,SET OF 6 GIRLS CELEBRATION CANDLES,2325.0,14.0,2349.22,17.5,2331.72
21708,FOLDING UMBRELLA CREAM POLKADOT,611.0,4.0,2336.48,19.8,2316.68
21824,PAINTED METAL STAR WITH HOLLY BELLS,2782.0,24.0,2351.46,34.8,2316.66
22609,PENS ASSORTED SPACEBALL,7087.0,144.0,2414.54,98.64,2315.9
21747,SMALL SKULL WINDMILL,2049.0,126.0,2452.35,136.98,2315.37
21540,DAIRY MAID CERAMIC BUTTER DISH,1323.0,20.0,2394.95,81.5,2313.45
21615,4 LAVENDER BOTANICAL DINNER CANDLES,1168.0,0.0,2308.67,0.0,2308.67
84796A,PINK HAWAIIAN PICNIC HAMPER FOR 2,312.0,0.0,2307.23,0.0,2307.23
84459B,YELLOW METAL CHICKEN HEART,1475.0,24.0,2341.77,35.76,2306.01
23371,SET 36 COLOUR PENCILS SPACEBOY,1705.0,0.0,2304.78,0.0,2304.78
21947,SET OF 6 HEART CHOPSTICKS,1675.0,0.0,2302.81,0.0,2302.81
85114A,BLACK ENCHANTED FOREST PLACEMAT,1326.0,0.0,2296.54,0.0,2296.54
22251,BIRDHOUSE DECORATION MAGIC GARDEN,1871.0,19.0,2317.64,23.75,2293.89
84536A,ENGLISH ROSE NOTEBOOK A7 SIZE,5102.0,38.0,2309.7,15.96,2293.74
21741,COSY SLIPPER SHOES LARGE GREEN,701.0,1.0,2293.75,2.55,2291.2
22306,SILVER MUG BONE CHINA TREE OF LIFE,1621.0,17.0,2316.2,28.7,2287.5
23360,SET 8 CANDLES VINTAGE DOILY,1182.0,0.0,2286.4,0.0,2286.4
22831,WHITE BROCANTE SOAP DISH,776.0,0.0,2286.28,0.0,2286.28
85176,SEWING SUSAN 21 NEEDLE SET,2748.0,16.0,2293.0,13.18,2279.82
23330,DECORATIVE WICKER HEART MEDIUM,1794.0,6.0,2286.97,7.5,2279.47
21482,MUSHROOM BLUE HOT WATER BOTTLE,740.0,6.0,2296.76,17.7,2279.06
21262,WHITE GOOSE FEATHER CHRISTMAS TREE,606.0,11.0,2366.02,88.45,2277.57
22973,CHILDRENS CIRCUS PARADE MUG,1361.0,24.0,2314.33,39.2,2275.13
22828,REGENCY MIRROR WITH SHUTTERS,17.0,2.0,2565.0,290.0,2275.0
85107,CUT GLASS T-LIGHT HOLDER OCTAGON,1203.0,0.0,2274.79,0.0,2274.79
22409,TIN CAN BISCUITS DESIGN,1686.0,14.0,2290.46,17.5,2272.96
85106,CUT GLASS HEXAGON T-LIGHT HOLDER,1190.0,0.0,2271.24,0.0,2271.24
22539,MINI JIGSAW DOLLY GIRL,5654.0,1.0,2268.13,0.42,2267.71
85199L,LARGE HANGING IVORY & RED WOOD BIRD,3455.0,27.0,2285.02,17.55,2267.47
23197,VEGETABLE MAGNETIC  SHOPPING LIST,1478.0,25.0,2303.5,36.25,2267.25
22362,GLASS JAR PEACOCK BATH SALTS,747.0,49.0,2410.53,144.55,2265.98
22246,MAGIC GARDEN FELT GARLAND,1081.0,12.0,2287.95,23.4,2264.55
21873,IF YOU CAN'T STAND THE HEAT MUG,2010.0,91.0,2360.01,100.07,2259.94
23029,DRAWER KNOB CRACKLE GLAZE GREEN,1352.0,28.0,2303.92,46.2,2257.72
85183A,CHARLIE & LOLA WASTEPAPER BIN BLUE,1512.0,9.0,2275.75,18.75,2257.0
21826,EIGHT PIECE DINOSAUR SET,1800.0,57.0,2326.87,71.25,2255.62
84818,DANISH ROSE PHOTO FRAME,1788.0,107.0,2382.25,132.05,2250.2
84469,ROSE DES PADDED FLOOR CUSHION,664.0,0.0,2249.41,0.0,2249.41
22133,PINK LOVE HEART SHAPE CUP,2464.0,12.0,2258.61,10.2,2248.41
22933,BAKING MOULD EASTER EGG MILK CHOC,940.0,156.0,2585.92,337.8,2248.12
21819,GLITTER CHRISTMAS STAR,3847.0,0.0,2247.14,0.0,2247.14
21187,WHITE BELL HONEYCOMB PAPER GARLAND,1344.0,0.0,2243.78,0.0,2243.78
22024,RAINY LADIES BIRTHDAY CARD,5391.0,36.0,2257.0,15.12,2241.88
22803,IVORY EMBROIDERED QUILT,59.0,0.0,2237.84,0.0,2237.84
23326,HANGING MINI COLOURED BOTTLES,3442.0,0.0,2237.08,0.0,2237.08
85035A,GARDENIA 3 WICK MORRIS BOXED CANDLE,649.0,34.0,2370.31,133.94,2236.37
21804,WHITE CHRISTMAS GARLAND STARS TREES,597.0,2.0,2240.99,7.5,2233.49
23093,SMALL PARISIENNE HEART PHOTO FRAME,939.0,3.0,2239.24,7.47,2231.77
23048,SET OF 10 LANTERNS FAIRY LIGHT STAR,577.0,33.0,2368.37,136.95,2231.42
21398,RED POLKADOT COFFEE  MUG,2295.0,2.0,2231.9,4.2,2227.7
23128,FELTCRAFT BOY JEAN-PAUL KIT,448.0,7.0,2258.66,34.65,2224.01
35001G,HAND OPEN SHAPE GOLD,715.0,11.0,2259.47,37.29,2222.18
22336,DOVE DECORATION PAINTED ZINC,4661.0,23.0,2234.96,14.95,2220.01
23501,KEY RING BASEBALL BOOT UNION JACK,1821.0,0.0,2217.87,0.0,2217.87
16237,SLEEPING CAT ERASERS,10385.0,91.0,2233.15,19.11,2214.04
84913A,SOFT PINK ROSE TOWEL,608.0,0.0,2211.54,0.0,2211.54
21686,MEDINA STAMPED METAL STOOL,65.0,7.0,2460.14,249.65,2210.49
85172,HYACINTH BULB T-LIGHT CANDLES,4271.0,153.0,2274.56,64.26,2210.3
23438,RED SPOT GIFT BAG LARGE,1809.0,0.0,2209.92,0.0,2209.92
22785,SQUARECUSHION COVER PINK UNION JACK,412.0,0.0,2207.11,0.0,2207.11
22716,CARD CIRCUS PARADE,5218.0,12.0,2211.41,5.04,2206.37
20658,RED SPOTTY LUGGAGE TAG,1584.0,36.0,2251.36,45.0,2206.36
21681,GIANT MEDINA STAMPED METAL BOWL,233.0,3.0,2234.81,29.85,2204.96
17091J,VANILLA INCENSE IN TIN,3964.0,0.0,2204.35,0.0,2204.35
21638,ASSORTED TUTTI FRUTTI NOTEBOOK,1020.0,8.0,2220.94,16.8,2204.14
23064,CINDERELLA CHANDELIER,221.0,71.0,3717.56,1514.05,2203.51
22286,DECORATION WOBBLY RABBIT METAL,1937.0,0.0,2200.75,0.0,2200.75
21651,HANGING GLASS ETCHED TEALIGHT,1361.0,0.0,2200.36,0.0,2200.36
21710,FOLDING UMBRELLA PINKWHITE POLKADOT,726.0,7.0,2235.01,34.65,2200.36
22514,CHILDS GARDEN SPADE BLUE,1082.0,2.0,2202.92,4.2,2198.72
21464,DISCO BALL ROTATOR BATTERY OPERATED,539.0,21.0,2286.75,89.25,2197.5
22074,6 RIBBONS SHIMMERING PINKS,2156.0,12.0,2216.34,19.8,2196.54
23403,LETTER HOLDER HOME SWEET HOME,625.0,3.0,2204.11,11.25,2192.86
21125,SET 6 FOOTBALL CELEBRATION CANDLES,2123.0,15.0,2211.38,18.75,2192.63
21476,STEEL SWEETHEART ROUND TABLE CREAM,142.0,2.0,2219.51,29.9,2189.61
22711,WRAP CIRCUS PARADE,5377.0,50.0,2210.34,21.0,2189.34
22453,MEASURING TAPE RUSSIAN DOLL BLUE,801.0,8.0,2212.92,23.6,2189.32
22853,ENAMEL CAT BOWL CREAM,645.0,6.0,2205.57,19.5,2186.07
85045,GREEN CHRISTMAS TREE STRING 20LIGHT,471.0,12.0,2239.34,54.5,2184.84
21620,SET OF 4 ROSE BOTANICAL CANDLES,1087.0,6.0,2206.73,22.5,2184.23
85039B,S/4 IVORY MINI ROSE CANDLE IN BOWL,1657.0,12.0,2191.96,19.8,2172.16
20770,ABSTRACT CIRCLE JOURNAL,1045.0,10.0,2190.59,20.1,2170.49
84691,PACK 20 DOLLY PEGS,2747.0,82.0,2225.5,56.1,2169.4
22069,BROWN  PIRATE TREASURE CHEST,968.0,0.0,2164.63,0.0,2164.63
21611,SET OF 12 LILY BOTANICAL T-LIGHTS,750.0,6.0,2182.19,17.7,2164.49
21696,SMALL SILVER TRELLIS CANDLEPOT,749.0,30.0,2251.14,88.5,2162.64
22948,METAL DECORATION NAUGHTY CHILDREN,2155.0,12.0,2164.69,10.2,2154.49
20931,BLUE POT PLANT CANDLE,673.0,27.0,2238.07,87.55,2150.52
23370,SET 36 COLOURING PENCILS DOILY,1550.0,1.0,2151.6,1.25,2150.35
23445,ICE CREAM BUBBLES,2668.0,20.0,2161.24,16.6,2144.64
85116,BLACK CANDELABRA T-LIGHT HOLDER,1817.0,30.0,2206.24,63.0,2143.24
23252,VINTAGE RED ENAMEL TRIM JUG,603.0,33.0,2261.61,123.75,2137.86
21421,PORCELAIN ROSE LARGE,1792.0,6.0,2144.48,7.5,2136.98
21905,MORE BUTTER METAL SIGN,1615.0,2.0,2141.07,4.2,2136.87
22182,CAKE STAND VICTORIAN FILIGREE SMALL,561.0,4.0,2156.45,19.8,2136.65
21617,4 LILY  BOTANICAL DINNER CANDLES,834.0,0.0,2135.01,0.0,2135.01
23161,REGENCY CAKE FORK,1715.0,12.0,2145.3,15.0,2130.3
22708,WRAP DOLLY GIRL,5325.0,25.0,2140.5,10.5,2130.0
23066,SMALL JEWELLERY STAND,259.0,1.0,2137.81,8.25,2129.56
22677,"FRENCH BLUE METAL DOOR SIGN, 2",1583.0,11.0,2143.03,13.75,2129.28
21774,DECORATIVE CATS BATHROOM BOTTLE,1711.0,1.0,2129.81,1.25,2128.56
23302,KNEELING MAT HOUSEWORK  DESIGN,1536.0,36.0,2181.42,54.24,2127.18
23005,TRAVEL CARD WALLET I LOVE LONDON,4733.0,1.0,2126.55,0.42,2126.13
23213,STAR WREATH DECORATION WITH BELL,1682.0,12.0,2138.42,15.0,2123.42
21195,PINK  HONEYCOMB PAPER BALL,997.0,0.0,2122.66,0.0,2122.66
85216,ASSORTED CAKES FRIDGE MAGNETS,2849.0,49.0,2154.22,31.85,2122.37
22515,CHILDS GARDEN SPADE PINK,1046.0,4.0,2129.74,8.4,2121.34
20764,ABSTRACT CIRCLES SKETCHBOOK,685.0,4.0,2134.76,15.0,2119.76
23031,DRAWER KNOB CRACKLE GLAZE PINK,1278.0,20.0,2152.3,33.0,2119.3
23020,GLASS SONGBIRD STORAGE JAR,180.0,6.0,2191.84,73.65,2118.19
22824,3 TIER SWEETHEART GARDEN SHELF,61.0,1.0,2153.95,35.95,2118.0
22714,CARD BIRTHDAY COWBOY,5277.0,108.0,2157.91,41.04,2116.87
23046,PAPER LANTERN 9 POINT DELUXE STAR,349.0,0.0,2111.49,0.0,2111.49
21643,ASSORTED TUTTI FRUTTI MIRROR,1521.0,14.0,2127.94,17.5,2110.44
23079,TOADSTOOL BEDSIDE LIGHT,251.0,14.0,2225.45,125.3,2100.15
23233,WRAP POPPIES  DESIGN,5175.0,25.0,2105.5,10.5,2095.0
22338,STAR DECORATION PAINTED ZINC,6087.0,95.0,2151.99,60.37,2091.62
22913,RED COAT RACK PARIS FASHION,450.0,4.0,2107.85,19.8,2088.05
22996,TRAVEL CARD WALLET VINTAGE TICKET,4801.0,26.0,2094.93,10.92,2084.01
72799F,IVORY PILLAR CANDLE GOLD FLOCK,1125.0,0.0,2082.74,0.0,2082.74
40018F,CHERRY DESIGN PAPERLANTERNS,1092.0,12.0,2100.33,23.4,2076.93
21359,RELAX LARGE WOOD LETTERS,208.0,4.0,2116.48,39.8,2076.68
21655,HANGING RIDGE GLASS T-LIGHT HOLDER,1396.0,128.0,2277.5,201.92,2075.58
84854,GIRLY PINK TOOL SET,381.0,1.0,2079.47,4.25,2075.22
21865,PINK UNION JACK  PASSPORT COVER,896.0,6.0,2085.64,12.6,2073.04
22023,EMPIRE BIRTHDAY CARD,4975.0,12.0,2076.77,5.04,2071.73
22695,WICKER WREATH SMALL,1457.0,0.0,2070.15,0.0,2070.15
21619,4 VANILLA BOTANICAL CANDLES,1131.0,0.0,2069.02,0.0,2069.02
85049H,URBAN BLACK RIBBONS,2066.0,0.0,2067.18,0.0,2067.18
84670,JAPANESE CROCHETED ANIMAL,5196.0,150.0,2128.72,63.0,2065.72
23227,FILIGREE HEART BUTTERFLY WHITE,1642.0,6.0,2070.06,7.5,2062.56
84509G,SET OF 4 FAIRY CAKE PLACEMATS,804.0,0.0,2060.37,0.0,2060.37
22279,POCKET BAG BLUE PAISLEY RED SPOT,1440.0,37.0,2104.62,46.25,2058.37
21077,SET/20 WOODLAND PAPER NAPKINS,2790.0,0.0,2058.1,0.0,2058.1
22163,HEART STRING MEMO HOLDER HANGING,1269.0,79.0,2235.12,179.05,2056.07
51014L,"FEATHER PEN,LIGHT PINK",3445.0,204.0,2222.35,167.88,2054.47
23152,IVORY SWEETHEART WIRE LETTER RACK,554.0,7.0,2080.65,26.25,2054.4
21070,VINTAGE BILLBOARD MUG,2034.0,30.0,2083.46,33.32,2050.14
21640,ASSORTED TUTTI FRUTTI  FOB NOTEBOOK,2225.0,0.0,2049.4,0.0,2049.4
84990,60 GOLD AND SILVER FAIRY CAKE CASES,4248.0,24.0,2062.19,13.2,2048.99
23291,DOLLY GIRL CHILDRENS CUP,1634.0,10.0,2059.03,12.5,2046.53
21058,PARTY INVITES WOODLAND,2396.0,12.0,2055.59,10.2,2045.39
84797B,BLUE SAVANNAH PICNIC HAMPER FOR 4,344.0,2.0,2077.82,33.9,2043.92
79323GR,GREEN CHERRY LIGHTS,532.0,194.0,3209.36,1168.5,2040.86
23500,KEY RING BASEBALL BOOT ASSORTED,1626.0,0.0,2038.33,0.0,2038.33
23251,VINTAGE RED ENAMEL TRIM MUG,1712.0,58.0,2105.75,72.5,2033.25
22859,EASTER TIN BUNNY BOUQUET,1250.0,32.0,2085.75,52.8,2032.95
47591C,BLUE FAIRY CAKE CHILDRENS APRON,1055.0,0.0,2029.27,0.0,2029.27
22201,FRYING PAN BLUE RETROSPOT,509.0,2.0,2034.4,8.5,2025.9
21200,MULTICOLOUR HONEYCOMB PAPER GARLAND,1421.0,28.0,2065.16,40.6,2024.56
23490,T-LIGHT HOLDER HANGING LOVE BIRD,542.0,3.0,2032.77,11.25,2021.52
21291,SMALL SPOTTY CHOCOLATE GIFT BAG,2411.0,67.0,2077.93,56.95,2020.98
22261,FELT EGG COSY WHITE RABBIT,2105.0,4.0,2024.35,3.4,2020.95
22400,MAGNETS PACK OF 4 HOME SWEET HOME,2450.0,25.0,2049.56,30.39,2019.17
22308,TEA COSY BLUE STRIPE,677.0,26.0,2085.05,66.3,2018.75
85016,SET OF 6 VINTAGE NOTELETS KIT,1679.0,7.0,2033.33,17.85,2015.48
21356,TOAST ITS - FAIRY FLOWER,1592.0,1.0,2014.16,1.25,2012.91
22799,SWEETHEART WIRE FRUIT BOWL,253.0,1.0,2020.84,8.5,2012.34
23529,WALL ART DOLLY GIRL,637.0,0.0,2011.99,0.0,2011.99
37476,CONDIMENT TRAY 4 BOWLS AND 4 SPOONS,209.0,0.0,2010.6,0.0,2010.6
22520,CHILDS GARDEN TROWEL BLUE,2294.0,2.0,2011.28,1.7,2009.58
21612,SET 12 WILDFLOWER BOTANICAL T-LIGHT,698.0,6.0,2025.77,17.7,2008.07
22928,YELLOW GIANT GARDEN THERMOMETER,296.0,6.0,2041.35,35.7,2005.65
21397,BLUE POLKADOT EGG CUP,2157.0,12.0,2017.74,15.0,2002.74
23268,SET OF 2 CERAMIC CHRISTMAS REINDEER,1447.0,12.0,2018.14,17.4,2000.74
23274,STAR T-LIGHT HOLDER WILLIE WINKIE,1180.0,3.0,2005.0,4.95,2000.05
21504,SKULLS GREETING CARD,4913.0,12.0,2005.02,5.04,1999.98
23289,DOLLY GIRL CHILDRENS BOWL,1622.0,12.0,2013.7,15.0,1998.7
23315,IVORY REFECTORY CLOCK,213.0,12.0,2094.24,97.8,1996.44
22521,CHILDS GARDEN TROWEL PINK,2288.0,2.0,1987.93,1.7,1986.23
21389,IVORY HANGING DECORATION  BIRD,2299.0,30.0,2008.09,25.5,1982.59
23357,HOT WATER BOTTLE SEX BOMB,450.0,0.0,1982.05,0.0,1982.05
22559,SEASIDE FRISBEE,1583.0,4.0,1986.87,5.0,1981.87
22496,SET OF 2 ROUND TINS DUTCH CHEESE,731.0,6.0,1996.09,17.7,1978.39
20686,DOLLY MIXTURE CHILDREN'S UMBRELLA,590.0,8.0,2002.84,25.0,1977.84
22405,TIN CAN POCKET MONEY DESIGN,1642.0,13.0,1993.38,16.06,1977.32
35953,FOLKART STAR CHRISTMAS DECORATIONS,3868.0,24.0,2007.22,30.0,1977.22
21348,PINK SPOTS CHOCOLATE NESTING BOXES,842.0,31.0,2030.84,54.25,1976.59
20871,OPULENT VELVET SET/3 CANDLES,1273.0,2.0,1978.05,4.2,1973.85
84676,BATH DUCK WATERING CAN,848.0,49.0,2102.46,132.55,1969.91
23145,ZINC T-LIGHT HOLDER STARS LARGE,2084.0,11.0,1979.48,10.45,1969.03
17084R,ASSORTED INCENSE PACK,10625.0,0.0,1968.45,0.0,1968.45
23068,ALUMINIUM STAMPED HEART,809.0,0.0,1966.93,0.0,1966.93
22931,BAKING MOULD HEART WHITE CHOCOLATE,813.0,0.0,1963.3,0.0,1963.3
22832,SWEETHEART WIRE WALL TIDY,185.0,7.0,2033.15,75.25,1957.9
22719,GUMBALL MONOCHROME COAT RACK,1467.0,28.0,1987.83,30.44,1957.39
20846,ZINC HEART LATTICE T-LIGHT HOLDER,1453.0,0.0,1956.81,0.0,1956.81
22068,BLACK PIRATE TREASURE CHEST,1112.0,14.0,1979.82,23.1,1956.72
22599,CHRISTMAS MUSICAL ZINC STAR,3119.0,24.0,1976.88,20.4,1956.48
21629,SQUARE FLOOR CUSHION VINTAGE RED,177.0,1.0,1961.37,7.95,1953.42
22211,WOOD STAMP SET FLOWERS,1531.0,49.0,2022.35,71.25,1951.1
22343,PARTY PIZZA DISH RED+WHITE SPOT,3297.0,42.0,1985.74,35.7,1950.04
23374,RED SPOT PAPER GIFT BAG,2456.0,16.0,1962.83,13.12,1949.71
21695,SMALL SILVER FLOWER CANDLE POT,630.0,1.0,1952.18,2.95,1949.23
21803,CHRISTMAS TREE STAR DECORATION,4463.0,0.0,1938.96,0.0,1938.96
21630,FLOOR CUSHION ELEPHANT CARNIVAL,162.0,4.0,1973.39,35.8,1937.59
22802,FAUX FUR CHOCOLATE THROW,110.0,0.0,1933.59,0.0,1933.59
22262,FELT EGG COSY CHICKEN,2026.0,17.0,1947.82,14.45,1933.37
21657,MILK BOTTLE WITH GLASS STOPPER,257.0,5.0,1967.38,34.75,1932.63
79160,HEART SHAPE WIRELESS DOORBELL,944.0,21.0,1973.07,44.1,1928.97
35971,ROSE FOLKART HEART DECORATIONS,1963.0,17.0,1947.74,21.25,1926.49
22204,MILK PAN BLUE RETROSPOT,537.0,14.0,1974.29,52.5,1921.79
84581,DOG TOY WITH PINK CROCHET SKIRT,506.0,0.0,1920.02,0.0,1920.02
85217,ASSORTED ICE CREAM FRIDGE MAGNETS,2869.0,96.0,1981.85,62.4,1919.45
21538,DAIRY MAID  PUDDING BOWL,1308.0,2.0,1924.51,7.5,1917.01
22098,BOUDOIR SQUARE TISSUE BOX,2865.0,79.0,1952.04,35.11,1916.93
21802,CHRISTMAS TREE HEART DECORATION,4377.0,1.0,1917.2,0.42,1916.78
22438,BALLOON ART MAKE YOUR OWN FLOWERS,1459.0,0.0,1913.22,0.0,1913.22
21991,BOHEMIAN COLLAGE STATIONERY SET,1103.0,12.0,1927.54,15.0,1912.54
22614,PACK OF 12 SPACEBOY TISSUES,5726.0,133.0,1954.3,42.27,1912.03
20716,PARTY FOOD SHOPPER BAG,1533.0,11.0,1925.04,13.75,1911.29
23235,STORAGE TIN VINTAGE LEAF,736.0,14.0,1950.66,40.46,1910.2
85162B,BLACK RETRODISC LAMPSHADE,977.0,0.0,1905.15,0.0,1905.15
22753,SMALL YELLOW BABUSHKA NOTEBOOK,2332.0,12.0,1915.21,10.2,1905.01
79341,WILLOW BRANCH LIGHTS.,725.0,448.0,4423.69,2519.6,1904.09
21043,APRON MODERN VINTAGE COTTON,677.0,3.0,1921.03,17.85,1903.18
84763,ZINC FINISH 15CM PLANTER POTS,1517.0,0.0,1903.0,0.0,1903.0
22363,GLASS JAR MARMALADE,781.0,152.0,2303.39,400.4,1902.99
22565,FELTCRAFT HAIRBANDS PINK AND WHITE,2086.0,1.0,1902.19,0.85,1901.34
23094,LE GRAND TRAY CHIC SET,152.0,2.0,1924.92,25.0,1899.92
84459A,PINK METAL CHICKEN HEART,1263.0,96.0,2041.69,143.04,1898.65
20984,12 PENCILS TALL TUBE POSY,5867.0,216.0,1940.96,44.76,1896.2
22985,"WRAP, BILLBOARD FONTS DESIGN",4722.0,0.0,1895.24,0.0,1895.24
22513,DOORSTOP FOOTBALL DESIGN,585.0,0.0,1894.7,0.0,1894.7
22522,CHILDS GARDEN FORK BLUE,2239.0,15.0,1905.81,12.75,1893.06
84519B,CARROT CHARLIE+LOLA COASTER SET,867.0,1.0,1895.37,2.95,1892.42
21692,SILVER LATTICE VANILLA CANDLE POT,502.0,4.0,1906.62,15.0,1891.62
21647,ASSORTED TUTTI FRUTTI LARGE PURSE,848.0,4.0,1899.28,8.4,1890.88
23491,VINTAGE JINGLE BELLS HEART,228.0,1.0,1897.76,8.25,1889.51
40001,WHITE BAMBOO RIBS LAMPSHADE,2484.0,45.0,1911.65,28.8,1882.85
23358,HOT STUFF HOT WATER BOTTLE,594.0,38.0,2008.38,125.94,1882.44
46775D,SUNSET COLOUR CHUNKY KNITTED THROW,153.0,4.0,1938.19,59.3,1878.89
23394,POSTE FRANCE CUSHION COVER,435.0,0.0,1877.65,0.0,1877.65
23434,3 RAFFIA RIBBONS 50'S CHRISTMAS,2095.0,10.0,1884.17,7.9,1876.27
85231B,CINAMMON SET OF 9 T-LIGHTS,2058.0,11.0,1884.42,9.35,1875.07
22210,WOOD STAMP SET BEST WISHES,1586.0,15.0,1898.42,24.75,1873.67
20684,STRAWBERRY DREAM CHILDS UMBRELLA,580.0,12.0,1910.06,36.5,1873.56
84856S,SMALL TAHITI BEACH BAG,467.0,1.0,1877.21,3.81,1873.4
85103,SILVER T-LIGHT SETTING,317.0,46.0,2153.43,280.1,1873.33
21085,SET/6 WOODLAND PAPER CUPS,13731.0,0.0,1872.68,0.0,1872.68
21445,12 PINK ROSE PEG PLACE SETTINGS,1519.0,12.0,1887.23,15.0,1872.23
16016,LARGE CHINESE STYLE SCISSOR,2314.0,0.0,1870.7,0.0,1870.7
20703,BLUE PADDED SOFT MOBILE,471.0,29.0,1993.47,123.25,1870.22
22523,CHILDS GARDEN FORK PINK,2183.0,15.0,1882.29,12.75,1869.54
85039A,SET/4 RED MINI ROSE CANDLE IN BOWL,1512.0,3.0,1873.82,4.95,1868.87
22935,BAKING MOULD ROSE MILK CHOCOLATE,690.0,72.0,2066.82,198.0,1868.82
21091,SET/6 WOODLAND PAPER PLATES,13700.0,0.0,1868.7,0.0,1868.7
21241,GREEN SPOTTY CUP,2213.0,1.0,1869.07,0.85,1868.22
21773,DECORATIVE ROSE BATHROOM BOTTLE,1642.0,25.0,1899.4,31.25,1868.15
21687,SILVER PLATE CANDLE BOWL LARGE,477.0,1.0,1871.23,3.75,1867.48
23359,SET OF 12 T-LIGHTS VINTAGE DOILY,990.0,0.0,1866.46,0.0,1866.46
23090,VINTAGE GLASS T-LIGHT HOLDER,2237.0,9.0,1870.03,7.47,1862.56
22678,"FRENCH BLUE METAL DOOR SIGN, 3",1400.0,11.0,1875.53,13.75,1861.78
21613,S/12 VANILLA  BOTANICAL T-LIGHTS,632.0,0.0,1861.45,0.0,1861.45
21983,PACK OF 12 BLUE PAISLEY TISSUES,6118.0,48.0,1875.02,13.92,1861.1
22858,EASTER TIN KEEPSAKE,1135.0,10.0,1877.34,16.5,1860.84
21287,SCENTED VELVET LOUNGE CANDLE,4107.0,0.0,1860.0,0.0,1860.0
21394,RED SPOTTY BEAKER,4005.0,22.0,1864.63,8.58,1856.05
21581,SKULLS  DESIGN  COTTON TOTE BAG,1172.0,20.0,1890.74,45.0,1845.74
21841,BABY MOUSE RED GINGHAM DRESS,437.0,3.0,1857.47,12.75,1844.72
21547,CERAMIC BIRDHOUSE CRESTED TIT SMALL,719.0,2.0,1848.47,5.9,1842.57
85162C,WHITE RETRODISC LAMPSHADE,904.0,0.0,1841.7,0.0,1841.7
23525,WALL ART BUFFALO BILL,582.0,6.0,1863.82,22.5,1841.32
22587,"FELTCRAFT HAIRBAND, S/2, RED/BLUE",2112.0,0.0,1841.19,0.0,1841.19
85185B,PINK HORSE SOCK PUPPET KIT,593.0,1.0,1843.46,2.95,1840.51
23378,PACK OF 12 50'S CHRISTMAS TISSUES,3997.0,0.0,1840.08,0.0,1840.08
16169E,WRAP 50'S  CHRISTMAS,4563.0,125.0,1892.46,52.5,1839.96
85164B,BLACK BAROQUE CUCKOO CLOCK,141.0,1.0,1851.22,12.75,1838.47
21894,POTTING SHED SEED ENVELOPES,1320.0,0.0,1836.14,0.0,1836.14
21659,GLASS CAKE STAND,120.0,4.0,1891.7,59.8,1831.9
21677,HEARTS  STICKERS,2125.0,36.0,1859.38,30.6,1828.78
22317,FIVE CATS HANGING DECORATION,587.0,0.0,1827.64,0.0,1827.64
22686,"FRENCH BLUE METAL DOOR SIGN, No",1406.0,24.0,1857.39,30.0,1827.39
21618,4 WILDFLOWER BOTANICAL CANDLES,698.0,0.0,1823.74,0.0,1823.74
23075,PARLOUR CERAMIC WALL HOOK,472.0,34.0,1960.3,141.1,1819.2
84327A,PINK JUMPER LARRY THE LAMB,959.0,4.0,1820.27,6.76,1813.51
85173,SET/6 FROG PRINCE T-LIGHT CANDLES,1018.0,5.0,1826.07,12.75,1813.32
22535,MAGIC SLATE BUNNIES AT HOME,4454.0,120.0,1862.49,50.4,1812.09
23228,FILIGREE HEART BIRD WHITE,1492.0,144.0,1960.0,149.76,1810.24
21384,IVORY HANGING DECORATION  BUTTERFLY,1917.0,0.0,1810.19,0.0,1810.19
21391,FRENCH LAVENDER SCENT HEART,1417.0,3.0,1811.89,6.3,1805.59
23148,MINITURE ANTIQUE ROSE HOOK IVORY,2139.0,13.0,1816.31,10.79,1805.52
21096,SET/6 FRUIT SALAD  PAPER PLATES,15919.0,7008.0,2711.71,911.04,1800.67
79302M,"ART LIGHTS,FUNK MONKEY",628.0,1.0,1797.95,2.95,1795.0
23160,REGENCY TEA SPOON,1450.0,6.0,1794.48,7.5,1786.98
21761,WOOD AND GLASS MEDICINE CABINET,65.0,1.0,1814.75,29.95,1784.8
22680,"FRENCH BLUE METAL DOOR SIGN, 5",1356.0,30.0,1820.45,37.5,1782.95
22324,BLUE POLKADOT KIDS BAG,664.0,8.0,1797.06,15.6,1781.46
84748,FOLK FELT HANGING MULTICOL GARLAND,1170.0,0.0,1781.12,0.0,1781.12
23317,BLUE REFECTORY CLOCK,173.0,0.0,1777.46,0.0,1777.46
23155,KNICKERBOCKERGLORY MAGNET ASSORTED,2221.0,169.0,1904.77,129.71,1775.06
22586,FELTCRAFT HAIRBAND PINK AND BLUE,2087.0,48.0,1815.14,40.8,1774.34
21357,TOAST ITS - DINOSAUR,1388.0,48.0,1827.76,60.0,1767.76
21529,RETRO SPOT CERAMIC TOASTRACK,503.0,8.0,1790.44,27.6,1762.84
22546,MINI JIGSAW PURDEY,4375.0,1.0,1760.8,0.42,1760.38
37343,SPOTS DESIGN MUG W PINK INSIDE,1110.0,0.0,1759.04,0.0,1759.04
21161,KEEP OUT BOYS DOOR HANGER,2360.0,86.0,1806.05,47.66,1758.39
21158,MOODY GIRL DOOR HANGER,2587.0,97.0,1792.66,38.17,1754.49
22307,GOLD MUG BONE CHINA TREE OF LIFE,1199.0,41.0,1804.11,49.8,1754.31
22533,MAGIC SLATE BAKE A CAKE,4519.0,72.0,1783.36,30.24,1753.12
84507B,STRIPES DESIGN MONKEY DOLL,1349.0,7.0,1764.03,11.05,1752.98
85232A,SET/3 POLKADOT STACKING TINS,377.0,32.0,1910.22,158.4,1751.82
20729,RED SPOTTY CANDY BAG,5262.0,22.0,1778.12,27.5,1750.62
21780,MA CAMPAGNE 4 DRAWER WALL SHELF,203.0,0.0,1745.85,0.0,1745.85
23399,HOME SWEET HOME HANGING HEART,1914.0,0.0,1745.55,0.0,1745.55
22422,TOOTHPASTE TUBE PEN,2743.0,24.0,1760.94,15.6,1745.34
21000,ROSE DU SUD COSMETICS BAG,690.0,0.0,1744.98,0.0,1744.98
23101,SILVER STARS TABLE DECORATION,2031.0,0.0,1739.63,0.0,1739.63
22932,BAKING MOULD TOFFEE CUP CHOCOLATE,884.0,120.0,2000.88,262.8,1738.08
23096,PETIT TRAY CHIC,1033.0,0.0,1736.69,0.0,1736.69
84006,MAGIC TREE -PAPER FLOWERS,1856.0,5.0,1738.07,4.25,1733.82
21548,CERAMIC BIRDHOUSE FINCH BLUE ROOF,682.0,15.0,1776.12,44.25,1731.87
22446,PIN CUSHION RUSSIAN DOLL PINK,618.0,6.0,1751.93,20.1,1731.83
23372,SET 36 COLOUR PENCILS DOLLY GIRL,1389.0,16.0,1750.29,20.0,1730.29
47591B,SCOTTIES DES CHILD'S APRON,1062.0,0.0,1729.65,0.0,1729.65
20767,BLUE PAISLEY JOURNAL,812.0,7.0,1741.61,17.85,1723.76
23122,PARTY CHARMS 50 PIECES,2251.0,3.0,1726.09,2.49,1723.6
21637,ASSORTED SANSKRIT MINI NOTEBOOK,1358.0,18.0,1741.72,22.5,1719.22
84843,WHITE SOAP RACK WITH 2 BOTTLES,280.0,2.0,1731.06,11.9,1719.16
22209,WOOD STAMP SET HAPPY BIRTHDAY,1415.0,28.0,1753.94,36.36,1717.58
23244,STORAGE TIN VINTAGE LEAF,936.0,9.0,1733.98,16.95,1717.03
10125,MINI FUNKY DESIGN TAPES,2103.0,0.0,1715.78,0.0,1715.78
21090,SET/6 COLLAGE PAPER PLATES,3107.0,36.0,1729.09,14.04,1715.05
22026,BANQUET BIRTHDAY  CARD,4029.0,12.0,1717.47,5.04,1712.43
21163,DO NOT TOUCH MY STUFF DOOR HANGER,2800.0,85.0,1757.92,46.01,1711.91
21662,VINTAGE GLASS COFFEE CADDY,269.0,4.0,1735.05,23.8,1711.25
22035,VINTAGE CARAVAN GREETING CARD,4083.0,49.0,1731.24,20.58,1710.66
35809A,ENAMEL PINK TEA CONTAINER,1147.0,0.0,1708.32,0.0,1708.32
21652,GLASS ETCHED T-LIGHT HOLDER MEDIUM,896.0,21.0,1747.94,40.95,1706.99
46776F,WOVEN ROSE GARDEN CUSHION COVER,494.0,0.0,1704.64,0.0,1704.64
20990,SPRING FLOWER CHOPSTICKS SET/5,895.0,1.0,1706.14,1.95,1704.19
22254,FELT TOADSTOOL LARGE,1398.0,72.0,1792.21,90.0,1702.21
21895,POTTING SHED SOW 'N' GROW SET,555.0,4.0,1718.63,17.0,1701.63
23181,BULL DOG BOTTLE TOP WALL CLOCK,201.0,4.0,1733.57,33.0,1700.57
21189,WHITE HONEYCOMB PAPER GARLAND,797.0,0.0,1698.88,0.0,1698.88
22934,BAKING MOULD EASTER EGG WHITE CHOC,589.0,3.0,1707.47,8.85,1698.62
85060,WOOD FAN WITH FLOWER DESIGN,1448.0,38.0,1745.62,47.5,1698.12
84795A,PASTEL STRIPE HAMMOCK,208.0,0.0,1696.02,0.0,1696.02
23214,JINGLE BELL HEART ANTIQUE GOLD,789.0,0.0,1695.04,0.0,1695.04
22770,MIRROR CORNICE,112.0,7.0,1799.62,104.65,1694.97
85014C,BLUE/BROWN DOTS RUFFLED UMBRELLA,547.0,192.0,2270.73,576.0,1694.73
22516,CHILDS GARDEN RAKE BLUE,839.0,3.0,1700.6,6.3,1694.3
23073,GEORGIAN TRINKET BOX,143.0,1.0,1706.5,12.5,1694.0
21205,MULTICOLOUR 3D BALLS GARLAND,669.0,21.0,1746.97,53.55,1693.42
84535B,FAIRY CAKES NOTEBOOK A6 SIZE,2686.0,95.0,1747.76,61.75,1686.01
85127,SMALL SQUARE CUT GLASS CANDLESTICK,276.0,5.0,1710.67,24.75,1685.92
37342,SPOTTY COFFEE CUP & SAUCER,1629.0,56.0,1731.4,45.68,1685.72
21251,DINOSAUR HEIGHT CHART STICKER SET,595.0,0.0,1683.93,0.0,1683.93
22679,"FRENCH BLUE METAL DOOR SIGN, 4",1263.0,10.0,1695.68,12.5,1683.18
20996,JAZZ HEARTS ADDRESS BOOK,6311.0,14.0,1686.79,5.88,1680.91
22975,SPACEBOY CHILDRENS EGG CUP,1245.0,1.0,1679.66,1.25,1678.41
23368,SET 12 COLOUR PENCILS DOLLY GIRL,2379.0,6.0,1679.55,3.9,1675.65
17129F,DEEP BLUE GLASS GEMS IN BAG,1580.0,8.0,1684.58,11.66,1672.92
22706,WRAP COWBOYS,4222.0,50.0,1693.24,21.0,1672.24
21446,12 RED ROSE PEG PLACE SETTINGS,1258.0,0.0,1669.83,0.0,1669.83
23366,SET 12 COLOURING PENCILS DOILY,2249.0,0.0,1667.95,0.0,1667.95
21576,LETS GO SHOPPING COTTON TOTE BAG,732.0,9.0,1686.19,20.25,1665.94
70007,HI TEC ALPINE HAND WARMER,1306.0,12.0,1684.58,19.8,1664.78
22323,PINK POLKADOT KIDS BAG,635.0,12.0,1683.31,23.4,1659.91
21382,SET/4 SPRING FLOWER DECORATION,1238.0,8.0,1665.66,6.0,1659.66
21294,ETCHED GLASS COASTER,2246.0,0.0,1653.75,0.0,1653.75
22410,TIN CAN HOUSEKEEPING DESIGN,1363.0,12.0,1667.46,15.0,1652.46
23505,PLAYING CARDS I LOVE LONDON,1200.0,0.0,1651.29,0.0,1651.29
22319,HAIRCLIPS FORTIES FABRIC ASSORTED,2987.0,77.0,1698.04,50.05,1647.99
21927,BLUE/CREAM STRIPE CUSHION COVER,1260.0,65.0,1728.24,81.25,1646.99
23273,HEART T-LIGHT HOLDER WILLIE WINKIE,969.0,4.0,1649.05,6.6,1642.45
72816,SET/3 CHRISTMAS DECOUPAGE CANDLES,1344.0,24.0,1671.52,30.0,1641.52
72817,SET/2 CHRISTMAS DECOUPAGE CANDLES,1553.0,24.0,1671.28,30.0,1641.28
21448,12 DAISY PEGS IN WOOD BOX,955.0,0.0,1640.17,0.0,1640.17
37441,ASSORTED WHITE EMBOSSED CHINA MUGS,700.0,1.0,1639.8,2.1,1637.7
23270,SET OF 2 CERAMIC PAINTED HEARTS,1174.0,6.0,1646.32,8.7,1637.62
21633,SUNFLOWER DECORATIVE PARASOL,175.0,2.0,1663.11,25.5,1637.61
22025,RING OF ROSES BIRTHDAY CARD,3970.0,12.0,1641.64,5.04,1636.6
21545,CERAMIC BIRDHOUSE BUTTERFLY SMALL,697.0,2.0,1640.12,5.9,1634.22
23391,I LOVE LONDON MINI RUCKSACK,389.0,0.0,1628.17,0.0,1628.17
21793,CLASSIC FRENCH STYLE BASKET BROWN,353.0,0.0,1627.36,0.0,1627.36
84619,BLUE GINGHAM ROSE QUILT,72.0,0.0,1622.96,0.0,1622.96
21541,DINOSAURS WATER TRANSFER TATTOOS,1907.0,19.0,1636.24,16.15,1620.09
21284,RETROSPOT CANDLE  SMALL,1547.0,48.0,1668.72,50.64,1618.08
23217,LAUREL HEART ANTIQUE SILVER,1309.0,0.0,1613.82,0.0,1613.82
23280,FOLDING MIRROR HOT PINK,2023.0,2.0,1614.16,1.66,1612.5
21656,RIDGED GLASS POSY VASE,985.0,2.0,1614.54,2.9,1611.64
21162,TOXIC AREA  DOOR HANGER,2402.0,84.0,1655.88,44.76,1611.12
21837,CROSS STITCH ALPHABET CUSHION COVER,244.0,2.0,1622.64,11.9,1610.74
23483,HANGING  BUTTERFLY T-LIGHT HOLDER,1328.0,22.0,1636.36,26.24,1610.12
85131A,BEADED PEARL HEART WHITE ON STICK,2025.0,14.0,1619.23,12.52,1606.71
22922,FRIDGE MAGNETS US DINER ASSORTED,2073.0,234.0,1789.2,183.3,1605.9
21157,RED SPOTTY WASHBAG,689.0,6.0,1616.95,12.6,1604.35
35810A,ENAMEL PINK COFFEE CONTAINER,1205.0,1.0,1604.74,2.1,1602.64
48195,DOORMAT GREEN PAISLEY,269.0,4.0,1627.99,27.0,1600.99
21593,SWALLOW CIGAR BOX MATCHES,1391.0,24.0,1629.31,30.0,1599.31
21694,SMALL REGAL  SILVER CANDLEPOT,556.0,0.0,1593.16,0.0,1593.16
21645,ASSORTED TUTTI FRUTTI ROUND BOX,969.0,30.0,1642.65,49.5,1593.15
82615,PINK MARSHMALLOW SCARF KNITTING KIT,582.0,4.0,1603.97,11.0,1592.97
21286,RETROSPOT CANDLE  LARGE,1006.0,12.0,1623.01,30.6,1592.41
84509C,SET OF 4 POLKADOT PLACEMATS,344.0,0.0,1591.22,0.0,1591.22
35160,BUDDHA INCENSE HOLDER ASSORTED,2180.0,0.0,1590.64,0.0,1590.64
21283,NATURAL BARK CANDLE SMALL,512.0,12.0,1629.2,39.0,1590.2
22517,CHILDS GARDEN RAKE PINK,806.0,0.0,1589.41,0.0,1589.41
35471D,SET OF 3 BIRD LIGHT PINK FEATHER,2241.0,2.0,1591.86,2.5,1589.36
84913B,MINT GREEN ROSE TOWEL,420.0,1.0,1593.29,4.65,1588.64
23348,CHILDRENS TOY COOKING UTENSIL SET,746.0,23.0,1633.81,47.26,1586.55
90167,BEADED LOVE HEART JEWELLERY SET,2197.0,300.0,1801.17,217.56,1583.61
22260,FELT EGG COSY BLUE RABBIT,1557.0,16.0,1594.77,13.6,1581.17
23369,SET 36 COLOUR PENCILS LOVE LONDON,1105.0,0.0,1581.06,0.0,1581.06
85222,ASSORTED COLOUR SILK COSMETIC PURSE,1406.0,2.0,1579.68,2.75,1576.93
21275,ZINC TOP  2 DOOR WOODEN SHELF,249.0,11.0,1714.48,138.45,1576.03
35241,ENAMEL BLUE RIM BISCUIT BIN,309.0,12.0,1631.42,59.4,1572.02
21631,HIPPY CHIC DECORATIVE PARASOL,221.0,0.0,1571.75,0.0,1571.75
15059A,ENGLISH ROSE EDWARDIAN PARASOL,509.0,0.0,1567.0,0.0,1567.0
85180A,RED HEARTS LIGHT CHAIN,629.0,15.0,1636.42,69.75,1566.67
21675,BUTTERFLIES STICKERS,1782.0,12.0,1576.84,10.2,1566.64
21867,PINK UNION JACK  LUGGAGE TAG,1144.0,0.0,1562.87,0.0,1562.87
20802,SMALL GLASS SUNDAE DISH CLEAR,1051.0,48.0,1596.81,34.92,1561.89
23287,RED VINTAGE SPOT BEAKER,1879.0,51.0,1603.39,43.35,1560.04
21550,CERAMIC BIRDHOUSE CRESTED TIT LARGE,295.0,1.0,1565.51,5.95,1559.56
21972,SET OF 36 DINOSAUR PAPER DOILIES,1055.0,2.0,1560.82,2.9,1557.92
22705,WRAP GREEN PEARS,3733.0,25.0,1567.86,10.5,1557.36
22123,PING MICROWAVE APRON,655.0,24.0,1700.14,142.8,1557.34
22103,MIRROR MOSAIC T-LIGHT HOLDER ROUND,1746.0,483.0,1760.64,203.31,1557.33
21711,FOLDING UMBRELLA WHITE/RED POLKADOT,382.0,0.0,1555.66,0.0,1555.66
22099,CARAVAN SQUARE TISSUE BOX,2123.0,24.0,1585.46,30.0,1555.46
21092,SET/6 STRAWBERRY PAPER PLATES,12846.0,24.0,1571.5,20.4,1551.1
21383,PACK OF 12 STICKY BUNNIES,2204.0,62.0,1590.43,40.3,1550.13
22673,FRENCH GARDEN SIGN BLUE METAL,1320.0,109.0,1667.5,118.01,1549.49
22786,PILLOWCUSHION COVER PINK UNION JACK,248.0,0.0,1549.1,0.0,1549.1
84536B,FAIRY CAKES NOTEBOOK A7 SIZE,3512.0,52.0,1567.97,21.84,1546.13
22681,"FRENCH BLUE METAL DOOR SIGN, 6",1167.0,12.0,1559.52,14.81,1544.71
21610,SET 12 PEAR BOTANICAL T-LIGHTS,542.0,0.0,1543.67,0.0,1543.67
75131,METAL TUBE CHIME ON BAMBOO,1217.0,0.0,1543.03,0.0,1543.03
22608,PENS ASSORTED FUNKY JEWELED,5735.0,43.0,1573.81,31.93,1541.88
21542,WOODLAND WATER TRANSFER TATTOOS,1877.0,70.0,1600.75,59.5,1541.25
20735,BLACK MINI TAPE MEASURE,1515.0,0.0,1540.29,0.0,1540.29
21925,UNION STRIPE CUSHION COVER,1201.0,18.0,1562.33,22.5,1539.83
23226,FILIGREE HEART DAISY WHITE,1247.0,48.0,1596.67,60.0,1536.67
72803A,ROSE SCENT CANDLE JEWELLED DRAWER,724.0,4.0,1553.5,17.0,1536.5
23524,WALL ART HORSE & PONY,481.0,6.0,1557.63,22.5,1535.13
21332,MOROCCAN BEATEN METAL MIRROR,270.0,21.0,1644.17,109.75,1534.42
20768,GREEN FERN JOURNAL,767.0,0.0,1534.19,0.0,1534.19
85170A,SET/6 IVORY BIRD T-LIGHT CANDLES,848.0,32.0,1585.06,51.52,1533.54
20766,GARDEN PATH SKETCHBOOK,518.0,4.0,1548.47,15.0,1533.47
85194L,HANGING SPRING FLOWER EGG LARGE,1818.0,33.0,1560.63,28.05,1532.58
84795D,SEASIDE STRIPE HAMMOCK,189.0,1.0,1538.79,6.95,1531.84
20986,BLUE CALCULATOR RULER,1217.0,0.0,1530.95,0.0,1530.95
85221,ASSORTED COLOUR SILK COIN PURSE,3558.0,131.0,1685.46,155.92,1529.54
20772,GARDEN PATH JOURNAL,970.0,151.0,1848.73,320.25,1528.48
84789,ENCHANTED BIRD PLANT CAGE,445.0,8.0,1558.39,30.0,1528.39
22288,HANGING METAL RABBIT DECORATION,1310.0,0.0,1525.99,0.0,1525.99
20902,VINTAGE KEEPSAKE BOX PARIS DAYS,206.0,0.0,1525.22,0.0,1525.22
21289,LARGE STRIPES CHOCOLATE GIFT BAG,1413.0,20.0,1549.31,25.0,1524.31
21579,LOLITA  DESIGN  COTTON TOTE BAG,1029.0,17.0,1560.85,38.25,1522.6
22337,ANGEL DECORATION PAINTED ZINC,2473.0,0.0,1522.52,0.0,1522.52
85036B,CHOCOLATE 1 WICK MORRIS BOX CANDLE,600.0,6.0,1547.1,25.5,1521.6
72008,FROSTED BOX 9 WHITE T-LIGHT CANDLES,3819.0,25.0,1531.4,10.5,1520.9
22322,BIRD DECORATION GREEN POLKADOT,1617.0,15.0,1528.21,12.75,1515.46
21785,RAIN PONCHO,2005.0,0.0,1514.63,0.0,1514.63
85177,BASKET OF FLOWERS SEWING KIT,1820.0,1.0,1514.78,0.85,1513.93
22982,PANTRY PASTRY BRUSH,1154.0,24.0,1543.77,30.0,1513.77
21146,ANTIQUE GLASS RIDGED HANGING BALL,789.0,2.0,1513.67,3.9,1509.77
22682,"FRENCH BLUE METAL DOOR SIGN, 7",1166.0,11.0,1521.86,13.75,1508.11
21002,ROSE DU SUD DRAWSTRING BAG,417.0,0.0,1507.22,0.0,1507.22
21399,BLUE POLKADOT COFFEE MUG,2378.0,112.0,1550.44,45.39,1505.05
23528,WALL ART SPACEBOY,479.0,0.0,1504.49,0.0,1504.49
84526,GIANT BLACK SUNGLASSES,538.0,0.0,1503.64,0.0,1503.64
22137,BATHROOM SET LOVE HEART DESIGN,606.0,3.0,1508.28,8.85,1499.43
23271,CHRISTMAS TABLE SILVER CANDLE SPIKE,1731.0,0.0,1496.89,0.0,1496.89
84856L,LARGE TAHITI BEACH BAG,238.0,0.0,1492.28,0.0,1492.28
22340,NOEL GARLAND PAINTED ZINC,1799.0,13.0,1511.05,19.05,1492.0
23334,IVORY WICKER HEART SMALL,2271.0,0.0,1491.75,0.0,1491.75
21760,FRENCH STYLE WALL DRESSER,15.0,2.0,1740.0,250.0,1490.0
21280,VINTAGE KITCHEN PRINT VEGETABLES,3333.0,1248.0,1800.44,312.0,1488.44
16033,MINI HIGHLIGHTER PENS,15121.0,480.0,1544.52,57.6,1486.92
22683,"FRENCH BLUE METAL DOOR SIGN, 8",1131.0,12.0,1501.66,15.0,1486.66
21426,WOODLAND STORAGE BOX SMALL,1028.0,104.0,1647.07,161.4,1485.67
21276,TWO EMBOSSED HEART MINI DRAWERS,677.0,16.0,1558.94,76.2,1482.74
23559,WOODLAND BUNNIES LOLLY MAKERS,649.0,0.0,1482.41,0.0,1482.41
84510B,SET OF 4 FAIRY CAKES COASTERS,1172.0,2.0,1483.2,2.5,1480.7
21066,VINTAGE RED MUG,2284.0,12.0,1494.67,15.0,1479.67
21009,ETCHED GLASS STAR TREE DECORATION,1047.0,15.0,1494.99,18.75,1476.24
21661,VINTAGE GLASS TEA CADDY,239.0,6.0,1511.31,35.2,1476.11
21199,PINK  HEART CONFETTI IN TUBE,1305.0,48.0,1495.7,20.16,1475.54
21051,RIBBONS PURSE,754.0,6.0,1486.16,12.6,1473.56
21851,LILAC DIAMANTE PEN IN GIFT BOX,628.0,0.0,1473.56,0.0,1473.56
23267,SET OF 4 SANTA PLACE SETTINGS,1202.0,48.0,1531.95,60.0,1471.95
21282,NATURAL BARK CANDLE LARGE,356.0,12.0,1522.28,51.0,1471.28
20734,SILVER MINI TAPE MEASURE,1592.0,1.0,1470.62,0.85,1469.77
85198,ASSORTED FARMYARD ANIMALS IN BUCKET,3859.0,0.0,1469.5,0.0,1469.5
22815,CARD PSYCHEDELIC APPLES,3433.0,0.0,1468.53,0.0,1468.53
23365,SET 12 COLOUR PENCILS LOVE LONDON,1857.0,0.0,1463.08,0.0,1463.08
79030G,"TUMBLER, NEW ENGLAND",1751.0,0.0,1462.95,0.0,1462.95
84659A,WHITE TRAVEL ALARM CLOCK,588.0,3.0,1469.51,7.65,1461.86
85125,SMALL ROUND CUT GLASS CANDLESTICK,309.0,4.0,1479.51,19.8,1459.71
84637,KITCHEN FLOWER POTS WALL PLAQUE,585.0,0.0,1454.49,0.0,1454.49
21410,COUNTRY COTTAGE  DOORSTOP GREEN,312.0,1.0,1458.28,4.25,1454.03
84596G,SMALL CHOCOLATES PINK BOWL,2231.0,0.0,1453.16,0.0,1453.16
21801,CHRISTMAS TREE DECORATION WITH BELL,3398.0,36.0,1467.66,15.12,1452.54
22976,CIRCUS PARADE CHILDRENS EGG CUP,1127.0,13.0,1465.26,16.25,1449.01
21739,COSY SLIPPER SHOES SMALL GREEN,494.0,1.0,1451.85,2.95,1448.9
22390,PAPERWEIGHT CHILDHOOD MEMORIES,813.0,0.0,1448.52,0.0,1448.52
21869,POTTING SHED COFFEE MUG,1264.0,17.0,1469.58,21.25,1448.33
85055,FRENCH ENAMEL UTENSIL HOLDER,359.0,0.0,1442.94,0.0,1442.94
84313C,ORANGE TV TRAY TABLE,548.0,0.0,1442.39,0.0,1442.39
22912,YELLOW COAT RACK PARIS FASHION,313.0,6.0,1471.09,29.7,1441.39
23034,DRAWER KNOB CERAMIC BLACK,979.0,6.0,1448.67,8.7,1439.97
22052,VINTAGE CARAVAN GIFT WRAP,3525.0,50.0,1460.5,21.0,1439.5
35637A,IVORY STRING CURTAIN WITH POLE,551.0,1.0,1445.05,5.95,1439.1
21099,SET/6 STRAWBERRY PAPER CUPS,13290.0,120.0,1516.64,78.0,1438.64
21317,GLASS SPHERE CANDLE STAND MEDIUM,357.0,3.0,1453.4,15.85,1437.55
22915,ASSORTED BOTTLE TOP  MAGNETS,3281.0,90.0,1474.52,37.8,1436.72
21082,SET/20 FRUIT SALAD PAPER NAPKINS,7183.0,3074.0,1960.45,523.94,1436.51
22817,CARD SUKI BIRTHDAY,3392.0,0.0,1434.9,0.0,1434.9
22106,MIRROR MOSAIC HURRICANE LAMP,509.0,121.0,1589.98,156.75,1433.23
22316,200 BENDY SKULL STRAWS,1257.0,1.0,1432.82,1.25,1431.57
23086,ZINC STAR T-LIGHT HOLDER,1225.0,16.0,1451.43,20.0,1431.43
22249,DECORATION WHITE CHICK MAGIC GARDEN,1636.0,4.0,1434.66,3.4,1431.26
22287,DECORATION WOBBLY CHICKEN,1340.0,12.0,1435.75,4.68,1431.07
22228,BUNNY WOODEN PAINTED WITH BIRD,1727.0,35.0,1456.6,29.75,1426.85
21644,ASSORTED TUTTI FRUTTI HEART BOX,1087.0,28.0,1461.47,35.0,1426.47
85167B,BLACK GRAND BAROQUE PHOTO FRAME,692.0,0.0,1426.34,0.0,1426.34
23392,SPACEBOY ROCKET LOLLY MAKERS,662.0,24.0,1475.03,49.92,1425.11
85159B,"WHITE TEA,COFFEE,SUGAR JARS",660.0,39.0,1516.5,92.89,1423.61
21807,WHITE CHRISTMAS STAR DECORATION,3225.0,2.0,1422.45,0.84,1421.61
22819,"BIRTHDAY CARD, RETRO SPOT",3351.0,0.0,1418.12,0.0,1418.12
21065,BOOM BOX SPEAKER GIRLS,608.0,7.0,1455.36,39.91,1415.45
21292,SMALL STRIPES CHOCOLATE GIFT BAG,2449.0,16.0,1427.11,13.6,1413.51
22396,MAGNETS PACK OF 4 RETRO PHOTO,1895.0,12.0,1427.08,15.0,1412.08
21159,MOODY BOY  DOOR HANGER,2105.0,77.0,1445.37,34.61,1410.76
21198,WHITE HEART CONFETTI IN TUBE,1282.0,75.0,1472.3,64.71,1407.59
20761,BLUE PAISLEY SKETCHBOOK,458.0,4.0,1422.46,15.0,1407.46
23104,IVORY PANTRY HANGING LAMP,118.0,0.0,1405.42,0.0,1405.42
35965,FOLKART HEART NAPKIN RINGS,629.0,24.0,1423.63,18.96,1404.67
23527,WALL ART ANIMALS AND NATURE,420.0,7.0,1428.56,26.25,1402.31
22545,MINI JIGSAW BUNNIES AT HOME,3451.0,49.0,1421.06,20.58,1400.48
21910,WAY OUT METAL SIGN,1066.0,0.0,1398.18,0.0,1398.18
20801,LARGE PINK GLASS SUNDAE DISH,1092.0,32.0,1422.0,24.0,1398.0
21358,TOAST ITS - HAPPY BIRTHDAY,1129.0,1.0,1398.71,1.25,1397.46
35004G,SET OF 3 GOLD FLYING DUCKS,359.0,8.0,1419.51,22.59,1396.92
85036C,ROSE 1 WICK MORRIS BOXED CANDLE,878.0,193.0,1629.02,232.25,1396.77
21828,EIGHT PIECE SNAKE  SET,1105.0,0.0,1396.62,0.0,1396.62
23040,PAPER LANTERN 9 POINT SNOW STAR,253.0,0.0,1394.03,0.0,1394.03
23470,CARD HOLDER LOVE BIRD LARGE,232.0,12.0,1460.5,70.7,1389.8
23250,VINTAGE RED TRIM ENAMEL BOWL,1179.0,121.0,1531.03,141.8,1389.23
85087,CANDY SPOT CUSHION COVER,420.0,2.0,1392.64,5.9,1386.74
21532,DAIRY MAID SUGAR JAM BOWL,1387.0,16.0,1419.71,33.6,1386.11
47503K,ASSORTED FLORAL SECATEURS,3177.0,3.0,1389.44,4.75,1384.69
22685,"FRENCH BLUE METAL DOOR SIGN, 0",1082.0,10.0,1395.84,12.5,1383.34
84396,6 HOOK JEWELLERY STAND BLACK DRESS,552.0,0.0,1380.52,0.0,1380.52
47503A,ASS FLORAL PRINT MULTI SCREWDRIVER,2853.0,36.0,1405.51,25.08,1380.43
85017B,ENVELOPE 50 BLOSSOM IMAGES,2231.0,12.0,1390.39,10.2,1380.19
22250,DECORATION  BUTTERFLY  MAGIC GARDEN,1521.0,4.0,1382.96,3.4,1379.56
23119,PACK OF 6 LARGE FRUIT STRAWS,2282.0,36.0,1401.7,22.32,1379.38
22917,HERB MARKER ROSEMARY,1996.0,12.0,1386.65,7.8,1378.85
22756,LARGE YELLOW BABUSHKA NOTEBOOK,1204.0,12.0,1393.45,15.0,1378.45
21395,BLUE SPOTTY BEAKER,2968.0,20.0,1401.6,23.4,1378.2
22093,MOTORING TISSUE BOX,2346.0,48.0,1429.87,53.16,1376.71
23376,PACK OF 12 VINTAGE CHRISTMAS TISSUE,3039.0,24.0,1384.91,9.36,1375.55
46776B,WOVEN BERRIES CUSHION COVER,429.0,0.0,1373.36,0.0,1373.36
85169A,IVORY LOVE BIRD CANDLE,1252.0,12.0,1385.82,15.0,1370.82
22984,"CARD, GINGHAM ROSE",3349.0,0.0,1370.73,0.0,1370.73
84562A,PINK/WHITE RIBBED MELAMINE JUG,169.0,1.0,1378.26,7.95,1370.31
22157,ANGEL DECORATION WITH LACE PADDED,1698.0,96.0,1451.4,81.6,1369.8
21011,GLITTER SNOW PEAR TREE DECORATION,1840.0,3.0,1373.8,4.35,1369.45
84873A,FUNKY FLOWER PICNIC BAG FOR 4,120.0,0.0,1367.51,0.0,1367.51
23546,WRAP PAISLEY PARK,3250.0,0.0,1365.0,0.0,1365.0
21849,SILVER DIAMANTE PEN IN GIFT BOX,633.0,96.0,1483.51,120.0,1363.51
35649,VINTAGE BEAD COSMETIC BAG,1826.0,0.0,1362.9,0.0,1362.9
84965B,BLUE KASHMIRI COFFEE TABLE,27.0,0.0,1359.95,0.0,1359.95
90200D,PINK SWEETHEART BRACELET,327.0,3.0,1372.26,12.75,1359.51
22920,HERB MARKER BASIL,3478.0,1527.0,2199.19,841.05,1358.14
84685,BEACH HUT KEY CABINET,435.0,3.0,1366.17,8.75,1357.42
21634,ASSORTED MINI MADRAS NOTEBOOK,1771.0,121.0,1507.74,151.25,1356.49
22916,HERB MARKER THYME,1962.0,12.0,1363.38,7.8,1355.58
84616,SILVER ROCCOCO CHANDELIER,72.0,4.0,1472.62,119.8,1352.82
23000,TRAVEL CARD WALLET TRANSPORT,3169.0,39.0,1368.28,16.38,1351.9
84819,DANISH ROSE ROUND SEWING BOX,908.0,4.0,1368.26,17.0,1351.26
17129D,CLEAR COLOUR GLASS GEMS IN BAG,1125.0,0.0,1351.18,0.0,1351.18
35962,SET/12 ZINC CHRISTMAS DECORATIONS,581.0,1.0,1351.78,2.1,1349.68
35599D,PINK AND WHITE CHRISTMAS TREE 120CM,406.0,6.0,1366.48,17.7,1348.78
22393,PAPERWEIGHT VINTAGE COLLAGE,834.0,52.0,1459.37,111.0,1348.37
21684,SMALL MEDINA STAMPED METAL BOWL,1696.0,13.0,1357.61,11.05,1346.56
20704,MR ROBOT SOFT TOY,361.0,4.0,1371.42,27.8,1343.62
23414,ZINC BOX SIGN HOME,141.0,4.0,1378.75,39.8,1338.95
23469,CARD HOLDER LOVE BIRD SMALL,332.0,4.0,1355.24,16.6,1338.64
23249,VINTAGE RED ENAMEL TRIM PLATE,842.0,55.0,1426.1,87.71,1338.39
20993,JAZZ HEARTS MEMO PAD,10967.0,0.0,1334.11,0.0,1334.11
21278,VINTAGE KITCHEN PRINT PUDDINGS,2758.0,1208.0,1654.45,320.4,1334.05
22050,PINK PAISLEY ROSE GIFT WRAP,3300.0,50.0,1354.0,21.0,1333.0
21281,VINTAGE KITCHEN PRINT SEAFOOD,3680.0,1536.0,1716.8,384.0,1332.8
85136C,RED SHARK HELICOPTER,179.0,15.0,1451.69,119.77,1331.92
21209,MULTICOLOUR HONEYCOMB FAN,1476.0,37.0,1368.04,38.03,1330.01
23538,WALL ART VINTAGE HEART,331.0,0.0,1329.54,0.0,1329.54
20933,YELLOW POT PLANT CANDLE,505.0,0.0,1329.49,0.0,1329.49
23061,VINTAGE ENGRAVED HEART,1015.0,3.0,1332.68,3.75,1328.93
20762,GREEN FERN SKETCHBOOK,458.0,4.0,1343.79,15.0,1328.79
20780,BLACK EAR MUFF HEADPHONES,231.0,1.0,1333.96,5.49,1328.47
21059,PARTY INVITES DINOSAURS,1596.0,24.0,1348.56,20.4,1328.16
21822,GLITTER CHRISTMAS TREE WITH BELLS,1010.0,9.0,1343.7,16.39,1327.31
22269,EGG CUP NATURAL CHICKEN,1521.0,25.0,1357.7,31.25,1326.45
22684,"FRENCH BLUE METAL DOOR SIGN, 9",1012.0,13.0,1342.44,16.25,1326.19
47593B,SCOTTIES DESIGN BABY BIB,2347.0,0.0,1325.97,0.0,1325.97
85032A,ROMANTIC IMAGES GIFT WRAP SET,1441.0,0.0,1323.51,0.0,1323.51
21775,DECORATIVE FLORE BATHROOM BOTTLE,874.0,4.0,1326.29,5.0,1321.29
85032D,YULETIDE IMAGES GIFT WRAP SET,1148.0,12.0,1327.68,7.8,1319.88
22051,BLUE SCANDINAVIAN PAISLEY WRAP,3175.0,0.0,1317.5,0.0,1317.5
21580,RABBIT  DESIGN  COTTON TOTE BAG,542.0,6.0,1329.63,13.5,1316.13
22918,HERB MARKER PARSLEY,1925.0,12.0,1322.86,7.8,1315.06
23221,REINDEER HEART DECORATION SILVER,1536.0,58.0,1363.04,48.14,1314.9
20760,GARDEN PATH POCKET BOOK,5550.0,0.0,1313.66,0.0,1313.66
23373,VINTAGE CHRISTMAS PAPER GIFT BAG,1608.0,0.0,1313.39,0.0,1313.39
22977,DOLLY GIRL CHILDRENS EGG CUP,999.0,1.0,1313.86,1.25,1312.61
35598D,PINK/WHITE CHRISTMAS TREE 60CM,1727.0,1.0,1312.2,0.65,1311.55
85071B,RED CHARLIE+LOLA PERSONAL DOORSIGN,2340.0,2.0,1316.48,5.9,1310.58
22481,BLACK TEA TOWEL CLASSIC DESIGN,1272.0,0.0,1309.81,0.0,1309.81
21842,PINK HEART CANDY BUTTON CALCULATOR,551.0,0.0,1308.74,0.0,1308.74
21738,COSY SLIPPER SHOES SMALL  RED,422.0,5.0,1322.63,14.75,1307.88
23405,HOME SWEET HOME 2 DRAWER CABINET,252.0,1.0,1311.48,4.95,1306.53
21945,STRAWBERRIES  DESIGN FLANNEL,1862.0,1.0,1307.1,0.85,1306.25
16235,RECYCLED PENCIL WITH RABBIT ERASER,5827.0,133.0,1333.95,27.93,1306.02
21530,DAIRY MAID TOASTRACK,959.0,64.0,1361.56,57.04,1304.52
22339,CHRISTMAS TREE PAINTED ZINC,3521.0,130.0,1385.46,81.28,1304.18
85200,BUNNY EGG BOX,1045.0,12.0,1319.09,15.0,1304.09
46776A,WOVEN BUBBLE GUM CUSHION COVER,411.0,0.0,1303.88,0.0,1303.88
85098B,BLUE FLYING SINGING CANARY,366.0,49.0,1456.94,154.15,1302.79
85135C,RED DRAGONFLY HELICOPTER,162.0,2.0,1317.92,15.9,1302.02
20738,GREEN MINI TAPE MEASURE,1610.0,0.0,1301.72,0.0,1301.72
15034,PAPER POCKET TRAVELING FAN,10153.0,1448.0,1416.26,116.06,1300.2
22893,MINI CAKE STAND T-LIGHT HOLDER,2721.0,21.0,1306.09,8.82,1297.27
21285,RETROSPOT CANDLE  MEDIUM,1007.0,48.0,1362.62,66.0,1296.62
21926,RED/CREAM STRIPE CUSHION COVER,1009.0,26.0,1325.27,32.5,1292.77
21219,SET/4 BADGES BALLOON GIRL,1013.0,10.0,1303.27,12.5,1290.77
22267,EASTER DECORATION EGG BUNNY,1472.0,3.0,1291.47,3.75,1287.72
84569D,PACK 6 HEART/ICE-CREAM PATCHES,1023.0,1.0,1287.54,1.25,1286.29
17091A,LAVENDER INCENSE IN TIN,2085.0,0.0,1285.89,0.0,1285.89
84559A,3D SHEET OF DOG STICKERS,1378.0,0.0,1285.87,0.0,1285.87
85170D,SET/6 PINK BIRD T-LIGHT CANDLES,723.0,7.0,1296.36,12.2,1284.16
46775E,CANDY POP CHUNKY KNITTED THROW,101.0,0.0,1282.9,0.0,1282.9
85025C,PINK HEART SHAPE PHOTO FRAME,720.0,2.0,1285.91,3.3,1282.61
22543,MINI JIGSAW BAKE A CAKE,3247.0,0.0,1281.49,0.0,1281.49
22214,CANDLE PLATE LACE WHITE,549.0,0.0,1279.79,0.0,1279.79
22701,PINK DOG BOWL,675.0,16.0,1320.57,43.0,1277.57
21759,METAL WALL SHELF UNIT WITH HOOKS,30.0,0.0,1274.47,0.0,1274.47
21880,RED RETROSPOT TAPE,2483.0,24.0,1289.83,15.6,1274.23
82613D,METAL SIGN CUPCAKE SINGLE HOOK,1186.0,20.0,1281.86,8.4,1273.46
85231G,ORANGE SCENTED SET/9 T-LIGHTS,1480.0,22.0,1291.09,18.7,1272.39
84609,TALL ROCOCO CANDLE HOLDER,143.0,2.0,1289.24,17.0,1272.24
72800B,S/4 PURPLE DINNER CANDLE BLK FLOCK,985.0,2.0,1276.78,5.1,1271.68
16225,RATTLE SNAKE EGGS,1520.0,0.0,1271.66,0.0,1271.66
21689,SILVER VANILLA  FLOWER CANDLE POT,342.0,0.0,1268.12,0.0,1268.12
22097,SWALLOW SQUARE TISSUE BOX,2064.0,19.0,1281.75,15.15,1266.6
21248,DOOR HANGER  MUM + DADS ROOM,1043.0,76.0,1299.55,33.16,1266.39
22929,SCHOOL DESK AND CHAIR,23.0,3.0,1459.75,195.0,1264.75
20777,CHRYSANTHEMUM NOTEBOOK,3660.0,3.0,1262.7,4.95,1257.75
72818,CHRISTMAS DECOUPAGE CANDLE,2394.0,36.0,1283.13,25.92,1257.21
23462,ROCOCO WALL MIRROR WHITE,80.0,18.0,1607.04,350.1,1256.94
77101A,UNION FLAG WINDSOCK,1082.0,0.0,1255.97,0.0,1255.97
85163B,BLACK BAROQUE WALL CLOCK,115.0,1.0,1268.66,12.75,1255.91
22181,SNOWSTORM PHOTO FRAME FRIDGE MAGNET,1538.0,42.0,1291.38,35.7,1255.68
21063,PARTY INVITES JAZZ HEARTS,1456.0,4.0,1256.27,3.4,1252.87
22268,EASTER DECORATION SITTING BUNNY,2554.0,53.0,1271.29,19.31,1251.98
22999,TRAVEL CARD WALLET VINTAGE LEAF,2894.0,3.0,1252.59,1.26,1251.33
35648,VINTAGE BEAD PINK PURSE,1041.0,25.0,1270.93,20.75,1250.18
21549,CERAMIC BIRDHOUSE RED ROOF SMALL,547.0,7.0,1270.39,20.65,1249.74
22280,POCKET BAG PINK PAISELY BROWN SPOT,877.0,0.0,1248.74,0.0,1248.74
22232,JIGSAW TOADSTOOLS 3 PIECE,1109.0,74.0,1318.99,71.22,1247.77
22919,HERB MARKER MINT,1800.0,12.0,1255.44,7.8,1247.64
20765,CHRYSANTHEMUM SKETCHBOOK,442.0,5.0,1265.06,18.75,1246.31
21088,SET/6 FRUIT SALAD PAPER CUPS,16615.0,7140.0,1816.73,572.52,1244.21
84989A,75 GREEN FAIRY CAKE CASES,2194.0,4.0,1243.99,2.07,1241.92
20866,BLUE ROSE FABRIC MIRROR,1280.0,120.0,1368.91,127.2,1241.71
23511,EMBROIDERED RIBBON REEL EMILY,571.0,5.0,1252.01,10.4,1241.61
22062,CERAMIC BOWL WITH LOVE HEART DESIGN,761.0,7.0,1248.15,7.93,1240.22
21145,ANTIQUE GLASS PLACE SETTING,869.0,13.0,1256.21,16.25,1239.96
40003,WHITE BAMBOO RIBS LAMPSHADE,1150.0,18.0,1257.02,17.1,1239.92
23067,HANGING ENGRAVED METAL HEART,294.0,0.0,1236.66,0.0,1236.66
20733,GOLD MINI TAPE MEASURE,1927.0,300.0,1452.2,216.0,1236.2
79163,BLACK CHAMPAGNE GLASS,1833.0,10.0,1240.83,5.16,1235.67
35957,SMALLFOLKART BAUBLE CHRISTMAS DEC,3565.0,100.0,1254.9,19.92,1234.98
20707,CRAZY DAISY HEART DECORATION,1613.0,7.0,1243.68,8.75,1234.93
79066K,RETRO MOD TRAY,1403.0,12.0,1242.96,10.2,1232.76
20825,GOLD WINE GLASS,361.0,6.0,1255.08,22.5,1232.58
23539,WALL ART LOVES' SECRET,247.0,0.0,1227.95,0.0,1227.95
21190,PINK HEARTS PAPER GARLAND,806.0,77.0,1337.59,111.65,1225.94
21253,SET OF PICTURE FRAME  STICKERS,332.0,0.0,1225.17,0.0,1225.17
85141,JARDIN ETCHED GLASS FRUITBOWL,182.0,11.0,1286.44,62.05,1224.39
22258,FELT FARM ANIMAL RABBIT,1342.0,55.0,1291.05,68.75,1222.3
84660C,PINK STITCHED WALL CLOCK,756.0,0.0,1221.96,0.0,1221.96
21277,FRENCH STYLE EMBOSSED HEART CABINET,54.0,4.0,1309.39,87.8,1221.59
22290,STANDING METAL RABBIT WITH EGG,670.0,1.0,1223.02,2.1,1220.92
22921,HERB MARKER CHIVES,1771.0,12.0,1226.72,7.8,1218.92
23598,PAPER BUNTING VINTAGE PARTY,427.0,0.0,1215.53,0.0,1215.53
21438,TUB 24 HANGING EASTER EGGS SPOTTY,373.0,4.0,1229.82,15.0,1214.82
23138,SINGLE WIRE HOOK IVORY HEART,879.0,12.0,1231.51,17.4,1214.11
22216,T-LIGHT HOLDER WHITE LACE,1396.0,3.0,1215.83,2.55,1213.28
85135B,BLUE DRAGONFLY HELICOPTER,151.0,2.0,1226.51,15.9,1210.61
84665,SQUARE CHERRY BLOSSOM CABINET,226.0,26.0,1364.7,154.7,1210.0
22265,EASTER DECORATION NATURAL CHICK,1843.0,0.0,1207.8,0.0,1207.8
85162A,SILVER RETRODISC LAMPSHADE,607.0,4.0,1234.27,30.31,1203.96
23142,IVORY WIRE KITCHEN ORGANISER,121.0,2.0,1220.82,19.55,1201.27
84658,WHITE STITCHED CUSHION COVER,214.0,0.0,1199.66,0.0,1199.66
21883,STARS GIFT TAPE,2348.0,1.0,1199.48,0.19,1199.29
21396,RED SPOTTY EGG CUP,948.0,5.0,1205.25,6.25,1199.0
21130,COLOURFUL STANDING GNOME,721.0,1.0,1200.93,3.45,1197.48
21279,VINTAGE KITCHEN PRINT FRUITS,3527.0,1639.0,1621.83,425.85,1195.98
20731,POSY CANDY BAG,4142.0,55.0,1252.92,58.3,1194.62
85129D,BEADED CRYSTAL HEART PINK SMALL,793.0,1.0,1193.56,1.25,1192.31
72232,FENG SHUI PILLAR CANDLE,6268.0,0.0,1190.92,0.0,1190.92
22808,SET OF 6 T-LIGHTS EASTER CHICKS,420.0,18.0,1243.88,53.1,1190.78
47503E,ASS FLORAL PRINT SCISSORS,6842.0,0.0,1186.9,0.0,1186.9
20771,CHRYSANTHEMUM  JOURNAL,606.0,6.0,1201.68,15.3,1186.38
22256,FELT FARM ANIMAL CHICKEN,933.0,12.0,1200.07,15.0,1185.07
23444,Next Day Carriage,79.0,1.0,1200.0,15.0,1185.0
84815,SET OF 3 DANISH ROSE PLANTERS,926.0,0.0,1183.82,0.0,1183.82
21425,SKULLS STORAGE BOX LARGE,505.0,31.0,1274.93,91.45,1183.48
22403,MAGNETS PACK OF 4 VINTAGE LABELS,1715.0,12.0,1195.89,15.0,1180.89
22923,FRIDGE MAGNETS LES ENFANTS ASSORTED,1583.0,176.0,1314.89,134.0,1180.89
21806,WHITE CHRISTMAS HEART DECORATION,2707.0,0.0,1179.43,0.0,1179.43
85130A,BEADED PEARL HEART WHITE LARGE,685.0,0.0,1176.29,0.0,1176.29
72819,CUPID DESIGN SCENTED CANDLES,694.0,0.0,1174.01,0.0,1174.01
22903,CALENDAR FAMILY FAVOURITES,745.0,320.0,2053.96,880.0,1173.96
84687,BEACH HUT SHELF W 3 DRAWERS,314.0,7.0,1208.06,37.65,1170.41
84823,DANISH ROSE FOLDING CHAIR,120.0,1.0,1210.0,39.95,1170.05
23026,DRAWER KNOB VINTAGE GLASS STAR,556.0,14.0,1198.96,29.12,1169.84
20798,CLEAR MILKSHAKE GLASS,551.0,76.0,1308.15,140.25,1167.9
23418,LAVENDER TOILETTE BOTTLE,557.0,0.0,1166.0,0.0,1166.0
84596E,SMALL LICORICE DES PINK BOWL,1154.0,32.0,1205.61,40.0,1165.61
23515,EMBROIDERED RIBBON REEL DAISY,579.0,0.0,1164.98,0.0,1164.98
84313B,BLUE TV TRAY TABLE,227.0,0.0,1164.04,0.0,1164.04
23508,MINI PLAYING CARDS DOLLY GIRL,2627.0,2.0,1163.45,0.84,1162.61
37475,SET/4 COLOURFUL MIXING BOWLS,116.0,0.0,1160.56,0.0,1160.56
22252,BIRDCAGE DECORATION TEALIGHT HOLDER,956.0,13.0,1175.56,16.25,1159.31
84688,BEACH HUT DESIGN BLACKBOARD,422.0,53.0,1313.52,155.05,1158.47
22253,6 CROCHET STRAWBERRIES,964.0,0.0,1158.28,0.0,1158.28
23431,NATURAL HANGING QUILTED HEARTS,1449.0,16.0,1171.23,13.28,1157.95
21650,ASSORTED TUTTI FRUTTI BRACELET,3204.0,28.0,1163.8,7.16,1156.64
21490,SET OF THREE 50'S GIFT WRAPS,637.0,28.0,1210.6,54.6,1156.0
22048,BIRTHDAY BANQUET GIFT WRAP,2815.0,25.0,1166.3,10.5,1155.8
23507,MINI PLAYING CARDS BUFFALO BILL,2882.0,0.0,1155.67,0.0,1155.67
84674,FLYING PIG WATERING CAN,460.0,7.0,1175.93,20.65,1155.28
21312,LARGE CHUNKY GLASS ROMAN BOWL,299.0,13.0,1179.17,25.35,1153.82
84910A,PINK PAISLEY CUSHION COVER,432.0,13.0,1230.39,77.35,1153.04
23269,SET OF 2 CERAMIC CHRISTMAS TREES,779.0,0.0,1152.98,0.0,1152.98
22264,FELT FARM ANIMAL WHITE BUNNY,2014.0,0.0,1152.22,0.0,1152.22
23566,EGG CUP MILKMAID HEIDI,881.0,4.0,1156.93,5.0,1151.93
23523,WALL ART TREASURE AHOY,360.0,6.0,1173.81,22.5,1151.31
21649,ASSORTED TUTTI FRUTTI PHOTO FRAME,421.0,4.0,1162.89,11.8,1151.09
22814,CARD PARTY GAMES,2728.0,0.0,1147.77,0.0,1147.77
85159A,"BLACK TEA,COFFEE,SUGAR JARS",492.0,43.0,1248.98,101.45,1147.53
23402,HOME SWEET HOME 3 PEG HANGER,296.0,0.0,1147.28,0.0,1147.28
21261,GREEN GOOSE FEATHER CHRISTMAS TREE,283.0,0.0,1146.12,0.0,1146.12
37482B,CUBIC MUG BLUE POLKA DOT,1252.0,0.0,1145.26,0.0,1145.26
22924,FRIDGE MAGNETS LA VIE EN ROSE,1500.0,229.0,1323.42,179.05,1144.37
22040,BOTANICAL ROSE GIFT WRAP,2815.0,0.0,1144.3,0.0,1144.3
84830,LARGE ENGLISH ARBORETUM,113.0,3.0,1195.15,50.85,1144.3
22615,PACK OF 12 CIRCUS PARADE TISSUES,3718.0,12.0,1145.88,4.68,1141.2
21316,SMALL CHUNKY GLASS ROMAN  BOWL,693.0,2.0,1146.11,5.9,1140.21
21752,GLASS CAKE STAND MIRRORED BASE,77.0,7.0,1244.81,104.65,1140.16
21366,MIRRORED WALL ART PHOTO FRAMES,238.0,0.0,1140.0,0.0,1140.0
22715,CARD WEDDING DAY,2717.0,0.0,1133.93,0.0,1133.93
84750B,BLACK SMALL GLASS CAKE STAND,609.0,5.0,1142.02,8.19,1133.83
23057,GEMSTONE CHANDELIER T-LIGHT HOLDER,773.0,433.0,1768.67,636.15,1132.52
21413,PERIWINKLE T-LIGHT HOLDER,3162.0,0.0,1131.14,0.0,1131.14
23506,MINI PLAYING CARDS SPACEBOY,2723.0,0.0,1129.12,0.0,1129.12
21555,CERAMIC STRAWBERRY TRINKET TRAY,425.0,1.0,1131.37,2.55,1128.82
84625A,PINK NEW BAROQUECANDLESTICK CANDLE,838.0,54.0,1193.0,64.8,1128.2
20622,VIPPASSPORT COVER,582.0,0.0,1127.59,0.0,1127.59
72598,SET/12 TAPER CANDLES,1244.0,22.0,1145.76,18.7,1127.06
22598,CHRISTMAS MUSICAL ZINC TREE,1790.0,6.0,1131.85,5.1,1126.75
22718,CARD CAT AND TREE,2605.0,36.0,1141.36,15.12,1126.24
21040,MODERN VINTAGE COTTON SHOPPING BAG,894.0,0.0,1125.85,0.0,1125.85
85124C,GREEN JUICY FRUIT PHOTO FRAME,429.0,6.0,1139.07,15.3,1123.77
85224,ASSORTED COLOUR SILK GLASSES CASE,2004.0,0.0,1120.96,0.0,1120.96
23510,MINI PLAYING CARDS GYMKHANA,2521.0,0.0,1118.8,0.0,1118.8
20700,GREEN CAT FLORAL CUSHION COVER,420.0,2.0,1125.05,7.5,1117.55
17096,ASSORTED LAQUERED INCENSE HOLDERS,6240.0,0.0,1117.09,0.0,1117.09
21942,SKULLS DESIGN FLANNEL,1672.0,24.0,1136.28,20.4,1115.88
20832,RED FLOCK LOVE HEART PHOTO FRAME,1681.0,8.0,1122.65,6.8,1115.85
84559B,3D SHEET OF CAT STICKERS,1231.0,4.0,1119.09,3.4,1115.69
84750A,PINK SMALL GLASS CAKE STAND,544.0,40.0,1189.23,75.3,1113.93
22761,CHEST 7 DRAWER MA CAMPAGNE,48.0,3.0,1182.78,68.85,1113.93
23411,TRELLIS COAT RACK,227.0,1.0,1118.61,4.95,1113.66
85136A,YELLOW SHARK HELICOPTER,138.0,1.0,1121.28,7.95,1113.33
20669,RED HEART LUGGAGE TAG,797.0,0.0,1111.89,0.0,1111.89
84967B,BLUE KASHMIRI OCCASIONAL TABLE,24.0,3.0,1249.45,139.95,1109.5
22233,JIGSAW RABBIT AND BIRDHOUSE,949.0,62.0,1210.11,101.24,1108.87
47504H,ENGLISH ROSE SPIRIT LEVEL,1028.0,4.0,1113.07,5.0,1108.07
79323S,SILVER CHERRY LIGHTS,334.0,158.0,2084.32,976.8,1107.52
23225,CHERUB HEART DECORATION SILVER,1355.0,84.0,1176.17,69.72,1106.45
21944,KITTENS DESIGN FLANNEL,1789.0,2.0,1106.01,1.7,1104.31
21666,RIDGED GLASS T-LIGHT HOLDER,1760.0,3.0,1105.15,1.95,1103.2
23513,EMBROIDERED RIBBON REEL SUSIE,566.0,6.0,1114.26,12.48,1101.78
84638,SMALL KITCHEN FLOWER POTS PLAQUE,400.0,0.0,1101.55,0.0,1101.55
22532,MAGIC SLATE LEAP FROG,2862.0,0.0,1101.1,0.0,1101.1
23375,50'S CHRISTMAS PAPER GIFT BAG,1342.0,1.0,1100.69,0.82,1099.87
21010,ETCHED GLASS BIRD TREE DECORATION,850.0,12.0,1114.76,15.0,1099.76
21131,GOLD STANDING GNOME,276.0,0.0,1098.86,0.0,1098.86
84358,FLOOR LAMP SHADE WOOD BASE,121.0,0.0,1097.48,0.0,1097.48
85212,MINI PAINTED GARDEN DECORATION,2831.0,0.0,1096.56,0.0,1096.56
22230,JIGSAW TREE WITH WATERING CAN,1657.0,45.0,1134.64,38.18,1096.46
37479B,CUBIC MUG FLOCK BLUE ON BROWN,1253.0,0.0,1095.85,0.0,1095.85
20867,PINK ROSE FABRIC MIRROR,1098.0,0.0,1093.14,0.0,1093.14
85131D,BEADED CRYSTAL HEART PINK\ON STICK,1443.0,0.0,1092.71,0.0,1092.71
20755,BLUE PAISLEY POCKET BOOK,5145.0,0.0,1089.73,0.0,1089.73
22709,WRAP WEDDING DAY,2799.0,25.0,1099.58,10.5,1089.08
22255,FELT TOADSTOOL  SMALL,1185.0,45.0,1127.11,38.25,1088.86
23432,PRETTY HANGING QUILTED HEARTS,1276.0,0.0,1088.36,0.0,1088.36
20932,PINK POT PLANT CANDLE,333.0,17.0,1143.97,55.75,1088.22
85093,CANDY SPOT EGG WARMER HARE,1361.0,3.0,1091.21,3.75,1087.46
84678,CLASSICAL ROSE SMALL VASE,565.0,10.0,1108.28,22.9,1085.38
84631,FRUIT TREE AND BIRDS WALL PLAQUE,288.0,3.0,1106.16,23.85,1082.31
23041,PAPER LANTERN 9 POINT SNOW STAR,272.0,24.0,1178.48,99.6,1078.88
20615,BLUE SPOTTY PASSPORT COVER,637.0,0.0,1077.81,0.0,1077.81
20934,SET/3 POT PLANT CANDLES,197.0,20.0,1185.07,107.5,1077.57
21817,GLITTER CHRISTMAS TREE,1687.0,0.0,1077.19,0.0,1077.19
21763,VINTAGE WOODEN BAR STOOL,43.0,3.0,1157.9,81.85,1076.05
22116,METAL SIGN HIS DINNER IS SERVED,823.0,18.0,1103.88,27.9,1075.98
23102,SILVER HEARTS TABLE DECORATION,1274.0,0.0,1075.03,0.0,1075.03
21839,MUMMY MOUSE RED GINGHAM RIBBON,201.0,2.0,1085.59,10.9,1074.69
20893,HANGING BAUBLE T-LIGHT HOLDER SMALL,559.0,111.0,1308.59,234.45,1074.14
23087,ZINC  HEART T-LIGHT HOLDER,868.0,15.0,1090.66,18.75,1071.91
21758,VINTAGE SHELLS PRINT,135.0,0.0,1069.76,0.0,1069.76
23433,HANGING QUILTED PATCHWORK APPLES,1258.0,47.0,1108.58,39.01,1069.57
84791,GINGHAM HEART DECORATION,334.0,6.0,1086.13,17.7,1068.43
85124A,PINK JUICY FRUIT PHOTO FRAME,387.0,8.0,1087.73,20.4,1067.33
23113,PANTRY CHOPPING BOARD,1154.0,946.0,5868.5,4803.06,1065.44
21632,VINTAGE PINK DECORATIVE PARASOL,132.0,1.0,1076.22,12.75,1063.47
21779,MA CAMPAGNE MINI WOODEN CHEST,301.0,10.0,1097.8,35.05,1062.75
22105,MIRROR MOSAIC GOBLET CANDLE HOLDER,692.0,241.0,1294.7,232.25,1062.45
23331,DECORATIVE WICKER HEART SMALL,1596.0,0.0,1062.28,0.0,1062.28
22997,TRAVEL CARD WALLET UNION JACK,2545.0,78.0,1094.93,32.76,1062.17
85160A,WHITE BIRD GARDEN DESIGN MUG,8824.0,4320.0,1622.79,561.6,1061.19
72800F,4 IVORY DINNER CANDLES GOLD FLOCK,822.0,0.0,1060.19,0.0,1060.19
23033,DRAWER KNOB CERAMIC RED,714.0,0.0,1058.9,0.0,1058.9
23516,EMBROIDERED RIBBON REEL SOPHIE,296.0,0.0,1058.6,0.0,1058.6
85163A,WHITE BAROQUE WALL CLOCK,103.0,0.0,1058.17,0.0,1058.17
21815,STAR  T-LIGHT HOLDER,679.0,2.0,1060.24,2.9,1057.34
85179B,WHITE BITTY LIGHT CHAIN,246.0,0.0,1056.6,0.0,1056.6
72815,3 WICK CHRISTMAS BRIAR CANDLE,282.0,8.0,1083.36,30.0,1053.36
20840,FRENCH FLORAL CUSHION COVER,885.0,219.0,1419.09,365.85,1053.24
21827,EIGHT PIECE CREEPY CRAWLIE SET,835.0,13.0,1068.89,16.25,1052.64
84908B,BLUE 5 PATCH FLOWER CUSHION COVER,435.0,0.0,1052.29,0.0,1052.29
85078,SCANDINAVIAN 3 HEARTS NAPKIN RING,2258.0,1.0,1052.02,0.65,1051.37
37327,ASSTD MULTICOLOUR CIRCLES MUG,1739.0,4.0,1051.69,1.56,1050.13
84965A,PINK KASHMIRI COFFEE TABLE,20.0,0.0,1050.0,0.0,1050.0
21825,PAINTED METAL TREE WITH HOLLY BELLS,733.0,3.0,1053.19,4.35,1048.84
85008,SET OF 3 CONEY ISLAND OVAL BOXES,269.0,2.0,1058.72,9.9,1048.82
22857,ASSORTED EASTER GIFT TAGS,1230.0,0.0,1048.28,0.0,1048.28
79191C,RETRO PLASTIC ELEPHANT TRAY,1619.0,289.0,1293.76,245.65,1048.11
23327,HANGING CLEAR MINI BOTTLE,1734.0,8.0,1051.14,4.72,1046.42
84707A,SILVER JEWELLED MIRROR TRINKET TRAY,125.0,0.0,1045.88,0.0,1045.88
35646,VINTAGE BEAD PINK EVENING BAG,642.0,0.0,1043.44,0.0,1043.44
22511,RETROSPOT BABUSHKA DOORSTOP,397.0,1.0,1046.66,3.75,1042.91
23419,HOME SWEET HOME BOTTLE,473.0,1.0,1043.72,2.08,1041.64
84985A,SET OF 72 GREEN PAPER DOILIES,654.0,5.0,1047.93,7.25,1040.68
23056,FLOWERS CHANDELIER T-LIGHT HOLDER,963.0,579.0,2898.12,1859.07,1039.05
20671,BLUE TEATIME PRINT BOWL,786.0,0.0,1038.72,0.0,1038.72
22134,MINI LADLE LOVE HEART RED,2354.0,12.0,1043.58,5.04,1038.54
84908A,PINK 5 PATCH FLOWER CUSHION COVER,432.0,1.0,1045.16,6.95,1038.21
22995,TRAVEL CARD WALLET SUKI,2381.0,49.0,1058.64,20.58,1038.06
35651,VINTAGE BEAD PINK SCARF,459.0,12.0,1057.62,19.8,1037.82
22821,GIFT BAG PSYCHEDELIC APPLES,1660.0,16.0,1047.45,10.4,1037.05
21269,ANTIQUE CREAM CUTLERY SHELF,114.0,0.0,1036.84,0.0,1036.84
21061,PARTY INVITES FOOTBALL,1396.0,12.0,1046.56,10.2,1036.36
22860,EASTER TIN CHICKS PINK DAISY,612.0,15.0,1060.85,24.75,1036.1
22266,EASTER DECORATION HANGING BUNNY,2542.0,7.0,1040.11,4.55,1035.56
22389,PAPERWEIGHT SAVE THE PLANET,647.0,100.0,1245.52,210.0,1035.52
85118,HEART T-LIGHT HOLDER,2054.0,207.0,1133.68,98.67,1035.01
23347,I LOVE LONDON BEAKER,860.0,34.0,1077.3,42.5,1034.8
21725,SWEETIES  STICKERS,1135.0,2.0,1036.43,1.7,1034.73
22856,ASSORTED EASTER DECORATIONS  BELLS,877.0,21.0,1059.85,26.25,1033.6
23088,ZINC HEART FLOWER T-LIGHT HOLDER,795.0,0.0,1033.28,0.0,1033.28
85144,JARDIN ETCHED GLASS CHEESE DISH,287.0,2.0,1046.85,14.5,1032.35
20783,HEART EAR MUFF HEADPHONES,165.0,4.0,1051.4,21.12,1030.28
84405A,S/3 PINK COL METAL BASKET W HANDLE,129.0,1.0,1042.16,12.75,1029.41
21202,DOLLY HONEYCOMB GARLAND,854.0,51.0,1103.48,74.55,1028.93
20652,BLUE SPOTTY LUGGAGE TAG,1516.0,0.0,1027.29,0.0,1027.29
46775A,BUBBLE GUM CHUNKY KNITTED THROW,83.0,1.0,1044.23,16.95,1027.28
23545,WRAP RED VINTAGE DOILY,2480.0,0.0,1025.6,0.0,1025.6
85180B,PINK HEARTS LIGHT CHAIN,364.0,0.0,1022.16,0.0,1022.16
22247,BUNNY DECORATION MAGIC GARDEN,1184.0,1.0,1022.79,0.75,1022.04
21904,HOUSE WRECKING METAL SIGN,757.0,97.0,1201.52,179.7,1021.82
82616C,MIDNIGHT GLAMOUR SCARF KNITTING KIT,632.0,3.0,1024.1,3.75,1020.35
23452,HEART MINI PORTRAIT FRAME,518.0,1.0,1021.76,1.95,1019.81
35923,CANDY HEART HANGING DECORATION,1545.0,4.0,1023.77,4.14,1019.63
20839,FRENCH PAISLEY CUSHION COVER,633.0,0.0,1018.11,0.0,1018.11
72800D,S/4 BLUE DINNER CANDLE SILVER FLOCK,631.0,1.0,1020.21,2.55,1017.66
84923,PINK BUTTERFLY HANDBAG W BOBBLES,234.0,0.0,1017.64,0.0,1017.64
85031C,CURIOUS IMAGES SCRAP BOOK SET,481.0,0.0,1017.48,0.0,1017.48
21814,HEART T-LIGHT HOLDER,670.0,0.0,1016.53,0.0,1016.53
84596L,BISCUITS SMALL BOWL LIGHT BLUE,1537.0,0.0,1016.42,0.0,1016.42
22806,SET OF 6 T-LIGHTS WEDDING CAKE,430.0,52.0,1149.02,134.2,1014.82
20619,TROPICAL PASSPORT COVER,578.0,0.0,1014.42,0.0,1014.42
22420,LIPSTICK PEN BABY PINK,2111.0,1.0,1014.75,0.42,1014.33
22717,CARD DOG AND BALL,2405.0,12.0,1018.42,5.04,1013.38
82613B,"METAL SIGN,CUPCAKE SINGLE HOOK",910.0,21.0,1020.61,9.65,1010.96
23107,WHITE WIRE PLANT POT HOLDER,359.0,0.0,1009.51,0.0,1009.51
84709B,PINK OVAL JEWELLED MIRROR,176.0,1.0,1014.48,5.95,1008.53
84905,PINK BUTTERFLY CUSHION COVER,269.0,0.0,1007.91,0.0,1007.91
23544,WALL ART MID CENTURY MODERN,164.0,1.0,1015.78,8.25,1007.53
22643,SET OF 4 NAPKIN CHARMS LEAVES,464.0,0.0,1006.24,0.0,1006.24
23153,ZINC SWEETHEART WIRE LETTER RACK,263.0,4.0,1020.69,15.0,1005.69
22049,WRAP CHRISTMAS SCREEN PRINT,3500.0,25.0,1015.75,10.5,1005.25
47310M,"SMALL POP BOX,FUNKY MONKEY",746.0,0.0,1004.94,0.0,1004.94
21664,RIDGED GLASS STORAGE JAR CREAM LID,258.0,7.0,1031.07,26.25,1004.82
21084,SET/6 COLLAGE PAPER CUPS,2929.0,24.0,1008.81,4.56,1004.25
72750B,FLOWER FAIRY SET 3 CANDLES LAVENDER,496.0,18.0,1047.2,43.1,1004.1
85126,LARGE ROUND CUTGLASS CANDLESTICK,156.0,10.0,1069.16,67.5,1001.66
85104,SILVER GLASS T-LIGHT SET,351.0,8.0,1024.49,23.6,1000.89
23281,FOLDING MIRROR RED,1280.0,0.0,1000.82,0.0,1000.82
23121,PACK OF 6 COCKTAIL PARASOL STRAWS,2501.0,0.0,1000.44,0.0,1000.44
21392,RED SPOTTY PUDDING BOWL,7545.0,3650.0,1478.13,478.44,999.69
23533,WALL ART GARDEN HAVEN,215.0,0.0,998.64,0.0,998.64
20730,STRAWBERRY CANDY BAG,2218.0,11.0,1011.7,13.75,997.95
21250,SET OF SKULL WALL STICKERS,402.0,0.0,997.55,0.0,997.55
23517,EMBROIDERED RIBBON REEL REBECCA,334.0,0.0,996.38,0.0,996.38
72586,SET OF 6 HALLOWEEN GHOST T-LIGHTS,2303.0,36.0,1010.1,15.12,994.98
20705,MRS ROBOT SOFT TOY,273.0,1.0,996.19,1.95,994.24
20617,FIRST CLASS PASSPORT COVER,498.0,0.0,992.99,0.0,992.99
21127,COLOURFUL FISHING GNOME,297.0,1.0,998.03,5.95,992.08
72484,ROSES IN WHITE HEART CANDLE,1818.0,0.0,991.38,0.0,991.38
85170C,SET/6 EAU DE NIL BIRD T-LIGHTS,543.0,1.0,993.03,2.1,990.93
21690,SILVER  CANDLEPOT JARDIN,258.0,0.0,990.84,0.0,990.84
84964B,BLUE PAINTED KASHMIRI TABLE,17.0,0.0,990.0,0.0,990.0
21836,GINGHAM OVEN GLOVE RED HEART,249.0,4.0,1003.89,15.0,988.89
21721,CANDY SHOP  STICKER SHEET,1090.0,2.0,990.5,1.7,988.8
35958,FOLKART ZINC STAR CHRISTMAS DEC,1131.0,0.0,984.63,0.0,984.63
84686,BEACH HUT MIRROR,389.0,20.0,1027.79,43.4,984.39
22529,MAGIC SLATE GO TO THE FAIR,2437.0,0.0,984.03,0.0,984.03
35653,VINTAGE BEAD NOTEBOOK,311.0,0.0,982.53,0.0,982.53
84918,CREAM CUSHION COVER WITH FLOWERS,208.0,2.0,995.12,13.9,981.22
85025B,EAU DE NILE HEART SHAPE PHOTO FRAME,570.0,4.0,985.4,6.6,978.8
23512,EMBROIDERED RIBBON REEL ROSIE,500.0,0.0,975.24,0.0,975.24
35599B,BLACK CHRISTMAS TREE 120CM,268.0,0.0,974.81,0.0,974.81
21417,COCKLE SHELL DISH,502.0,25.0,1023.9,52.5,971.4
79323G,GOLD  CHERRY LIGHTS,314.0,175.0,2007.88,1037.45,970.43
21562,HAWAIIAN GRASS SKIRT,678.0,0.0,970.28,0.0,970.28
78124,MAGAZINE RACK GEBRA ASSORTED,730.0,0.0,969.61,0.0,969.61
23380,PACK OF 12 VINTAGE DOILY TISSUES,2344.0,36.0,983.5,14.04,969.46
22104,MIRROR MOSAIC CANDLE PLATE,1187.0,0.0,968.08,0.0,968.08
85071A,BLUE CHARLIE+LOLA PERSONAL DOORSIGN,1907.0,152.0,1415.69,448.4,967.29
21427,SKULLS STORAGE BOX SMALL,507.0,16.0,999.06,33.6,965.46
23514,EMBROIDERED RIBBON REEL SALLY,478.0,6.0,977.39,12.48,964.91
22108,PING! MICROWAVE PLATE,313.0,4.0,978.74,15.0,963.74
82616B,FRAPPUCINO SCARF KNITTING KIT,606.0,10.0,977.55,14.2,963.35
23518,EMBROIDERED RIBBON REEL RACHEL,361.0,6.0,980.41,17.34,963.07
20773,BLUE PAISLEY NOTEBOOK,3339.0,1.0,963.98,1.65,962.33
21691,SILVER VANILLA FLOWER CANDLE POT,249.0,0.0,960.99,0.0,960.99
17021,NAMASTE SWAGAT INCENSE,3720.0,78.0,984.24,23.4,960.84
20774,GREEN FERN NOTEBOOK,3484.0,1.0,962.48,1.65,960.83
72814,SET/3 CHRISTMAS BRIAR CANDLES,266.0,2.0,967.92,7.5,960.42
85197,SET OF 12 MINI BUNNIES IN A BUCKET,1669.0,0.0,959.46,0.0,959.46
21208,PASTEL COLOUR HONEYCOMB FAN,1078.0,42.0,976.91,17.64,959.27
85130D,BEADED CRYSTAL HEART PINK LARGE,788.0,0.0,958.85,0.0,958.85
72753B,S/3 FLWR FAIRY LAVENDER CANDLES,445.0,0.0,957.73,0.0,957.73
21805,WHITE CHRISTMAS TREE DECORATION,2221.0,0.0,957.63,0.0,957.63
23460,SWEETHEART WALL TIDY,108.0,5.0,1007.08,49.75,957.33
20782,CAMOUFLAGE EAR MUFF HEADPHONES,155.0,7.0,995.48,38.43,957.05
84360,TABLE LAMP WHITE SHADE WOOD BASE,179.0,0.0,956.89,0.0,956.89
84466,TOP SECRET PEN SET,1256.0,397.0,1348.36,391.85,956.51
22512,DOORSTOP RACING CAR DESIGN,384.0,0.0,956.17,0.0,956.17
21636,MADRAS NOTEBOOK MEDIUM,1014.0,12.0,985.74,30.6,955.14
85032B,BLOSSOM IMAGES GIFT WRAP SET,982.0,0.0,953.34,0.0,953.34
84907,PINK/YELLOW PATCH CUSHION COVER,391.0,6.0,999.17,45.9,953.27
84660B,BLACK STITCHED WALL CLOCK,752.0,0.0,952.66,0.0,952.66
20758,ABSTRACT CIRCLES POCKET BOOK,5425.0,1.0,953.42,0.85,952.57
21060,PARTY INVITES BALLOON GIRL,1276.0,0.0,952.55,0.0,952.55
20878,SET/9 CHRISTMAS T-LIGHTS SCENTED,737.0,0.0,952.51,0.0,952.51
85019B,BLOSSOM  IMAGES NOTEBOOK SET,718.0,24.0,982.47,30.0,952.47
17012C,ORIGAMI LAVENDER INCENSE/CANDL SET,856.0,0.0,950.4,0.0,950.4
47589,CONGRATULATIONS BUNTING,183.0,11.0,1008.73,59.95,948.78
22953,BIRTHDAY PARTY CORDON BARRIER TAPE,760.0,0.0,948.55,0.0,948.55
23540,WALL ART THE MAGIC FOREST,150.0,0.0,947.06,0.0,947.06
21641,ASSORTED TUTTI FRUTTI KEYRING BALL,1666.0,0.0,946.31,0.0,946.31
22994,TRAVEL CARD WALLET RETROSPOT,2194.0,30.0,956.94,12.6,944.34
85031A,ROMANTIC IMAGES SCRAP BOOK SET,477.0,0.0,943.44,0.0,943.44
20998,ROSE DU SUD OVEN GLOVE,324.0,0.0,942.26,0.0,942.26
37482P,CUBIC MUG PINK POLKADOT,669.0,0.0,941.01,0.0,941.01
20778,GARDEN PATH NOTEBOOK,3611.0,3.0,944.36,4.95,939.41
85032C,CURIOUS IMAGES GIFT WRAP SET,886.0,12.0,946.59,7.8,938.79
84816,DANISH ROSE BEDSIDE CABINET,33.0,9.0,1278.35,340.6,937.75
85189,HANGING BUTTERFLY  EGG,1176.0,36.0,967.95,30.6,937.35
20830,SILVER PHOTO FRAME,407.0,11.0,964.61,27.32,937.29
23183,MOTHER'S KITCHEN SPOON REST,226.0,8.0,967.17,30.0,937.17
71279,PINK GLASS CANDLEHOLDER,293.0,12.0,972.11,35.4,936.71
85124B,BLUE JUICY FRUIT PHOTO FRAME,355.0,6.0,948.7,15.3,933.4
21299,EDWARDIAN TOILET ROLL UNIT,166.0,4.0,966.35,33.4,932.95
47504E,ENGLISH ROSE SCISSORS,4387.0,0.0,931.86,0.0,931.86
85018D,YULETIDE IMAGES S/6 PAPER BOXES,787.0,21.0,969.9,38.25,931.65
84664,CHERRY BLOSSOM BATHROOM CABINET,193.0,5.0,955.35,24.75,930.6
23179,CLOCK MAGNET MUM'S KITCHEN,324.0,0.0,930.48,0.0,930.48
84800L,LARGE WHITE/PINK ROSE ART FLOWER,650.0,24.0,970.79,40.56,930.23
21726,MULTI HEARTS  STICKERS,1077.0,2.0,930.99,1.7,929.29
21129,SILVER FISHING GNOME,124.0,3.0,949.44,20.85,928.59
21014,SWISS CHALET TREE DECORATION,1850.0,1.0,928.09,0.72,927.37
20775,DAISY NOTEBOOK,3604.0,0.0,926.54,0.0,926.54
72800C,S/4 PINK DINNER CANDLE SILVER FLOCK,660.0,0.0,924.84,0.0,924.84
18007,ESSENTIAL BALM 3.5g TIN IN ENVELOPE,11396.0,2400.0,1043.22,120.0,923.22
23178,JAM CLOCK MAGNET,327.0,5.0,936.89,14.45,922.44
84341B,SMALL PINK MAGIC CHRISTMAS TREE,1757.0,0.0,922.18,0.0,922.18
22703,PINK CAT BOWL,513.0,0.0,921.81,0.0,921.81
22096,PINK PAISLEY SQUARE TISSUE BOX,1667.0,18.0,938.86,17.34,921.52
84625C,BLUE NEW BAROQUE CANDLESTICK CANDLE,770.0,70.0,1024.15,103.6,920.55
21850,BLUE  DIAMANTE PEN IN GIFT BOX,447.0,36.0,1072.98,153.0,919.98
21720,CAKE SHOP  STICKER SHEET,1068.0,12.0,929.81,10.2,919.61
21702,SET 5 MINI GATEAUX  FRIDGE MAGNETS,2636.0,0.0,918.68,0.0,918.68
85130B,BEADED CRYSTAL HEART GREEN LARGE,911.0,0.0,918.33,0.0,918.33
84929,ASSTD FRUIT+FLOWERS FRIDGE MAGNETS,3096.0,163.0,1007.52,89.29,918.23
22143,CHRISTMAS CRAFT HEART DECORATIONS,446.0,12.0,942.88,25.2,917.68
20831,GOLD PHOTO FRAME,474.0,6.0,927.96,12.6,915.36
21007,ETCHED GLASS DROPLET DECORATION,1927.0,0.0,914.67,0.0,914.67
20903,VINTAGE KEEPSAKE BOX TRAVELOGUE,187.0,1.0,919.8,6.35,913.45
85111,SILVER GLITTER FLOWER VOTIVE HOLDER,2907.0,144.0,954.15,41.76,912.39
22102,MIRROR MOSAIC T-LIGHT HOLDER,1842.0,721.0,1191.69,282.45,909.24
21303,FILIGREE WALL MIRROR  ANTIQUE WHITE,96.0,11.0,985.54,76.45,909.09
21331,MOROCCAN BEATEN METAL DISH LARGE,110.0,3.0,946.68,38.25,908.43
85226A,WHITE/BLUE PULL BACK RACING CAR,1714.0,45.0,933.07,24.75,908.32
22707,WRAP MONSTER FUN,2157.0,0.0,905.94,0.0,905.94
46776C,WOVEN FROST CUSHION COVER,258.0,0.0,905.1,0.0,905.1
21335,LIBRARY LAMP,42.0,4.0,989.62,84.8,904.82
37330,SPOTS MUG,517.0,12.0,927.46,23.1,904.36
84660A,WHITE STITCHED WALL CLOCK,867.0,2.0,907.96,4.54,903.42
23338,EGG FRYING PAN RED,431.0,6.0,915.4,12.48,902.92
21264,WHITE GOOSE FEATHER TREE 60CM,391.0,8.0,917.85,15.6,902.25
85121C,RETRO LAUNDRY TUB PISTACHIO,98.0,2.0,918.91,17.0,901.91
23532,WALL ART WORK REST AND PLAY,210.0,0.0,901.58,0.0,901.58
82607A,GLASS BONBON JAR PARFUME AUX FLEURE,663.0,18.0,923.72,22.5,901.22
37492B,BLUE YELLOW FLOWER PIGGY BANK,489.0,18.0,946.72,47.7,899.02
20913,SET/5 BLUE SPOTTY LID GLASS BOWLS,314.0,0.0,898.72,0.0,898.72
21444,BLUE CHALET BIRDFEEDER,291.0,1.0,902.03,3.75,898.28
90147,CHUNKY SILVER NECKLACE PASTEL FLOWE,93.0,4.0,937.45,39.8,897.65
84919,L BLUE C/COVER W PINK/YELLOW FLOWER,291.0,172.0,1619.84,723.4,896.44
23502,PLAYING CARDS VINTAGE DOILY,714.0,0.0,896.41,0.0,896.41
17109B,FLOWER FAIRY INCENSE LAVENDER,4542.0,0.0,896.34,0.0,896.34
85031B,BLOSSOM IMAGES SCRAP BOOK SET,496.0,0.0,896.09,0.0,896.09
84760L,LARGE HANGING GLASS+ZINC LANTERN,560.0,0.0,896.0,0.0,896.0
84600,NEW BAROQUE JEWELLERY BOX,108.0,3.0,918.27,22.85,895.42
23472,NINE DRAWER OFFICE TIDY,58.0,0.0,894.42,0.0,894.42
21676,FLOWERS  STICKERS,1193.0,0.0,893.72,0.0,893.72
90175A,WHITE GLASS CHUNKY CHARM BRACELET,107.0,8.0,964.45,71.6,892.85
84666,SQUARE CHERRY BLOSSOM CABINET,226.0,0.0,892.7,0.0,892.7
46000P,POLYESTER FILLER PAD 65CMx65CM,213.0,3.0,905.25,12.75,892.5
20759,CHRYSANTHEMUM POCKET BOOK,5777.0,0.0,891.13,0.0,891.13
20757,RED DAISY POCKET BOOK,5347.0,0.0,890.7,0.0,890.7
23072,MARIE ANTOINETTE TRINKET BOX SILVER,334.0,72.0,1273.76,384.0,889.76
20892,SET/3 TALL GLASS CANDLE HOLDER PINK,102.0,21.0,1095.35,206.15,889.2
21220,SET/4 BADGES DOGS,659.0,0.0,888.68,0.0,888.68
21724,PANDA AND BUNNIES STICKER SHEET,996.0,2.0,888.34,1.7,886.64
85214,TUB 24 PINK FLOWER PEGS,514.0,0.0,886.23,0.0,886.23
85019A,ROMANTIC IMAGES NOTEBOOK SET,647.0,24.0,915.04,30.0,885.04
22647,CERAMIC LOVE HEART MONEY BANK,1058.0,24.0,919.63,34.8,884.83
84086C,PINK/PURPLE RETRO RADIO,297.0,0.0,884.75,0.0,884.75
20991,JAZZ HEARTS MAGNETIC MEMO PAD,7084.0,0.0,884.56,0.0,884.56
22248,DECORATION  PINK CHICK MAGIC GARDEN,1013.0,21.0,901.5,17.85,883.65
21480,PINK STRIPE HOT WATER BOTTLE,285.0,6.0,899.52,17.7,881.82
22164,STRING OF STARS CARD HOLDER,315.0,1.0,883.22,2.95,880.27
72799A,BLACK PILLAR CANDLE SILVER FLOCK,612.0,0.0,877.8,0.0,877.8
21062,PARTY INVITES SPACEMAN,1053.0,0.0,875.87,0.0,875.87
35598B,BLACK CHRISTMAS TREE 60CM,931.0,0.0,874.65,0.0,874.65
21270,ANTIQUE CREAM CUTLERY CUPBOARD,76.0,0.0,874.43,0.0,874.43
21338,MARAKESH LANTERN SMALL,199.0,0.0,873.25,0.0,873.25
84925F,PSYCHEDELIC WALL THERMOMETER,714.0,0.0,873.11,0.0,873.11
85165,CANDY PINK FRENCH BOUDOIR CLOCK,90.0,0.0,872.76,0.0,872.76
23479,WIRE EGG BASKET,113.0,0.0,872.38,0.0,872.38
23099,FRENCH CARRIAGE LANTERN,137.0,8.0,925.35,53.2,872.15
85194S,HANGING SPRING FLOWER EGG SMALL,1760.0,29.0,889.46,18.39,871.07
84974,S/2 ZINC HEART DESIGN PLANTERS,89.0,1.0,879.55,9.95,869.6
21414,SCALLOP SHELL SOAP DISH,1637.0,1.0,870.89,2.1,868.79
21293,MIRRORED DOVE WALL DECORATION,343.0,2.0,872.34,4.2,868.14
17012B,ORIGAMI JASMINE INCENSE/CANDLE SET,721.0,0.0,867.45,0.0,867.45
21147,JINGLE BELLS TREE DECORATION,477.0,2.0,870.48,4.2,866.28
85166B,BLACK METAL BAROQUE PHOTO FRAME,510.0,0.0,864.1,0.0,864.1
84820,DANISH ROSE TRINKET TRAYS,323.0,6.0,899.37,35.7,863.67
21320,GLASS CHALICE GREEN  LARGE,398.0,22.0,913.34,52.5,860.84
23002,TRAVEL CARD WALLET SKULLS,2119.0,128.0,914.37,53.76,860.61
21318,GLASS CHALICE BLUE SMALL,972.0,32.0,900.42,40.06,860.36
37424,WHITE WITH BLACK CATS MUG,5249.0,2112.0,1134.68,274.56,860.12
23413,VINTAGE COFFEE GRINDER BOX,173.0,12.0,909.31,49.8,859.51
23220,REINDEER HEART DECORATION GOLD,993.0,12.0,869.15,9.96,859.19
23423,PANTRY 3 HOOK ROLLING PIN HANGER,219.0,5.0,876.9,18.75,858.15
90200C,BLUE SWEETHEART BRACELET,206.0,4.0,874.63,17.0,857.63
17033,"BROCADE PURSE,SMALL ARCH BUTTON",3280.0,36.0,867.84,10.44,857.4
20941,FROG CANDLE,998.0,47.0,896.28,41.35,854.93
84578,ELEPHANT TOY WITH BLUE T-SHIRT,222.0,0.0,854.91,0.0,854.91
84951B,SET OF 4 BLACK LOVEBIRD COASTERS,575.0,0.0,853.99,0.0,853.99
20756,GREEN FERN POCKET BOOK,5728.0,0.0,851.56,0.0,851.56
35954,SMALL FOLKART STAR CHRISTMAS DEC,2181.0,0.0,850.49,0.0,850.49
21478,SILVER SKULL HOT WATER BOTTLE,204.0,1.0,854.23,3.75,850.48
21376,LARGE  TALL CAMPHOR WOOD TOADSTOOL,183.0,0.0,849.91,0.0,849.91
84817,DANISH ROSE DECORATIVE PLATE,1059.0,43.0,937.44,87.84,849.6
21458,2 PICTURE BOOK EGGS EASTER BUNNY,768.0,0.0,849.24,0.0,849.24
22547,MINI JIGSAW DINOSAUR,1980.0,2.0,846.82,0.84,845.98
90161C,ANT COPPER LIME BOUDICCA BRACELET,169.0,0.0,843.91,0.0,843.91
22820,GIFT BAG BIRTHDAY,1353.0,2.0,845.13,1.3,843.83
85121B,RETRO LAUNDRY TUB PINK,86.0,11.0,936.74,93.5,843.24
21393,BLUE POLKADOT PUDDING BOWL,5244.0,2499.0,1172.81,330.78,842.03
21128,GOLD FISHING GNOME,126.0,0.0,841.63,0.0,841.63
82613C,"METAL SIGN,CUPCAKE SINGLE HOOK",783.0,22.0,852.49,10.9,841.59
23564,EGG CUP MILKMAID INGRID,644.0,0.0,841.31,0.0,841.31
23551,PACK OF 12 PAISLEY PARK TISSUES,1840.0,0.0,839.84,0.0,839.84
21255,"FRENCH BOTTLE , LAVENDER",476.0,13.0,860.08,21.45,838.63
85231L,LAVENDER SCENTED SET/9 T-LIGHTS,1039.0,0.0,838.35,0.0,838.35
17039,INLAID WOOD INCENSE HOLDER,3707.0,0.0,837.88,0.0,837.88
84762B,PINK PICNIC BARBECUE BUCKET,113.0,0.0,837.77,0.0,837.77
85071C,"CHARLIE+LOLA""EXTREMELY BUSY"" SIGN",1285.0,0.0,837.23,0.0,837.23
40018E,TEA TIME PAPER LANTERNS,384.0,0.0,837.02,0.0,837.02
85208,SET/12 FUNKY FELT FLOWER PEG IN BAG,420.0,0.0,836.94,0.0,836.94
20803,SMALL PINK GLASS SUNDAE DISH,1149.0,74.0,874.46,38.46,836.0
16046,TEATIME PEN CASE & PENS,10056.0,4632.0,1223.5,389.04,834.46
20776,ABSTRACT CIRCLES NOTEBOOK,3258.0,0.0,832.66,0.0,832.66
21185,HOME SWEET HOME  BLACKBOARD,132.0,7.0,876.29,44.45,831.84
47563A,RETRO LONGBOARD IRONING BOARD COVER,343.0,4.0,836.62,5.0,831.62
47367B,PAIR PADDED HANGERS PINK CHECK,242.0,1.0,834.95,3.75,831.2
84951A,SET OF 4 PISTACHIO LOVEBIRD COASTER,622.0,24.0,848.76,18.96,829.8
85213,MINI  ZINC GARDEN DECORATIONS,1378.0,1.0,829.0,0.85,828.15
85161,ACRYLIC GEOMETRIC LAMP,51.0,2.0,863.85,37.9,825.95
23004,TRAVEL CARD WALLET PANTRY,2002.0,184.0,903.16,77.28,825.88
21551,CERAMIC BIRDHOUSE BUTTERFLY LARGE,169.0,0.0,824.95,0.0,824.95
85196,EASTER BUNNIES ON A STICK,1564.0,12.0,831.04,6.6,824.44
22510,GINGHAM BABUSHKA DOORSTOP,316.0,0.0,821.57,0.0,821.57
72801G,S/4 BURGUNDY WINE DINNER CANDLES,1333.0,0.0,821.22,0.0,821.22
21654,RIDGED GLASS FINGER BOWL,1183.0,0.0,820.21,0.0,820.21
21552,CERAMIC BIRDHOUSE BLACK ROSE  LARGE,165.0,3.0,837.6,17.85,819.75
20936,FORKED CACTUS CANDLE,333.0,9.0,843.39,25.75,817.64
21375,LARGE CAMPHOR WOOD FIELD MUSHROOM,134.0,0.0,817.6,0.0,817.6
22289,HANGING METAL CHICKEN DECORATION,764.0,0.0,817.48,0.0,817.48
85187,S/12 MINI RABBIT EASTER,479.0,0.0,816.48,0.0,816.48
23017,APOTHECARY MEASURING JAR,67.0,1.0,826.28,12.5,813.78
20897,VINTAGE NOTEBOOK PARIS DAYS,351.0,12.0,848.7,35.4,813.3
21719,LOVELY BONBON STICKER SHEET,906.0,0.0,813.14,0.0,813.14
20894,HANGING BAUBLE T-LIGHT HOLDER LARGE,267.0,6.0,827.3,16.9,810.4
21635,MADRAS NOTEBOOK LARGE,398.0,12.0,855.24,45.0,810.24
23186,FRENCH STYLE STORAGE JAR CAFE,1982.0,12.0,819.46,9.24,810.22
21374,MIRRORED WALL ART SKULLS,470.0,0.0,809.67,0.0,809.67
20769,DAISY JOURNAL,438.0,0.0,808.81,0.0,808.81
84922,PINK BUTTERFLY WASHBAG,342.0,0.0,808.22,0.0,808.22
22344,PARTY PIZZA DISH PINK+WHITE SPOT,1580.0,0.0,807.32,0.0,807.32
84767,ZINC POLICE BOX LANTERN,195.0,0.0,806.22,0.0,806.22
17012A,ORIGAMI VANILLA INCENSE/CANDLE SET,726.0,0.0,806.16,0.0,806.16
90200E,GREEN SWEETHEART BRACELET,209.0,16.0,873.97,68.0,805.97
84920,PINK FLOWER FABRIC PONY,201.0,0.0,805.38,0.0,805.38
37333,"RETRO ""TEA FOR ONE""",145.0,0.0,805.1,0.0,805.1
21222,SET/4 BADGES BEETLES,621.0,0.0,804.65,0.0,804.65
37494A,FAIRY CAKE CERAMIC BUTTER DISH,241.0,5.0,817.6,14.75,802.85
85188A,GREEN METAL SWINGING BUNNY,944.0,27.0,824.97,22.95,802.02
22229,BUNNY WOODEN PAINTED WITH FLOWER,1007.0,52.0,845.3,44.2,801.1
84632,DECORATIVE HANGING SHELVING UNIT,15.0,1.0,859.25,59.95,799.3
17107D,"FLOWER FAIRY,5 SUMMER B'DRAW LINERS",315.0,2.0,803.25,5.1,798.15
72529W,WHITE ADVENT CANDLE,465.0,74.0,923.05,125.06,797.99
20699,MOUSEY LONG LEGS SOFT TOY,294.0,0.0,797.96,0.0,797.96
21454,PAINTED PINK RABBIT,937.0,12.0,807.6,10.2,797.4
20997,ROSE DU SUD CUSHION COVER,170.0,0.0,796.74,0.0,796.74
22135,MINI LADLE LOVE HEART PINK,1624.0,24.0,806.15,10.08,796.07
84849A,HELLO SAILOR BLUE SOAP HOLDER,470.0,23.0,833.57,38.87,794.7
16011,ANIMAL STICKERS,3812.0,24.0,799.32,5.04,794.28
20901,VINTAGE KEEPSAKE BOX PINK FLOWER,91.0,2.0,806.58,12.7,793.88
23521,WALL ART CAT AND BIRD,413.0,0.0,793.37,0.0,793.37
35915C,PEACH KNITTED HEN,662.0,0.0,793.32,0.0,793.32
23519,EMBROIDERED RIBBON REEL CLAIRE,224.0,0.0,792.31,0.0,792.31
85017A,ENVELOPE 50 ROMANTIC IMAGES,1157.0,0.0,792.15,0.0,792.15
45008C,DECORATIVE NET CANOPY CREAM,83.0,0.0,792.07,0.0,792.07
47574A,ENGLISH ROSE SCENTED HANGING FLOWER,573.0,2.0,792.73,1.5,791.23
23568,EGG CUP HENRIETTA HEN CREAM,630.0,1.0,787.52,1.25,786.27
22058,CERAMIC LOVE HEARTS DESIGN MUG,520.0,8.0,795.72,11.92,783.8
72799C,PINK PILLAR CANDLE SILVER FLOCK,471.0,0.0,783.1,0.0,783.1
21455,PAINTED YELLOW WOODEN DAISY,901.0,17.0,797.27,14.45,782.82
84847,FLORAL BATHROOM SET,2330.0,1116.0,1149.73,368.28,781.45
23106,ZINC PLANT POT HOLDER,291.0,12.0,815.59,34.68,780.91
20989,URBAN CHIC CHOPSTICKS SET/5,407.0,2.0,782.18,3.9,778.28
85044,RED REINDEER STRING OF 20 LIGHTS,149.0,5.0,801.4,23.35,778.05
37461,FUNKY MONKEY MUG,742.0,1.0,778.64,1.25,777.39
22447,PIN CUSHION RUSSIAN DOLL BLUE,248.0,6.0,796.34,20.1,776.24
23409,PHOTO FRAME LINEN AND LACE LARGE,215.0,7.0,801.68,26.25,775.43
21456,2 PICTURE BOOK EGGS EASTER CHICKS,738.0,1.0,776.05,1.25,774.8
84029C,BROWN FURRY HOT WATER BOTTLE,205.0,0.0,773.97,0.0,773.97
23071,MARIE ANTOINETTE TRINKET BOX GOLD,315.0,76.0,1205.1,434.0,771.1
85145,JARDIN ETCHED GLASS LARGE BELL JAR,91.0,3.0,809.05,38.25,770.8
21015,DARK BIRD HOUSE TREE DECORATION,1700.0,4.0,771.73,1.16,770.57
84247E,PACK/12 XMAS FUN CARD,376.0,106.0,1064.05,293.5,770.55
23115,RED APPLES CHOPPING BOARD,152.0,0.0,770.32,0.0,770.32
20661,BLUE SPOTTY PURSE,898.0,354.0,980.06,210.3,769.76
21723,ALPHABET HEARTS STICKER SHEET,866.0,0.0,769.13,0.0,769.13
20910,VINTAGE PHOTO ALBUM PARIS DAYS,106.0,0.0,769.12,0.0,769.12
84712B,PINK JEWELLED PHOTO FRAME,98.0,0.0,767.16,0.0,767.16
84826,ASSTD DESIGN 3D PAPER STICKERS,1734.0,120.0,869.08,102.0,767.08
35095B,RED VICTORIAN FABRIC OVAL BOX,1952.0,0.0,766.64,0.0,766.64
23335,EGG FRYING PAN IVORY,377.0,12.0,790.78,24.96,765.82
22640,SET OF 4 NAPKIN CHARMS 3 KEYS,357.0,0.0,765.39,0.0,765.39
16244B,MAXWELL 2 TONE BLUE 60 PAGE PHOTO A,345.0,0.0,765.02,0.0,765.02
84782A,PINK 3 TIER GLASS PLATE STAND,119.0,6.0,840.45,76.5,763.95
47594B,SCOTTIES DESIGN WASHBAG,408.0,23.0,808.39,44.85,763.54
84963A,PINK PAINTED KASHMIRI CHAIR,23.0,0.0,763.35,0.0,763.35
23550,WRAP ALPHABET POSTER,1855.0,0.0,763.1,0.0,763.1
72750A,FLOWER FAIRY SET OF 3 LILY CANDLES,383.0,2.0,766.85,3.9,762.95
20833,SHAKER THROW  QUILTED,52.0,1.0,811.8,49.95,761.85
84762C,GREEN PICNIC BARBECUE BUCKET,105.0,0.0,761.25,0.0,761.25
22408,TIN CAN CONFECTIONERY DESIGN,650.0,37.0,798.67,39.41,759.26
84534B,FAIRY CAKE NOTEBOOK A5 SIZE,823.0,28.0,783.01,23.8,759.21
35811A,ENAMEL PINK SUGAR CONTAINER,434.0,2.0,762.97,4.2,758.77
90200B,BLACK SWEETHEART BRACELET,183.0,4.0,775.45,17.0,758.45
23282,FOLDING MIRROR IVORY,812.0,0.0,757.86,0.0,757.86
23123,COCKTAIL SWORDS 50 PIECES,935.0,6.0,759.57,4.98,754.59
72755C,FLOWER FAIRY OIL BURNER SET ROSE,592.0,11.0,767.0,13.75,753.25
16259,PIECE OF CAMO STATIONERY SET,5473.0,134.0,766.09,14.1,751.99
22124,SET OF 2 TEA TOWELS PING MICROWAVE,298.0,0.0,751.93,0.0,751.93
23124,18PC WOODEN CUTLERY SET DISPOSABLE,567.0,0.0,751.38,0.0,751.38
85110,BLACK SILVER FLOWER T-LIGHT HOLDER,11520.0,5040.0,1138.04,387.36,750.68
84653,GREEN ROSE QUILT,14.0,0.0,750.48,0.0,750.48
21554,CERAMIC BIRDHOUSE RED ROOF LARGE,167.0,3.0,767.75,17.85,749.9
23324,RUSTIC STRAWBERRY JAMPOT LARGE,399.0,35.0,816.04,67.51,748.53
84761,IVORY HANGING BIRD PLANTER,276.0,8.0,768.85,20.4,748.45
23025,DRAWER KNOB VINTAGE GLASS BALL,350.0,6.0,760.8,12.48,748.32
35647,VINTAGE BEAD PINK SHADE,563.0,0.0,748.24,0.0,748.24
17165B,ASS COL LARGE SAND GECKO P'WEIGHT,810.0,4.0,751.68,4.2,747.48
84620,BLUE GINGHAM ROSE CUSHION COVER,121.0,0.0,746.61,0.0,746.61
22825,DECORATIVE PLANT POT WITH FRIEZE,100.0,7.0,799.02,53.25,745.77
23022,SMALL BONNE JAM JAR  T-LIGHT HOLDER,422.0,30.0,808.16,62.4,745.76
21194,PINK  HONEYCOMB PAPER FAN,578.0,10.0,751.5,6.5,745.0
72800A,S/4 BLACK DINNER CANDLE SILVER FLOC,674.0,0.0,743.26,0.0,743.26
79342B,BROWN FLOWER LIGHTS,120.0,15.0,838.52,96.05,742.47
90209C,PINK ENAMEL+GLASS HAIR COMB,399.0,6.0,754.46,12.6,741.86
47581B,FAIRY CAKE WICKER PICNIC BASKET,46.0,1.0,753.77,12.75,741.02
23223,CHRISTMAS TREE HANGING SILVER,801.0,12.0,750.19,9.96,740.23
21503,TOYBOX  WRAP,1801.0,1.0,740.42,0.42,740.0
85130C,BEADED CRYSTAL HEART BLUE  LARGE,659.0,0.0,737.89,0.0,737.89
84625D,WHITE NEWBAROQUE CANDLESTICK CANDLE,650.0,31.0,793.34,57.85,735.49
84715,SET OF 6 ICE CREAM SKITTLES,241.0,0.0,734.89,0.0,734.89
90161B,ANT COPPER TURQ BOUDICCA BRACELET,147.0,0.0,734.16,0.0,734.16
84708B,PINK JEWELLED PHOTO FRAME,142.0,0.0,732.79,0.0,732.79
90200A,PURPLE SWEETHEART BRACELET,177.0,4.0,749.69,17.0,732.69
22638,SET OF 4 NAPKIN CHARMS CROWNS,405.0,1.0,735.23,2.55,732.68
23435,3 RAFFIA RIBBONS VINTAGE CHRISTMAS,824.0,0.0,732.42,0.0,732.42
84821,DANISH ROSE DELUXE COASTER,1318.0,12.0,742.5,10.2,732.3
84663A,GRASS HOPPER WOODEN WALL CLOCK,373.0,6.0,746.39,15.06,731.33
85131B,BEADED CRYSTAL HEART GREEN ON STICK,948.0,0.0,730.74,0.0,730.74
90209B,GREEN ENAMEL+GLASS HAIR COMB,380.0,0.0,730.66,0.0,730.66
23006,TRAVEL CARD WALLET FLOWER MEADOW,1758.0,78.0,762.75,32.76,729.99
21378,SMALL TALL CAMPHOR WOOD TOADSTOOL,560.0,0.0,728.97,0.0,728.97
47503F,ASS FLORAL PRINT TORCH,2567.0,1.0,729.95,1.65,728.3
23522,WALL ART DOG AND BALL,354.0,0.0,727.44,0.0,727.44
20657,TROPICAL LUGGAGE TAG,1877.0,0.0,726.47,0.0,726.47
21415,CLAM SHELL SMALL,348.0,0.0,726.16,0.0,726.16
85230F,JASMINE VOTIVE CANDLE,2946.0,0.0,725.7,0.0,725.7
35095A,BLUE VICTORIAN FABRIC OVAL BOX,1809.0,0.0,725.56,0.0,725.56
85006,SET 4 NURSERY DES ROUND BOXES,3049.0,1480.0,1289.31,564.4,724.91
23454,THREE MINI HANGING FRAMES,174.0,2.0,733.2,8.3,724.9
23562,SET OF 6 RIBBONS PERFECTLY PRETTY,251.0,0.0,724.59,0.0,724.59
21377,SMALL CAMPHOR WOOD FIELD  MUSHROOM,518.0,24.0,742.56,19.2,723.36
23114,VINTAGE LEAF CHOPPING BOARD,149.0,3.0,737.95,14.85,723.1
85135A,YELLOW DRAGONFLY HELICOPTER,94.0,4.0,754.59,31.8,722.79
20701,PINK CAT FLORAL CUSHION COVER,353.0,0.0,721.49,0.0,721.49
84595E,LARGE TORTILLA DESIGN RED BOWL,367.0,1.0,723.57,3.29,720.28
35951,FOLKART BAUBLE CHRISTMAS DECORATION,1352.0,0.0,717.99,0.0,717.99
21001,ROSE DU SUD WASHBAG,141.0,0.0,717.8,0.0,717.8
21026,SPACE OWL,549.0,0.0,716.73,0.0,716.73
23140,TRIPLE WIRE HOOK IVORY HEART,182.0,12.0,766.1,49.8,716.3
21457,2 PICTURE BOOK EGGS EASTER DUCKS,685.0,0.0,716.0,0.0,716.0
85088,CANDY SPOT HAND BAG,347.0,4.0,723.85,8.4,715.45
21300,ANTIQUE EDWARDIAN DRESSER,53.0,10.0,841.7,127.5,714.2
84033,FLAG OF ST GEORGE,392.0,13.0,735.38,21.45,713.93
20850,ZINC HEART LATTICE PLANTER BOWL,820.0,0.0,713.8,0.0,713.8
35915B,BLUE KNITTED HEN,563.0,0.0,713.73,0.0,713.73
21076,SET/20 COLLAGE PAPER NAPKIN,843.0,1.0,714.55,0.85,713.7
21133,PAINTED BIRD ASSORTED CHRISTMAS,410.0,0.0,712.91,0.0,712.91
21344,MOROCCAN BEATEN METAL DISH,166.0,5.0,749.82,37.75,712.07
84976,RECTANGULAR SHAPED MIRROR,674.0,14.0,722.76,11.06,711.7
16015,MEDIUM CHINESE STYLE SCISSOR,1572.0,0.0,711.38,0.0,711.38
79030D,"TUMBLER, BAROQUE",1009.0,1.0,711.64,0.39,711.25
23325,RUSTIC STRAWBERRY JAMPOT SMALL,462.0,18.0,740.94,29.7,711.24
21221,SET/4 BADGES CUTE CREATURES,535.0,0.0,709.66,0.0,709.66
23070,EDWARDIAN HEART PHOTO FRAME,160.0,0.0,709.54,0.0,709.54
22100,SKULLS SQUARE TISSUE BOX,1005.0,0.0,709.5,0.0,709.5
10134,COLOURING PENCILS BROWN TUBE,625.0,10.0,721.13,12.5,708.63
21365,MIRRORED WALL ART STARS,469.0,0.0,707.92,0.0,707.92
23487,SWEET HEART CAKE CARRIER,80.0,9.0,795.58,89.55,706.03
21379,CAMPHOR WOOD PORTOBELLO MUSHROOM,641.0,0.0,705.46,0.0,705.46
21443,OLIVE CHALET BIRDFEEDER,257.0,6.0,727.93,22.5,705.43
84952C,MIRROR LOVE BIRD T-LIGHT HOLDER,374.0,0.0,705.01,0.0,705.01
21442,GREEN BIRDHOUSE DECORATION,973.0,0.0,704.97,0.0,704.97
22641,SET OF 4 NAPKIN CHARMS INSTUMENT,300.0,0.0,704.9,0.0,704.9
23055,IVORY CHANDELIER T-LIGHT HOLDER,657.0,432.0,1395.18,690.72,704.46
84869,CANDY BUTTON PHOTO ALBUM,302.0,0.0,703.54,0.0,703.54
84569A,PACK 3 IRON ON DOG PATCHES,562.0,1.0,702.42,1.25,701.17
72801D,S/4 SKY BLUE DINNER CANDLES,656.0,0.0,701.15,0.0,701.15
23222,CHRISTMAS TREE HANGING GOLD,799.0,24.0,718.53,19.92,698.61
21740,COSY SLIPPER SHOES LARGE RED,201.0,0.0,698.01,0.0,698.01
22936,BAKING MOULD ROSE WHITE CHOCOLATE,279.0,72.0,895.97,198.0,697.97
84971L,LARGE HEART FLOWERS HOOK,587.0,25.0,728.43,31.25,697.18
84584,PINK GINGHAM CAT WITH SCARF,282.0,0.0,696.75,0.0,696.75
22981,PANTRY APPLE CORER,471.0,6.0,704.13,8.7,695.43
22345,PARTY PIZZA DISH BLUE+WHITE SPOT,1466.0,18.0,710.6,15.3,695.3
84689,S/2 BEACH HUT TREASURE CHESTS,312.0,17.0,742.9,49.55,693.35
72755D,FLOWER FAIRY OIL BURNER SET SUMMER,533.0,0.0,693.25,0.0,693.25
84993A,75 GREEN PETIT FOUR CASES,1522.0,0.0,691.32,0.0,691.32
72753A,S/3 FLWR FAIRY LILLY CANDLES,315.0,0.0,690.24,0.0,690.24
21308,LOUVRE VANITY MIRROR,132.0,2.0,705.9,15.9,690.0
35964,FOLKART CLIP ON STARS,1187.0,0.0,689.76,0.0,689.76
20862,PINK PATCH PENCIL CASE BLUE HEART,325.0,1.0,691.14,2.1,689.04
20763,DAISY SKETCHBOOK,267.0,4.0,702.86,15.0,687.86
23458,DOLLY CABINET 3 DRAWERS,51.0,5.0,762.45,74.75,687.7
90161D,ANT COPPER PINK BOUDICCA BRACELET,138.0,0.0,687.52,0.0,687.52
85231E,STRAWBERRY SCENTED SET/9 T-LIGHTS,836.0,12.0,696.89,10.2,686.69
21319,GLASS CHALICE GREEN  SMALL,508.0,39.0,743.61,56.95,686.66
20854,BLUE PATCH PURSE PINK HEART,441.0,15.0,711.37,24.75,686.62
84917,WHITE HAND TOWEL WITH BUTTERFLY,229.0,0.0,686.03,0.0,686.03
84563A,PINK & WHITE BREAKFAST TRAY,139.0,0.0,685.15,0.0,685.15
22033,BOTANICAL ROSE GREETING CARD,1603.0,0.0,681.93,0.0,681.93
85084,HOLLY TOP CHRISTMAS STOCKING,682.0,0.0,681.4,0.0,681.4
84931B,BLUE SCOTTIE DOG W FLOWER PATTERN,274.0,3.0,688.73,7.65,681.08
21674,RIDGED GLASS PENDANT LAMPSHADE,43.0,0.0,680.85,0.0,680.85
85186A,EASTER BUNNY GARLAND OF FLOWERS,1473.0,12.0,685.87,5.04,680.83
21386,IVORY HANGING DECORATION  EGG,1148.0,0.0,680.78,0.0,680.78
17012F,ORIGAMI SANDLEWOOD INCENSE/CAND SET,586.0,0.0,680.65,0.0,680.65
23187,FRENCH STYLE STORAGE JAR BONBONS,2338.0,37.0,695.06,16.49,678.57
62094B,TURQ ICE CREAM BUM BAG,305.0,0.0,677.99,0.0,677.99
22486,PLASMATRONIC LAMP,104.0,14.0,856.4,178.5,677.9
90160C,TURQ+RED BOUDICCA LARGE BRACELET,97.0,0.0,677.0,0.0,677.0
20898,VINTAGE NOTEBOOK TRAVELOGUE,327.0,6.0,693.92,17.7,676.22
17165D,ASS COL LARGE SAND FROG P'WEIGHT,716.0,6.0,682.32,6.3,676.02
21847,GREEN  DIAMANTE PEN IN GIFT BOX,347.0,0.0,675.37,0.0,675.37
85096,HILDA CANDY SPOT RABBIT,164.0,1.0,676.92,3.75,673.17
82613A,"METAL SIGN,CUPCAKE SINGLE HOOK",495.0,2.0,674.95,2.5,672.45
72801C,S/4 ROSE PINK DINNER CANDLES,770.0,12.0,685.03,15.0,670.03
37492D,PURPLE GREEN FLOWER PIGGY BANK,361.0,8.0,682.99,13.2,669.79
84684,BEACH HUT PHOTO FRAME,609.0,52.0,720.7,51.0,669.7
72023F,RED ORGANIC CANDLE IN GLASS,640.0,0.0,669.62,0.0,669.62
85205B,PINK FELT EASTER RABBIT GARLAND,241.0,0.0,669.38,0.0,669.38
22036,DINOSAUR BIRTHDAY CARD,1649.0,65.0,695.11,27.3,667.81
75013B,"STRING OF 8 BUTTERFLIES,PINK",390.0,1.0,669.62,2.7,666.92
46776E,WOVEN CANDY CUSHION COVER,206.0,0.0,666.23,0.0,666.23
85203,HANGING WOOD AND FELT BUTTERFLY,1463.0,0.0,665.91,0.0,665.91
21879,HEARTS GIFT TAPE,1567.0,0.0,664.84,0.0,664.84
21247,SET OF RED SALAD SERVERS,422.0,0.0,664.73,0.0,664.73
21884,CAKES AND BOWS GIFT  TAPE,1448.0,0.0,663.61,0.0,663.61
22034,ROBIN CHRISTMAS CARD,1617.0,24.0,673.49,10.08,663.41
23024,LARGE BONNE JAM JAR  T-LIGHT HOLDER,255.0,2.0,667.85,4.98,662.87
21750,LARGE SKULL WINDMILL,309.0,1.0,663.85,2.1,661.75
23547,WRAP FLOWER SHOP,1575.0,0.0,661.5,0.0,661.5
23597,PAPER BUNTING PAISLEY PARK,249.0,6.0,679.07,17.7,661.37
72131,COLUMBIAN CANDLE RECTANGLE,748.0,16.0,692.28,31.2,661.08
90184C,BLACK CHUNKY BEAD BRACELET W STRAP,73.0,0.0,661.04,0.0,661.04
23482,PEARLISED IVORY HEART LARGE,418.0,0.0,661.02,0.0,661.02
84824,DANISH ROSE UMBRELLA STAND,38.0,1.0,676.45,15.95,660.5
23428,IVORY RETRO KITCHEN WALL CLOCK,77.0,2.0,675.91,16.3,659.61
17109C,FLOWER FAIRY INCENSE ROSE,3124.0,1.0,661.23,1.69,659.54
16169K,WRAP FOLK ART,2075.0,0.0,658.75,0.0,658.75
17012D,ORIGAMI ROSE INCENSE/CANDLE SET,520.0,0.0,658.72,0.0,658.72
85160B,BLACK BIRD GARDEN DESIGN MUG,6156.0,2981.0,1048.83,391.41,657.42
84986B,SET OF 36 SILVER PAPER DOILIES,438.0,0.0,656.94,0.0,656.94
21298,EDWARDIAN 2 DRAWER WALL CABINET,52.0,6.0,755.8,99.7,656.1
20856,DENIM PATCH PURSE PINK BUTTERFLY,408.0,11.0,674.09,18.15,655.94
21441,BLUE BIRDHOUSE DECORATION,928.0,0.0,655.46,0.0,655.46
22056,CERAMIC PLATE LOVE HEART DESIGN,607.0,1.0,656.87,1.49,655.38
21263,GREEN GOOSE FEATHER TREE 60CM,299.0,2.0,658.29,3.9,654.39
85168B,BLACK BAROQUE CARRIAGE CLOCK,72.0,0.0,652.17,0.0,652.17
23120,PACK OF 6 SMALL FRUIT STRAWS,1685.0,72.0,682.39,30.24,652.15
35004P,SET OF 3 PINK FLYING DUCKS,121.0,0.0,651.69,0.0,651.69
90082D,DIAMANTE BOW BROOCH BLACK COLOUR,103.0,2.0,664.35,12.7,651.65
37474,SET/4 2 TONE EGG SHAPE MIXING BOWLS,63.0,0.0,651.05,0.0,651.05
21265,PINK GOOSE FEATHER TREE 60CM,321.0,20.0,705.59,55.0,650.59
71403,"PINK/WHITE ""KEEP CLEAN"" BULLET BIN",176.0,2.0,656.05,5.9,650.15
20714,POSY SHOPPER BAG,1580.0,0.0,649.82,0.0,649.82
20618,QUEEN OF THE SKIES PASSPORT COVER,297.0,0.0,648.54,0.0,648.54
21307,SET/4 BUTTERFLY MIRROR MAGNETS,749.0,1.0,650.07,2.1,647.97
21003,ROSE DU SUD CUSHION COVER,109.0,0.0,647.75,0.0,647.75
21134,VICTORIAN METAL POSTCARD CHRISTMAS,377.0,0.0,646.44,0.0,646.44
84916,HAND TOWEL PALE BLUE W FLOWERS,261.0,0.0,646.43,0.0,646.43
46776D,WOVEN SUNSET CUSHION COVER,153.0,1.0,658.07,11.93,646.14
17164B,ASS COL SMALL SAND GECKO P'WEIGHT,1620.0,2.0,646.56,0.84,645.72
23042,PAPER LANTERN 7 POINT SNOW STAR,103.0,10.0,711.51,66.5,645.01
47597,NEW ENGLAND TEATOWELS,322.0,0.0,644.88,0.0,644.88
85215,ASSORTED CHEESE FRIDGE MAGNETS,831.0,0.0,643.89,0.0,643.89
17181,CIRCLE OF FRIENDS CANDLE HOLDER,353.0,0.0,642.66,0.0,642.66
21350,GINGHAM HEART WREATH,225.0,2.0,647.75,5.9,641.85
16169M,WRAP DAISY CARPET,2060.0,0.0,640.95,0.0,640.95
85188B,PINK METAL SWINGING BUNNY,748.0,24.0,660.88,20.4,640.48
17084N,FAIRY DREAMS INCENSE,2768.0,0.0,640.26,0.0,640.26
16047,POP ART PEN CASE & PENS,10612.0,5184.0,1054.7,414.72,639.98
85186C,BUNNY EGG GARLAND,1400.0,44.0,658.19,18.48,639.71
84865,NEW BAROQUE BLACK PHOTO ALBUM,77.0,0.0,639.42,0.0,639.42
21665,TRIANGULAR RIDGED GLASS POSY HOLDER,879.0,0.0,638.8,0.0,638.8
47594A,CAROUSEL DESIGN WASHBAG,345.0,23.0,682.51,44.85,637.66
23224,CHERUB HEART DECORATION GOLD,738.0,14.0,649.02,11.62,637.4
47592A,CAROUSEL DES CHILD'S OVERALL,331.0,0.0,637.37,0.0,637.37
85185D,FROG SOCK PUPPET,195.0,0.0,636.11,0.0,636.11
21816,CHRISTMAS TREE T-LIGHT HOLDER,422.0,1.0,637.34,1.45,635.89
23492,VINTAGE JINGLE BELLS WREATH,76.0,0.0,635.38,0.0,635.38
22391,PAPERWEIGHT HOME SWEET HOME,323.0,0.0,635.19,0.0,635.19
22054,MINI CAKE STAND HANGING HEARTS,361.0,14.0,655.01,23.1,631.91
20819,SILVER TEDDY BEAR,228.0,0.0,631.49,0.0,631.49
23216,LAUREL HEART ANTIQUE GOLD,525.0,0.0,630.73,0.0,630.73
84964A,PINK PAINTED KASHMIRI TABLE,11.0,0.0,630.0,0.0,630.0
84520D,PACK OF 20 FAIRY CAKE PAPER NAPKINS,699.0,12.0,639.47,10.2,629.27
23019,SMALL APOTHECARY MEASURING JAR,81.0,0.0,629.05,0.0,629.05
85230E,STRAWBRY SCENTED VOTIVE CANDLE,2445.0,0.0,628.41,0.0,628.41
23027,DRAWER KNOB VINTAGE GLASS HEXAGON,295.0,0.0,627.95,0.0,627.95
21197,MULTICOLOUR  CONFETTI IN TUBE,453.0,21.0,661.81,34.65,627.16
16169N,WRAP BLUE RUSSIAN FOLKART,2025.0,0.0,626.25,0.0,626.25
23456,MEDIUM PARLOUR PICTURE FRAME,158.0,2.0,634.1,8.3,625.8
21004,ROSE DU SUD CHILDS APRON,137.0,0.0,625.07,0.0,625.07
82616A,BUBBLE GUM SCARF KNITTING KIT,316.0,0.0,624.21,0.0,624.21
71101E,STANDING FAIRY POLE SUPPORT,777.0,3.0,626.13,2.55,623.58
85218,S/5 MINI ICE CREAM FRIDGE MAGNETS,1992.0,3.0,625.2,4.35,620.85
16156N,"WRAP, FRIENDSHIP ON GREEN",1475.0,0.0,619.5,0.0,619.5
84596J,MIXED NUTS LIGHT GREEN BOWL,812.0,6.0,626.76,7.5,619.26
21764,VINTAGE WOODEN PLATE RACK,17.0,1.0,659.15,39.95,619.2
20696,FLORAL SOFT CAR TOY,151.0,0.0,617.94,0.0,617.94
22042,CHRISTMAS CARD SINGING ANGEL,1738.0,24.0,627.19,10.08,617.11
23471,SIX DRAWER OFFICE TIDY,65.0,0.0,616.79,0.0,616.79
23180,MUM'S KITCHEN CLOCK,122.0,1.0,621.09,4.95,616.14
23453,OVAL  MINI PORTRAIT FRAME,316.0,0.0,615.98,0.0,615.98
72772,SET/4 SCENTED CANDLES IN RAMEKINS,457.0,0.0,615.84,0.0,615.84
23408,PHOTO FRAME LINEN AND LACE SMALL,310.0,14.0,644.8,29.12,615.68
84507C,BLUE CIRCLES DESIGN MONKEY DOLL,433.0,10.0,634.64,20.4,614.24
22043,CHRISTMAS CARD SCREEN PRINT,2197.0,12.0,619.25,5.04,614.21
84859A,SILVER DISCO HANDBAG,293.0,0.0,613.53,0.0,613.53
22346,PARTY PIZZA DISH GREEN+WHITE SPOT,1300.0,0.0,612.61,0.0,612.61
37351,ORANGE FLOWER MUG,5404.0,0.0,612.51,0.0,612.51
23018,LARGE APOTHECARY MEASURING JAR,51.0,0.0,612.16,0.0,612.16
79315W,FLYING SAUCER TABLE LIGHT IN WHITE,199.0,0.0,611.51,0.0,611.51
35972,DAISY FOLKART HEART DECORATION,440.0,0.0,611.38,0.0,611.38
84858C,PINK RIVIERA HANDBAG,347.0,0.0,611.07,0.0,611.07
22538,MINI JIGSAW GO TO THE FAIR,1443.0,0.0,610.43,0.0,610.43
GIFT_0001_30,Dotcomgiftshop Gift Voucher £30.00,24.0,0.0,610.09,0.0,610.09
90198A,VINTAGE ROSE BEAD BRACELET RASPBERR,144.0,0.0,609.43,0.0,609.43
20655,QUEEN OF SKIES LUGGAGE TAG,414.0,0.0,608.48,0.0,608.48
85028L,FRENCH CHATEAU LARGE FRUIT BOWL,271.0,26.0,654.01,45.9,608.11
16012,FOOD/DRINK SPUNGE STICKERS,2901.0,0.0,608.01,0.0,608.01
84051,ASS COLOUR GLOWING TIARAS,746.0,0.0,607.98,0.0,607.98
20694,FLORAL PINK MONSTER,166.0,4.0,622.33,15.0,607.33
84932C,SMALL ORIENTAL BLUE FOLDING STOOL,282.0,1.0,615.4,8.5,606.9
84952B,BLACK LOVE BIRD T-LIGHT HOLDER,364.0,3.0,615.49,11.25,604.24
23425,STORAGE TIN HOME SWEET HOME,275.0,7.0,621.44,17.43,604.01
21416,CLAM SHELL LARGE,751.0,0.0,603.06,0.0,603.06
85169D,PINK LOVE BIRD CANDLE,521.0,1.0,603.98,1.25,602.73
84247G,"DECOUPAGE,GREETING CARD,",1414.0,0.0,602.67,0.0,602.67
84932A,SMALL GREEN PEONY FOLDING STOOL,262.0,0.0,602.6,0.0,602.6
85028S,FRENCH CHATEAU SMALL FRUITBOWL,430.0,38.0,656.82,54.9,601.92
82095,HEART BUTTONS JEWELLERY BOX,100.0,0.0,600.91,0.0,600.91
23520,EMBROIDERED RIBBON REEL RUBY,167.0,0.0,600.55,0.0,600.55
20863,BLUE PATCH PENCIL CASE PINK HEART,293.0,1.0,601.53,2.1,599.43
18094C,WHITE/BLUE RECT CERAMIC OIL BURNER,433.0,1.0,600.66,1.25,599.41
85146,JARDIN ETCHED GLASS SMALL BELL JAR,118.0,0.0,599.38,0.0,599.38
85017C,ENVELOPE 50 CURIOUS IMAGES,1087.0,288.0,719.67,120.96,598.71
90184B,AMETHYST CHUNKY BEAD BRACELET W STR,69.0,3.0,625.48,26.85,598.63
17109D,FLOWER FAIRY INCENSE BOUQUET,1257.0,1.0,598.31,1.69,596.62
79190B,RETRO PLASTIC POLKA TRAY,1485.0,16.0,603.08,6.72,596.36
82011C,BATHROOM SCALES FOOTPRINTS IN SAND,131.0,0.0,595.18,0.0,595.18
82605,OLD DOC.RUSSEL METAL SIGN,268.0,0.0,595.07,0.0,595.07
21440,12 MINI TOADSTOOL PEGS,472.0,2.0,597.56,2.5,595.06
22263,FELT EGG COSY LADYBIRD,836.0,49.0,627.38,32.34,595.04
84766,SILVER ROCOCO CANDLE STICK,200.0,16.0,638.0,43.2,594.8
85117,NIGHTINGALE COATHOOK WHITE,347.0,0.0,594.32,0.0,594.32
72122,COFFEE SCENT PILLAR CANDLE,586.0,0.0,593.33,0.0,593.33
20849,ZINC HEART LATTICE DOUBLE PLANTER,674.0,0.0,593.03,0.0,593.03
22092,BLUE PAISLEY TISSUE BOX,933.0,0.0,592.91,0.0,592.91
62096A,PINK/YELLOW FLOWERS HANDBAG,383.0,0.0,592.79,0.0,592.79
85092,CANDY SPOT TEA COSY,391.0,24.0,622.57,30.0,592.57
85113,POLKA DOT PISTACHIO PAIL,285.0,0.0,591.66,0.0,591.66
21304,ARCHED GREY MIRROR,86.0,0.0,591.58,0.0,591.58
84963B,BLUE PAINTED KASHMIRI CHAIR,18.0,0.0,591.5,0.0,591.5
20689,RETRO SISTERS EXPRESSO CUPS,429.0,12.0,614.1,23.4,590.7
21322,GLASS SPHERE CANDLE STAND LARGE,301.0,0.0,590.45,0.0,590.45
84563B,BLUE & WHITE BREAKFAST TRAY,128.0,0.0,590.04,0.0,590.04
23377,PACK OF 12 DOLLY GIRL TISSUES,1351.0,8.0,592.45,3.12,589.33
21256,"FRENCH BOTTLE, BRASSERIE DES ARTIST",326.0,0.0,588.64,0.0,588.64
21173,LOO ROLL  METAL SIGN,340.0,12.0,607.96,19.8,588.16
21893,POTTING SHED SEED TIN,172.0,0.0,587.8,0.0,587.8
20695,FLORAL BLUE MONSTER,142.0,4.0,604.58,17.0,587.58
16236,KITTY PENCIL ERASERS,2652.0,28.0,593.29,5.88,587.41
21223,SET/4 BADGES WOODLAND ANIMAL,492.0,0.0,587.08,0.0,587.08
23499,SET 12 VINTAGE DOILY CHALK,1312.0,0.0,586.23,0.0,586.23
84934,ASSTD DESIGN POP ART SLIM PEN,687.0,1.0,586.5,0.85,585.65
84925D,LA PALMIERA WALL THERMOMETER,452.0,372.0,677.45,93.0,584.45
21016,LIGHT BIRD HOUSE TREE DECORATION,834.0,4.0,582.85,1.68,581.17
23537,WALL ART I LOVE LONDON,111.0,0.0,581.13,0.0,581.13
23565,EGG CUP MILKMAID HELGA,410.0,5.0,586.31,6.25,580.06
84682,CLASSICAL ROSE DISH,295.0,6.0,596.94,17.7,579.24
90199C,5 STRAND GLASS NECKLACE CRYSTAL,99.0,1.0,585.29,6.35,578.94
84707B,PINK JEWELLED MIRROR TRINKET TRAY,79.0,4.0,618.52,39.8,578.72
47469,ASSORTED SHAPES PHOTO CLIP SILVER,1220.0,24.0,594.28,15.6,578.68
21419,CONCH SHELL,1259.0,0.0,577.69,0.0,577.69
21167,WHITE SAGE INCENSE,2440.0,50.0,587.52,10.5,577.02
21553,CERAMIC BIRDHOUSE FINCH BLUE  LARGE,90.0,1.0,581.27,5.95,575.32
23125,6PC WOOD PLATE SET DISPOSABLE,459.0,0.0,574.88,0.0,574.88
84932D,SMALL ORIENTAL RED FOLDING STOOL,239.0,0.0,574.71,0.0,574.71
37444C,PINK BREAKFAST CUP AND SAUCER,1654.0,768.0,673.72,99.84,573.88
84924A,WAKE UP COCKEREL CALENDAR SIGN,133.0,0.0,571.0,0.0,571.0
17013D,ORIGAMI ROSE INCENSE IN TUBE,1068.0,1.0,572.4,1.57,570.83
85019C,CURIOUS  IMAGES NOTEBOOK SET,423.0,36.0,651.19,81.0,570.19
23455,SMALL PARLOUR PICTURE FRAME,207.0,0.0,569.43,0.0,569.43
90010B,BLACK/WHITE GLASS/SILVER BRACELET,63.0,1.0,578.02,8.95,569.07
85086A,CANDY SPOT HEART DECORATION,587.0,0.0,568.73,0.0,568.73
84569C,PACK 4 FLOWER/BUTTERFLY PATCHES,415.0,13.0,584.93,16.25,568.68
23219,LAUREL STAR ANTIQUE SILVER,430.0,0.0,568.6,0.0,568.6
84806B,WHITE CANDYSTUFT ARTIFICIAL FLOWER,450.0,0.0,568.02,0.0,568.02
84846A,SCENTED CANDLE IN DIGITALIS TIN,251.0,0.0,567.55,0.0,567.55
16169C,WRAP BLUE REINDEER,1350.0,0.0,567.0,0.0,567.0
47421,ASSORTED COLOUR LIZARD SUCTION HOOK,1463.0,16.0,572.7,6.72,565.98
47583A,SET OF 3 WICKER BASKET ROSE,71.0,2.0,612.82,49.9,562.92
23381,PACK OF 12 VINTAGE LEAF TISSUES,1496.0,0.0,562.88,0.0,562.88
23272,TREE T-LIGHT HOLDER WILLIE WINKIE,364.0,0.0,562.22,0.0,562.22
37345,ASSTD HEARTS DESIGN MUGS,321.0,0.0,561.05,0.0,561.05
85230B,CINNAMON SCENTED VOTIVE CANDLE,2120.0,0.0,561.04,0.0,561.04
16049,TEATIME GEL PENS ASST,3169.0,0.0,560.48,0.0,560.48
85202,HANGING WOOD AND FELT HEART,1208.0,24.0,570.09,10.08,560.01
16238,PARTY TIME PENCIL ERASERS,2447.0,0.0,559.54,0.0,559.54
84306,S/3 PINK SQUARE PLANTERS ROSES,48.0,0.0,557.48,0.0,557.48
20935,ROUND CACTUS CANDLE,300.0,6.0,574.48,17.7,556.78
23069,EDWARDIAN PHOTO FRAME,88.0,0.0,556.21,0.0,556.21
35922,EASTER BUNNY WREATH,97.0,4.0,575.99,19.8,556.19
23451,SQUARE MINI PORTRAIT FRAME,277.0,0.0,556.17,0.0,556.17
21371,MIRRORED WALL ART POPPIES,404.0,0.0,556.01,0.0,556.01
84569B,PACK 3 FIRE ENGINE/CAR PATCHES,433.0,1.0,557.18,1.25,555.93
20838,FRENCH LATTICE CUSHION COVER,446.0,12.0,565.8,10.2,555.6
23016,GLASS TWIST BON BON JAR,74.0,3.0,575.25,19.95,555.3
21881,CUTE CATS TAPE,1332.0,0.0,554.95,0.0,554.95
84773,RED ROSE AND LACE C/COVER,190.0,2.0,560.5,5.9,554.6
85129A,"WHITE PEARL BEADED HEART, SMALL",444.0,12.0,569.16,15.0,554.16
90120D,WHITE MURANO TWIST BRACELET,134.0,0.0,554.13,0.0,554.13
84876D,BLUE HEART COMPACT MIRROR,331.0,14.0,600.52,47.5,553.02
84859C,PINK DISCO HANDBAG,304.0,0.0,552.72,0.0,552.72
23473,WOODLAND SMALL RED FELT HEART,678.0,0.0,552.02,0.0,552.02
85169C,EAU DE NIL LOVE BIRD CANDLE,505.0,12.0,566.82,15.0,551.82
84805B,BLUE CLIMBING HYDRANGA ART FLOWER,340.0,0.0,551.4,0.0,551.4
23457,LARGE PARLOUR PICTURE FRAME,112.0,0.0,549.88,0.0,549.88
85071D,CHARLIE+LOLA MY ROOM DOOR SIGN,884.0,0.0,548.86,0.0,548.86
37423,WHITE WITH BLACK CATS PLATE,6168.0,2952.0,843.88,295.2,548.68
84675,FROG KING WATERING CAN,206.0,8.0,571.71,23.6,548.11
23549,WRAP BIRD GARDEN,1305.0,0.0,548.1,0.0,548.1
20888,SET 3 JARDIN DE FEMME SCENT CANDLES,367.0,0.0,547.74,0.0,547.74
23484,HEART TRELLISTRIPLE T-LIGHT HOLDER,185.0,0.0,547.35,0.0,547.35
20781,GOLD EAR MUFF HEADPHONES,103.0,6.0,579.93,32.94,546.99
90143,SILVER BRACELET W PASTEL FLOWER,79.0,7.0,599.13,52.5,546.63
20794,BLUE  TILE HOOK,212.0,18.0,591.02,45.9,545.12
22044,CHRISTMAS CARD STACK OF PRESENTS,1940.0,13.0,550.28,5.46,544.82
21339,MARAKESH LANTERN LARGE,30.0,0.0,544.5,0.0,544.5
23043,PAPER LANTERN 9 POINT HOLLY STAR L,81.0,0.0,543.51,0.0,543.51
35969,FOLKART CROWN TABLE DECORATIONS,523.0,0.0,542.47,0.0,542.47
84596K,JELLY BABIES YELLOW SMALL BOWL,428.0,1.0,543.41,1.25,542.16
47021G,SET/6 BEAD COASTERS GAUZE BAG GOLD,713.0,0.0,541.96,0.0,541.96
84510C,SET OF 4 POLKADOTS COASTERS,330.0,0.0,540.45,0.0,540.45
90195A,PURPLE GEMSTONE BRACELET,70.0,5.0,585.2,44.75,540.45
85119,WATERING CAN SINGLE HOOK PISTACHIO,413.0,16.0,567.48,27.04,540.44
21373,MIRRORED WALL ART SNOWFLAKES,636.0,12.0,548.89,9.0,539.89
20943,SET/6 GINGERBREAD STAR T-LIGHTS,381.0,1.0,540.21,1.25,538.96
16048,TEATIME ROUND PENCIL SHARPENER,3461.0,0.0,537.06,0.0,537.06
84592,CROCHET ROSE PURSE WITH SUEDE BACK,173.0,0.0,536.4,0.0,536.4
84414B,FUSCHIA/GREEN STRIPE WOOLLY BLANKET,78.0,0.0,536.24,0.0,536.24
21017,RED BIRD HOUSE TREE DECORATION,659.0,0.0,535.89,0.0,535.89
84661B,BLACK SQUARE TABLE CLOCK,244.0,0.0,535.18,0.0,535.18
23074,EMBOSSED HEART TRINKET BOX,246.0,6.0,547.27,12.48,534.79
23398,HANGING HEART BONHEUR,606.0,1.0,535.35,0.85,534.5
20659,ECONOMY LUGGAGE TAG,369.0,0.0,533.51,0.0,533.51
85020,ROUND PINK HEART MIRROR,240.0,0.0,533.48,0.0,533.48
84984B,RED PEONY DES C/COVER,322.0,2.0,541.3,9.3,532.0
21311,SET/4 BIRD MIRROR MAGNETS,701.0,27.0,539.67,7.83,531.84
72267,PREMIUM CHURCH CANDLE,265.0,0.0,530.16,0.0,530.16
21943,CAKES AND RABBITS DESIGN FLANNEL,591.0,0.0,529.16,0.0,529.16
22394,PAPERWEIGHT KINGS CHOICE,346.0,6.0,544.29,15.3,528.99
20653,CHERRY BLOSSOM LUGGAGE TAG,2004.0,0.0,528.77,0.0,528.77
23060,HEART BEADED TRELLIS DECORATION,249.0,0.0,528.17,0.0,528.17
90175D,TIGRIS EYE CHUNKY CHARM BRACELET,58.0,0.0,527.82,0.0,527.82
21160,KEEP OUT GIRLS DOOR HANGER,794.0,74.0,557.49,30.26,527.23
90203,SILVER CHARM NECKLACE 70CM,71.0,1.0,534.27,7.5,526.77
21418,STARFISH SOAP DISH,194.0,3.0,533.84,7.65,526.19
85023B,EAU DE NILE JEWELLED PHOTOFRAME,293.0,74.0,682.35,156.3,526.05
71270,PHOTO CLIP LINE,370.0,0.0,525.4,0.0,525.4
16169P,WRAP GREEN RUSSIAN FOLKART,1750.0,25.0,533.75,10.5,523.25
72728,ROSE SCENT CANDLES IN GLASS,643.0,0.0,523.15,0.0,523.15
21403,BLUE EGG  SPOON,2319.0,0.0,523.07,0.0,523.07
84989B,75 BLACK FAIRY CAKE CASES,1019.0,0.0,522.95,0.0,522.95
22861,EASTER TIN CHICKS IN GARDEN,305.0,0.0,522.93,0.0,522.93
85226C,BLUE PULL BACK RACING CAR,989.0,0.0,522.31,0.0,522.31
90160D,PINK BOUDICCA LARGE BRACELET,76.0,1.0,529.22,6.95,522.27
85090,CANDY SPOT APRON,106.0,8.0,559.28,37.2,522.08
23336,EGG FRYING PAN PINK,225.0,0.0,519.25,0.0,519.25
20868,SILVER FABRIC MIRROR,882.0,0.0,518.07,0.0,518.07
84657,GREEN ROSE CUSHION COVER,246.0,0.0,517.48,0.0,517.48
84683,CLASSICAL ROSE CANDLESTAND,537.0,1.0,516.85,1.25,515.6
20823,GOLD WINE GOBLET,253.0,4.0,533.71,18.6,515.11
90114,SUMMER DAISIES BAG CHARM,205.0,0.0,514.18,0.0,514.18
84931A,PINK SCOTTIE DOG W FLOWER PATTERN,204.0,0.0,513.69,0.0,513.69
71143,SILVER BOOK MARK WITH BEADS,349.0,1.0,514.45,0.85,513.6
46118,FUNKY MONKEY CUSHION COVER,373.0,0.0,513.58,0.0,513.58
85039C,S/4 BLACK MINI ROSE CANDLE IN BOWL,536.0,2.0,516.31,3.3,513.01
16168M,FUNKY MONKEY GIFT BAG MEDIUM,1686.0,0.0,512.38,0.0,512.38
23136,IVORY WIRE SWEETHEART LETTER TRAY,135.0,0.0,511.89,0.0,511.89
23139,SINGLE WIRE HOOK PINK HEART,414.0,12.0,528.7,17.4,511.3
84875B,GREEN SQUARE COMPACT MIRROR,373.0,0.0,511.01,0.0,511.01
85129C,BEADED CRYSTAL HEART BLUE SMALL,390.0,0.0,510.23,0.0,510.23
20804,GLASS CHICKEN BUTTER DISH,325.0,48.0,579.31,69.6,509.71
85179A,GREEN BITTY LIGHT CHAIN,219.0,3.0,522.85,13.95,508.9
23660,HENRIETTA HEN MUG,306.0,16.0,534.66,26.4,508.26
21734,SMALL MARAKESH LANTERN ON STICK,97.0,6.0,529.49,22.5,506.99
35810B,ENAMEL BLUE RIM COFFEE CONTAINER,325.0,13.0,517.71,10.79,506.92
84615,PINK ROUND BUTTERFLY MIRROR,240.0,38.0,748.48,241.68,506.8
84842,HELLO SAILOR BATHROOM SET,1505.0,720.0,744.15,237.6,506.55
20654,FIRST CLASS LUGGAGE TAG,398.0,0.0,505.41,0.0,505.41
20753,RETRO PINK SPOT WASHING UP GLOVES,218.0,2.0,509.0,4.2,504.8
37352,BIRD IN TREE MUG,4643.0,0.0,504.55,0.0,504.55
22541,MINI JIGSAW LEAP FROG,1245.0,0.0,503.92,0.0,503.92
85169B,BLACK LOVE BIRD CANDLE,428.0,0.0,502.91,0.0,502.91
20845,ZINC HEART LATTICE 2 WALL PLANTER,76.0,0.0,502.27,0.0,502.27
21117,BLOND DOLL DOORSTOP,328.0,0.0,502.08,0.0,502.08
90014A,SILVER/MOP ORBIT NECKLACE,55.0,0.0,502.01,0.0,502.01
84877B,GREEN ROUND COMPACT MIRROR,291.0,2.0,504.43,2.5,501.93
84218,BOX/12 CHICK & EGG IN BASKET,261.0,1.0,503.51,1.95,501.56
23021,GLASS BONNE JAM JAR,120.0,0.0,500.82,0.0,500.82
79337,BLUE FLOCK GLASS CANDLEHOLDER,1194.0,6.0,502.03,2.28,499.75
21882,SKULLS TAPE,1052.0,0.0,499.44,0.0,499.44
23560,SET OF 6 RIBBONS COUNTRY STYLE,172.0,0.0,499.18,0.0,499.18
84804B,BLUE DELPHINIUM ARTIFICIAL FLOWER,355.0,1.0,501.97,2.95,499.02
84706D,CHERRY BLOSSOM TABLE CLOCK,219.0,1.0,500.19,1.95,498.24
35600D,PINK AND WHITE CHRISTMAS TREE 180CM,141.0,0.0,497.7,0.0,497.7
85230A,OPIUM SCENTED VOTIVE CANDLE,1992.0,0.0,497.04,0.0,497.04
16219,HOUSE SHAPE PENCIL SHARPENER,3357.0,48.0,499.55,2.88,496.67
23117,POPPY FIELDS CHOPPING BOARD,93.0,1.0,501.23,4.95,496.28
20864,DENIM PATCH PENCIL CASE BUTTERFLY,252.0,1.0,498.14,2.1,496.04
90058B,CRYSTAL STUD EARRINGS ASSORTED COL,1082.0,36.0,509.08,13.68,495.4
85142,JARDIN ETCHED GLASS GINGER JAR,57.0,1.0,502.58,7.95,494.63
84799,SPRIG LAVENDER ARTIFICIAL FLOWER,678.0,60.0,528.78,35.16,493.62
84247L,FAWN AND MUSHROOM GREETING CARD,1137.0,12.0,498.21,5.04,493.17
16239,BALLERINA HEART DECORATION.,347.0,0.0,492.17,0.0,492.17
90160B,RED BOUDICCA LARGE BRACELET,71.0,0.0,490.92,0.0,490.92
84827,ASS DES PHONE SPONGE CRAFT STICKER,1027.0,0.0,489.79,0.0,489.79
23466,TUSCAN VILLA DOVECOTE BIRD FEEDER,55.0,1.0,498.03,8.25,489.78
22031,BOTANICAL LAVENDER BIRTHDAY CARD,1125.0,12.0,493.99,5.04,488.95
84876B,GREEN HEART COMPACT MIRROR,344.0,0.0,488.31,0.0,488.31
35967,FOLK ART METAL STAR T-LIGHT HOLDER,936.0,1.0,488.51,0.38,488.13
51020B,STRIPY DESIGN SHOWER CAP,1084.0,2.0,488.12,0.58,487.54
21459,YELLOW EASTER EGG HUNT START POST,263.0,18.0,520.55,35.1,485.45
20793,BLUE TILED TRAY,281.0,5.0,518.5,33.75,484.75
84875D,BLUE SQUARE COMPACT MIRROR,371.0,0.0,483.75,0.0,483.75
23218,LAUREL STAR ANTIQUE GOLD,379.0,0.0,483.03,0.0,483.03
22407,MONEY BOX FIRST AID DESIGN,438.0,36.0,521.12,38.16,482.96
84798B,PURPLE FOXGLOVE ARTIIFCIAL FLOWER,326.0,4.0,492.9,10.2,482.7
23691,WRAP KEEP CALM BIRTHDAY,1175.0,0.0,481.5,0.0,481.5
22038,BOTANICAL LAVENDER GIFT WRAP,1150.0,0.0,481.0,0.0,481.0
16244A,MAXWELL 2 TONE PINK 60 PAGE PHOTO A,186.0,0.0,479.41,0.0,479.41
22259,FELT FARM ANIMAL HEN,590.0,3.0,482.95,3.75,479.2
85091,CANDY SPOT BREAD BASKETS,343.0,17.0,548.81,69.7,479.11
23422,PANTRY HOOK BALLOON WHISK,213.0,0.0,477.89,0.0,477.89
21132,SILVER STANDING GNOME,93.0,0.0,476.61,0.0,476.61
72750C,"F.FAIRY S/3 CANDLE/GLASS, ROSE",232.0,0.0,476.4,0.0,476.4
23561,SET OF 6 RIBBONS PARTY,170.0,0.0,476.0,0.0,476.0
37492C,GREEN BLUE FLOWER PIGGY BANK,242.0,1.0,477.3,4.65,472.65
85027L,FRENCH CHATEAU LARGE PLATTER,190.0,34.0,538.5,66.3,472.2
40046A,RED DAISY PAPER LAMPSHADE,355.0,0.0,472.07,0.0,472.07
84926E,FLOWERS TILE COASTER,1081.0,0.0,471.57,0.0,471.57
84901,BLACK FACE LAMB WITH PANTS,123.0,0.0,471.13,0.0,471.13
GIFT_0001_20,Dotcomgiftshop Gift Voucher £20.00,28.0,0.0,471.06,0.0,471.06
84809A,WHITE CHRYSANTHEMUMS ART FLOWER,276.0,2.0,474.84,4.2,470.64
21518,BANK ACCOUNT  GREETING  CARD,1107.0,0.0,469.28,0.0,469.28
35471A,SET OF 3 BIRD L.BLUE FEATHER,421.0,25.0,499.31,31.25,468.06
72799B,PURPLE PILLAR CANDLE BLACK FLOCK,322.0,0.0,467.71,0.0,467.71
35911A,MULTICOLOUR RABBIT EGG WARMER,388.0,0.0,466.69,0.0,466.69
90010E,AMBER GLASS/SILVER BRACELET,56.0,4.0,501.65,35.8,465.85
85136B,BLUE SHARK HELICOPTER,59.0,1.0,473.77,7.95,465.82
23379,PACK OF 12 RED APPLE TISSUES,1220.0,0.0,465.36,0.0,465.36
51020A,SUMMER FUN DESIGN SHOWER CAP,1303.0,2.0,463.31,0.58,462.73
90120C,GREEN MURANO TWIST BRACELET,109.0,0.0,462.32,0.0,462.32
84972L,GIANT PINK HEART MEMO HOLDER,117.0,0.0,462.15,0.0,462.15
72132,COLUMBIAN CUBE CANDLE,549.0,0.0,462.15,0.0,462.15
35004S,SET OF 3 SILVER FLYING DUCKS,146.0,10.0,518.4,56.52,461.88
85211,S/4 GROOVY CAT MAGNETS,306.0,5.0,467.4,6.53,460.87
85030,FRENCH CHATEAU OVAL PLATTER,211.0,27.0,531.45,70.65,460.8
85204,HANGING WOOD AND FELT FLOWER,2353.0,1.0,460.9,0.12,460.78
21536,DAIRY MAID  SMALL  MILK JUG,221.0,7.0,474.74,14.7,460.04
84782C,GREEN 3 TIER GLASS PLATE STAND,74.0,6.0,509.9,50.1,459.8
84915,HAND TOWEL PINK FLOWER AND DAISY,234.0,0.0,459.56,0.0,459.56
90192,JADE DROP EARRINGS W FILIGREE,94.0,2.0,469.18,9.9,459.28
85170B,SET/6 BLACK BIRD T-LIGHT CANDLES,283.0,8.0,475.91,16.8,459.11
16207B,PINK HEART RED HANDBAG,265.0,0.0,457.65,0.0,457.65
90145,SILVER HOOP EARRINGS WITH FLOWER,75.0,0.0,455.86,0.0,455.86
21757,LIGHTHOUSE PRINTED METAL SIGN,80.0,0.0,454.3,0.0,454.3
84984A,GREEN PEONY DES C/COVER,266.0,2.0,462.12,9.3,452.82
84948,SILVER HANGING T-LIGHT HOLDER DOME,273.0,4.0,459.21,6.6,452.61
72225C,LAVENDER SCENT CAKE CANDLE,1926.0,48.0,466.38,13.92,452.46
20621,ECONOMY PASSPORT COVER,207.0,0.0,451.67,0.0,451.67
23548,WRAP MAGIC FOREST,1075.0,0.0,451.5,0.0,451.5
23509,MINI PLAYING CARDS FUN FAIR,1062.0,0.0,451.46,0.0,451.46
90120B,BLUE MURANO TWIST BRACELET,107.0,0.0,451.44,0.0,451.44
82081,PINK HEARTS PHOTO ALBUM,174.0,0.0,451.35,0.0,451.35
84601A,NEW BAROQUE IVORY CUSHION COVER,260.0,150.0,638.34,187.5,450.84
20616,CHERRY BLOSSOM PASSPORT COVER,283.0,0.0,449.26,0.0,449.26
16218,CARTOON  PENCIL SHARPENERS,4629.0,0.0,448.13,0.0,448.13
17164D,ASS COL SMALL SAND FROG P'WEIGHT,1150.0,0.0,447.0,0.0,447.0
21663,VINTAGE GLASS SUGAR CADDY,76.0,7.0,488.16,41.65,446.51
84597C,RETRO PINK BALL ASHTRAY,364.0,4.0,450.98,5.0,445.98
72127,COLUMBIAN CANDLE ROUND,366.0,1.0,445.94,1.25,444.69
84857C,PINK MONTE CARLO HANDBAG,197.0,1.0,445.03,1.95,443.08
72128,COLUMBIAN CANDLE ROUND,714.0,0.0,442.24,0.0,442.24
62096B,PURPLE/TURQ FLOWERS HANDBAG,257.0,0.0,441.99,0.0,441.99
90198B,VINTAGE ROSE BEAD BRACELET BLACK,104.0,0.0,441.9,0.0,441.9
16243B,BROWN COZY SQUARE PHOTO ALBUM,212.0,0.0,441.77,0.0,441.77
90154,LAZER CUT NECKLACE W PASTEL BEADS,59.0,0.0,439.65,0.0,439.65
84508B,STRIPES DESIGN TEDDY,169.0,6.0,453.76,15.3,438.46
79030A,"TUMBLER, ENGLISH ROSE",171.0,0.0,438.25,0.0,438.25
47422,ASSORTED MONKEY SUCTION CUP HOOK,1177.0,49.0,458.34,20.58,437.76
23023,RIDGED BONNE JAM JAR T-LIGHT HOLDER,274.0,2.0,437.82,3.3,434.52
79071B,ENGLISH ROSE METAL WASTE BIN,142.0,0.0,433.7,0.0,433.7
21027,NINJA RABBIT PINK,355.0,0.0,433.61,0.0,433.61
84859B,BLUE DISCO HANDBAG,282.0,0.0,433.46,0.0,433.46
37464,ROBOT MUG IN DISPLAY BOX,316.0,0.0,431.18,0.0,431.18
84858B,BLUE RIVIERA HANDBAG,326.0,0.0,431.0,0.0,431.0
23058,CHRISTMAS HANGING SNOWFLAKE,490.0,0.0,430.86,0.0,430.86
84510F,SET OF 4 NEW ENGLAND COASTERS,1099.0,2.0,432.75,2.5,430.25
16045,POPART WOODEN PENCILS ASST,9312.0,0.0,429.44,0.0,429.44
90013B,BLACK VINTAGE EARRINGS,104.0,0.0,428.92,0.0,428.92
16161M,WRAP  PINK FLOCK,1050.0,25.0,439.0,10.5,428.5
84966B,BLUE KASHMIRI BOXED MIRROR,33.0,0.0,428.0,0.0,428.0
84801A,PINK HYDRANGEA ART FLOWER,272.0,0.0,427.44,0.0,427.44
90195B,BLACK GEMSTONE BRACELET,52.0,4.0,460.69,35.8,424.89
72789,BASKET/8 SCENTED LOVE TOKEN CANDLES,122.0,10.0,461.53,37.5,424.03
21028,NINJA RABBIT BLACK,323.0,0.0,423.9,0.0,423.9
16207A,PINK STRAWBERRY HANDBAG,143.0,0.0,423.53,0.0,423.53
23044,PAPER LANTERN 9 POINT HOLLY STAR S,101.0,0.0,423.29,0.0,423.29
21678,PAISLEY PATTERN  STICKERS,572.0,0.0,423.0,0.0,423.0
84762A,WHITE PICNIC BARBECUE BUCKET,59.0,11.0,517.43,94.45,422.98
16008,SMALL FOLDING SCISSOR(POINTED EDGE),3141.0,0.0,422.96,0.0,422.96
21729,SMALL MARAKESH METAL  LANTERN,124.0,0.0,422.9,0.0,422.9
72801E,S/4 FESTIVE GREEN DINNER CANDLES,776.0,0.0,422.32,0.0,422.32
20662,FIRST CLASS HOLIDAY PURSE,728.0,300.0,471.33,51.0,420.33
46126A,ELVIS WALLHANGING / CURTAIN,317.0,0.0,419.99,0.0,419.99
84967C,GREEN KASHMIRI OCCASIONAL TABLE,9.0,0.0,419.85,0.0,419.85
47579,TEA TIME BREAKFAST BASKET,185.0,1.0,420.87,2.1,418.77
22032,BOTANICAL LILY GREETING CARD,980.0,0.0,418.12,0.0,418.12
20851,ZINC HEART LATTICE TRAY OVAL,335.0,2.0,429.57,11.9,417.67
84532B,FAIRY CAKES RECTANGLUAR BOXES,54.0,0.0,417.58,0.0,417.58
35240,ENAMEL BLUE RIM OVAL TRAY SET/2,49.0,0.0,416.01,0.0,416.01
90201B,BLACK ENAMEL FLOWER RING,154.0,13.0,454.31,38.35,415.96
23045,PAPER LANTERN 5 POINT STAR MOON 30,118.0,20.0,497.98,83.0,414.98
84529C,YELLOW KNITTED KIDS RUCKSACK,78.0,0.0,414.74,0.0,414.74
22395,PAPERWEIGHT VINTAGE PAISLEY,234.0,0.0,413.76,0.0,413.76
84007,MAGIC GARDEN MOUNT FUJI,157.0,0.0,413.12,0.0,413.12
85112,S/3 TEAR DROP CUT GLASS DECORATION,465.0,0.0,412.77,0.0,412.77
21336,GOLD WASHBAG,1823.0,865.0,527.56,115.27,412.29
85230G,ORANGE VOTIVE CANDLE,1680.0,48.0,425.76,13.92,411.84
21520,BOOZE & WOMEN GREETING CARD,957.0,2.0,411.63,0.84,410.79
21341,KASBAH LANTERN WITH GLASS,72.0,0.0,410.64,0.0,410.64
90149,SILVER FLOWR PINK SHELL NECKLACE,62.0,0.0,410.26,0.0,410.26
16169F,WRAP BLIZZARD,975.0,0.0,409.5,0.0,409.5
84595B,LARGE TRIFLE DESIGN L BLUE BOWL,230.0,0.0,408.9,0.0,408.9
21252,SET OF MEADOW  FLOWER STICKERS,168.0,0.0,408.66,0.0,408.66
84422,PINK/BLUE DISC/MIRROR STRING,782.0,49.0,427.95,19.57,408.38
72780,BLACK SILOUETTE CANDLE PLATE,514.0,12.0,418.18,10.2,407.98
72803B,OCEAN SCENT CANDLE JEWELLED DRAWER,93.0,2.0,416.35,8.5,407.85
84984D,ORIENTAL RED CUSHION COVER,159.0,0.0,404.91,0.0,404.91
90013A,MIDNIGHT BLUE VINTAGE EARRINGS,115.0,8.0,434.27,30.0,404.27
23415,HOME SWEET HOME HOOK,328.0,5.0,412.18,8.25,403.93
82076,BEECH WOOD PHOTO FRAME,290.0,0.0,403.64,0.0,403.64
90206C,CRYSTAL DIAMANTE STAR BROOCH,80.0,0.0,402.61,0.0,402.61
84798A,PINK FOXGLOVE ARTIIFCIAL FLOWER,195.0,12.0,432.45,30.6,401.85
84932B,SMALL PINK PEONY FOLDING STOOL,189.0,0.0,401.3,0.0,401.3
45016,DECORATIVE NET CANOPY LEOPARD,101.0,6.0,423.73,22.5,401.23
84984C,ORIENTAL BLUE CUSHION COVER,232.0,0.0,401.16,0.0,401.16
23339,EGG FRYING PAN BLUE,173.0,0.0,400.84,0.0,400.84
23576,SNACK TRAY RED VINTAGE DOILY,198.0,0.0,400.04,0.0,400.04
23429,RED RETRO KITCHEN WALL CLOCK,47.0,0.0,400.01,0.0,400.01
21698,MOCK LOBSTER FRIDGE MAGNET,530.0,0.0,399.01,0.0,399.01
16156L,"WRAP, CAROUSEL",950.0,0.0,399.0,0.0,399.0
20889,JARDIN DE FEMME SCENTED CANDLE,657.0,0.0,398.04,0.0,398.04
84804A,CREAM DELPHINIUM ARTIFICIAL FLOWER,218.0,0.0,396.38,0.0,396.38
21025,SPACE FROG,300.0,0.0,396.12,0.0,396.12
90120A,PINK MURANO TWIST BRACELET,93.0,0.0,395.68,0.0,395.68
84726,LILLIES CANVAS PICTURE,233.0,0.0,394.85,0.0,394.85
84952A,CLEAR LOVE BIRD T-LIGHT HOLDER,148.0,0.0,392.53,0.0,392.53
21736,GOLD SCROLL GLASS T-LIGHT HOLDER,193.0,3.0,393.69,1.17,392.52
22869,"NUMBER TILE COTTAGE GARDEN, 1",167.0,1.0,393.63,1.95,391.68
90201D,GREEN ENAMEL FLOWER RING,133.0,0.0,391.37,0.0,391.37
90124B,BLUE MURANO TWIST NECKLACE,39.0,0.0,391.18,0.0,391.18
84711A,SILVER OVAL SHAPE TRINKET BOX,42.0,0.0,390.95,0.0,390.95
84673B,BLUE FLY SWAT,503.0,1.0,391.31,0.65,390.66
37444A,YELLOW BREAKFAST CUP AND SAUCER,2709.0,1309.0,563.43,172.99,390.44
90010A,MIDNIGHT BLUE GLASS/SILVER BRACELET,49.0,6.0,443.85,53.7,390.15
84802B,PURPLE ANEMONE ARTIFICIAL FLOWER,411.0,0.0,389.79,0.0,389.79
16044,POP-ART FLUORESCENT PENS,6193.0,0.0,389.22,0.0,389.22
23337,EGG FRYING PAN MINT,180.0,0.0,388.75,0.0,388.75
23150,IVORY SWEETHEART SOAP DISH,148.0,1.0,390.75,2.49,388.26
23039,T-LIGHT HOLDER SILVER HEART HANDLE,199.0,6.0,399.71,11.7,388.01
84497,BUTTONS AND STRIPES NOTEBOOK,97.0,0.0,387.13,0.0,387.13
90180A,BLACK+WHITE NECKLACE W TASSEL,44.0,1.0,396.64,9.95,386.69
79051A,SMOKEY GREY COLOUR GLASS,939.0,0.0,386.38,0.0,386.38
90158,ST TROPEZ NECKLACE,77.0,0.0,386.32,0.0,386.32
85007,SET OF 3 VINTAGE TEA TIME BOXES,143.0,3.0,399.62,13.95,385.67
84081,WHITE CERAMIC PARTY SET (5PCS),100.0,1.0,389.3,4.25,385.05
20857,BLUE ROSE PATCH PURSE PINK BUTTERFL,249.0,16.0,410.85,26.4,384.45
16202B,PASTEL BLUE PHOTO ALBUM,1039.0,472.0,528.56,144.48,384.08
16162L,THE KING GIFT BAG,8101.0,3744.0,570.43,187.2,383.23
23116,VEGETABLE GARDEN CHOPPING BOARD,76.0,0.0,382.44,0.0,382.44
90035B,"PEARL & SHELL 42""NECKL. PINK",43.0,0.0,380.89,0.0,380.89
90184A,AMBER CHUNKY BEAD BRACELET W STRAP,42.0,0.0,380.82,0.0,380.82
85097B,BLUE ROCKING SINGING CANARY,106.0,12.0,417.17,38.6,378.57
84292,ROSE PINK METAL FOLDING CHAIR,44.0,1.0,385.98,7.95,378.03
84533B,FAIRY CAKES ROUND NESTING BOXES,59.0,0.0,377.93,0.0,377.93
20976,12 PENCILS SMALL TUBE POSY,549.0,0.0,376.34,0.0,376.34
47562,ENGLISH ROSE IRONING BOARD COVER,104.0,4.0,390.0,14.2,375.8
16258A,SWIRLY CIRCULAR RUBBERS IN BAG,1063.0,1.0,375.93,0.42,375.51
23459,DOLLY CABINET 2 DRAWERS,33.0,3.0,412.5,37.5,375.0
85033G,SET/6 GOLD REINDEER T-LIGHT CANDLES,236.0,3.0,376.05,1.95,374.1
84741C,CITRUS GARLAND FELT FLOWERS,185.0,0.0,372.14,0.0,372.14
84877D,BLUE ROUND COMPACT MIRROR,160.0,0.0,371.85,0.0,371.85
84429A,MEDIUM PINK BUDDHA HEAD,109.0,0.0,371.78,0.0,371.78
90208,PAIR OF PINK FLOWER CLUSTER SLIDE,159.0,6.0,386.83,15.3,371.53
90201A,PURPLE ENAMEL FLOWER RING,130.0,4.0,382.84,11.8,371.04
90134,OLD ROSE COMBO BEAD NECKLACE,126.0,0.0,370.92,0.0,370.92
79191B,RETRO PLASTIC POLKA TRAY,479.0,32.0,397.37,27.2,370.17
79336,LIGHT PINK FLOCK GLASS CANDLEHOLDER,840.0,0.0,369.78,0.0,369.78
90082B,DIAMANTE BOW BROOCH RED COLOUR,58.0,0.0,368.3,0.0,368.3
20906,VINTAGE NOTEBOOK BEAUTY GIRL,101.0,0.0,368.24,0.0,368.24
22870,"NUMBER TILE COTTAGE GARDEN, 2",155.0,0.0,367.97,0.0,367.97
47503G,ASS FLORAL PRINT TAPE MEASURE,284.0,0.0,367.36,0.0,367.36
23575,SNACK TRAY PAISLEY PARK,179.0,0.0,367.35,0.0,367.35
35915A,CREAM KNITTED HEN,288.0,0.0,365.76,0.0,365.76
47504G,ENGLISH ROSE TAPE MEASURE,266.0,1.0,366.81,1.25,365.56
84926D,LA PALMIERA TILE COASTER,773.0,0.0,365.35,0.0,365.35
90164B,WHITE  ROSEBUD PEARL BRACELET,67.0,0.0,362.94,0.0,362.94
23661,MILK MAIDS MUG,219.0,20.0,393.59,33.0,360.59
84760S,SMALL HANGING GLASS+ZINC LANTERN,222.0,0.0,360.21,0.0,360.21
85094,CANDY SPOT EGG WARMER RABBIT,760.0,1.0,360.99,1.25,359.74
85026B,EAU DE NILE JEWELLED T-LIGHT HOLDER,300.0,10.0,367.55,8.5,359.05
21946,PARTY TIME DESIGN FLANNEL,625.0,0.0,358.97,0.0,358.97
84402D,PINK DRESS JEWELLERY STAND,373.0,0.0,358.93,0.0,358.93
90036E,"FLOWER GLASS GARLD NECKL36""AMETHYST",45.0,0.0,358.87,0.0,358.87
23579,SNACK TRAY I LOVE LONDON,169.0,0.0,358.75,0.0,358.75
90002D,FLOWER BURST SILVER RING CRYSTAL,104.0,2.0,365.74,7.5,358.24
84711B,PINK OVAL SHAPE TRINKET BOX,39.0,0.0,357.71,0.0,357.71
84680,CLASSICAL ROSE URN,94.0,2.0,372.3,15.9,356.4
35912B,WHITE/PINK CHICK DECORATION,288.0,0.0,355.58,0.0,355.58
72487,ROSES WHITE ROUND CANDLE,827.0,0.0,355.05,0.0,355.05
20865,PATCHWORK PENCIL CASE BUTTERFLY,251.0,82.0,500.49,145.47,355.02
90019A,SILVER M.O.P ORBIT BRACELET,68.0,0.0,354.59,0.0,354.59
16216,LETTER SHAPE PENCIL SHARPENER,4158.0,110.0,371.64,17.6,354.04
35968,FOLK ART METAL HEART T-LIGHT HOLDER,761.0,25.0,363.34,9.5,353.84
90082A,DIAMANTE BOW BROOCH GREEN COLOUR,55.0,0.0,353.71,0.0,353.71
20950,SET/6  ANGEL T-LIGHTS WHITE/GOLD,687.0,0.0,353.39,0.0,353.39
78033,FLAG OF ST GEORGE CHAIR,76.0,3.0,370.6,17.85,352.75
84898F,YELLOW FLOWERS FELT HANDBAG KIT,165.0,0.0,352.75,0.0,352.75
46000R,POLYESTER FILLER PAD 45x30cm,243.0,0.0,352.35,0.0,352.35
84800M,MEDIUM WHITE/PINK ROSE ART FLOWER,250.0,3.0,357.22,5.07,352.15
84809B,PINK CHRYSANTHEMUMS ART FLOWER,296.0,0.0,351.6,0.0,351.6
23420,PANTRY HOOK TEA STRAINER,164.0,0.0,351.37,0.0,351.37
90161A,ANT COPPER RED BOUDICCA BRACELET,70.0,0.0,349.96,0.0,349.96
90013C,GREEN VINTAGE EARRINGS,88.0,1.0,353.55,3.75,349.8
21038,SET/4 MODERN VINTAGE COTTON NAPKINS,166.0,2.0,355.48,5.9,349.58
79190A,RETRO PLASTIC 70'S TRAY,790.0,34.0,364.25,14.67,349.58
23421,PANTRY HOOK SPATULA,160.0,0.0,349.2,0.0,349.2
82011B,BATHROOM SCALES RUBBER DUCKS,93.0,0.0,348.8,0.0,348.8
84535A,ENGLISH ROSE NOTEBOOK A6 SIZE,607.0,0.0,346.93,0.0,346.93
84801B,WHITE HYDRANGEA ART FLOWER,214.0,0.0,345.0,0.0,345.0
20666,ECONOMY HOLIDAY PURSE,911.0,400.0,412.45,68.0,344.45
85109,PINK BOUDOIR T-LIGHT HOLDER,4211.0,1872.0,475.43,131.04,344.39
90191,SILVER LARIAT 40CM,40.0,0.0,342.6,0.0,342.6
22039,BOTANICAL LILY GIFT WRAP,850.0,25.0,353.0,10.5,342.5
35833P,4 PINK FLOCK CHRISTMAS BALLS,185.0,0.0,342.17,0.0,342.17
72811,SMALL ZINC/GLASS CANDLEHOLDER,445.0,0.0,340.45,0.0,340.45
75149N,STRING CRYSTALS NATURAL,272.0,0.0,340.0,0.0,340.0
79303B,BLUE STAR BLOCK TABLE LAMP,109.0,0.0,339.57,0.0,339.57
84925A,WAKE UP COCKEREL WALL THERMOMETER,179.0,0.0,339.29,0.0,339.29
84509E,SET OF 4 CAROUSEL PLACEMATS,163.0,0.0,338.6,0.0,338.6
84249D,FAIRY CAKE GREETINGS CARD,823.0,24.0,347.3,10.08,337.22
84576,BLUE CAT BISCUIT BARREL PINK HEART,96.0,0.0,337.04,0.0,337.04
84881,BLUE WIRE SPIRAL CANDLE HOLDER,52.0,1.0,342.94,6.35,336.59
35914,PINK CHICK EGG WARMER + EGG CUP,243.0,0.0,336.58,0.0,336.58
17011F,ORIGAMI SANDLEWOOD INCENSE+FLOWER,385.0,0.0,336.2,0.0,336.2
21306,SET/4 DAISY MIRROR MAGNETS,681.0,19.0,342.8,7.32,335.48
90014B,GOLD M.O.P. ORBIT NECKLACE,34.0,0.0,333.71,0.0,333.71
17109A,FLOWER FAIRY INCENSE LILY,709.0,0.0,333.61,0.0,333.61
23047,PAPER LANTERN 5 POINT STUDDED STAR,58.0,0.0,333.5,0.0,333.5
90201C,RED ENAMEL FLOWER RING,119.0,6.0,350.94,17.7,333.24
21402,RED  EGG  SPOON,1698.0,1.0,333.42,0.42,333.0
90175C,BLUE GLASS CHUNKY CHARM BRACELET,37.0,0.0,332.95,0.0,332.95
20688,BEAUTY SPEED EXPRESSO CUPS,464.0,0.0,332.9,0.0,332.9
47583B,SET OF 3 WICKER BASKET TEA AND CAKE,27.0,0.0,332.6,0.0,332.6
21420,OYSTER TRINKET BOX,120.0,0.0,332.16,0.0,332.16
90070,RUBY GLASS CLUSTER BRACELET,63.0,9.0,385.15,53.55,331.6
90148,LONG SILVER NECKLACE PASTEL FLOWER,27.0,1.0,343.98,12.75,331.23
35637C,PINK STRING CURTAIN WITH POLE,100.0,0.0,331.14,0.0,331.14
85024B,EAU DE NILE JEWELLED PHOTOFRAME,218.0,0.0,330.9,0.0,330.9
22257,FELT FARM ANIMAL SHEEP,419.0,12.0,345.48,15.0,330.48
84870C,GREEN GEISHA GIRL,93.0,0.0,330.36,0.0,330.36
90129B,TURQUOISE GLASS TASSLE BAG CHARM,146.0,0.0,329.95,0.0,329.95
35921,EASTER BUNNY HANGING GARLAND,183.0,1.0,330.32,1.25,329.07
37467,PIG MUG IN TWO COLOUR DESIGNS,273.0,0.0,328.51,0.0,328.51
72739B,WHITE CHOCOLATE SCENT CANDLE,394.0,0.0,328.39,0.0,328.39
22878,"NUMBER TILE COTTAGE GARDEN, No",128.0,1.0,330.26,2.1,328.16
20847,ZINC HEART LATTICE CHARGER LARGE,80.0,1.0,334.35,7.62,326.73
84902,PINK KNITTED COW STUFFED TOY,84.0,0.0,326.33,0.0,326.33
84706A,ENGLISH ROSE TABLE CLOCK,137.0,0.0,325.88,0.0,325.88
20799,PINK MILKSHAKE GLASS,200.0,8.0,355.33,29.46,325.87
21722,SWEET PUDDING STICKER SHEET,347.0,3.0,327.75,2.55,325.2
23037,CANDLE HOLDER SILVER MADELINE,196.0,0.0,325.16,0.0,325.16
23478,WOODLAND LARGE PINK FELT HEART,285.0,0.0,324.4,0.0,324.4
90197B,BLACK GLASS BRACELET W HEART CHARMS,64.0,0.0,322.52,0.0,322.52
90178A,AMBER CHUNKY GLASS+BEAD NECKLACE,27.0,0.0,322.41,0.0,322.41
85131C,BEADED CRYSTAL HEART BLUE ON STICK,439.0,0.0,320.15,0.0,320.15
84661A,WHITE SQUARE TABLE CLOCK,224.0,0.0,319.01,0.0,319.01
84870B,BLUE GEISHA GIRL,90.0,1.0,322.61,3.75,318.86
85089,CANDY SPOT BUNNY,99.0,0.0,317.54,0.0,317.54
84933C,LARGE BLUE ORIENTAL FOLDING STOOL,136.0,0.0,317.0,0.0,317.0
17091B,JASMINE TEA INCENSE IN TIN,276.0,0.0,316.98,0.0,316.98
85033S,SET/6 SILVER REINDEER T-LIGHTS,258.0,1.0,317.35,0.65,316.7
85167A,WHITE GRAND BAROQUE PHOTO FRAME,176.0,27.0,396.8,81.0,315.8
21401,BLUE PUDDING SPOON,1437.0,0.0,315.7,0.0,315.7
21309,LOUVRE CHALKBOARD,49.0,1.0,325.6,9.95,315.65
85129B,BEADED CRYSTAL HEART GREEN SMALL,233.0,0.0,315.11,0.0,315.11
84933A,LARGE GREEN PEONY FOLDING STOOL,131.0,0.0,314.35,0.0,314.35
84673A,PINK FLY SWAT,500.0,1.0,314.84,0.65,314.19
90160A,PURPLE BOUDICCA LARGE BRACELET,52.0,7.0,362.51,48.65,313.86
90000D,COPPER/OLIVE GREEN FLOWER NECKLACE,51.0,0.0,313.75,0.0,313.75
46000U,POLYESTER FILLER PAD 30CMx30CM,251.0,0.0,313.75,0.0,313.75
35638B,PINK/BLUE STRING CURTAIN,118.0,0.0,313.29,0.0,313.29
23695,DOILY THANK YOU CARD,741.0,0.0,313.24,0.0,313.24
90018A,SILVER M.O.P ORBIT DROP EARRINGS,75.0,1.0,316.99,4.25,312.74
84802A,WHITE ANEMONE ARTIFICIAL FLOWER,185.0,0.0,312.65,0.0,312.65
84838,ANT WHITE HIGH RISE BIRD BOX,50.0,0.0,312.5,0.0,312.5
90016B,GOLD/M.O.P PENDANT ORBIT NECKLACE,37.0,0.0,312.14,0.0,312.14
84522,PINK PARTY SUNGLASSES,186.0,0.0,311.86,0.0,311.86
22872,"NUMBER TILE COTTAGE GARDEN, 4",136.0,0.0,311.3,0.0,311.3
62095B,TURQOISE ICE CREAM SUNHAT,292.0,0.0,310.83,0.0,310.83
84623,PINK GINGHAM ROSE FLOOR CUSHION,56.0,0.0,310.44,0.0,310.44
18096C,WHITE ROUND PORCELAIN TLIGHT HOLDER,125.0,12.0,339.84,30.6,309.24
47593A,CAROUSEL PONIES BABY BIB,304.0,0.0,309.18,0.0,309.18
84933B,LARGE PINK PEONY FOLDING STOOL,136.0,0.0,309.15,0.0,309.15
77081,FLOWER WINDMILL,242.0,1.0,308.38,1.25,307.13
21196,ROUND WHITE CONFETTI IN TUBE,178.0,0.0,306.89,0.0,306.89
84671B,CROCHET BEAR WITH BLUE STRIPES,109.0,0.0,306.77,0.0,306.77
23495,SET OF 3 PANTRY WOODEN SPOONS,225.0,0.0,306.66,0.0,306.66
90209A,PURPLE ENAMEL+GLASS HAIR COMB,173.0,9.0,325.5,18.9,306.6
72130,COLUMBIAN CANDLE ROUND,753.0,0.0,306.35,0.0,306.35
16254,TRANSPARENT ACRYLIC TAPE DISPENSER,941.0,0.0,305.66,0.0,305.66
84906,PINK BUTTERFLY CUSHION COVER,66.0,1.0,307.47,1.95,305.52
90175B,PINK GLASS CHUNKY CHARM BRACELET,36.0,2.0,322.85,17.9,304.95
20800,LARGE GLASS SUNDAE DISH CLEAR,1005.0,0.0,303.96,0.0,303.96
84219,BOX/12 MOTHER & CHICK IN BASKET/BOW,137.0,0.0,303.86,0.0,303.86
44235,ASSORTED COLOURED CIRCLE MOBILE,816.0,0.0,303.84,0.0,303.84
90173,PAIR BUTTERFLY HAIR CLIPS,81.0,1.0,306.64,3.75,302.89
90036D,"FLOWER GLASS GARLAND NECKL.36""BLACK",38.0,0.0,302.29,0.0,302.29
23430,BLUE RETRO KITCHEN WALL CLOCK,36.0,0.0,301.88,0.0,301.88
35645,VINTAGE BEAD PINK JEWEL BOX,61.0,0.0,301.81,0.0,301.81
90035C,"PEARL & SHELL 42""NECKL. IVORY",28.0,0.0,301.0,0.0,301.0
84030C,KNITTED RAINBOW HOT WATER BOTTLE,53.0,8.0,330.78,30.0,300.78
22889,"NUMBER TILE VINTAGE FONT, No",196.0,13.0,327.12,27.3,299.82
23440,PAINT YOUR OWN EGGS IN CRATE,164.0,0.0,299.36,0.0,299.36
90124A,PINK MURANO TWIST NECKLACE,30.0,0.0,299.28,0.0,299.28
35981C,WHITE SNOW SCANDINAVIAN STOCKING,589.0,0.0,297.62,0.0,297.62
17001,HEAVENS SCENT FRAGRANCE OILS ASSTD,1211.0,6.0,299.35,1.74,297.61
17012E,ORIGAMI OPIUM INCENSE/CANDLE SET,263.0,0.0,296.79,0.0,296.79
35920,FOUR RABBIT EASTER DECORATIONS,1070.0,0.0,296.34,0.0,296.34
47471,RAINBOW PEGS PHOTO CLIP STRING,428.0,0.0,295.72,0.0,295.72
DCGSSGIRL,GIRLS PARTY BAG,92.0,0.0,295.63,0.0,295.63
90129A,PINK GLASS TASSLE BAG CHARM,151.0,0.0,295.38,0.0,295.38
20869,GOLD FABRIC MIRROR,529.0,0.0,295.12,0.0,295.12
21697,SET 5 MINI DOUGHNUT FRIDGE MAGNET,372.0,0.0,295.08,0.0,295.08
79190D,RETRO PLASTIC DAISY TRAY,641.0,5.0,296.58,2.1,294.48
20795,LARGE BLUE PROVENCAL CERAMIC BALL,135.0,7.0,308.7,14.7,294.0
84926A,WAKE UP COCKEREL TILE COASTER,664.0,0.0,293.08,0.0,293.08
22954,HEN PARTY CORDON BARRIER TAPE,238.0,1.0,293.89,1.25,292.64
72801F,S/4 FESTIVE RED DINNER CANDLES,234.0,0.0,292.5,0.0,292.5
20670,VIP HOLIDAY PURSE,694.0,312.0,378.85,86.4,292.45
90030B,RED KUKUI COCONUT SEED NECKLACE,139.0,0.0,292.08,0.0,292.08
37422,WHITE WITH BLACK CATS BOWL,434.0,0.0,292.08,0.0,292.08
85147,JARDIN ETCHED GLASS CANDLEHLDR LONG,61.0,2.0,301.95,9.9,292.05
21030,SPACE CADET RED,239.0,0.0,290.9,0.0,290.9
84529A,PINK KNITTED KIDS RUCKSACK,50.0,0.0,290.78,0.0,290.78
20826,SILVER APERITIF GLASS,355.0,0.0,290.72,0.0,290.72
23567,EGG CUP HENRIETTA HEN PINK,211.0,1.0,291.58,1.25,290.33
21388,IVORY HANGING DECORATION  CHICKEN,311.0,0.0,290.17,0.0,290.17
84800S,SMALL WHITE/PINK ROSE ART FLOWER,388.0,2.0,292.04,2.5,289.54
84882,GREEN WIRE STANDING CANDLE HOLDER,66.0,0.0,289.43,0.0,289.43
22871,"NUMBER TILE COTTAGE GARDEN, 3",127.0,0.0,289.39,0.0,289.39
72812,LARGE ZINC/GLASS CANDLEHOLDER,105.0,0.0,288.46,0.0,288.46
20987,GEISHA GIRL CHOPSTICKS SET/5,131.0,0.0,288.35,0.0,288.35
16212,FUNKY GIRLZ ASST MAGNETIC MEMO PAD,366.0,0.0,287.01,0.0,287.01
90098,NECKLACE+BRACELET PINK BUTTERFLY,137.0,6.0,301.28,15.3,285.98
90014C,SILVER/BLACK ORBIT NECKLACE,29.0,0.0,284.68,0.0,284.68
37413,ICON MUG REVOLUTIONARY,703.0,0.0,284.49,0.0,284.49
84770,ROUND GEORGIAN SILVER MIRROR,135.0,46.0,419.25,135.7,283.55
82093,HEART SHAPE BUTTON FRAME,139.0,0.0,283.49,0.0,283.49
21144,PINK POODLE HANGING DECORATION,543.0,12.0,287.47,4.56,282.91
23410,CURIO CABINET LINEN AND LACE,36.0,1.0,290.1,8.15,281.95
37444B,BLUE BREAKFAST CUP AND SAUCER,2010.0,984.0,409.6,127.92,281.68
84977,WIRE FLOWER T-LIGHT HOLDER,223.0,0.0,281.33,0.0,281.33
23481,PEARLISED IVORY HEART SMALL,228.0,0.0,281.17,0.0,281.17
90163A,PINK ROSEBUD & PEARL NECKLACE,37.0,0.0,280.71,0.0,280.71
23015,CORDIAL JUG,40.0,7.0,338.38,57.75,280.63
90185D,CRYSTAL DIAMANTE EXPANDABLE RING,69.0,3.0,293.33,12.75,280.58
47578A,ENGLISH ROSE SMALL SCENTED FLOWER,307.0,0.0,279.88,0.0,279.88
90115,SUMMER BUTTERFLIES BAG CHARM,108.0,0.0,278.96,0.0,278.96
84457,SET/3 RABBITS FLOWER SKIPPPING ROPE,291.0,0.0,278.73,0.0,278.73
21367,MIRRORED WALL ART GENTS,211.0,0.0,278.48,0.0,278.48
84508C,BLUE CIRCLES DESIGN TEDDY,103.0,1.0,279.82,2.55,277.27
84966C,GREEN KASHMIRI BOXED MIRROR,23.0,0.0,276.0,0.0,276.0
DCGS0076,SUNJAR LED NIGHT NIGHT LIGHT,17.0,0.0,275.96,0.0,275.96
35979,SIX STRING SCANDINAVIAN HEART DECS,94.0,12.0,311.03,35.4,275.63
23137,ZINC WIRE SWEETHEART LETTER TRAY,83.0,0.0,275.62,0.0,275.62
20663,QUEEN OF THE SKIES HOLIDAY PURSE,1074.0,503.0,369.41,93.85,275.56
21412,VINTAGE GOLD TINSEL REEL,275.0,9.0,279.0,3.78,275.22
21095,SET/6 POSIES PAPER PLATES,295.0,0.0,274.57,0.0,274.57
21193,WHITE HONEYCOMB PAPER FAN,111.0,0.0,274.37,0.0,274.37
75178,ASSTD COL BUTTERFLY/CRYSTAL W/CHIME,497.0,0.0,273.93,0.0,273.93
90122A,PINK CRYSTAL+GLASS BRACELET,55.0,0.0,273.89,0.0,273.89
23141,TRIPLE WIRE HOOK PINK HEART,79.0,0.0,272.91,0.0,272.91
84924D,LA PALMIERA METAL SIGN CALENDAR,764.0,0.0,272.61,0.0,272.61
35096A,BLUE VICTORIAN FABRIC HEART BOX,765.0,0.0,272.45,0.0,272.45
84499,BLACK FLOWER CANDLE PLATE,326.0,0.0,272.17,0.0,272.17
22874,"NUMBER TILE COTTAGE GARDEN, 6",126.0,0.0,272.02,0.0,272.02
90032,IVORY SHELL HEART NECKLACE,48.0,0.0,271.88,0.0,271.88
16052,TEATIME PUSH DOWN RUBBER,848.0,24.0,281.32,10.08,271.24
84192,ASSORTED COLOUR METAL CAT,226.0,0.0,271.1,0.0,271.1
20980,36 PENCILS TUBE POSY,233.0,9.0,282.31,11.25,271.06
23474,WOODLAND SMALL BLUE FELT HEART,312.0,0.0,270.96,0.0,270.96
84926F,PSYCHEDELIC TILE COASTER,484.0,24.0,277.9,6.96,270.94
47586A,PINK FAIRY CAKE CUSHION COVER,200.0,0.0,270.43,0.0,270.43
22868,"NUMBER TILE COTTAGE GARDEN, 0",124.0,0.0,270.38,0.0,270.38
84927F,PSYCHEDELIC TILE HOOK,335.0,6.0,273.32,4.05,269.27
90122C,TURQUOISE CRYSTAL+GLASS BRACELET,54.0,0.0,269.1,0.0,269.1
84625B,BLCK NEW BAROQUE CANDLESTICK CANDLE,180.0,12.0,279.0,10.2,268.8
72753D,S/3 FLWR FAIRY SUMMER CANDLES,144.0,16.0,302.4,33.6,268.8
20818,GOLD TEDDY BEAR,87.0,0.0,268.5,0.0,268.5
22875,"NUMBER TILE COTTAGE GARDEN, 7",123.0,0.0,268.35,0.0,268.35
22877,"NUMBER TILE COTTAGE GARDEN, 9",128.0,2.0,271.64,3.9,267.74
21321,GLASS CHALICE BLUE  LARGE,122.0,15.0,301.8,34.2,267.6
85195,HANGING HEART BASKET,146.0,1.0,269.44,2.1,267.34
21372,MIRRORED WALL ART TABLE LAMP,156.0,0.0,267.01,0.0,267.01
79303D,LILAC FLOWER BLOCK TABLE LAMP,78.0,2.0,272.45,5.9,266.55
47481,50CM METAL STRING WITH  7 CLIPS,326.0,0.0,265.4,0.0,265.4
23476,WOODLAND LARGE RED FELT HEART,205.0,0.0,264.72,0.0,264.72
90157,RIVIERA NECKLACE,53.0,0.0,263.28,0.0,263.28
90129E,PURPLE GLASS TASSLE BAG CHARM,129.0,0.0,263.14,0.0,263.14
72793,BLACK BOX MIRROR LANTERN,55.0,1.0,268.75,5.95,262.8
22873,"NUMBER TILE COTTAGE GARDEN, 5",120.0,0.0,262.5,0.0,262.5
84806A,PINK CANDYSTUFT ARTIFICIAL FLOWER,319.0,0.0,261.91,0.0,261.91
21268,VINTAGE BLUE TINSEL REEL,397.0,0.0,261.66,0.0,261.66
90146,FINE SILVER NECKLACE W PASTEL FLOWE,41.0,2.0,276.49,15.0,261.49
72799D,BLUE PILLAR CANDLE SILVER FLOCK,78.0,0.0,260.67,0.0,260.67
84993B,75 BLACK PETIT FOUR CASES,571.0,0.0,260.65,0.0,260.65
44234,ASSORTED CIRCULAR MOBILE,1213.0,2.0,260.39,0.42,259.97
79328,BLUE FLOCK GLASS CANDLEHOLDER,594.0,4.0,260.76,1.52,259.24
85095,THREE CANVAS LUGGAGE TAGS,174.0,0.0,259.09,0.0,259.09
84613C,BLUE NEW BAROQUE FLOCK CANDLESTICK,62.0,0.0,258.06,0.0,258.06
47591A,CAROUSEL DES CHILD'S APRON,163.0,7.0,269.54,11.55,257.99
90035A,"PEARL & SHELL 42""NECKL. GREEN",24.0,0.0,257.55,0.0,257.55
85179C,PINK BITTY LIGHT CHAIN,116.0,0.0,257.15,0.0,257.15
84371,BIG PINK POODLE,30.0,0.0,257.1,0.0,257.1
90040B,MURANO STYLE GLASS BRACELET BLACK,71.0,0.0,255.97,0.0,255.97
84597B,RETRO BROWN BALL ASHTRAY,205.0,3.0,259.37,3.75,255.62
84482,BUTTONS DESIGN JEWELLERY BOX,75.0,10.0,293.02,37.5,255.52
17038,PORCELAIN BUDAH INCENSE HOLDER,2559.0,0.0,254.51,0.0,254.51
GIFT_0001_50,Dotcomgiftshop Gift Voucher £50.00,6.0,0.0,253.59,0.0,253.59
22882,"NUMBER TILE VINTAGE FONT, 3",126.0,1.0,255.08,1.95,253.13
21493,VINTAGE DESIGN GIFT TAGS,272.0,0.0,252.45,0.0,252.45
79338,DARK PINK FLOCK GLASS CANDLEHOLDER,553.0,0.0,252.29,0.0,252.29
22876,"NUMBER TILE COTTAGE GARDEN, 8",118.0,0.0,252.22,0.0,252.22
21370,MIRRORED WALL ART FOXY,54.0,0.0,251.97,0.0,251.97
DCGSSBOY,BOYS PARTY BAG,77.0,0.0,251.35,0.0,251.35
90081C,LILY BROOCH OLIVE COLOUR,50.0,0.0,250.47,0.0,250.47
90073,VINTAGE ENAMEL & CRYSTAL EARRINGS,50.0,0.0,250.34,0.0,250.34
84627,CANDY STRIPE ROSE C/COVER,50.0,8.0,297.5,47.6,249.9
21032,SPACE CADET WHITE,203.0,3.0,252.16,3.75,248.41
72739C,DARK CHOCOLATE SCENTCANDLE,326.0,25.0,279.08,31.25,247.83
23465,TUSCAN VILLA FEEDING STATION,29.0,0.0,247.63,0.0,247.63
84621,BLUE GINGHAM ROSE FLOOR CUSHION,29.0,0.0,247.26,0.0,247.26
90036C,"FLOWER GLASS GARLAND NECKL.36""BLUE",31.0,0.0,246.83,0.0,246.83
46307,ROSES BLUE BASE CUSHION COVER,51.0,0.0,246.03,0.0,246.03
90028,NEW BAROQUE LARGE NECKLACE BLK/WHIT,29.0,0.0,244.79,0.0,244.79
47503H,ASS FLORAL PRINT SPIRIT LEVEL,160.0,1.0,246.12,1.95,244.17
90096,NECKLACE+BRACELET SET BLUE BLOSSOM,104.0,0.0,243.61,0.0,243.61
90129C,GREEN GLASS TASSLE BAG CHARM,107.0,0.0,243.38,0.0,243.38
90119,METALIC LEAVES BAG CHARMS,97.0,0.0,243.07,0.0,243.07
82011A,"BATHROOM SCALES, TROPICAL BEACH",59.0,1.0,246.58,3.75,242.83
90081A,LILY BROOCH AMETHYST COLOUR,49.0,0.0,242.8,0.0,242.8
23475,WOODLAND SMALL PINK FELT HEART,286.0,0.0,242.18,0.0,242.18
35818P,"ACRYLIC JEWEL ICICLE, PINK",559.0,0.0,242.15,0.0,242.15
90196B,BLACK GEMSTONE NECKLACE 45CM,19.0,0.0,241.98,0.0,241.98
10123C,HEARTS WRAPPING TAPE,650.0,150.0,254.41,12.54,241.87
23143,ZINC WIRE KITCHEN ORGANISER,30.0,0.0,239.97,0.0,239.97
82553,POP'S GREASY SPOON METAL SIGN,114.0,0.0,237.73,0.0,237.73
20940,SET/6 GARDEN GNOME T-LIGHT CANDLES,118.0,36.0,342.75,106.2,236.55
90133,TEAL/FUSCHIA COL BEAD NECKLACE,47.0,0.0,236.46,0.0,236.46
20891,LARGE GLASS ROSE SCENTED CANDLE,684.0,0.0,236.33,0.0,236.33
47587A,PINK FAIRY CAKE COASTER,2706.0,1200.0,1099.88,864.0,235.88
90210D,PURPLE ACRYLIC FACETED BANGLE,142.0,0.0,235.73,0.0,235.73
23580,SNACK TRAY HAPPY FOREST,116.0,0.0,234.92,0.0,234.92
21460,GREEN EASTER EGG HUNT START POST,113.0,8.0,249.65,15.6,234.05
20736,PINK MINI TAPE MEASURE,290.0,0.0,233.5,0.0,233.5
84629,WHITE 3 FRAME BIRDS AND TREE,24.0,1.0,237.8,4.95,232.85
20855,PINK PATCH PURSE BLUE HEART,142.0,1.0,234.3,1.65,232.65
23036,T-LIGHT HOLDER SILVER PETIT FOUR,184.0,0.0,232.42,0.0,232.42
16256B,FLOWER PENCIL/RUBBER+5 MINI PENCILS,524.0,0.0,232.35,0.0,232.35
35991,SET/6 BLACK SNOWFLAKE T-LIGHTS,402.0,0.0,232.08,0.0,232.08
90210B,CLEAR ACRYLIC FACETED BANGLE,102.0,0.0,232.04,0.0,232.04
23447,PINK BUNNY EASTER EGG BASKET,158.0,0.0,231.9,0.0,231.9
90181B,AMETHYST GLASS/SHELL/PEARL NECKLACE,25.0,0.0,231.27,0.0,231.27
16202C,BEIGE PHOTO ALBUM,97.0,0.0,230.59,0.0,230.59
21226,POCKET MIRROR WOODLAND,213.0,0.0,230.55,0.0,230.55
90164A,PINK ROSEBUD PEARL BRACELET,40.0,0.0,230.39,0.0,230.39
37483,ENGLISH ROSE MUG IN GIFT BOX,143.0,1.0,232.89,2.55,230.34
22880,"NUMBER TILE VINTAGE FONT, 1",111.0,0.0,230.27,0.0,230.27
23446,BLUE BUNNY EASTER EGG BASKET,157.0,0.0,230.25,0.0,230.25
90170,DAISY HAIR BAND,150.0,12.0,249.58,19.8,229.78
37508,NEW ENGLAND CERAMIC CAKE SERVER,89.0,0.0,229.57,0.0,229.57
90196A,PURPLE GEMSTONE NECKLACE 45CM,19.0,1.0,242.25,12.75,229.5
90122B,JADE CRYSTAL+GLASS BRACELET,46.0,0.0,228.99,0.0,228.99
90199B,5 STRAND GLASS NECKLACE AMETHYST,36.0,0.0,228.61,0.0,228.61
35809B,ENAMEL BLUE RIM TEA CONTAINER,104.0,0.0,227.54,0.0,227.54
71028B,SILVER BLUE EGG T-LIGHT HOLDER,494.0,0.0,227.48,0.0,227.48
84705C,PINK FLOCK PHOTO FRAME,162.0,0.0,227.33,0.0,227.33
72750D,F.FAIRY S/3 CANDLE/GLASS,110.0,0.0,226.5,0.0,226.5
23003,TRAVEL CARD WALLET VINTAGE ROSE,542.0,0.0,226.2,0.0,226.2
90155,RESIN NECKLACE W PASTEL BEADS,30.0,0.0,226.16,0.0,226.16
84966A,PINK KASHMIRI BOXED MIRROR,13.0,0.0,225.95,0.0,225.95
84461,12 PINK HEN+CHICKS IN BASKET,99.0,11.0,253.79,28.05,225.74
90116,FRUIT SALAD BAG CHARM,106.0,0.0,225.52,0.0,225.52
21369,MIRRORED WALL ART SPLODGES,133.0,0.0,225.36,0.0,225.36
35597B,BLACKCHRISTMAS TREE 30CM,78.0,0.0,224.1,0.0,224.1
23149,ANTIQUE IVORY WIRE BOWL SMALL,99.0,11.0,251.45,27.39,224.06
90125D,PURPLE BERTIE GLASS BEAD BAG CHARM,136.0,0.0,223.74,0.0,223.74
17084P,DRAGONS BLOOD INCENSE,990.0,0.0,222.75,0.0,222.75
21639,ASSORTED TUTTI FRUTTI KEYRING,259.0,8.0,228.65,6.8,221.85
17011C,ORIGAMI LAVENDER INCENSE+FLOWER,335.0,0.0,221.4,0.0,221.4
16258B,DAISY ERASERS IN BAG,1016.0,0.0,221.06,0.0,221.06
17013B,ORIGAMI JASMINE INCENSE IN TUBE,256.0,0.0,221.03,0.0,221.03
82585,SWEET VALENCIA CANDLE+CUP,164.0,12.0,235.9,15.0,220.9
35833G,4 GOLD FLOCK CHRISTMAS BALLS,134.0,0.0,220.66,0.0,220.66
62086A,PINK RETRO BIG FLOWER BAG,113.0,0.0,220.35,0.0,220.35
90124C,GREEN MURANO TWIST NECKLACE,22.0,0.0,220.21,0.0,220.21
72225D,VANILLA SCENT CAKE CANDLE,962.0,0.0,219.46,0.0,219.46
85168A,WHITE BAROQUE CARRIAGE CLOCK,22.0,0.0,218.9,0.0,218.9
22881,"NUMBER TILE VINTAGE FONT, 2",112.0,0.0,218.82,0.0,218.82
22884,"NUMBER TILE VINTAGE FONT, 5",110.0,0.0,217.26,0.0,217.26
20821,GOLDIE LOOKING MIRROR,42.0,14.0,286.42,69.3,217.12
72781,BLACK SILOUETTE CANDLE PLATE,121.0,6.0,229.5,12.6,216.9
90005A,JADE GREEN ENAMEL HAIR COMB,106.0,0.0,216.87,0.0,216.87
35817P,PINK ACRYLIC JEWEL SNOWFLAKE,420.0,0.0,216.7,0.0,216.7
84725,FREESTYLE CANVAS ART PICTURE,134.0,0.0,216.5,0.0,216.5
35793,S/3 PUPPIES CHRISTMAS DECORATIONS,108.0,0.0,216.33,0.0,216.33
84807,RED POPPY ARTIFICIAL FLOWER,233.0,0.0,215.93,0.0,215.93
90036A,FLOWER GARLAND NECKLACE RED,27.0,0.0,215.76,0.0,215.76
21543,BUTTERFLY WATER TRANSFER TATTOOS,284.0,0.0,215.0,0.0,215.0
48179,DOOR MAT SWEET HOME,34.0,0.0,214.47,0.0,214.47
90123A,PINK HEART OF GLASS BRACELET,36.0,0.0,214.07,0.0,214.07
90019C,SILVER BLACK ORBIT BRACELET,40.0,0.0,213.38,0.0,213.38
84805A,CREAM CLIMBING HYDRANGA ART FLOWER,147.0,0.0,212.85,0.0,212.85
84313A,PINK TV TRAY TABLE,38.0,0.0,212.42,0.0,212.42
84247C,PACK/12 BLUE REINDEER CARD,72.0,0.0,212.4,0.0,212.4
21368,MIRRORED WALL ART LADIES,201.0,0.0,212.04,0.0,212.04
37492A,YELLOW RED FLOWER PIGGY BANK,108.0,1.0,216.07,4.65,211.42
22883,"NUMBER TILE VINTAGE FONT, 4",109.0,1.0,213.05,1.95,211.1
51012C,"FEATHER DUSTER, COAL BLACK",171.0,3.0,213.75,3.75,210.0
16201A,PASTEL PINK PHOTO ALBUM,101.0,2.0,213.37,3.9,209.47
20827,GOLD APERITIF GLASS,173.0,0.0,209.36,0.0,209.36
22885,"NUMBER TILE VINTAGE FONT, 6",112.0,1.0,210.26,1.95,208.31
47574B,ENGLISH ROSE SCENTED HANGING HEART,49.0,0.0,208.25,0.0,208.25
21400,RED PUDDING SPOON,1078.0,12.0,213.07,5.04,208.03
90056,CHUNKY CRACKED GLAZE NECKLACE IVORY,19.0,0.0,207.94,0.0,207.94
90016A,SILVER/M.O.P PENDANT ORBIT NECKLACE,29.0,0.0,207.86,0.0,207.86
37485,ENGLISH ROSE TEA SET IN GIFT BOX,49.0,0.0,207.69,0.0,207.69
90210A,GREY ACRYLIC FACETED BANGLE,88.0,0.0,207.34,0.0,207.34
90087,CRYSTAL SEA HORSE PHONE CHARM,311.0,50.0,249.56,42.5,207.06
47343A,FUSCHIA FLOWER PURSE WITH BEADS,200.0,0.0,206.26,0.0,206.26
90214A,"LETTER ""A"" BLING KEY RING",213.0,6.0,213.65,7.5,206.15
90058A,CRYSTAL STUD EARRINGS CLEAR DISPLAY,576.0,36.0,218.88,13.68,205.2
84927E,FLOWERS TILE HOOK,494.0,194.0,224.31,19.56,204.75
20836,FRENCH PAISLEY CUSHION COVER,224.0,24.0,250.0,45.36,204.64
17014D,ORIGAMI ROSE INCENSE CONES,479.0,0.0,204.36,0.0,204.36
90186A,AMETHYST HOOP EARRING FLORAL LEAF,69.0,0.0,203.73,0.0,203.73
90185B,AMETHYST DIAMANTE EXPANDABLE RING,67.0,19.0,284.43,80.75,203.68
35824B,"HANGING FLOWERS+MIRROR,BLUE",528.0,0.0,203.24,0.0,203.24
20890,SMALL GLASS ROSE SCENTED CANDLE,605.0,0.0,202.62,0.0,202.62
48103,DOORMAT KISS MY.......,35.0,0.0,201.73,0.0,201.73
72754A,FLOWER FAIRY POTPOURRI CUSHION LILY,292.0,0.0,201.24,0.0,201.24
84247K,"FOLK ART GREETING CARD,pack/12",75.0,11.0,233.48,32.45,201.03
20672,PINK TEATIME PRINT BOWL,138.0,0.0,201.0,0.0,201.0
84247N,PACK/12 BLUE FOLKART CARDS,113.0,33.0,297.48,97.35,200.13
90003D,CRYSTAL PAIR HEART HAIR SLIDES,60.0,7.0,226.17,26.25,199.92
90144,SILVER DROP EARRINGS WITH FLOWER,53.0,0.0,199.45,0.0,199.45
84706F,RED PEONY TABLE CLOCK,34.0,1.0,208.3,8.95,199.35
90085,CRYSTAL STILETTO PHONE CHARM,311.0,90.0,275.53,76.5,199.03
90000A,RASPBERRY ANT COPPER FLOWER NECKLAC,33.0,0.0,198.98,0.0,198.98
84690,S/2 BEACH HUT STOOLS,27.0,2.0,214.65,15.9,198.75
84985B,SET OF 72 BLACK PAPER DOILIES,129.0,0.0,197.94,0.0,197.94
84855,BLOKEY SILVER TOOL SET,36.0,0.0,196.7,0.0,196.7
90040A,MURANO STYLE GLASS BRACELET RED,53.0,3.0,207.05,10.5,196.55
47504F,ENGLISH ROSE TORCH,527.0,0.0,196.46,0.0,196.46
90211B,JET BLACK LAS VEGAS NECKLACE 45CM,35.0,2.0,208.21,11.9,196.31
90090,PINK CRYSTAL HEART PHONE CHARM,263.0,37.0,227.72,31.45,196.27
90024B,NEW BAROQUE B'FLY NECKLACE RED,25.0,2.0,212.24,17.0,195.24
85070,ANT WHITE SWEETHEART TABLE W 3 DRAW,3.0,1.0,320.0,125.0,195.0
23697,A PRETTY THANK YOU CARD,456.0,0.0,194.58,0.0,194.58
21582,KINGS CHOICE SMALL TUBE MATCHES,117.0,0.0,193.05,0.0,193.05
16202A,PASTEL PINK PHOTO ALBUM,662.0,324.0,290.45,97.8,192.65
20814,SILVER FINCH DECORATION,189.0,13.0,208.89,16.25,192.64
35819B,"ACRYLIC HANGING JEWEL,BLUE",385.0,0.0,192.3,0.0,192.3
84899F,YELLOW PURPLE DAISY FELT PURSE KIT,121.0,0.0,192.17,0.0,192.17
90036F,"FLOWER GLASS GARLD NECKL36""TURQUOIS",24.0,0.0,192.17,0.0,192.17
90178B,PURPLE CHUNKY GLASS+BEAD NECKLACE,16.0,0.0,191.41,0.0,191.41
47518F,ICON PLACEMAT POP ART ELVIS,912.0,0.0,190.89,0.0,190.89
72051S,BAG OF SILVER STONES,300.0,0.0,190.89,0.0,190.89
37506,NEW ENGLAND MILK JUG W GIFT BOX,32.0,0.0,190.4,0.0,190.4
84255B,ORANGE COCKTAIL GLASS LAMP,65.0,0.0,190.16,0.0,190.16
84661C,PINK SQUARE TABLE CLOCK,152.0,0.0,189.87,0.0,189.87
85128,PLANTPOT SINGLE HOOK PISTACHIO,167.0,0.0,188.95,0.0,188.95
84744,S/6 SEW ON CROCHET FLOWERS,149.0,0.0,188.77,0.0,188.77
90159,COTE D'AZURE NECKLACE,38.0,0.0,188.58,0.0,188.58
90130B,TURQ STONE/CRYSTAL EARRINGS,64.0,0.0,188.09,0.0,188.09
20837,FRENCH FLORAL CUSHION COVER,165.0,0.0,188.07,0.0,188.07
90094,NECKLACE+BRACELET SET FRUIT SALAD,74.0,0.0,187.62,0.0,187.62
79403,FROSTED WHITE BASE,216.0,14.0,199.02,11.9,187.12
90029,NEW BAROQUE SMALL NECKLACE BLACK,23.0,1.0,195.14,8.5,186.64
90210C,RED   ACRYLIC FACETED BANGLE,118.0,0.0,186.56,0.0,186.56
84893,ANT WHITE IRON BASKET,33.0,0.0,186.35,0.0,186.35
84877A,PINK ROUND COMPACT MIRROR,74.0,0.0,185.66,0.0,185.66
20968,GREEN FLORAL FELTCRAFT SHOULDER BAG,43.0,0.0,185.11,0.0,185.11
35911B,PINK/FLOWER RABBIT EGG WARMER,159.0,0.0,184.76,0.0,184.76
23416,CHAMBRE HOOK,132.0,0.0,184.68,0.0,184.68
35838A,S/6 MULTICOLOUR ORNAMENETAL CANDLE,180.0,0.0,184.4,0.0,184.4
84803A,PINK ALLIUM  ARTIFICIAL FLOWER,112.0,3.0,189.28,5.07,184.21
84029D,LEOPARD PRINT HOT WATER BOTTLE,51.0,0.0,183.98,0.0,183.98
90129F,RED GLASS TASSLE BAG CHARM,81.0,0.0,183.26,0.0,183.26
20957,PORCELAIN HANGING BELL SMALL,126.0,1.0,184.61,1.45,183.16
90086,CRYSTAL FROG PHONE CHARM,216.0,0.0,182.79,0.0,182.79
21018,BIRD BOX CHRISTMAS TREE DECORATION,213.0,0.0,182.71,0.0,182.71
17090A,LAVENDER INCENSE 40 CONES IN TIN,173.0,0.0,182.65,0.0,182.65
20796,SMALL BLUE PROVENCAL CERAMIC BALL,99.0,0.0,182.16,0.0,182.16
84926C,FAIRY CAKES TILE COASTER,138.0,6.0,189.6,7.5,182.1
37379B,BLUE CHERRY BLOSSOM CUP & SAUCER,1122.0,0.0,181.5,0.0,181.5
79144B,PAINTED LIGHTBULB STAR+ MOON,350.0,0.0,181.03,0.0,181.03
22330,72 ROUND PINK DOILIES,128.0,12.0,197.9,17.4,180.5
79144C,PAINTED LIGHTBULB RAINBOW DESIGN,306.0,0.0,180.14,0.0,180.14
35818B,"ACRYLIC JEWEL ICICLE, BLUE",408.0,0.0,180.05,0.0,180.05
47347B,BLUE FLOWER T-LIGHT HOLDER,240.0,0.0,179.88,0.0,179.88
90180B,PURPLE AMETHYST NECKLACE W TASSEL,18.0,0.0,179.88,0.0,179.88
84962,SET/3 COLOUR PAINTED KASHMIRI STOOL,3.0,0.0,179.85,0.0,179.85
17011A,ORIGAMI VANILLA INCENSE+FLOWER,261.0,0.0,179.56,0.0,179.56
84464,S/60 PINK FLUFFY CHICKS IN BOX,82.0,0.0,179.1,0.0,179.1
90063A,WHITE VINT ART DECO CRYSTAL NECKLAC,21.0,0.0,178.48,0.0,178.48
90013D,PURPLE VINTAGE EARRINGS,46.0,0.0,178.11,0.0,178.11
90185A,AMBER DIAMANTE EXPANDABLE RING,55.0,13.0,233.29,55.25,178.04
90072,RUBY DROP CHANDELIER EARRINGS,44.0,0.0,176.31,0.0,176.31
82607C,GLASS BONBON JAR. SUPERFINES,115.0,0.0,175.61,0.0,175.61
84564,6 SEGMENT COLOURED SNACK BOWL,21.0,0.0,175.48,0.0,175.48
21031,SPACE CADET BLACK,144.0,1.0,176.7,1.25,175.45
22886,"NUMBER TILE VINTAGE FONT, 7",98.0,0.0,174.16,0.0,174.16
90214S,"LETTER ""S"" BLING KEY RING",184.0,6.0,181.34,7.5,173.84
90065A,WHITE VINTAGE CRYSTAL BRACELET,26.0,1.0,180.46,7.22,173.24
84452,METAL RABBIT LADDER EASTER,198.0,16.0,186.16,13.6,172.56
75011,BLUE DAISY MOBILE,181.0,0.0,172.51,0.0,172.51
90123D,WHITE HEART OF GLASS BRACELET,29.0,0.0,172.39,0.0,172.39
90000B,MIDNIGHT BLUE COPPER FLOWER NECKLAC,29.0,1.0,177.29,5.95,171.34
85185C,COW  SOCK PUPPET,58.0,0.0,171.1,0.0,171.1
84706B,FAIRY CAKES TABLE CLOCK,20.0,2.0,188.73,17.9,170.83
84706C,PINK FLOCK TABLE CLOCK,84.0,0.0,170.8,0.0,170.8
84927D,LA PALMIERA TILE HOOK,953.0,435.0,211.29,40.86,170.43
90063B,BLACK VINT ART DEC CRYSTAL NECKLACE,20.0,0.0,170.17,0.0,170.17
17014A,ORIGAMI VANILLA INCENSE CONES,276.0,0.0,170.13,0.0,170.13
84531A,PINK KNITTED EGG COSY,191.0,0.0,169.36,0.0,169.36
90019B,GOLD M.O.P ORBIT BRACELET,32.0,0.0,168.62,0.0,168.62
85205A,IVORY FELT EASTER RABBIT GARLAND,66.0,0.0,168.3,0.0,168.3
90186B,CRYSTAL HOOP EARRING FLORAL LEAF,57.0,0.0,168.26,0.0,168.26
21087,SET/6 POSIES PAPER CUPS,260.0,0.0,168.08,0.0,168.08
35916C,PINK FELT HANGING HEART W FLOWER,157.0,0.0,167.55,0.0,167.55
37491C,GREEN/BLUE CERAMIC CANDLE HOLDER,58.0,0.0,167.52,0.0,167.52
90211A,DIAMOND LAS VEGAS NECKLACE 45CM,28.0,0.0,166.57,0.0,166.57
84231,EASTER BUNNY WITH BASKET ON BACK,230.0,0.0,166.21,0.0,166.21
90060F,FIRE POLISHED GLASS NECKL GREEN,28.0,0.0,166.14,0.0,166.14
GIFT_0001_40,Dotcomgiftshop Gift Voucher £40.00,5.0,0.0,166.09,0.0,166.09
90003C,MIDNIGHT BLUE PAIR HEART HAIR SLIDE,51.0,7.0,191.54,26.25,165.29
23694,PAISLEY PARK CARD,376.0,0.0,165.08,0.0,165.08
90166,PINK & WHITE ROSEBUD RING,40.0,1.0,168.94,4.25,164.69
90018B,GOLD M.O.P ORBIT DROP EARRINGS,39.0,0.0,164.62,0.0,164.62
84531B,BLUE KNITTED EGG COSY,194.0,0.0,164.01,0.0,164.01
90039D,FIRE POLISHED GLASS BRACELET GREEN,43.0,0.0,162.66,0.0,162.66
90190C,SILVER/AMETHYST DROP EARRINGS LEAF,55.0,0.0,161.82,0.0,161.82
85024C,PINK SMALL JEWELLED PHOTOFRAME,99.0,1.0,163.35,1.65,161.7
90129D,AMBER GLASS TASSLE BAG CHARM,67.0,0.0,161.57,0.0,161.57
21461,BLUE EASTER EGG HUNT START POST,82.0,5.0,171.04,9.75,161.29
90042A,FRESHWATER PEARL BRACELET GOLD,63.0,0.0,160.79,0.0,160.79
90123C,GREEN HEART OF GLASS BRACELET,27.0,0.0,160.75,0.0,160.75
21353,SILVER SLEIGHBELL  WREATH,19.0,0.0,160.45,0.0,160.45
22887,"NUMBER TILE VINTAGE FONT, 8",92.0,0.0,160.36,0.0,160.36
84599,CANDY STRIPE ROSE FLOOR CUSHION,15.0,0.0,160.15,0.0,160.15
37479P,CUBIC MUG FLOCK PINK ON BROWN,170.0,0.0,160.08,0.0,160.08
23305,SET 4 PICNIC CUTLERY BLUEBERRY,82.0,0.0,159.9,0.0,159.9
81952V,ROUND PURPLE CLOCK WITH SUCKER,464.0,0.0,159.87,0.0,159.87
90162B,ANT SILVER LIME GREEN BOUDICCA RING,55.0,1.0,162.25,2.95,159.3
90125A,PINK BERTIE GLASS BEAD BAG CHARM,149.0,12.0,183.97,25.2,158.77
22864,MUG AND COASTER SET RED CIRCLES,378.0,0.0,158.76,0.0,158.76
48175,DOOR MAT CAMOUFLAGE,39.0,0.0,158.04,0.0,158.04
37379A,PINK CHERRY BLOSSOM CUP & SAUCER,41.0,1.0,159.2,1.25,157.95
20693,FLORAL DINOSAUR GREEN,33.0,1.0,161.89,4.25,157.64
21489,BLUE WHITE SCARF HOT WATER BOTTLE,28.0,0.0,157.6,0.0,157.6
23417,BATHROOM HOOK,146.0,0.0,157.5,0.0,157.5
16202E,BLACK PHOTO ALBUM,82.0,1.0,162.73,5.55,157.18
90214K,"LETTER ""K"" BLING KEY RING",154.0,1.0,158.4,1.25,157.15
23468,TUSCAN VILLA BIRD TABLE,19.0,0.0,156.75,0.0,156.75
17178,FLAT PALM T-LIGHT HOLDER,133.0,0.0,156.65,0.0,156.65
90214L,"LETTER ""L"" BLING KEY RING",176.0,8.0,166.06,10.0,156.06
72140E,BEST DAD CANDLE LETTERS,218.0,1.0,156.72,0.85,155.87
84914A,PINK ROSE PICNIC RUG,6.0,0.0,155.7,0.0,155.7
84228,HEN HOUSE WITH CHICK STANDING,354.0,1.0,156.07,0.42,155.65
20664,TROPICAL HOLIDAY PURSE,57.0,0.0,155.41,0.0,155.41
85166A,WHITE METAL BAROQUE PHOTO FRAME,77.0,1.0,158.9,3.75,155.15
90204,PAIR OF ENAMEL BUTTERFLY HAIRCLIP,50.0,4.0,168.46,13.4,155.06
90214C,"LETTER ""C"" BLING KEY RING",165.0,6.0,162.53,7.5,155.03
90065B,BLACK VINT ART DEC CRYSTAL BRACELET,22.0,0.0,154.87,0.0,154.87
90123B,TURQUOISE HEART OF GLASS BRACELET,26.0,0.0,154.69,0.0,154.69
84924F,PSYCHEDELIC METAL SIGN CALENDAR,975.0,480.0,274.55,120.0,154.55
23496,PANTRY KITCHEN THERMOMETER,112.0,0.0,154.52,0.0,154.52
90214J,"LETTER ""J"" BLING KEY RING",157.0,6.0,161.47,7.5,153.97
84723,CHERRY BLOSSOM CANVAS ART PICTURE,54.0,6.0,201.3,47.7,153.6
47369B,BLUE GREEN EMBROIDERY COSMETIC BAG,54.0,0.0,153.18,0.0,153.18
84510E,SET OF 4 GREEN CAROUSEL COASTERS,162.0,0.0,152.86,0.0,152.86
82587,TEXRIO TOMATOES CANDLE+CUP,128.0,12.0,166.78,15.0,151.78
90030C,BROWN KUKUI COCONUT SEED NECKLACE,87.0,0.0,151.3,0.0,151.3
79161A,ST GEORGE SET OF 10 PARTY LIGHTS,51.0,0.0,150.45,0.0,150.45
90042C,FRESHWATER PEARL BRACELET IVORY,59.0,0.0,150.21,0.0,150.21
21310,CAPIZ CHANDELIER,6.0,1.0,179.7,29.95,149.75
17108D,FLOWER FAIRY SUMMER BOUQUET SACHET,355.0,0.0,149.1,0.0,149.1
90040D,MURANO STYLE GLASS BRACELET PINK,41.0,0.0,148.87,0.0,148.87
90185C,BLACK DIAMANTE EXPANDABLE RING,64.0,29.0,271.96,123.25,148.71
71496A,A4 WALL TIDY BLUE OFFICE,244.0,0.0,148.01,0.0,148.01
47351B,BLUE  VOILE LAMPSHADE,98.0,48.0,269.9,122.4,147.5
84927A,WAKE UP COCKEREL TILE HOOK,226.0,75.0,157.61,10.35,147.26
90059A,DIAMANTE HAIR GRIP PACK/2 CRYSTAL,94.0,6.0,156.98,9.9,147.08
84720,DOT MATRIX CANVAS ART PICTURE,35.0,0.0,147.05,0.0,147.05
84622,PINK GINGHAM ROSE CUSHION COVER,23.0,1.0,152.6,5.95,146.65
84527,FLAMES SUNGLASSES PINK LENSES,77.0,0.0,146.11,0.0,146.11
16054,POPART RECT PENCIL SHARPENER ASST,1210.0,108.0,159.0,12.96,146.04
46138B,BLUE CHENILLE SHAGGY CUSHION COVER,71.0,13.0,156.29,11.05,145.24
35610B,BLACK CHRISTMAS FLOCK DROPLET,179.0,0.0,144.07,0.0,144.07
90016C,SILVER/BLACK PENDANT ORBIT NECKLACE,17.0,0.0,144.07,0.0,144.07
90036B,"FLOWER GLASS GARLAND NECKL.36""GREEN",18.0,0.0,143.1,0.0,143.1
79192A,RETRO PLASTIC 70'S TRAY,114.0,8.0,152.64,10.0,142.64
90093,CLEAR CRYSTAL STAR PHONE CHARM,209.0,27.0,165.34,22.95,142.39
21102,"CANDLE IN JAR COLLAGE , VANILLA",82.0,31.0,221.08,79.05,142.03
84874B,BLUE TRAVEL FIRST AID KIT,86.0,0.0,141.76,0.0,141.76
72740A,LARGE STRAWBERRY CHOCOLATE CANDLE,65.0,0.0,141.23,0.0,141.23
47369A,PINK GREEN EMBROIDERY COSMETIC BAG,48.0,0.0,140.4,0.0,140.4
84617,NEW BAROQUE BLACK BOXES,11.0,0.0,140.25,0.0,140.25
90212B,JET BLACK LAS VEGAS BRACELET ROUND,37.0,0.0,140.07,0.0,140.07
78026,SEAGRASS S/3 SQU LAUNDRY BOX,12.0,0.0,139.95,0.0,139.95
90214M,"LETTER ""M"" BLING KEY RING",138.0,0.0,139.82,0.0,139.82
90003B,ROSE COLOUR PAIR HEART HAIR SLIDES,44.0,7.0,165.81,26.25,139.56
23463,VINTAGE ZINC WATERING CAN,13.0,0.0,139.4,0.0,139.4
90199D,5 STRAND GLASS NECKLACE AMBER,22.0,0.0,139.28,0.0,139.28
23304,SET 4 PICNIC CUTLERY CHERRY,71.0,0.0,138.45,0.0,138.45
90183A,AMBER DROP EARRINGS W LONG BEADS,53.0,6.0,155.65,17.7,137.95
72754B,F FAIRY POTPOURRI CUSHIONS LAVENDER,170.0,0.0,137.54,0.0,137.54
35816P,"ACRYLIC JEWEL ANGEL,PINK",297.0,0.0,137.43,0.0,137.43
90156,RESIN BRACELET W PASTEL BEADS,25.0,0.0,137.37,0.0,137.37
84549,CROCHET WHITE RABBIT KEYRING,75.0,0.0,137.27,0.0,137.27
84709A,SILVER OVAL JEWELLED MIRROR,23.0,0.0,136.85,0.0,136.85
10120,DOGGY RUBBER,664.0,30.0,142.74,6.3,136.44
35824P,"HANGING FLOWERS+MIRROR,PINK",324.0,0.0,136.44,0.0,136.44
90040C,MURANO STYLE GLASS BRACELET GOLD,41.0,3.0,146.75,10.5,136.25
90151,SILVER/NATURAL SHELL NECKLACE,16.0,0.0,136.17,0.0,136.17
90024E,NEW BAROQUE B'FLY NECKLACE MONTANA,16.0,0.0,135.98,0.0,135.98
90194,SILVER LARIAT BLACK STONE EARRINGS,32.0,0.0,135.84,0.0,135.84
90038A,GLASS AND PAINTED BEADS BRACELET TO,36.0,0.0,135.8,0.0,135.8
17011D,ORIGAMI ROSE INCENSE+FLOWER,209.0,0.0,135.7,0.0,135.7
77079,DOLPHIN WINDMILL,64.0,0.0,135.68,0.0,135.68
90002A,FLOWER BURST SILVER RING OPAL,36.0,0.0,135.0,0.0,135.0
72134,COLUMBIAN  CUBE CANDLE,339.0,0.0,134.85,0.0,134.85
16020C,CLEAR STATIONERY BOX SET,160.0,0.0,134.5,0.0,134.5
22879,"NUMBER TILE VINTAGE FONT, 0",82.0,0.0,134.4,0.0,134.4
35015,JACOBS LADDER SMALL,2072.0,0.0,134.08,0.0,134.08
84555A,YELLOW VW BEETLE CERAMIC MONEY BOX,47.0,0.0,133.85,0.0,133.85
35609A,PINK FEATHER CHRISTMAS DECORATION,447.0,0.0,133.23,0.0,133.23
90199A,5 STRAND GLASS NECKLACE BLACK,22.0,1.0,139.5,6.35,133.15
46137D,GREEN CHENILLE SHAGGY RUG,45.0,0.0,132.75,0.0,132.75
90190B,GOLD/AMBER DROP EARRINGS W LEAF,45.0,0.0,132.58,0.0,132.58
90137,PINK COMBO MINI CRYSTALS NECKLACE,26.0,0.0,132.52,0.0,132.52
79191D,RETRO PLASTIC DAISY TRAY,138.0,13.0,143.87,11.86,132.01
45013,FOLDING SHOE TIDY,48.0,0.0,132.0,0.0,132.0
47592B,SCOTTIES DESIGN CHILD'S OVERALL,67.0,0.0,131.9,0.0,131.9
90214E,"LETTER ""E"" BLING KEY RING",142.0,6.0,139.28,7.5,131.78
90023,FILIGREE DIAMANTE EARRINGS,31.0,0.0,131.74,0.0,131.74
90165B,WHITE ROSEBUD  PEARL EARRINGS,52.0,0.0,131.65,0.0,131.65
35933,PINK STOCKING CHRISTMAS DECORATION,319.0,0.0,131.38,0.0,131.38
35980C,REDWHITE STRIPE SCANDINAVIAN HEART,377.0,44.0,147.64,16.72,130.92
84656,WHITE ROSE C/COVER,22.0,0.0,130.9,0.0,130.9
22888,NUMBER TILE VINTAGE FONT 9,79.0,0.0,130.83,0.0,130.83
16119,FUNKY GIRL ADDRESS BOOK,273.0,0.0,130.71,0.0,130.71
84559D,3D SHEET OF SEA WORLD STICKERS,149.0,0.0,130.09,0.0,130.09
84925E,FLOWERS WALL THERMOMETER,75.0,0.0,130.05,0.0,130.05
20899,VINTAGE NOTEBOOK RED ROSE,44.0,0.0,129.8,0.0,129.8
90099,NECKLACE+BRACELET SET BLUE HIBISCUS,42.0,0.0,129.69,0.0,129.69
90190A,SILVER/CRYSTAL DROP EARRINGS W LEAF,44.0,0.0,129.59,0.0,129.59
37471,MULTICOLOUR POLKADOT PLATE,1405.0,684.0,197.85,68.4,129.45
10080,GROOVY CACTUS INFLATABLE,315.0,0.0,129.29,0.0,129.29
84858A,NATURAL RIVIERA HANDBAG,53.0,0.0,128.83,0.0,128.83
90181A,AMBER GLASS/SHELL/PEARL NECKLACE,14.0,0.0,128.64,0.0,128.64
84251G,"GREETING CARD, OVERCROWDED POOL.",472.0,0.0,127.56,0.0,127.56
84782B,BLACK 3 TIER GLASS PLATE STAND,10.0,0.0,127.5,0.0,127.5
90024D,NEW BAROQUE B'FLY NECKLACE PINK,15.0,0.0,127.5,0.0,127.5
85018C,S/6 PAPER BOXES CURIOUS IMAGES,36.0,0.0,127.2,0.0,127.2
16168S,FUNKY MONKEY GIFT BAG SMALL,1283.0,0.0,126.83,0.0,126.83
23303,SET 4 PICNIC CUTLERY FONDANT,65.0,0.0,126.75,0.0,126.75
84367,LA STREGA CANVAS PICTURE,74.0,0.0,126.3,0.0,126.3
GIFT_0001_10,Dotcomgiftshop Gift Voucher £10.00,15.0,0.0,126.21,0.0,126.21
81950B,FLOWER BLUE CLOCK WITH SUCKER,216.0,1.0,126.74,0.85,125.89
16053,POPART COL BALLPOINT PEN ASST,4313.0,2000.0,185.73,60.0,125.73
23578,SNACK TRAY RED GINGHAM,60.0,0.0,125.72,0.0,125.72
90138,WHITE/PINK MINI CRYSTALS NECKLACE,24.0,0.0,125.64,0.0,125.64
82607E,GLASS BONBON JAR. D'AMANDES,101.0,1.0,126.25,1.25,125.0
90162C,ANT SILVER FUSCHIA BOUDICCA RING,42.0,0.0,123.9,0.0,123.9
90202D,PINK ENAMEL FLOWER HAIR TIE,48.0,6.0,141.49,17.7,123.79
17191A,ROSE FLOWER CANDLE+INCENSE 16X16CM,33.0,0.0,123.75,0.0,123.75
23477,WOODLAND LARGE BLUE FELT HEART,92.0,0.0,123.47,0.0,123.47
72133,COLUMBIAN CANDLE RECTANGLE,109.0,0.0,122.63,0.0,122.63
21228,"POCKET MIRROR ""GLAMOROUS""",97.0,0.0,122.57,0.0,122.57
79308B,MOSAIC CANDLE DISH BLUE PURPLE,144.0,0.0,122.4,0.0,122.4
90205C,LARGE CRYSTAL DIAMANTE HAIRSLIDE,78.0,0.0,122.31,0.0,122.31
44242B,PINK FEATHERS CURTAIN,109.0,0.0,121.53,0.0,121.53
90022,EDWARDIAN DROP EARRINGS JET BLACK,37.0,5.0,139.67,18.75,120.92
84705B,FAIRY CAKES PHOTO FRAME,86.0,0.0,120.13,0.0,120.13
23467,VINTAGE ZINC PLANTER,32.0,0.0,120.08,0.0,120.08
79532,MOSAIC GLASS BALL CANDLEHOLDER,97.0,1.0,121.25,1.25,120.0
35916B,BLUE FELT HANGING HEART WITH FLOWER,132.0,0.0,119.67,0.0,119.67
84886,BLUE METAL WALL SHELF,12.0,0.0,119.4,0.0,119.4
84867A,PINK BABY GIRLS PHOTO ALBUM,17.0,0.0,119.39,0.0,119.39
84199,GLOW IN DARK DOLPHINS,554.0,12.0,121.08,2.52,118.56
35607A,PINK FLUFFY CHRISTMAS DECORATION,554.0,0.0,118.43,0.0,118.43
20887,BOX OF 6 PEBBLE CANDLES,18.0,0.0,118.39,0.0,118.39
90139,FLOWER BROOCH 4 ASSORTED COLOURS,23.0,0.0,118.24,0.0,118.24
90177D,DROP DIAMANTE EARRINGS PURPLE,46.0,6.0,135.76,17.7,118.06
85190,PINK FLOWER HANGING HEART,138.0,6.0,122.46,5.1,117.36
35824C,"HANGING FLOWERS+MIRROR,CLEAR",235.0,0.0,117.05,0.0,117.05
90002C,FLOWER BURST SILVER RING MIDN'T BLU,33.0,2.0,124.38,7.5,116.88
16206B,RED PURSE WITH PINK HEART,96.0,0.0,116.4,0.0,116.4
90101,WHITE FRANGIPANI NECKLACE,52.0,6.0,131.16,15.3,115.86
90108,BLUE BLOSSOM HAIR CLIP,109.0,10.0,125.83,10.5,115.33
84288B,SET/2 BLUE  NOODLE BASKETS,61.0,2.0,118.95,3.9,115.05
20848,ZINC HEART LATTICE CHARGER SMALL,39.0,0.0,115.05,0.0,115.05
20896,VINTAGE NOTEBOOK PINK FLOWER,39.0,0.0,115.05,0.0,115.05
84462,3 PINK HEN+CHICKS IN BASKET,100.0,0.0,114.86,0.0,114.86
84765,SILVER ROCOCO CANDELABRA,9.0,2.0,140.23,25.5,114.73
23185,FRENCH STYLE STORAGE JAR JAM,317.0,1.0,114.85,0.29,114.56
20698,LITTLE PINK MONSTER SOFT TOY,47.0,0.0,114.45,0.0,114.45
23151,ZINC SWEETHEART SOAP DISH,61.0,0.0,114.33,0.0,114.33
90018C,SILVER BLACK ORBIT DROP EARRINGS,28.0,1.0,118.51,4.25,114.26
90030A,SPOTTED WHITE NATURAL SEED NECKLACE,79.0,0.0,113.76,0.0,113.76
84249A,"GREETING CARD,SQUARE, DOUGHNUTS",252.0,0.0,113.22,0.0,113.22
84614A,PINK BAROQUE FLOCK CANDLE HOLDER,17.0,2.0,124.83,11.9,112.93
16043,POP ART PUSH DOWN RUBBER,2145.0,984.0,180.3,67.68,112.62
21089,SET/6 GREEN SPRING PAPER CUPS,323.0,0.0,112.54,0.0,112.54
44236,PINK/PURPLE CIRCLE CURTAIN,64.0,0.0,112.32,0.0,112.32
71510,SQUARE METAL CANDLEHOLDER BASE,177.0,0.0,112.05,0.0,112.05
35916A,YELLOW FELT HANGING HEART W FLOWER,129.0,0.0,112.04,0.0,112.04
71495B,CD WALL TIDY RED FLOWERS,294.0,0.0,111.57,0.0,111.57
35966,FOLKART CHRISTMAS TREE T-LIGHT HOLD,255.0,0.0,111.34,0.0,111.34
90103,PURPLE FRANGIPANI NECKLACE,44.0,0.0,110.85,0.0,110.85
82069,BEECH WOOD P/FRAME,17.0,0.0,109.85,0.0,109.85
90048,GREEN WITH METAL BAG CHARM,31.0,10.0,158.89,49.5,109.39
85185F,LION SOCK PUPPET,37.0,0.0,109.15,0.0,109.15
90071,RUBY GLASS CLUSTER EARRINGS,87.0,0.0,108.99,0.0,108.99
20667,CHERRY BLOSSOM PURSE,40.0,0.0,108.69,0.0,108.69
90104,PURPLE FRANGIPANI HAIRCLIP,129.0,0.0,108.11,0.0,108.11
72753C,S/3 FLWR FAIRY ROSE CANDLES,43.0,0.0,107.68,0.0,107.68
84751B,BLACK MEDIUM GLASS CAKE STAND,38.0,3.0,115.86,8.29,107.57
23626,SET 10 CARDS DINKY TREE 17076,43.0,0.0,107.07,0.0,107.07
90179C,BLACK FINE BEAD NECKLACE W TASSEL,19.0,1.0,112.78,5.95,106.83
84562B,BLUE/WHITE RIBBED MELAMINE JUG,10.0,0.0,106.59,0.0,106.59
90165A,PINK ROSEBUD PEARL EARRINGS,42.0,0.0,106.49,0.0,106.49
35096B,RED VICTORIAN FABRIC HEART BOX,293.0,0.0,106.49,0.0,106.49
35840,FLAT GLASS  BAUBLE WHITE FLOCK,45.0,1.0,107.13,0.85,106.28
90168,2 DAISIES HAIR COMB,42.0,6.0,123.76,17.7,106.06
72038P,PRICE'S CANDLE PEACH,1050.0,50.0,116.5,10.5,106.0
22987,WRAP SUMMER ROSE DESIGN,252.0,0.0,105.84,0.0,105.84
90051,CRACKED GLAZE NECKLACE RED,15.0,0.0,105.72,0.0,105.72
35610A,PINK CHRISTMAS FLOCK DROPLET,143.0,0.0,105.43,0.0,105.43
84458,S/3 RABBIT FLOWER/EGG/CARROT ROPE,124.0,0.0,105.4,0.0,105.4
90003E,GREEN PAIR HEART HAIR SLIDES,32.0,4.0,120.31,15.0,105.31
17090D,VANILLA INCENSE 40 CONES IN TIN,88.0,0.0,105.2,0.0,105.2
16169D,WRAP WINTER FOREST,250.0,0.0,105.0,0.0,105.0
90141A,GREEN PENDANT TRIPLE SHELL NECKLACE,20.0,0.0,104.95,0.0,104.95
90079,VINTAGE ENAMEL & CRYSTAL NECKLACE,21.0,0.0,104.77,0.0,104.77
21118,SHOPPING BAG DOORSTOP,69.0,0.0,104.25,0.0,104.25
21337,SILVER WASHBAG,33.0,0.0,103.53,0.0,103.53
35910A,MULTICOLOUR EASTER RABBIT,53.0,0.0,103.35,0.0,103.35
90125C,TURQUOISE BERTIE GLASS BEAD CHARM,92.0,0.0,101.35,0.0,101.35
72369A,PINK CLEAR GLASS CANDLE PLATE,67.0,0.0,101.29,0.0,101.29
16248B,BLUE HOLE PUNCH,81.0,0.0,101.25,0.0,101.25
84921,CREAM AND PINK FLOWERS PONY,27.0,0.0,101.25,0.0,101.25
85050,FRENCH ENAMEL SOAP DISH WITH LID,48.0,0.0,100.8,0.0,100.8
75172,PAINTED SEA SHELL METAL WINDCHIME,97.0,0.0,100.31,0.0,100.31
78027,SEAGRASS S/2 CORNER LAUNDRY,6.0,0.0,100.15,0.0,100.15
23611,SET 10 CARDS RED RIDING HOOD 17214,40.0,0.0,99.6,0.0,99.6
10123G,ARMY CAMO WRAPPING TAPE,2251.0,1104.0,165.56,66.24,99.32
23464,VINTAGE ZINC WATERING CAN SMALL,18.0,0.0,99.2,0.0,99.2
21266,VINTAGE SILVER TINSEL REEL,23.0,0.0,98.9,0.0,98.9
90163B,WHITE ROSEBUD & PEARL NECKLACE,13.0,0.0,98.45,0.0,98.45
84705D,CHERRY BLOSSOM PHOTO FRAME,22.0,0.0,97.9,0.0,97.9
84613A,PINK NEW BAROQUE FLOCK CANDLESTICK,22.0,1.0,102.3,4.65,97.65
90150,BLUE SHELL+SILVER NECKLACE,13.0,0.0,97.5,0.0,97.5
16161G,WRAP BAD HAIR DAY,975.0,0.0,97.5,0.0,97.5
84679,CLASSICAL ROSE TABLE LAMP,14.0,1.0,103.3,5.95,97.35
90067A,PINK VINTAGE VICTORIAN EARRINGS,33.0,0.0,97.24,0.0,97.24
90059D,DIAMANTE HAIR GRIP PACK/2 PERIDOT,64.0,6.0,106.74,9.9,96.84
20697,LITTLE GREEN MONSTER SOFT TOY,40.0,0.0,96.6,0.0,96.6
20861,GOLD COSMETIC BAG PINK STAR,46.0,0.0,96.6,0.0,96.6
84465,15 PINK FLUFFY CHICKS IN BOX,32.0,0.0,96.51,0.0,96.51
17084J,LOVE POTION MASALA INCENSE,456.0,0.0,95.76,0.0,95.76
72821,CUPID SCENTED CANDLE IN GLASS,61.0,3.0,100.65,4.95,95.7
90174,BUTTERFLY HAIR BAND,50.0,12.0,126.12,30.6,95.52
84967A,PINK KASHMIRI OCCASIONAL TABLE,3.0,1.0,174.9,79.95,94.95
72606A,BROWN ANTIQUE CUBE CANDLE,226.0,0.0,94.92,0.0,94.92
90214R,"LETTER ""R"" BLING KEY RING",91.0,0.0,93.73,0.0,93.73
90024C,NEW BAROQUE B'FLY NECKLACE GREEN,11.0,0.0,93.48,0.0,93.48
90026A,GLASS BEAD HOOP NECKLACE BLACK,11.0,0.0,93.47,0.0,93.47
35594,WOODEN CHRISTMAS TREE 3 HANGING,165.0,24.0,103.06,10.08,92.98
84575A,PINK DOG CANNISTER,24.0,1.0,98.8,5.95,92.85
17084A,TRANQUILITY MASALA INCENSE,442.0,0.0,92.82,0.0,92.82
35913B,WHITE/PINK CHICK EASTER DECORATION,100.0,0.0,92.39,0.0,92.39
90075,MONTANA DIAMOND CLUSTER NECKLACE,10.0,0.0,92.18,0.0,92.18
84753A,PINK EAU DE COLOGNE BOTTLE,97.0,0.0,92.17,0.0,92.17
90118,PINK DAISY BAG CHARM,42.0,6.0,107.39,15.3,92.09
90089,PINK CRYSTAL SKULL PHONE CHARM,104.0,0.0,91.9,0.0,91.9
90177B,DROP DIAMANTE EARRINGS BLACK DIAMON,31.0,0.0,91.38,0.0,91.38
90177C,DROP DIAMANTE EARRINGS CRYSTAL,37.0,6.0,109.03,17.7,91.33
90112,PINK DOLLY HAIR CLIPS,84.0,0.0,91.25,0.0,91.25
84437A,S/6 PINK EASTER DECS IN BOX,106.0,0.0,90.95,0.0,90.95
90214D,"LETTER ""D"" BLING KEY RING",100.0,0.0,90.82,0.0,90.82
84539,KNITTED RABBIT DOLL,55.0,0.0,90.75,0.0,90.75
72783,BLACK SIL'T SQU CANDLE PLATE,43.0,0.0,90.3,0.0,90.3
23574,PACKING CHARGE,14.0,2.0,105.0,15.0,90.0
71406C,BLACK ORANGE SQUEEZER,210.0,0.0,89.92,0.0,89.92
20816,GOLD FLOWER CUSHION COVER,24.0,5.0,123.6,33.75,89.85
79026B,"S/4 ICON COASTER,ELVIS LIVES",69.0,0.0,89.25,0.0,89.25
47598,NEW ENGLAND EGG WARMER,138.0,0.0,89.12,0.0,89.12
20660,VIP LUGGAGE TAG,71.0,0.0,88.75,0.0,88.75
90162A,ANT SILVER TURQUOISE BOUDICCA RING,30.0,0.0,88.5,0.0,88.5
35638A,PINK AND BLACK STRING CURTAIN,39.0,0.0,88.05,0.0,88.05
84721,MANHATTAN CANVAS ART PICTURE,20.0,0.0,87.8,0.0,87.8
71495A,CD WALL TIDY BLUE OFFICE,225.0,1.0,87.96,0.42,87.54
84891B,GREEN WIRE GOBLET CANDLEHOLDER,11.0,0.0,87.45,0.0,87.45
35822B,"ACRYLIC BEAD CHAIN, BLUE",229.0,0.0,87.02,0.0,87.02
20835,FRENCH LATTICE CUSHION COVER,80.0,0.0,87.02,0.0,87.02
37462B,"PET MUG, BUDGIE",170.0,1.0,87.28,0.42,86.86
90039C,FIRE POLISHED GLASS BRACELET BLACK,23.0,0.0,86.65,0.0,86.65
23614,SET 10 CARDS 12 DAYS WRAP  17058,26.0,0.0,86.58,0.0,86.58
84424A,FOUR PICTURE WHITE GLASS FRAME,23.0,0.0,86.25,0.0,86.25
35271S,GOLD PRINT PAPER BAG,420.0,0.0,85.97,0.0,85.97
90012B,BLACK DROP CRYSTAL NECKLACE,17.0,0.0,85.9,0.0,85.9
84388,WISE MAN STAR SHAPE EGG PAN,70.0,2.0,89.04,3.3,85.74
90162D,ANT SILVER PURPLE BOUDICCA RING,29.0,0.0,85.55,0.0,85.55
84454,WOBBLING METAL CHICKEN EASTER,93.0,0.0,85.53,0.0,85.53
90026D,GLASS BEAD HOOP NECKLACE AMETHYST,10.0,0.0,85.0,0.0,85.0
35838B,S/6 SILVER ORNAMENETAL CANDLE,100.0,0.0,85.0,0.0,85.0
90001D,ANTIQUE OLIVE GREEN FLOWER EARRINGS,20.0,0.0,84.96,0.0,84.96
17027A,INCENSE BAZAAR CANNABIS,228.0,0.0,84.84,0.0,84.84
46775B,BERRIES CHUNKY KNITTED THROW,5.0,0.0,84.75,0.0,84.75
16051,TEATIME PENCIL W STAMP ASST,941.0,0.0,84.69,0.0,84.69
81952B,ROUND BLUE CLOCK WITH SUCKER,254.0,0.0,84.56,0.0,84.56
84450B,YELLOW RABBIT SAT EASTER,139.0,0.0,84.55,0.0,84.55
90214G,"LETTER ""G"" BLING KEY RING",100.0,7.0,93.18,8.75,84.43
84251F,"GREETING CARD, RITA",341.0,0.0,83.97,0.0,83.97
90141C,TURQ PENDANT TRIPLE SHELL NECKLACE,16.0,0.0,83.69,0.0,83.69
90169,DAISY HAIR COMB,39.0,6.0,98.87,15.3,83.57
22016,Dotcomgiftshop Gift Voucher £100.00,1.0,0.0,83.33,0.0,83.33
23442,12 HANGING EGGS HAND PAINTED,40.0,0.0,83.2,0.0,83.2
90002B,FLOWER BURST SILVER RING ROSE,22.0,0.0,82.74,0.0,82.74
90189A,SILVER 2 STRAND NECKLACE-LEAF CHARM,11.0,0.0,82.64,0.0,82.64
84251B,"GREETING CARD, STICKY GORDON",319.0,12.0,84.84,2.28,82.56
90130A,WHITE STONE/CRYSTAL EARRINGS,28.0,0.0,82.51,0.0,82.51
90069,RUBY GLASS CLUSTER NECKLACE,11.0,0.0,82.5,0.0,82.5
21699,SET 5 MINI CHOCOLATE FRIDGE MAGNETS,108.0,0.0,82.44,0.0,82.44
90183B,AMETHYST DROP EARRINGS W LONG BEADS,28.0,0.0,81.93,0.0,81.93
35610C,WHITE CHRISTMAS FLOCK DROPLET,94.0,0.0,81.56,0.0,81.56
72779,SET/6 BLACK ROSE T-LIGHT CANDLES,48.0,0.0,81.12,0.0,81.12
16201B,PASTEL BLUE PHOTO ALBUM,34.0,0.0,81.1,0.0,81.1
84596I,WRAP SWEETS LIGHT PINK SMALL BOWL,72.0,0.0,80.62,0.0,80.62
17011E,ORIGAMI OPIUM SCENT INCENSE+FLOWER,124.0,0.0,80.6,0.0,80.6
DCGS0069,OOH LA LA DOGS COLLAR,5.0,0.0,80.31,0.0,80.31
84415B,BLUE FLOCK CUSHION COVER,24.0,0.0,80.0,0.0,80.0
35265,COLOURFUL FLOWER FRUIT BOWL,21.0,0.0,80.0,0.0,80.0
90206A,GOLD DIAMANTE STAR BROOCH,16.0,0.0,79.6,0.0,79.6
90049,IVORY GOLD METAL BAG CHARM,20.0,7.0,114.24,34.65,79.59
90125B,AQUA BERTIE GLASS BEAD BAG CHARM,44.0,0.0,79.57,0.0,79.57
84795E,RIO PINK STRIPE HAMMOCK,10.0,0.0,79.5,0.0,79.5
84548,CROCHET BEAR RED/BLUE  KEYRING,48.0,0.0,79.2,0.0,79.2
90038B,GLASS AND PAINTED BEADS BRACELET OL,21.0,0.0,79.19,0.0,79.19
90064A,WHITE VINTAGE CRYSTAL EARRINGS,20.0,0.0,79.14,0.0,79.14
90039B,FIRE POLISHED GLASS BRACELET MONTAN,21.0,0.0,78.99,0.0,78.99
90059E,DIAMANTE HAIR GRIP PACK/2 RUBY,53.0,6.0,88.31,9.9,78.41
35931,PINK STAR CHRISTMAS DECORATION,156.0,0.0,78.12,0.0,78.12
84455,SET OF 3 RABBIT CARROTS EASTER,85.0,0.0,77.96,0.0,77.96
90214H,"LETTER ""H"" BLING KEY RING",83.0,0.0,77.71,0.0,77.71
21595,Dad's Cab Electronic Meter,9.0,0.0,76.95,0.0,76.95
84247H,PACK/12 DECOUPAGE CARD,42.0,11.0,109.13,32.45,76.68
84251C,"GREETING CARD, TWO SISTERS.",247.0,0.0,76.68,0.0,76.68
84425A,WHITE GLASS TV TRIPLE FRAME,18.0,0.0,76.6,0.0,76.6
90100,NECKLACE+BRACELET SET PINK DAISY,30.0,0.0,76.5,0.0,76.5
90214N,"LETTER ""N"" BLING KEY RING",78.0,0.0,76.4,0.0,76.4
90020,FILIGREE DIAMANTE CHAIN,6.0,0.0,76.23,0.0,76.23
35815P,"ACRYLIC JEWEL SNOWFLAKE, PINK",168.0,0.0,75.88,0.0,75.88
90176D,DIAMANTE NECKLACE PURPLE,11.0,1.0,82.81,7.5,75.31
90064B,BLACK VINTAGE  CRYSTAL EARRINGS,21.0,1.0,78.75,3.75,75.0
37399,"ASS RETROSPOOF MUGS,SPORTS",143.0,0.0,75.0,0.0,75.0
16161E,WRAP BOUDOIR,750.0,0.0,75.0,0.0,75.0
84757,ENCHANTED GARDEN WROUGHT IRON TABLE,5.0,0.0,74.75,0.0,74.75
21267,VINTAGE PINK TINSEL REEL,24.0,0.0,74.6,0.0,74.6
90012A,MIDNIGHT BLUE DROP CRYSTAL NECKLACE,13.0,0.0,74.38,0.0,74.38
62043B,BLUE CHECK BAG W HANDLE 34X20CM,54.0,1.0,75.16,0.83,74.33
90202C,GREEN ENAMEL FLOWER HAIR TIE,31.0,6.0,91.46,17.7,73.76
84593,CROCHET ROSE DES CLOTHES HANGER,25.0,0.0,73.75,0.0,73.75
15030,FAN BLACK FRAME,254.0,0.0,73.66,0.0,73.66
90130C,GREEN STONE/CRYSTAL EARRINGS,25.0,0.0,73.62,0.0,73.62
79331,PINK FLOCK GLASS CANDLEHOLDER,60.0,0.0,73.6,0.0,73.6
90202A,PURPLE ENAMEL FLOWER HAIR TIE,31.0,6.0,90.9,17.7,73.2
84899E,YELLOW BROWN BEAR FELT PURSE KIT,53.0,1.0,73.93,1.25,72.68
16151A,FLOWERS HANDBAG blue and orange,52.0,0.0,72.5,0.0,72.5
84447,6 RABBIT CHAIN EASTER,69.0,0.0,72.42,0.0,72.42
90214B,"LETTER ""B"" BLING KEY RING",75.0,0.0,72.33,0.0,72.33
84427B,BLACK GLASS TV DOUBLE P/FRAME 15X10,17.0,0.0,72.25,0.0,72.25
90027D,GLASS BEAD HOOP EARRINGS AMETHYST,23.0,0.0,72.18,0.0,72.18
84746,PINK EASTER HENS+FLOWER,23.0,0.0,72.06,0.0,72.06
90031,BILI NUT AND WOOD NECKLACE,52.0,0.0,71.9,0.0,71.9
21950,SET OF 6 DOTS CHOPSTICKS,211.0,181.0,263.63,192.05,71.58
90038C,GLASS AND BEADS BRACELET IVORY,19.0,0.0,71.46,0.0,71.46
35937,CERISE+GOLD CHRISTMAS STOCKING DEC,188.0,0.0,71.44,0.0,71.44
17007B,S/3 POT POURI CUSHIONS BLUE COLOURS,34.0,0.0,71.4,0.0,71.4
84925C,FAIRY CAKES  WALL THERMOMETER,28.0,0.0,71.4,0.0,71.4
90060D,FIRE POLISHED GLASS NECKL BRONZE,12.0,0.0,71.4,0.0,71.4
84415A,PINK FLOCK SUEDE CUSHION COVER,27.0,0.0,71.25,0.0,71.25
90037B,TINY CRYSTAL BRACELET GREEN,28.0,0.0,71.17,0.0,71.17
90179A,AMBER FINE BEAD NECKLACE W TASSEL,12.0,0.0,71.0,0.0,71.0
90187B,GREEN DROP EARRINGS W BEAD CLUSTER,21.0,0.0,70.6,0.0,70.6
20958,PORCELAIN HANGING BELL LARGE,38.0,0.0,70.5,0.0,70.5
90059F,DIAMANTE HAIR GRIP PACK/2 LT ROSE,48.0,6.0,79.87,9.9,69.97
90131,PINK/AMETHYST/GOLD NECKLACE,10.0,0.0,69.62,0.0,69.62
72140F,HAPPY ANNIVERSARY CANDLE LETTERS,175.0,0.0,69.18,0.0,69.18
37509,NEW ENGLAND MUG W GIFT BOX,28.0,1.0,71.4,2.55,68.85
90176A,CLASSIC DIAMANTE NECKLACE JET,10.0,1.0,75.88,7.5,68.38
71215,METAL BASE FOR CANDLES,177.0,0.0,68.1,0.0,68.1
47420,ASSORTED COLOUR SUCTION CUP HOOK,358.0,0.0,68.02,0.0,68.02
84857A,SILVER MONTE CARLO HANDBAG,8.0,0.0,68.0,0.0,68.0
90121B,VINTAGE ROSE BEAD BRACELET BLUE,19.0,3.0,80.75,12.75,68.0
DCGS0004,HAYNES CAMPER SHOULDER BAG,4.0,0.0,67.94,0.0,67.94
90140,PINK SWEETIE NECKLACE,9.0,0.0,67.9,0.0,67.9
84086B,YELLOW/BLUE RETRO RADIO,24.0,1.0,70.8,2.95,67.85
90026B,GLASS BEAD HOOP NECKLACE MONTANA,8.0,0.0,67.82,0.0,67.82
90026C,GLASS BEAD HOOP NECKLACE GREEN,8.0,0.0,67.82,0.0,67.82
84864A,PINK PAISLEY PHOTO ALBUM,7.0,0.0,67.71,0.0,67.71
90078,PINK/WHITE GLASS DEMI CHOKER,9.0,0.0,67.64,0.0,67.64
90024F,NEW BAROQUE B'FLY NECKLACE CRYSTAL,8.0,0.0,67.61,0.0,67.61
84926B,SCOTTS ROSES TILE COASTER,54.0,0.0,67.5,0.0,67.5
47341B,BLUE TABLE RUN FLOWER,48.0,0.0,67.5,0.0,67.5
72045D,ROSES ON BLUE TEACUP CANDLE,539.0,504.0,918.65,851.76,66.89
35819P,"ACRYLIC HANGING JEWEL,PINK",95.0,0.0,66.55,0.0,66.55
90037A,TINY CRYSTAL BRACELET RED,26.0,0.0,66.31,0.0,66.31
90037C,TINY CRYSTAL BRACELET BLUE,26.0,0.0,66.08,0.0,66.08
85072,OCCASIONS GIFT CARD ASSORTMENT,120.0,0.0,66.0,0.0,66.0
79329,PINK FLOCK GLASS CANDLEHOLDER,100.0,0.0,65.94,0.0,65.94
84340,LARGE FIBRE OPTIC CHRISTMAS TREE,21.0,0.0,65.76,0.0,65.76
84493,BLUE/PINK NEST STRIPE BOX,1142.0,567.0,111.12,45.36,65.76
79406,FROSTED WHITE BASE,259.0,0.0,65.62,0.0,65.62
90088,CRYSTAL KEY+LOCK PHONE CHARM,101.0,25.0,86.7,21.25,65.45
90179B,PURPLE FINE BEAD NECKLACE W TASSEL,11.0,0.0,65.31,0.0,65.31
84705A,ENGLISH ROSE PHOTO FRAME,14.0,0.0,65.1,0.0,65.1
47016,LIGHT DECORATION BATTERY OPERATED,31.0,0.0,65.1,0.0,65.1
16256C,HEARTS PENCIL/RUBBER+5 MINI PENCILS,169.0,14.0,70.98,5.88,65.1
90177E,DROP DIAMANTE EARRINGS GREEN,28.0,6.0,82.71,17.7,65.01
90141B,IVORY PENDANT TRIPLE SHELL NECKLACE,13.0,0.0,64.94,0.0,64.94
90092,BLUE CRYSTAL BOOT PHONE CHARM,102.0,27.0,87.51,22.95,64.56
84551,CROCHET DOG KEYRING,39.0,0.0,64.35,0.0,64.35
90074,BLACK DIAMOND CLUSTER NECKLACE,7.0,0.0,64.09,0.0,64.09
79534,MULTICOLOUR GLASS PLATE,116.0,0.0,63.8,0.0,63.8
85018A,S/6 PAPER BOXES ROMANTIC IMAGES,15.0,0.0,63.75,0.0,63.75
85018B,S/6 PAPER BOXES BLOSSOM IMAGES,15.0,0.0,63.75,0.0,63.75
20905,VINTAGE KEEPSAKE BOX BEAUTY GIRL,10.0,0.0,63.5,0.0,63.5
90205A,LARGE MINT DIAMANTE HAIRSLIDE,38.0,0.0,63.46,0.0,63.46
37491D,PURPLE/BLUE CERAMIC CANDLE HOLDER,26.0,0.0,63.28,0.0,63.28
72709,IVORY SCULPTED RND CANDLE,74.0,0.0,62.9,0.0,62.9
84529B,BLUE KNITTED KID'S RUCKSACK,13.0,0.0,62.35,0.0,62.35
35607B,BLACK FEATHER CHRISTMAS DECORATION,312.0,0.0,62.3,0.0,62.3
47348A,FUSCHIA VOILE POINTY SHOE DEC,103.0,0.0,62.01,0.0,62.01
90176C,DIAMANTE NECKLACE,10.0,2.0,77.0,15.0,62.0
17136A,BLUE STONES ON WIRE FOR CANDLE,743.0,0.0,61.78,0.0,61.78
20620,RED SPOTTY PASSPORT COVER,15.0,0.0,61.76,0.0,61.76
35817B,"ACRYLIC JEWEL SNOWFLAKE,BLUE",143.0,0.0,61.3,0.0,61.3
35973,GERANIUM FOLKART HEART DECORATION,49.0,0.0,61.25,0.0,61.25
40002,WHITE BAMBOO RIBS LAMPSHADE,78.0,6.0,66.3,5.1,61.2
35910B,PINK FLOWERS RABBIT EASTER,29.0,0.0,61.07,0.0,61.07
84875A,PINK SQUARE COMPACT MIRROR,16.0,0.0,60.0,0.0,60.0
23629,SET 10 CARDS DRESSING UP 17077,24.0,0.0,59.76,0.0,59.76
90021,LASER CUT MULTI STRAND NECKLACE,5.0,0.0,59.75,0.0,59.75
90171,DAISY RING,47.0,0.0,59.65,0.0,59.65
GIFT_0001_70,Dotcomgiftshop Gift Voucher £70.00,1.0,0.0,59.57,0.0,59.57
84582,PINK CROCHET CAT WITH SCARF,14.0,0.0,59.5,0.0,59.5
44241C,BLUE BUTTERFLY ON SPRING,70.0,0.0,59.5,0.0,59.5
35654,VINTAGE BEAD FILLED PINK CUSHION,12.0,0.0,59.4,0.0,59.4
90214P,"LETTER ""P"" BLING KEY RING",77.0,6.0,66.59,7.5,59.09
90011B,BLACK CRYSTAL DROP EARRINGS,20.0,0.0,59.06,0.0,59.06
35909A,RABBIT EASTER DECORATION,20.0,0.0,59.0,0.0,59.0
81985A,"ICON ALARM CLOCK,FUSCHIA  PIN UP",23.0,0.0,58.65,0.0,58.65
90188,DROP EARRINGS W FLOWER & LEAF,23.0,0.0,58.5,0.0,58.5
84226,HEN HOUSE W FAMILY IN BARN & NEST,77.0,0.0,58.31,0.0,58.31
90059C,DIAMANTE HAIR GRIP PACK/2 MONTANA,41.0,6.0,68.18,9.9,58.28
21343,GOLD JEWELERY BOX,20.0,2.0,92.0,33.9,58.1
35816B,"ACRYLIC JEWEL ANGEL,BLUE",139.0,0.0,58.07,0.0,58.07
17129C,SKY BLUE COLOUR GLASS GEMS IN BAG,86.0,0.0,57.98,0.0,57.98
35821B,"JEWELLED DECORATION,BLUE",150.0,0.0,57.0,0.0,57.0
72771B,BURG FLOCK GOLD CUP/CANDLE,117.0,0.0,56.9,0.0,56.9
90002E,FLOWER BURST SILVER RING GREEN,18.0,3.0,67.77,11.25,56.52
90050,CRACKED GLAZE NECKLACE IVORY,10.0,2.0,70.16,13.9,56.26
90212C,PURPLE LAS VEGAS BRACELET ROUND,15.0,0.0,56.25,0.0,56.25
47344B,BLUE FLOWER DES PURSE,54.0,0.0,56.16,0.0,56.16
85023C,PINK LARGE JEWELED PHOTOFRAME,23.0,1.0,58.65,2.55,56.1
90033,IVORY SHELL HEART EARRINGS,22.0,0.0,55.88,0.0,55.88
84803B,WHITE ALLIUM  ARTIFICIAL FLOWER,42.0,9.0,70.98,15.21,55.77
85080,PADDED RED HEART DECORATION,113.0,0.0,55.76,0.0,55.76
90214T,"LETTER ""T"" BLING KEY RING",57.0,0.0,55.57,0.0,55.57
85151,WELCOME METAL SIGN,44.0,0.0,55.0,0.0,55.0
90135A,ORANGE/FUSCHIA STONES NECKLACE,11.0,0.0,54.62,0.0,54.62
90142D,MOP PENDANT SHELL NECKLACE,11.0,0.0,54.59,0.0,54.59
90043,COPPER AND BRASS BAG CHARM,10.0,0.0,54.51,0.0,54.51
90046,WHITE WITH METAL BAG CHARM,13.0,2.0,64.35,9.9,54.45
20820,SILVER LOOKING MIRROR,11.0,0.0,54.45,0.0,54.45
20953,PORCELAIN CHERUB BELL LARGE,33.0,0.0,54.45,0.0,54.45
46115B,GREEN POP ART MAO CUSHION COVER,286.0,0.0,54.34,0.0,54.34
85023A,CRYSTAL LARGE JEWELLED PHOTO FRAME,22.0,1.0,56.1,2.55,53.55
90214I,"LETTER ""I"" BLING KEY RING",62.0,6.0,61.0,7.5,53.5
35001B,HAND OPEN SHAPE BLACK,17.0,2.0,59.33,5.9,53.43
72798C,SET/4 GARDEN ROSE DINNER CANDLE,28.0,0.0,53.11,0.0,53.11
90202B,WHITE ENAMEL FLOWER HAIR TIE,24.0,6.0,70.49,17.7,52.79
84292B,BLUE COL METAL FOLDING CHAIR,8.0,0.0,51.8,0.0,51.8
84845D,GERANIUM SQUARE HANDY TIN,41.0,0.0,51.25,0.0,51.25
84402B,PURPLE DRESS JEWELLERY STAND,62.0,0.0,51.14,0.0,51.14
35071,ASSORTED SANTA CHRISTMAS DECORATION,50.0,0.0,51.14,0.0,51.14
84612B,SET/4 BLACK  BAROQUE FLOCK COASTER,20.0,0.0,51.0,0.0,51.0
20964,POLYESTER FILLER PAD 60x40cm,20.0,0.0,51.0,0.0,51.0
90001B,ANTIQUE MID BLUE FLOWER EARRINGS,13.0,1.0,55.12,4.25,50.87
90034,WHITE SILVER NECKLACE SHELL GLASS,5.0,0.0,50.48,0.0,50.48
72083A,STRAWBERY SWIRL FLARE CANDLE,24.0,0.0,50.4,0.0,50.4
22657,HEN & 2 CHICKS IN BASKET,59.0,0.0,50.15,0.0,50.15
20870,OPULENT VELVET CANDLE IN BOX,29.0,1.0,52.2,2.1,50.1
90141E,ORANGE PENDANT TRIPLE SHELL NECKLAC,10.0,0.0,50.06,0.0,50.06
23603,SET 10 CARD KRAFT REINDEER 17084,20.0,0.0,49.8,0.0,49.8
90052,CRACKED GLAZE NECKLACE BROWN,7.0,0.0,49.58,0.0,49.58
84537B,FAIRY CAKES GIFT BAG,117.0,0.0,49.14,0.0,49.14
17013C,ORIGAMI LAVENDER INCENSE IN TUBE,213.0,96.0,89.46,40.32,49.14
72129,COLUMBIAN CANDLE ROUND,74.0,0.0,49.11,0.0,49.11
84845C,CARNATION SQUARE HANDY TIN,42.0,3.0,52.5,3.75,48.75
35603C,SET/16 WHITE SHINY & MATT BAUBLES,83.0,0.0,48.3,0.0,48.3
37491A,YELLOW/PINK CERAMIC CANDLE HOLDER,18.0,0.0,48.3,0.0,48.3
90083,CRYSTAL CZECH CROSS PHONE CHARM,52.0,0.0,48.08,0.0,48.08
21347,GOTHIC CARRIAGE LANTERN,8.0,0.0,47.6,0.0,47.6
20895,VINTAGE NOTEBOOK FRENCH LETTER,16.0,0.0,47.2,0.0,47.2
35909B,PINK FLOWERS RABBIT EASTER,16.0,0.0,47.2,0.0,47.2
90067B,BROWN VINTAGE VICTORIAN EARRINGS,16.0,0.0,47.12,0.0,47.12
84227,HEN HOUSE W CHICK IN NEST,112.0,0.0,47.04,0.0,47.04
90181C,BLACK GLASS/SHELL/PEARL NECKLACE,5.0,0.0,46.93,0.0,46.93
20988,TRELLIS FLOWER CHOPSTICKS SET/5,24.0,0.0,46.8,0.0,46.8
90001C,ANTIQUE OPAL WHITE FLOWER EARRINGS,11.0,0.0,46.7,0.0,46.7
90001A,ANTIQUE RASPBERRY FLOWER EARRINGS,11.0,0.0,46.6,0.0,46.6
37489A,YELLOW/PINK FLOWER DESIGN BIG MUG,46.0,0.0,46.56,0.0,46.56
16050,TEATIME PENCIL WITH RUBBER,151.0,0.0,46.45,0.0,46.45
47341A,FUSCHIA TABLE RUN FLOWER,29.0,0.0,46.25,0.0,46.25
90128A,PINK LEAVES AND BEADS PHONE CHARM,31.0,0.0,46.21,0.0,46.21
72024U,LILAC VOTIVE CANDLE,220.0,0.0,46.2,0.0,46.2
85081,PADDED HOLLY CHRISTMAS DECORATION,104.0,0.0,46.17,0.0,46.17
84626,CANDY STRIPE ROSE QUILT,1.0,0.0,45.95,0.0,45.95
35611B,BLACK ASSORTED DROPLET DECORATION,62.0,0.0,45.76,0.0,45.76
72724,SET/6 CHRISTMAS ICICLE T-LIGHTS,36.0,0.0,45.0,0.0,45.0
16161C,WRAP SPEED DEMONS,450.0,0.0,45.0,0.0,45.0
23625,SET 6 CARDS SPARKLY REINDEER 17262,9.0,0.0,44.91,0.0,44.91
90135,ORANGE/WHT/FUSCHIA STONES NECKLACE,9.0,0.0,44.75,0.0,44.75
37462E,"PET MUG, GOLDFISH",107.0,6.0,47.12,2.52,44.6
72796B,S/3 FRENCH VANILLA SQU CANDLE,27.0,0.0,44.55,0.0,44.55
90197D,AMBER GLASS BRACELET HEART CHARMS,9.0,0.0,44.55,0.0,44.55
90011A,MIDNIGHT BLUE CRYSTAL DROP EARRINGS,15.0,0.0,44.28,0.0,44.28
84586L,"PINK ROSES/GINGHAM PATCH RABBIT 8""",15.0,0.0,44.25,0.0,44.25
35085E,IVORY ROSE LAMPSHADE,39.0,0.0,44.25,0.0,44.25
90084,PINK CRYSTAL GUITAR PHONE CHARM,64.0,12.0,54.4,10.2,44.2
90125E,AMBER BERTIE GLASS BEAD BAG CHARM,18.0,0.0,44.19,0.0,44.19
35815B,"ACRYLIC JEWEL SNOWFLAKE,BLUE",95.0,0.0,43.94,0.0,43.94
17014C,ORIGAMI LAVENDER INCENSE CONES,97.0,0.0,43.75,0.0,43.75
79063C,"RETRO PILL BOX KEY CHAIN,THE KING",235.0,0.0,43.65,0.0,43.65
18097A,PINK TALL PORCELAIN T-LIGHT HOLDER,17.0,0.0,43.35,0.0,43.35
90042B,FRESHWATER PEARL BRACELET PINK,17.0,0.0,43.35,0.0,43.35
35822P,"ACRYLIC BEAD CHAIN, PINK",114.0,0.0,43.32,0.0,43.32
90054,CRACKED GLAZE EARRINGS RED,17.0,0.0,43.02,0.0,43.02
23038,T-LIGHT HOLDER SILVER SAUCER,44.0,0.0,42.92,0.0,42.92
84857B,BLUE MONTE CARLO HANDBAG,24.0,2.0,46.8,3.9,42.9
21596,Hypochondriac Pill Stress Ball,10.0,0.0,42.64,0.0,42.64
90024A,NEW BAROQUE B'FLY NECKLACE BLACK,5.0,0.0,42.5,0.0,42.5
90126C,AMBER BERTIE MOBILE PHONE CHARM,21.0,0.0,42.1,0.0,42.1
72771C,BLACK FLOCK GOLD CANDLE,54.0,0.0,42.08,0.0,42.08
20860,GOLD COSMETICS BAG WITH BUTTERFLY,20.0,0.0,42.0,0.0,42.0
90060C,FIRE POLISHED GLASS NECKL SILVER,7.0,0.0,41.65,0.0,41.65
90152C,BLUE/NAT SHELL NECKLACE W PENDANT,7.0,0.0,41.65,0.0,41.65
23448,CREAM BUNNY EASTER EGG BASKET,25.0,0.0,41.25,0.0,41.25
90027C,GLASS BEAD HOOP EARRINGS GREEN,14.0,0.0,41.17,0.0,41.17
90183C,BLACK DROP EARRINGS W LONG BEADS,14.0,0.0,41.02,0.0,41.02
21119,Glow In The Dark Shot Glasses,3.0,0.0,41.01,0.0,41.01
35644,PAIR PINK/BLACK COATHANGERS,21.0,0.0,40.95,0.0,40.95
44228,CANNABIS LEAF BEAD CURTAIN,48.0,0.0,40.8,0.0,40.8
84798C,WHITE FOXGLOVE ARTIIFCIAL FLOWER,16.0,0.0,40.8,0.0,40.8
90136,PALE PINK/AMETHYST STONE NECKLACE,4.0,0.0,40.47,0.0,40.47
90152A,SILVER/NAT SHELL NECKLACE W PENDANT,7.0,0.0,40.34,0.0,40.34
20994,JAZZ HEARTS SPIRAL NOTEPAD,47.0,0.0,39.95,0.0,39.95
47013A,WINE BOTTLE DRESSING LT.BLUE,141.0,0.0,39.87,0.0,39.87
37468,HARDMAN MUG 3 ASSORTED,65.0,0.0,39.81,0.0,39.81
47013C,WINE BOTTLE DRESSING DARK BLUE,147.0,12.0,40.52,1.44,39.08
82545A,COGNAC AUX OEUFS METAL 1 HOOK,31.0,0.0,38.75,0.0,38.75
35963,FOLKART ZINC CLIP ON ANGEL WINGS,101.0,0.0,38.38,0.0,38.38
85184B,SET 4 EASTER DECOUPAGE OVAL BOXES,14.0,1.0,41.3,2.95,38.35
90130D,RED STONE/CRYSTAL EARRINGS,13.0,0.0,38.31,0.0,38.31
90027B,GLASS BEAD HOOP EARRINGS MONTANA,13.0,0.0,38.28,0.0,38.28
90182C,BLACK 3 BEAD DROP EARRINGS,19.0,6.0,55.74,17.7,38.04
90177A,CLASSIC DIAMANTE EARRINGS JET,19.0,6.0,55.69,17.7,37.99
85115B,S/4 BLACK DISCO PARTITION PANEL,6.0,0.0,37.62,0.0,37.62
90176B,DIAMANTE NECKLACE BLACK,5.0,0.0,37.62,0.0,37.62
90039A,FIRE POLISHED GLASS BRACELET RED,10.0,0.0,37.61,0.0,37.61
79413,GLASS WINE GLASS DECORATIONS,30.0,0.0,37.5,0.0,37.5
35233,PASTA ENAMEL/BRASS CONTAINER,10.0,0.0,37.5,0.0,37.5
37112,YELLOW BIRDS FELT DES FOODCOVER,10.0,0.0,37.5,0.0,37.5
37477B,"FLOWER FAIRY MUG+COASTER,LAVENDER",11.0,1.0,41.25,3.75,37.5
84705F,RED PEONY PHOTO FRAME,8.0,0.0,37.2,0.0,37.2
90126A,PINK BERTIE MOBILE PHONE CHARM,20.0,0.0,37.14,0.0,37.14
84251J,"GREETING CARD, THE BLACK CAT",74.0,0.0,37.04,0.0,37.04
16162M,THE KING GIFT BAG 25x24x12cm,88.0,0.0,36.96,0.0,36.96
72715,SPHERICAL IVORY CANDLE,88.0,0.0,36.96,0.0,36.96
17014E,ORIGAMI OPIUM INCENSE CONES,95.0,0.0,36.6,0.0,36.6
90141D,ROSE PENDANT TRIPLE SHELL NECKLACE,7.0,0.0,36.33,0.0,36.33
90214F,"LETTER ""F"" BLING KEY RING",44.0,0.0,36.28,0.0,36.28
90037D,TINY CRYSTALS BRACELET BLACK,14.0,0.0,35.87,0.0,35.87
90060B,FIRE POLISHED GLASS NECKL GOLD,6.0,0.0,35.7,0.0,35.7
90132,LIGHT TOPAZ TEAL/AQUA COL NECKLACE,7.0,0.0,35.63,0.0,35.63
47504J,ENGLISH ROSE SET/3 GARDEN TOOLS,5.0,4.0,67.25,31.8,35.45
90011C,GREEN CRYSTAL DROP EARRINGS,12.0,0.0,35.33,0.0,35.33
90152B,BLUE/GREEN SHELL NECKLACE W PENDANT,6.0,0.0,35.26,0.0,35.26
79063D,"RETRO PILL BOX , REVOLUTIONARY",189.0,0.0,35.14,0.0,35.14
90059B,DIAMANTE HAIR GRIP PACK/2 BLACK DIA,27.0,6.0,44.87,9.9,34.97
84745B,BLUE HANGING GINGHAM EASTER HEN,83.0,0.0,34.86,0.0,34.86
DCGS0058,MISO PRETTY  GUM,42.0,0.0,34.82,0.0,34.82
84546,CROCHET POODLE KEYRING,21.0,0.0,34.65,0.0,34.65
90081B,LILY BROOCH WHITE/SILVER COLOUR,7.0,0.0,34.65,0.0,34.65
35955,SMALL FOLKART CHRISTMAS TREE DEC,135.0,0.0,34.62,0.0,34.62
44265,M/COLOUR POM-POM CURTAIN,8.0,0.0,34.0,0.0,34.0
90066A,PINK VINTAGE VICTORIAN CHOKER,5.0,0.0,33.75,0.0,33.75
DCGS0003,BOXED GLASS ASHTRAY,13.0,0.0,32.59,0.0,32.59
85079,EMBROIDERED REINDEER DECORATION,23.0,0.0,32.25,0.0,32.25
84608,ORNATE EDWARDIAN CANDLE HOLDER,6.0,2.0,47.7,15.9,31.8
20952,PORCELAIN CHERUB BELL SMALL,329.0,260.0,150.72,119.16,31.56
90214O,"LETTER ""O"" BLING KEY RING",36.0,0.0,31.42,0.0,31.42
23632,SET 10 CARDS CHEERFUL ROBIN 17065,15.0,0.0,31.2,0.0,31.2
44091C,MULTICOLOUR CRUSOE CHECK LAMPSHADE,61.0,0.0,30.66,0.0,30.66
37348,SET OF 4 PASTEL STACKING MUGS,14.0,2.0,35.7,5.1,30.6
21919,Electronic Talking Breath-A-Loser,6.0,0.0,30.47,0.0,30.47
90076,MONTANA DIAMOND CLUSTER EARRINGS,12.0,1.0,33.0,2.55,30.45
37489B,BLUE/YELLOW FLOWER DESIGN BIG MUG,38.0,0.0,30.42,0.0,30.42
84745A,PINK HANGING GINGHAM EASTER HEN,72.0,0.0,30.24,0.0,30.24
90025F,BAROQUE BUTTERFLY EARRINGS CRYSTAL,8.0,0.0,30.23,0.0,30.23
18010,ASSORTED FRAGRANCE BATH CONFETTI,64.0,0.0,30.16,0.0,30.16
37491B,BLUE/YELLOW CERAMIC CANDLE HOLDER,14.0,0.0,30.08,0.0,30.08
47563B,WAVELINE SURF IRONING BOARD COVER,8.0,0.0,30.0,0.0,30.0
90176E,DIAMANTE NECKLACE GREEN,4.0,0.0,29.98,0.0,29.98
21767,FRENCH STYLE WIRE DOOR CABINET,1.0,0.0,29.95,0.0,29.95
21685,MEDINA STAMPED METAL TRAY,3.0,1.0,44.85,14.95,29.9
79065A,TEATIME ROUND CAKE TINS,4.0,1.0,39.8,9.95,29.85
22351,DOTCOMGIFTSHOP TEA TOWEL,15.0,0.0,29.81,0.0,29.81
35598A,DUSTY PINK CHRISTMAS TREE 60CM,10.0,0.0,29.5,0.0,29.5
10138,ASSORTED COLOUR JUMBO PEN,261.0,194.0,111.22,81.9,29.32
78034B,BLUE NETTING STORAGE HANGER,15.0,0.0,29.25,0.0,29.25
90214V,"LETTER ""V"" BLING KEY RING",38.0,0.0,28.98,0.0,28.98
37489D,PINK/GREEN FLOWER DESIGN BIG MUG,46.0,0.0,28.86,0.0,28.86
44089C,LILAC GAUZE BUTTERFLY LAMPSHADE,68.0,0.0,28.56,0.0,28.56
40005B,BLUE ORGANDY ROUND LAMPSHADE W BEA,33.0,0.0,28.05,0.0,28.05
17091F,SANDALWOOD INCENSE IN TIN,19.0,0.0,27.71,0.0,27.71
23613,SET 10 XMAS CARDS & BADGES 17070,11.0,0.0,27.39,0.0,27.39
23637,SET 10 CARDS OUT OF ORDER 17216,11.0,0.0,27.39,0.0,27.39
84030B,KNITTED POM POM HOT WATER BOTTLE,6.0,0.0,27.21,0.0,27.21
21097,SET/6 GREEN SPRING  PAPER PLATE,32.0,0.0,27.2,0.0,27.2
84867B,BLUE BABY BOY'S PHOTO ALBUM,2.0,0.0,27.14,0.0,27.14
90187A,BLUE DROP EARRINGS W BEAD CLUSTER,8.0,0.0,27.04,0.0,27.04
23702,High Resolution Image,4.0,0.0,27.0,0.0,27.0
17013F,ORIGAMI SANDLEWOOD INCENSE IN TUBE,62.0,0.0,26.7,0.0,26.7
90027A,GLASS BEAD HOOP EARRINGS BLACK,9.0,0.0,26.52,0.0,26.52
90025E,BAROQUE BUTTERFLY EARRINGS MONTANA,7.0,0.0,26.5,0.0,26.5
23636,SET 10 CARDS WISHING TREE 17116,9.0,0.0,26.19,0.0,26.19
90182A,AMBER 3 BEAD DROP EARRINGS,9.0,0.0,26.16,0.0,26.16
37489C,GREEN/BLUE FLOWER DESIGN BIG MUG,27.0,0.0,26.06,0.0,26.06
90041,PEARL AND CHERRY QUARTZ BRACLET,7.0,0.0,25.67,0.0,25.67
20954,*USB Office Mirror Ball,3.0,0.0,25.59,0.0,25.59
90142A,GREEN PENDANT SHELL NECKLACE,5.0,0.0,25.45,0.0,25.45
DCGS0070,CAMOUFLAGE DOG COLLAR,2.0,0.0,25.44,0.0,25.44
90214Y,"LETTER ""Y"" BLING KEY RING",68.0,0.0,25.34,0.0,25.34
90055,CRACKED GLAZE EARRINGS BROWN,10.0,0.0,25.28,0.0,25.28
35597D,PINK/WHITE CHRISTMAS TREE 30CM,58.0,0.0,25.28,0.0,25.28
90053,CRACKED GLAZE EARRINGS IVORY,10.0,0.0,25.23,0.0,25.23
90128C,GREEN LEAVES AND BEADS PHONE CHARM,17.0,0.0,25.04,0.0,25.04
23620,SET 10 CARDS PERFECT POST 17090,10.0,0.0,24.9,0.0,24.9
84550,CROCHET LILAC/RED BEAR KEYRING,15.0,0.0,24.75,0.0,24.75
35633B,BLUE TINSEL GARLAND,130.0,0.0,24.7,0.0,24.7
35596,WOOD XMAS TREE 9 FIG SHELVES,29.0,0.0,24.65,0.0,24.65
10124A,SPOTS ON RED BOOKCOVER TAPE,58.0,0.0,24.36,0.0,24.36
84575B,BROWN DOG CANNISTER W BONE,4.0,0.0,23.8,0.0,23.8
84611B,BLACK NEW BAROQUE FLOCK BOX,7.0,3.0,41.65,17.85,23.8
90128B,BLUE LEAVES AND BEADS PHONE CHARM,18.0,0.0,23.76,0.0,23.76
17014F,ORIGAMI SANDLEWOOD INCENSE CONES,61.0,0.0,23.7,0.0,23.7
90011E,AMBER CRYSTAL DROP EARRINGS,8.0,0.0,23.61,0.0,23.61
23623,SET 10 CARD CHRISTMAS WELCOME 17112,8.0,0.0,23.28,0.0,23.28
84456,SET OF 3 RABBIT EGG EASTER,37.0,12.0,33.15,10.2,22.95
90095,NECKLACE+BRACELET SET PINK BLOSSOM,8.0,0.0,22.91,0.0,22.91
90025C,BAROQUE BUTTERFLY EARRINGS GREEN,6.0,0.0,22.56,0.0,22.56
84450A,PINK RABBIT SITTING EASTER,52.0,4.0,24.18,1.68,22.5
84876C,SILVER HEART COMPACT MIRROR,7.0,1.0,26.25,3.75,22.5
85225,BLING KEY RING STAND,19.0,0.0,22.5,0.0,22.5
90189B,GOLD 2 STRAND NECKLACE-LEAF CHARMS,3.0,0.0,22.5,0.0,22.5
37477C,"FLOWER FAIRY MUG+COASTER,ROSE",6.0,0.0,22.5,0.0,22.5
23640,SET 10 CARDS SCOTTIE DOG 17211,9.0,0.0,22.41,0.0,22.41
23645,SET 10 CHRISTMAS CARDS HOHOHO 16956,9.0,0.0,22.41,0.0,22.41
35652,VINTAGE BEAD CHAISE LONG JEWEL BOX,18.0,0.0,21.5,0.0,21.5
90214Z,"LETTER ""Z"" BLING KEY RING",31.0,0.0,21.49,0.0,21.49
84387A,BIRD ON BRANCH CANVAS SCREEN,11.0,0.0,21.45,0.0,21.45
35591T,TURQUOISE CHRISTMAS TREE,17.0,0.0,21.25,0.0,21.25
21387,IVORY HANGING DECORATION  RABBIT,25.0,0.0,21.25,0.0,21.25
90128D,PURPLE LEAVES AND BEADS PHONE CHAR,13.0,0.0,21.24,0.0,21.24
21594,Dr. Jam's Arouzer Stress Ball,5.0,0.0,21.06,0.0,21.06
23692,WRAP A PRETTY THANK YOU,50.0,0.0,21.0,0.0,21.0
84868B,BLUE BABY BOY'S MEMORY BOX,5.0,2.0,34.75,13.9,20.85
DCGS0072,CAT CAMOUFLAGUE COLLAR,4.0,0.0,20.68,0.0,20.68
10002R,ROBOT PENCIL SHARPNER,4.0,0.0,20.57,0.0,20.57
79172D,PURPLE TINT ACRYLIC FLOWER VASE,24.0,0.0,20.4,0.0,20.4
47552A,DOTS IRONING BOARD COVER,12.0,2.0,23.4,3.3,20.1
90082C,DIAMANTE BOW BROOCH WHITE COLOUR,3.0,0.0,19.93,0.0,19.93
90127A,PINK BEADS+HAND PHONE CHARM,14.0,0.0,19.92,0.0,19.92
23601,SET 10 CARDS SNOWY SNOWDROPS  17100,8.0,0.0,19.92,0.0,19.92
23616,SET 10 CARDS JINGLE BELLS 17217,8.0,0.0,19.92,0.0,19.92
23646,SET 10 CARDS JINGLE BELLS 16957,8.0,0.0,19.92,0.0,19.92
84570B,WHITE SATIN DRESS JEWEL STAND,4.0,0.0,19.8,0.0,19.8
37487B,YELLOW/ORANGE FLOWER DESIGN PLATE,68.0,0.0,19.72,0.0,19.72
44092C,PURPLE/COPPER HANGING LAMPSHADE,23.0,0.0,19.55,0.0,19.55
20680,PINK FLOWERS CHILDS UMBRELLA,6.0,0.0,19.5,0.0,19.5
79062D,"RETRO TIN ASHTRAY,REVOLUTIONARY",52.0,0.0,19.4,0.0,19.4
81950V,FLOWER PURPLE CLOCK WITH SUCKER,32.0,0.0,18.8,0.0,18.8
90025D,BAROQUE BUTTERFLY EARRINGS PINK,5.0,0.0,18.69,0.0,18.69
84732B,CUTE BIRD CEATURE SCREEN,28.0,0.0,18.48,0.0,18.48
84311,CAMOFLAGE CUSHION COVER,11.0,0.0,18.15,0.0,18.15
72796A,S/3 ENGLISH LAVENDER SQU CANDLE,11.0,0.0,18.15,0.0,18.15
71050,SMALL SINGLE FLAME CANDLE HOLDER,51.0,0.0,17.85,0.0,17.85
18097B,BLUE TALL PORCELAIN T-LIGHT HOLDER,7.0,0.0,17.85,0.0,17.85
21450,DISTRESSED CANDLE STICK WHITE,13.0,10.0,77.35,59.5,17.85
84614C,BLUE BAROQUE FLOCK CANDLE HOLDER,3.0,0.0,17.85,0.0,17.85
90182B,AMETHYST 3 BEAD DROP EARRINGS,6.0,0.0,17.53,0.0,17.53
23627,SET 10 CARDS XMAS GRAPHIC  17218,7.0,0.0,17.43,0.0,17.43
DCGS0066N,NAVY CUDDLES DOG HOODIE,2.0,0.0,17.3,0.0,17.3
DCGS0068,DOGS NIGHT COLLAR,2.0,0.0,17.12,0.0,17.12
21120,*Boombox Ipod Classic,1.0,0.0,16.98,0.0,16.98
72805,VANILLA CANDLE IN EMBOSSED ZINC POT,10.0,0.0,16.9,0.0,16.9
37488A,YELLOW PINK FLOWER DESIGN BIG BOWL,31.0,1.0,19.77,2.95,16.82
44089A,PINK GAUZE BUTTERFLY LAMPSHADE,40.0,0.0,16.8,0.0,16.8
72785A,S/4 CONTEMPORY PINK ROSEBUD CANDLES,8.0,0.0,16.8,0.0,16.8
21511,VINTAGE COLLAGE  GREETING  CARD,40.0,0.0,16.8,0.0,16.8
23644,SET 10 CARDS CHRISTMAS TREE 16955,5.0,0.0,16.65,0.0,16.65
90102,WHITE FRANGIPANI HAIR CLIP,19.0,0.0,16.11,0.0,16.11
62074B,ELEPHANT CLIP W SUCTION CUP,38.0,0.0,15.96,0.0,15.96
84250M,"GREETING CARD, BLACKPOOL ROCK",28.0,0.0,15.9,0.0,15.9
84630,FLOWERS AND BIRDS WALL PLAQUE,2.0,0.0,15.9,0.0,15.9
35932,PINK CHRISTMAS TREE DECORATION,37.0,0.0,15.63,0.0,15.63
21560,TOADSTOOL  LUNCHBOX WITH CUTLERY,4.0,0.0,15.44,0.0,15.44
21853,GUMBALL CUSTOM CARS TOP TRUMPS GAME,3.0,0.0,15.4,0.0,15.4
37481,CUBIC MUG TEATIME CAKES,6.0,0.0,15.3,0.0,15.3
17174,ASSTD RASTA KEY-CHAINS,36.0,0.0,15.12,0.0,15.12
84206A,3 BLACK CATS W HEARTS BLANK CARD,79.0,0.0,15.01,0.0,15.01
90068,"RUBY GLASS NECKLACE 42""",2.0,0.0,15.0,0.0,15.0
23449,SET OF 6 EASTER RAINBOW CHICKS,12.0,0.0,15.0,0.0,15.0
23621,SET 10 CARDS DAVID'S MADONNA 17074,6.0,0.0,14.94,0.0,14.94
35650,VINTAGE BEAD PINK JEWEL STAND,3.0,0.0,14.85,0.0,14.85
84567,FROSTED GLASS WITH SILVER SURROUND,9.0,0.0,14.85,0.0,14.85
90011D,PURPLE CRYSTAL DROP EARRINGS,5.0,0.0,14.75,0.0,14.75
SP1002,KID'S CHALKBOARD/EASEL,5.0,0.0,14.75,0.0,14.75
23634,SET 10 CARDS XMAS CHOIR 17068,5.0,0.0,14.55,0.0,14.55
90077,BLACK DIAMOND CLUSTER EARRINGS,5.0,0.0,14.4,0.0,14.4
10124G,ARMY CAMO BOOKCOVER TAPE,33.0,0.0,14.28,0.0,14.28
21852,EMPIRE TEDDY,2.0,0.0,13.9,0.0,13.9
84868A,PINK BABY GIRL'S MEMORY BOX,2.0,0.0,13.9,0.0,13.9
16245A,PINK MINI STATIONERY SET W CASE,11.0,0.0,13.75,0.0,13.75
35936,CERISE+GOLD CHRISTMAS TREE DEC,36.0,0.0,13.68,0.0,13.68
84814B,RHOMBUS CRYSTAL PERFUME BOTTLE,7.0,0.0,13.65,0.0,13.65
35443,RASTA IN BATH W SPLIFF ASHTRAY,16.0,0.0,13.6,0.0,13.6
62097B,BLUE STRIPES SHOULDER BAG,11.0,0.0,13.37,0.0,13.37
23639,SET 10 CARDS MAGICAL TREE 17086,4.0,0.0,13.32,0.0,13.32
23607,SET 10 CARDS HATS & STOCKINGS 17081,8.0,0.0,13.28,0.0,13.28
16192,PINK BALLET OPENING CUBE BOX,3.0,0.0,12.9,0.0,12.9
78056,CAMOUFLAGE BACKPACK ON WHEELS,3.0,2.0,29.85,17.0,12.85
84247J,PACK/12 RUSSIAN DOLL CARDS,10.0,0.0,12.78,0.0,12.78
84648,NEW BAROQUE WALL MIRROR,1.0,0.0,12.75,0.0,12.75
20812,EMBOSSED FLOWER TRELLIS PHOTO FRAME,5.0,0.0,12.75,0.0,12.75
21772,VINTAGE METAL CAKE STAND CREAM,1.0,0.0,12.75,0.0,12.75
44092B,BLUE WHITE PLASTIC RINGS LAMPSHADE,15.0,0.0,12.75,0.0,12.75
72752B,"F.FAIRY,CANDLE IN GLASS,LAVENDER",3.0,0.0,12.75,0.0,12.75
85157,SET OF 2 CHESTS CHOCOLAT AU LAIT,1.0,0.0,12.72,0.0,12.72
DCGS0037,KEY-RING CORKSCREW,1.0,0.0,12.72,0.0,12.72
DCGS0075,CAMOUFLAGUE DOG LEAD,1.0,0.0,12.72,0.0,12.72
35751C,PURPLE CURRENT CANDLE RING,31.0,0.0,12.61,0.0,12.61
35597A,DUSTY PINK CHRISTMAS TREE 30CM,10.0,0.0,12.5,0.0,12.5
23635,SET 10 CARDS CHRISTMAS HOLLY  17259,3.0,0.0,12.48,0.0,12.48
23654,SET 10 CARD SNOWMAN 16965,5.0,0.0,12.45,0.0,12.45
90000C,OPAL WHITE/SILVER FLOWER NECKLACE,2.0,0.0,12.32,0.0,12.32
79149B,SILICON STAR BULB  BLUE,29.0,0.0,12.18,0.0,12.18
44242A,LILAC FEATHERS CURTAIN,14.0,0.0,11.98,0.0,11.98
22206,"MUG , DOTCOMGIFTSHOP.COM",14.0,0.0,11.82,0.0,11.82
23605,SET 10 CARDS 12 DAYS OF XMAS 17059,4.0,0.0,11.64,0.0,11.64
23608,SET 10 CARDS RUDOLPHS NOSE 17097,4.0,0.0,11.64,0.0,11.64
90025B,BAROQUE BUTTERFLY EARRINGS RED,3.0,0.0,11.29,0.0,11.29
79070B,ENGLISH ROSE SQUARE CAKE TINS,1.0,0.0,11.26,0.0,11.26
35918B,BLUE FLORIBUNDA EGG WARMER,10.0,1.0,12.5,1.25,11.25
51012L,"FEATHER DUSTER, LIGHT PINK",10.0,1.0,12.5,1.25,11.25
84366,VENDETTA CANVAS PICTURE,3.0,0.0,11.25,0.0,11.25
84743C,ORANGE FELT VASE + FLOWERS,9.0,0.0,11.25,0.0,11.25
17011B,ORIGAMI JASMINE INCENSE+FLOWER,19.0,0.0,11.1,0.0,11.1
72785B,S/4 CONTEMPORY RED ROSEBUD CANDLES,9.0,0.0,10.9,0.0,10.9
84732D,CUTE RABBIT CEATURE SCREEN,15.0,0.0,10.89,0.0,10.89
16169A,WRAP CHRISTMAS DECOUPAGE,25.0,0.0,10.5,0.0,10.5
16169G,WRAP ROMANTIC DECOUPAGE,25.0,0.0,10.5,0.0,10.5
17084G,MOON INCENSE,50.0,0.0,10.5,0.0,10.5
21857,STAR WARS TOP TRUMPS GAME,2.0,0.0,10.23,0.0,10.23
21858,HIGH SCHOOL MUSICAL 3 TOP TRUMPS,2.0,0.0,10.23,0.0,10.23
20939,ORANGE CANDLE,12.0,0.0,10.2,0.0,10.2
90214W,"LETTER ""W"" BLING KEY RING",19.0,0.0,10.17,0.0,10.17
23615,SET 10 CARDS PRINTED GRAPHIC 17219,4.0,0.0,9.96,0.0,9.96
23619,SET 10 CARDS POINSETTIA 17093,4.0,0.0,9.96,0.0,9.96
23624,SET 10 CARD PERFECT NATIVITY 17089,4.0,0.0,9.96,0.0,9.96
23650,SET 10 CARDS FILIGREE BAUBLE 16961,4.0,0.0,9.96,0.0,9.96
81953P,ROUND ARTICULATED PINK CLOCK W/SUCK,33.0,0.0,9.57,0.0,9.57
23441,HAND PAINTED HANGING EASTER EGG,22.0,0.0,9.24,0.0,9.24
72708,SCULPTED ROUND IVORY CANDLE,44.0,0.0,9.24,0.0,9.24
35598C,WHITE CHRISTMAS TREE 60CM,3.0,0.0,8.85,0.0,8.85
62097A,PINK STRIPES SHOULDER BAG,3.0,0.0,8.85,0.0,8.85
18098B,BLUE PORCELAIN B'FLY OIL BURNER,3.0,0.0,8.85,0.0,8.85
20882,MODERN CHRISTMAS TREE CANDLE,3.0,0.0,8.85,0.0,8.85
71496B,A4 WALL TIDY RED FLOWERS,15.0,0.0,8.67,0.0,8.67
20739,*USB Office Glitter Lamp,1.0,0.0,8.65,0.0,8.65
21406,SPOTTY CAT DOORSTOP,1.0,0.0,8.65,0.0,8.65
90013E,AMBER VINTAGE EARRINGS,2.0,0.0,8.57,0.0,8.57
79323B,BLACK CHERRY LIGHTS,242.0,248.0,1565.7,1557.2,8.5
84572,6 HOOK JEWEL STAND LILAC DRESS,1.0,0.0,8.49,0.0,8.49
90126B,BLUE BERTIE MOBILE PHONE CHARM,3.0,0.0,8.48,0.0,8.48
23612,SET 10 MINICARDS CUTE SNOWMAN 17071,5.0,0.0,8.3,0.0,8.3
44091A,BLUE CRUSOE CHECK LAMPSHADE,18.0,0.0,7.56,0.0,7.56
46037A,PINK CANVAS DES CUSHION COVER,6.0,0.0,7.5,0.0,7.5
82011E,"BATHROOM SCALES, FAG BREAK",2.0,0.0,7.5,0.0,7.5
90025A,BAROQUE BUTTERFLY EARRINGS BLACK,2.0,0.0,7.5,0.0,7.5
23633,SET 10 CARDS WORLD CHILDREN 17067,3.0,0.0,7.47,0.0,7.47
84201B,HAPPY BIRTHDAY CARD STRIPEY TEDDY,39.0,0.0,7.41,0.0,7.41
90111,BLUE HIBISCUS  HAIR CLIP,7.0,0.0,7.35,0.0,7.35
85230C,ROSE SCENTED VOTIVE CANDLE,24.0,0.0,6.96,0.0,6.96
85230D,VANILLA SCENTED VOTIVE CANDLE,24.0,0.0,6.96,0.0,6.96
37484,ENGLISH ROSE TEA FOR ONE GIFT BOX,1.0,0.0,6.75,0.0,6.75
48173A,DOOR MAT BLUE FLOCK,1.0,0.0,6.75,0.0,6.75
85185E,DUCK SOCK PUPPET,4.0,2.0,11.8,5.1,6.7
23604,SET 10 MINI SANTA & SNOWMAN  17087,4.0,0.0,6.64,0.0,6.64
20678,LARGE BLACK DIAMANTE HAIRSLIDE,4.0,0.0,6.6,0.0,6.6
20858,SILVER PURSE GOLD PINK BUTTERFLY,4.0,0.0,6.6,0.0,6.6
20884,MODERN CHRISTMAS TREE CANDLE,3.0,0.0,6.3,0.0,6.3
79140,ASS WINDPROOF MARIJUANA LIGHTERS,15.0,0.0,6.3,0.0,6.3
37408,ASSORTED DESIGN GEISHA GIRL MUGS,5.0,0.0,6.25,0.0,6.25
82072,WHITE WOOD SINGLE P/FRAME,5.0,0.0,6.25,0.0,6.25
20673,STRAWBERRIES PRINT BOWL,5.0,0.0,6.25,0.0,6.25
20942,SET/6 GINGERBREAD TREE T-LIGHTS,6.0,1.0,7.5,1.25,6.25
23610,SET 10 CARDS CHRISTMAS ROBIN 17095,3.0,0.0,6.24,0.0,6.24
85123B,ZINC HANGING HEART T-LITE HLDR,1.0,0.0,6.04,0.0,6.04
85077,KISSING REINDEER TABLE RUNNER,1.0,0.0,5.95,0.0,5.95
37409,ASSORTED DESIGN FLOWER MUGS,7.0,0.0,5.95,0.0,5.95
72751A,"F.FAIRY S/3 SML CANDLE,LILY/VALLEY",1.0,0.0,5.95,0.0,5.95
72751B,"F.FAIRY S/3 SML CANDLE, LAVENDER",1.0,0.0,5.95,0.0,5.95
72751C,"F.FAIRY S/3 SML CANDLE, ROSE",1.0,0.0,5.95,0.0,5.95
35821P,"JEWELLED DECORATION,PINK",2.0,0.0,5.9,0.0,5.9
35823P,"ACRYLIC BEAD GARLAND,PINK",2.0,0.0,5.9,0.0,5.9
79303A,WHITE ROHMBIC BLOCK TABLE LAMP,2.0,0.0,5.9,0.0,5.9
18098A,PINK PORCELAIN B'FLY OIL BURNER,2.0,0.0,5.9,0.0,5.9
35051B,PINK BEADED CONE CHRISTMAS,14.0,0.0,5.88,0.0,5.88
85186B,BUNNY BUNCH OF FLOWERS,14.0,0.0,5.88,0.0,5.88
23617,SET 10 CARDS SWIRLY XMAS TREE 17104,2.0,0.0,5.82,0.0,5.82
23638,SET 10 CARDS ROBIN WATERPUMP  17096,2.0,0.0,5.82,0.0,5.82
23652,SET 10 CARD CHRISTMAS STAMPS 16963,2.0,0.0,5.82,0.0,5.82
35537,CANDLE RING W/CLEAR BEADS,13.0,0.0,5.46,0.0,5.46
21838,DADDY MOUSE RED GINGHAM BOW TIE,1.0,0.0,5.45,0.0,5.45
35751D,PINK CURRENT CANDLE RING,28.0,0.0,5.32,0.0,5.32
16215,FUNKY GIRLZ MAGNETIC TO DO LIST,8.0,0.0,5.2,0.0,5.2
21854,EURO FOOTBALL STARS TOP TRUMPS GAME,1.0,0.0,5.17,0.0,5.17
21860,DR WHO TOP TRUMPS GAME,1.0,0.0,5.17,0.0,5.17
71101A,ANGEL ON KNEES METAL POLE 100CM H,6.0,0.0,5.1,0.0,5.1
71434B,"BLACK RND BULLET""KEEP CLEAN"" BIN",2.0,0.0,5.1,0.0,5.1
90142B,IVORY PENDANT SHELL NECKLACE,1.0,0.0,5.09,0.0,5.09
90142C,ROSE PINK PENDANT SHELL NECKLACE,1.0,0.0,5.09,0.0,5.09
84942,KASHMIR FOLKART HEART DISHES,3.0,0.0,5.07,0.0,5.07
DCGS0041,HAYNES MINI-COOPER PLAYING CARDS,1.0,0.0,5.06,0.0,5.06
72740B,LARGE WHITE CHOCOLATE CANDLE,1.0,0.0,5.06,0.0,5.06
20877,MODERN CHRISTMAS BAUBLE CANDLE,12.0,0.0,5.04,0.0,5.04
23649,SET 10 CARDS DECK THE HALLS 16960,2.0,0.0,4.98,0.0,4.98
85232C,RUSSIAN FOLKART STACKING TINS,1.0,0.0,4.95,0.0,4.95
90214U,"LETTER ""U"" BLING KEY RING",13.0,0.0,4.73,0.0,4.73
45014,FOLDING SHIRT TIDY,1.0,0.0,4.65,0.0,4.65
81953B,ROUND BLUE CLOCK WITH SUCKER,14.0,0.0,4.64,0.0,4.64
79151B,"SILICON CUBE 25W, BLUE",11.0,0.0,4.62,0.0,4.62
37326,FAIRY DESIGN MUGS,2.0,0.0,4.61,0.0,4.61
72752A,"F.FAIRY,CANDLE IN GLASS,LILY/VALLEY",1.0,0.0,4.25,0.0,4.25
79157B,UBO-LIGHT TRIOBASE BLUE,5.0,0.0,4.25,0.0,4.25
79157V,UBO-LIGHT TRIOBASE PURPLE,5.0,0.0,4.25,0.0,4.25
21409,SPOTTY COCKEREL DOORSTOP,1.0,0.0,4.25,0.0,4.25
84255A,PINK GLASS COCKTAIL LAMP,2.0,0.0,4.2,0.0,4.2
37432,MUG PINK AND PURPLE ARABIC DESIGN,6.0,0.0,3.9,0.0,3.9
72084B,CHOCOLATE ICE CREAM CANDLE,2.0,0.0,3.9,0.0,3.9
16010,FOLDING CAMPING SCISSOR W/KNIF & S,32.0,0.0,3.84,0.0,3.84
35995,SET/6 BLACK GLITTER REINDEER CANDLE,5.0,0.0,3.78,0.0,3.78
35974,S/6 CHRISTMAS TREE PLACE SETTING,1.0,0.0,3.75,0.0,3.75
37438,FUNKY FLOWER COFFEE POT,1.0,0.0,3.75,0.0,3.75
40046C,PINK BUTTERFLY PAPER LAMPSHADE,3.0,0.0,3.75,0.0,3.75
90004A,JADE GREEN PAIR ENAMEL HAIR SLIDES,1.0,0.0,3.75,0.0,3.75
84731,3 BIRDS CANVAS SCREEN,3.0,0.0,3.69,0.0,3.69
35001P,HAND OPEN SHAPE PINK,2.0,1.0,6.98,3.49,3.49
35818C,"ACRYLIC JEWEL ICICLE, CLEAR",1.0,0.0,3.43,0.0,3.43
21081,SET/20 POSIES PAPER NAPKINS,4.0,0.0,3.4,0.0,3.4
23643,SET 10 CARDS CHRISTMAS BAUBLE 16954,1.0,0.0,3.33,0.0,3.33
20683,RAIN GIRL CHILDS UMBRELLA,1.0,0.0,3.25,0.0,3.25
23602,SET 10 CARDS 3 WISE MEN 17107,1.0,0.0,2.91,0.0,2.91
23609,SET 10 CARDS SNOWY ROBIN 17099,1.0,0.0,2.91,0.0,2.91
23628,SET 10 CARDS TRIANGLE ICONS  17220,1.0,0.0,2.91,0.0,2.91
DCGS0044,HANDZ-OFF CAR FRESHENER,1.0,0.0,2.57,0.0,2.57
85171,S/2 HYACINTH BULB CANDLES,1.0,0.0,2.55,0.0,2.55
90091,CRYSTAL DRAGONFLY PHONE CHARM,3.0,0.0,2.55,0.0,2.55
35999,S/6 SCANDINAVIAN HEART T-LIGHT,1.0,0.0,2.55,0.0,2.55
47554,S/3 COLOURS FLOCK TEA TOWELS,1.0,0.0,2.55,0.0,2.55
47556,SET/2 SPOTTY + ROSE TEA TOWELS,1.0,0.0,2.55,0.0,2.55
20881,MODERN CHRISTMAS TREE CANDLE,3.0,0.0,2.55,0.0,2.55
21036,SET/2 TEA TOWELS MODERN VINTAGE,1.0,0.0,2.55,0.0,2.55
17028J,INCENSE BAZAAR PEACH,6.0,0.0,2.52,0.0,2.52
21008,ETCHED GLASS HEART TREE DECORATION,1.0,0.0,2.51,0.0,2.51
DCGS0062,ROAD-RAGE CAR FRESHENER,1.0,0.0,2.51,0.0,2.51
90127B,BLUE BEADS+HAND PHONE CHARM,2.0,0.0,2.5,0.0,2.5
21225,POCKET MIRROR BUTTERFLY,2.0,0.0,2.5,0.0,2.5
21290,LARGE SPOTTY CHOCOLATE GIFT BAG,2.0,0.0,2.5,0.0,2.5
23630,SET 10 CARDS HANGING BAUBLES 17080,2.0,1.0,5.48,2.99,2.49
17061,ASSORTED SHAPED STENCIL FOR HENNA,52.0,0.0,2.08,0.0,2.08
84814A,HEXAGONAL CRYSTAL PERFUME BOTTLE,1.0,0.0,1.95,0.0,1.95
85192S,HANGING SPRING FLOWER HEART SMALL,3.0,0.0,1.95,0.0,1.95
35945,GOLD CHRISTMAS STOCKING DECORATION,1.0,0.0,1.95,0.0,1.95
46138D,GREEN CHENILLE SHAGGY C/COVER,1.0,0.0,1.95,0.0,1.95
84201C,HAPPY BIRTHDAY CARD TEDDY/CAKE,10.0,0.0,1.9,0.0,1.9
84206C,CHAMPAGNE TRAY BLANK CARD,10.0,0.0,1.9,0.0,1.9
84206B,CAT WITH SUNGLASSES BLANK CARD,9.0,0.0,1.71,0.0,1.71
20737,RED MINI TAPE MEASURE,1.0,0.0,1.7,0.0,1.7
30086C,ASSORTED FRUIT STRAWS,1.0,0.0,1.7,0.0,1.7
35837,SET OF SIX SILVER+RED FLOCK BAUBLES,2.0,0.0,1.7,0.0,1.7
72754D,F FAIRY POTPOURRI CUSHIONS SUMMER,1.0,0.0,1.69,0.0,1.69
10109,BENDY COLOUR PENCILS,4.0,0.0,1.68,0.0,1.68
21585,SWALLOW SMALL TUBE MATCHES,1.0,0.0,1.65,0.0,1.65
85024A,CRYSTAL SMALL JEWELLED PHOTOFRAME,1.0,0.0,1.65,0.0,1.65
23664,FLOWER SHOP DESIGN MUG,1.0,0.0,1.65,0.0,1.65
72796C,S/3 ROSE GARDEN SCENT SQU CANDLE,1.0,0.0,1.65,0.0,1.65
35980B,RED TOP SCANDINAVIAN HEART,4.0,0.0,1.52,0.0,1.52
35950,FOLKART HEART CHRISTMAS DECORATIONS,1.0,0.0,1.25,0.0,1.25
84845A,HOLLYHOCK SQUARE HANDY TIN,1.0,0.0,1.25,0.0,1.25
20721,OWLS CHARLOTTE BAG,1.0,0.0,0.85,0.0,0.85
84205C,HAPPY BIRTHDAY GINGER CAT CARD,2.0,0.0,0.38,0.0,0.38
35930,PINK HEART CHRISTMAS DECORATION,1.0,0.0,0.38,0.0,0.38
22850,BREAD BIN DINER STYLE BLACK,8.0,8.0,123.6,123.6,0.0
23843,"PAPER CRAFT , LITTLE BIRDIE",80995.0,80995.0,168469.6,168469.6,0.0
44217M,MULTICOLOUR FEATHERS CURTAIN,72.0,72.0,236.4,236.4,0.0
47569,ENGLISH ROSE DESIGN SHOPPING BAG,1.0,1.0,2.55,2.55,0.0
20715,LITTLE FLOWER SHOPPER BAG,400.0,400.0,424.0,424.0,0.0
20791,BLUE TILED SET OF 3 DRAWERS,5.0,5.0,63.75,63.75,0.0
20822,SILVER WINE GOBLET,2.0,2.0,9.3,9.3,0.0
20885,BOX OF 3 PEBBLE CANDLES,1.0,1.0,2.95,2.95,0.0
21475,SWEETHEART CREAM STEEL FOLDIN CHAIR,1.0,1.0,14.95,14.95,0.0
21496,WOODLAND CREATURES  WRAP,25.0,25.0,10.5,10.5,0.0
21525,BEWARE OF THE CAT DOORMAT,2.0,2.0,13.5,13.5,0.0
GIFT_0001_80,Dotcomgiftshop Gift Voucher £80.00,1.0,1.0,69.56,69.56,0.0
35631B,BLUE GREEN CHRISTMAS HANGING BALL,0.0,1.0,0.0,0.19,-0.19
85083,KISS REINDEER SCANDINAVIAN STOCKING,5.0,6.0,12.75,15.3,-2.55
37451,CERAMIC CAKE TEAPOT WITH CHERRY,1.0,2.0,4.95,8.5,-3.55
21053,ZINC HEART HANGER WITH HOOKS,0.0,1.0,0.0,4.25,-4.25
85219,S/4 HEART CRYSTAL FRIDGE MAGNETS,0.0,3.0,0.0,4.95,-4.95
21346,LARGE SILVER BALUSTRADE CANDLESTICK,0.0,1.0,0.0,5.95,-5.95
85043,RED HEART CANDY POP LIGHTS,1.0,3.0,4.95,14.85,-9.9
35001C,HAND OPEN SHAPE CHROME,0.0,3.0,0.0,10.17,-10.17
21254,SET OF KITCHEN WALL  STICKERS,0.0,4.0,0.0,11.8,-11.8
47567,ENGLISH ROSE DESIGN KITCHEN APRON,0.0,2.0,0.0,11.9,-11.9
35976B,WHITE SCANDINAVIAN HEART CHRISTMAS,1.0,12.0,1.25,15.0,-13.75
20779,PINK EAR MUFF HEADPHONES,0.0,3.0,0.0,14.79,-14.79
79340P,PURPLE ORCHID FLOWER LIGHTS,0.0,2.0,0.0,15.9,-15.9
21315,LARGE GLASS HEART TRINKET POT,0.0,4.0,0.0,17.0,-17.0
79301,FEATHER HEART LIGHTS,1.0,9.0,2.95,22.95,-20.0
21701,SET 6 MINI SUSHI SET FRIDGE MAGNETS,0.0,12.0,0.0,20.28,-20.28
35603B,S/16 BLACK SHINY/MAT BAUBLES,50.0,24.0,21.0,50.4,-29.4
21766,VINTAGE WOOD ORGANISER,0.0,2.0,0.0,33.9,-33.9
79340W,WHITE ORCHID FLOWER LIGHTS,0.0,6.0,0.0,45.3,-45.3
85069,CREAM SWEETHEART DOUBLE SHELF,3.0,6.0,50.85,101.7,-50.85
22003,VINTAGE BLUE VACUUM FLASK 0.5L,0.0,10.0,0.0,67.5,-67.5
20879,TREE OF NOAH FESTIVE SCENTED CANDLE,57.0,96.0,67.8,201.6,-133.8
