line_id,invoice_id,stock_code,description,quantity,invoice_at,unit_price,customer_id,country,line_amount,transaction_type,is_service_line
1067371,581587,POST,POSTAGE,1,2011-12-09 12:50:00,18.0,12680.0,France,18.0,sale,1
1067370,581587,22138,BAKING SET 9 PIECE RETROSPOT,3,2011-12-09 12:50:00,4.95,12680.0,France,14.85,sale,0
1067369,581587,23255,CHILDRENS CUTLERY CIRCUS PARADE,4,2011-12-09 12:50:00,4.15,12680.0,France,16.6,sale,0
1067368,581587,23254,CHILDRENS CUTLERY DOLLY GIRL,4,2011-12-09 12:50:00,4.15,12680.0,France,16.6,sale,0
1067367,581587,22899,CHILDREN'S APRON DOLLY GIRL,6,2011-12-09 12:50:00,2.1,12680.0,France,12.6,sale,0
1067366,581587,22613,PACK OF 20 SPACEBOY NAPKINS,12,2011-12-09 12:50:00,0.85,12680.0,France,10.2,sale,0
1067365,581587,23256,CHILDRENS CUTLERY SPACEBOY,4,2011-12-09 12:50:00,4.15,12680.0,France,16.6,sale,0
1067364,581587,22629,SPACEBOY LUNCH BOX,12,2011-12-09 12:50:00,1.95,12680.0,France,23.4,sale,0
1067363,581587,22367,CHILDRENS APRON SPACEBOY DESIGN,8,2011-12-09 12:50:00,1.95,12680.0,France,15.6,sale,0
1067362,581587,22730,ALARM CLOCK BAKELIKE IVORY,4,2011-12-09 12:50:00,3.75,12680.0,France,15.0,sale,0
1067361,581587,22726,ALARM CLOCK BAKELIKE GREEN,4,2011-12-09 12:50:00,3.75,12680.0,France,15.0,sale,0
1067360,581587,22727,ALARM CLOCK BAKELIKE RED,4,2011-12-09 12:50:00,3.75,12680.0,France,15.0,sale,0
1067359,581587,22728,ALARM CLOCK BAKELIKE PINK,4,2011-12-09 12:50:00,3.75,12680.0,France,15.0,sale,0
1067358,581587,22555,PLASTERS IN TIN STRONGMAN,12,2011-12-09 12:50:00,1.65,12680.0,France,19.8,sale,0
1067357,581587,22556,PLASTERS IN TIN CIRCUS PARADE,12,2011-12-09 12:50:00,1.65,12680.0,France,19.8,sale,0
1067356,581587,22631,CIRCUS PARADE LUNCH BOX,12,2011-12-09 12:50:00,1.95,12680.0,France,23.4,sale,0
1067355,581586,20685,DOORMAT RED RETROSPOT,10,2011-12-09 12:49:00,7.08,13113.0,United Kingdom,70.8,sale,0
1067354,581586,21217,RED RETROSPOT ROUND CAKE TINS,24,2011-12-09 12:49:00,8.95,13113.0,United Kingdom,214.8,sale,0
1067353,581586,23275,SET OF 3 HANGING OWLS OLLIE BEAK,24,2011-12-09 12:49:00,1.25,13113.0,United Kingdom,30.0,sale,0
1067352,581586,22061,LARGE CAKE STAND  HANGING STRAWBERY,8,2011-12-09 12:49:00,2.95,13113.0,United Kingdom,23.6,sale,0
1067351,581585,22466,FAIRY TALE COTTAGE NIGHT LIGHT,12,2011-12-09 12:31:00,1.95,15804.0,United Kingdom,23.4,sale,0
1067350,581585,23145,ZINC T-LIGHT HOLDER STAR LARGE,12,2011-12-09 12:31:00,0.95,15804.0,United Kingdom,11.4,sale,0
1067349,581585,23328,SET 6 SCHOOL MILK BOTTLES IN CRATE,4,2011-12-09 12:31:00,3.75,15804.0,United Kingdom,15.0,sale,0
1067348,581585,22398,MAGNETS PACK OF 4 SWALLOWS,12,2011-12-09 12:31:00,0.39,15804.0,United Kingdom,4.68,sale,0
1067347,581585,21684,SMALL MEDINA STAMPED METAL BOWL,12,2011-12-09 12:31:00,0.85,15804.0,United Kingdom,10.2,sale,0
1067346,581585,84946,ANTIQUE SILVER T-LIGHT GLASS,12,2011-12-09 12:31:00,1.25,15804.0,United Kingdom,15.0,sale,0
1067345,581585,84692,BOX OF 24 COCKTAIL PARASOLS,25,2011-12-09 12:31:00,0.42,15804.0,United Kingdom,10.5,sale,0
1067344,581585,21916,SET 12 RETRO WHITE CHALK STICKS,24,2011-12-09 12:31:00,0.42,15804.0,United Kingdom,10.08,sale,0
1067343,581585,16016,LARGE CHINESE STYLE SCISSOR,10,2011-12-09 12:31:00,0.85,15804.0,United Kingdom,8.5,sale,0
1067342,581585,22727,ALARM CLOCK BAKELIKE RED,4,2011-12-09 12:31:00,3.75,15804.0,United Kingdom,15.0,sale,0
1067341,581585,22726,ALARM CLOCK BAKELIKE GREEN,8,2011-12-09 12:31:00,3.75,15804.0,United Kingdom,30.0,sale,0
1067340,581585,23356,LOVE HOT WATER BOTTLE,3,2011-12-09 12:31:00,5.95,15804.0,United Kingdom,17.85,sale,0
1067339,581585,22113,GREY HEART HOT WATER BOTTLE,4,2011-12-09 12:31:00,4.25,15804.0,United Kingdom,17.0,sale,0
1067338,581585,84945,MULTI COLOUR SILVER T-LIGHT HOLDER,24,2011-12-09 12:31:00,0.85,15804.0,United Kingdom,20.4,sale,0
1067337,581585,84879,ASSORTED COLOUR BIRD ORNAMENT,16,2011-12-09 12:31:00,1.69,15804.0,United Kingdom,27.04,sale,0
1067336,581585,23084,RABBIT NIGHT LIGHT,12,2011-12-09 12:31:00,2.08,15804.0,United Kingdom,24.96,sale,0
1067335,581585,84832,ZINC WILLIE WINKIE  CANDLE STICK,24,2011-12-09 12:31:00,0.85,15804.0,United Kingdom,20.4,sale,0
1067334,581585,22460,EMBOSSED GLASS TEALIGHT HOLDER,12,2011-12-09 12:31:00,1.25,15804.0,United Kingdom,15.0,sale,0
1067333,581585,22178,VICTORIAN GLASS HANGING T-LIGHT,12,2011-12-09 12:31:00,1.95,15804.0,United Kingdom,23.4,sale,0
1067332,581585,22915,ASSORTED BOTTLE TOP  MAGNETS,24,2011-12-09 12:31:00,0.19,15804.0,United Kingdom,4.56,sale,0
1067331,581585,22481,BLACK TEA TOWEL CLASSIC DESIGN,12,2011-12-09 12:31:00,0.39,15804.0,United Kingdom,4.68,sale,0
1067330,581584,85038,6 CHOCOLATE LOVE HEART T-LIGHTS,48,2011-12-09 12:25:00,1.85,13777.0,United Kingdom,88.8,sale,0
1067329,581584,20832,RED FLOCK LOVE HEART PHOTO FRAME,72,2011-12-09 12:25:00,0.72,13777.0,United Kingdom,51.84,sale,0
1067328,581583,85038,6 CHOCOLATE LOVE HEART T-LIGHTS,36,2011-12-09 12:23:00,1.85,13777.0,United Kingdom,66.6,sale,0
1067327,581583,20725,LUNCH BAG RED RETROSPOT,40,2011-12-09 12:23:00,1.45,13777.0,United Kingdom,58.0,sale,0
1067326,581582,23498,CLASSIC BICYCLE CLIPS,12,2011-12-09 12:21:00,1.45,17581.0,United Kingdom,17.4,sale,0
1067325,581582,23552,BICYCLE PUNCTURE REPAIR KIT,6,2011-12-09 12:21:00,2.08,17581.0,United Kingdom,12.48,sale,0
1067324,581580,37500,TEA TIME TEAPOT IN GIFT BOX,1,2011-12-09 12:20:00,4.95,12748.0,United Kingdom,4.95,sale,0
1067323,581580,79321,CHILLI LIGHTS,2,2011-12-09 12:20:00,5.75,12748.0,United Kingdom,11.5,sale,0
1067322,581580,22567,20 DOLLY PEGS RETROSPOT,1,2011-12-09 12:20:00,1.45,12748.0,United Kingdom,1.45,sale,0
1067321,581580,22698,PINK REGENCY TEACUP AND SAUCER,1,2011-12-09 12:20:00,2.95,12748.0,United Kingdom,2.95,sale,0
1067320,581580,21351,CINAMMON & ORANGE WREATH,1,2011-12-09 12:20:00,6.75,12748.0,United Kingdom,6.75,sale,0
1067319,581580,22075,6 RIBBONS ELEGANT CHRISTMAS,2,2011-12-09 12:20:00,0.39,12748.0,United Kingdom,0.78,sale,0
1067318,581580,85049E,SCANDINAVIAN REDS RIBBONS,2,2011-12-09 12:20:00,1.25,12748.0,United Kingdom,2.5,sale,0
1067317,581580,22816,CARD MOTORBIKE SANTA,24,2011-12-09 12:20:00,0.42,12748.0,United Kingdom,10.08,sale,0
1067316,581580,22721,SET OF 3 CAKE TINS SKETCHBOOK,1,2011-12-09 12:20:00,1.95,12748.0,United Kingdom,1.95,sale,0
1067315,581580,22704,WRAP RED APPLES,25,2011-12-09 12:20:00,0.42,12748.0,United Kingdom,10.5,sale,0
1067314,581580,22894,TABLECLOTH RED APPLES DESIGN,2,2011-12-09 12:20:00,9.95,12748.0,United Kingdom,19.9,sale,0
1067313,581580,22908,PACK OF 20 NAPKINS RED APPLES,2,2011-12-09 12:20:00,0.85,12748.0,United Kingdom,1.7,sale,0
1067312,581580,22144,CHRISTMAS CRAFT LITTLE FRIENDS,1,2011-12-09 12:20:00,2.1,12748.0,United Kingdom,2.1,sale,0
1067311,581580,22695,WICKER WREATH SMALL,1,2011-12-09 12:20:00,0.59,12748.0,United Kingdom,0.59,sale,0
1067310,581580,23126,FELTCRAFT GIRL AMELIE KIT,1,2011-12-09 12:20:00,4.95,12748.0,United Kingdom,4.95,sale,0
1067309,581580,85049A,TRADITIONAL CHRISTMAS RIBBONS,1,2011-12-09 12:20:00,1.25,12748.0,United Kingdom,1.25,sale,0
1067308,581580,23338,EGG FRYING PAN RED,1,2011-12-09 12:20:00,2.08,12748.0,United Kingdom,2.08,sale,0
1067307,581580,20974,12 PENCILS SMALL TUBE SKULL,1,2011-12-09 12:20:00,0.65,12748.0,United Kingdom,0.65,sale,0
1067306,581580,21809,CHRISTMAS HANGING TREE WITH BELL,2,2011-12-09 12:20:00,0.39,12748.0,United Kingdom,0.78,sale,0
1067305,581580,21803,CHRISTMAS TREE STAR DECORATION,2,2011-12-09 12:20:00,0.42,12748.0,United Kingdom,0.84,sale,0
1067304,581580,22906,12 MESSAGE CARDS WITH ENVELOPES,1,2011-12-09 12:20:00,1.65,12748.0,United Kingdom,1.65,sale,0
1067303,581580,84993A,75 GREEN PETIT FOUR CASES,2,2011-12-09 12:20:00,0.42,12748.0,United Kingdom,0.84,sale,0
1067302,581580,21790,VINTAGE SNAP CARDS,1,2011-12-09 12:20:00,0.85,12748.0,United Kingdom,0.85,sale,0
1067301,581580,23334,IVORY WICKER HEART SMALL,4,2011-12-09 12:20:00,0.63,12748.0,United Kingdom,2.52,sale,0
1067300,581581,23681,LUNCH BAG RED VINTAGE DOILY,10,2011-12-09 12:20:00,1.65,17581.0,United Kingdom,16.5,sale,0
1067299,581581,23561,SET OF 6 RIBBONS PARTY,6,2011-12-09 12:20:00,2.89,17581.0,United Kingdom,17.34,sale,0
1067298,581581,23562,SET OF 6 RIBBONS PERFECTLY PRETTY,6,2011-12-09 12:20:00,2.89,17581.0,United Kingdom,17.34,sale,0
1067297,581579,23581,JUMBO BAG PAISLEY PARK,40,2011-12-09 12:19:00,1.79,17581.0,United Kingdom,71.6,sale,0
1067296,581579,23344,JUMBO BAG 50'S CHRISTMAS,20,2011-12-09 12:19:00,1.79,17581.0,United Kingdom,35.8,sale,0
1067295,581579,23343,JUMBO BAG VINTAGE CHRISTMAS,30,2011-12-09 12:19:00,1.79,17581.0,United Kingdom,53.7,sale,0
1067294,581579,23201,JUMBO BAG ALPHABET,20,2011-12-09 12:19:00,1.79,17581.0,United Kingdom,35.8,sale,0
1067293,581579,22941,CHRISTMAS LIGHTS 10 REINDEER,4,2011-12-09 12:19:00,8.5,17581.0,United Kingdom,34.0,sale,0
1067292,581579,23376,PACK OF 12 VINTAGE CHRISTMAS TISSUE,24,2011-12-09 12:19:00,0.39,17581.0,United Kingdom,9.36,sale,0
1067291,581579,22083,PAPER CHAIN KIT RETROSPOT,6,2011-12-09 12:19:00,2.95,17581.0,United Kingdom,17.7,sale,0
1067290,581579,84347,ROTATING SILVER ANGELS T-LIGHT HLDR,24,2011-12-09 12:19:00,2.55,17581.0,United Kingdom,61.2,sale,0
1067289,581579,23313,VINTAGE CHRISTMAS BUNTING,15,2011-12-09 12:19:00,4.95,17581.0,United Kingdom,74.25,sale,0
1067288,581579,23293,SET OF 12 FAIRY CAKE BAKING CASES,8,2011-12-09 12:19:00,0.83,17581.0,United Kingdom,6.64,sale,0
1067287,581579,22197,POPCORN HOLDER,24,2011-12-09 12:19:00,0.85,17581.0,United Kingdom,20.4,sale,0
1067286,581579,23084,RABBIT NIGHT LIGHT,24,2011-12-09 12:19:00,1.79,17581.0,United Kingdom,42.96,sale,0
1067285,581579,23480,MINI LIGHTS WOODLAND MUSHROOMS,8,2011-12-09 12:19:00,3.75,17581.0,United Kingdom,30.0,sale,0
1067284,581579,22993,SET OF 4 PANTRY JELLY MOULDS,12,2011-12-09 12:19:00,1.25,17581.0,United Kingdom,15.0,sale,0
1067283,581579,23570,TRADITIONAL PICK UP STICKS GAME,12,2011-12-09 12:19:00,1.25,17581.0,United Kingdom,15.0,sale,0
1067282,581579,23489,VINTAGE BELLS GARLAND,6,2011-12-09 12:19:00,2.89,17581.0,United Kingdom,17.34,sale,0
1067281,581579,21121,SET/10 RED POLKADOT PARTY CANDLES,24,2011-12-09 12:19:00,1.25,17581.0,United Kingdom,30.0,sale,0
1067280,581579,22086,PAPER CHAIN KIT 50'S CHRISTMAS,12,2011-12-09 12:19:00,2.95,17581.0,United Kingdom,35.4,sale,0
1067279,581579,22910,PAPER CHAIN KIT VINTAGE CHRISTMAS,12,2011-12-09 12:19:00,2.95,17581.0,United Kingdom,35.4,sale,0
1067278,581579,23318,BOX OF 6 MINI VINTAGE CRACKERS,12,2011-12-09 12:19:00,2.49,17581.0,United Kingdom,29.88,sale,0
1067277,581579,23319,BOX OF 6 MINI 50'S CRACKERS,12,2011-12-09 12:19:00,2.49,17581.0,United Kingdom,29.88,sale,0
1067276,581579,23350,ROLL WRAP VINTAGE SPOT,25,2011-12-09 12:19:00,1.25,17581.0,United Kingdom,31.25,sale,0
1067275,581579,23353,6 GIFT TAGS VINTAGE CHRISTMAS,12,2011-12-09 12:19:00,0.83,17581.0,United Kingdom,9.96,sale,0
1067274,581579,23199,JUMBO BAG APPLES,30,2011-12-09 12:19:00,1.79,17581.0,United Kingdom,53.7,sale,0
1067273,581579,21931,JUMBO STORAGE BAG SUKI,10,2011-12-09 12:19:00,1.79,17581.0,United Kingdom,17.9,sale,0
1067272,581579,20713,JUMBO BAG OWLS,10,2011-12-09 12:19:00,1.79,17581.0,United Kingdom,17.9,sale,0
1067271,581579,85099C,JUMBO  BAG BAROQUE BLACK WHITE,10,2011-12-09 12:19:00,1.79,17581.0,United Kingdom,17.9,sale,0
1067270,581579,21929,JUMBO BAG PINK VINTAGE PAISLEY,10,2011-12-09 12:19:00,1.79,17581.0,United Kingdom,17.9,sale,0
1067269,581579,22411,JUMBO SHOPPER VINTAGE RED PAISLEY,10,2011-12-09 12:19:00,1.79,17581.0,United Kingdom,17.9,sale,0
1067268,581579,22386,JUMBO BAG PINK POLKADOT,10,2011-12-09 12:19:00,1.79,17581.0,United Kingdom,17.9,sale,0
1067267,581578,22736,RIBBON REEL MAKING SNOWMEN,10,2011-12-09 12:16:00,1.65,12713.0,Germany,16.5,sale,0
1067266,581578,23215,JINGLE BELL HEART ANTIQUE SILVER,12,2011-12-09 12:16:00,2.08,12713.0,Germany,24.96,sale,0
1067265,581578,22908,PACK OF 20 NAPKINS RED APPLES,12,2011-12-09 12:16:00,0.85,12713.0,Germany,10.2,sale,0
1067264,581578,22907,PACK OF 20 NAPKINS PANTRY DESIGN,12,2011-12-09 12:16:00,0.85,12713.0,Germany,10.2,sale,0
1067263,581578,22993,SET OF 4 PANTRY JELLY MOULDS,12,2011-12-09 12:16:00,1.25,12713.0,Germany,15.0,sale,0
1067262,581578,23298,SPOTTY BUNTING,9,2011-12-09 12:16:00,4.95,12713.0,Germany,44.55,sale,0
1067261,581578,22080,RIBBON REEL POLKADOTS,10,2011-12-09 12:16:00,1.65,12713.0,Germany,16.5,sale,0
1067260,581578,22081,RIBBON REEL FLORA + FAUNA,10,2011-12-09 12:16:00,1.65,12713.0,Germany,16.5,sale,0
1067259,581578,23515,EMBROIDERED RIBBON REEL DAISY,6,2011-12-09 12:16:00,2.08,12713.0,Germany,12.48,sale,0
1067258,581578,23201,JUMBO BAG ALPHABET,10,2011-12-09 12:16:00,2.08,12713.0,Germany,20.8,sale,0
1067257,581578,23205,CHARLOTTE BAG VINTAGE ALPHABET,10,2011-12-09 12:16:00,0.85,12713.0,Germany,8.5,sale,0
1067256,581578,22585,PACK OF 6 BIRDY GIFT TAGS,12,2011-12-09 12:16:00,1.25,12713.0,Germany,15.0,sale,0
1067255,581578,22704,WRAP RED APPLES,25,2011-12-09 12:16:00,0.42,12713.0,Germany,10.5,sale,0
1067254,581578,21497,FANCY FONTS BIRTHDAY WRAP,25,2011-12-09 12:16:00,0.42,12713.0,Germany,10.5,sale,0
1067253,581578,22711,WRAP CIRCUS PARADE,25,2011-12-09 12:16:00,0.42,12713.0,Germany,10.5,sale,0
1067252,581578,23550,WRAP ALPHABET POSTER,25,2011-12-09 12:16:00,0.42,12713.0,Germany,10.5,sale,0
1067251,581578,23037,CANDLE HOLDER SILVER MADELINE,12,2011-12-09 12:16:00,1.65,12713.0,Germany,19.8,sale,0
1067250,581578,21507,ELEPHANT BIRTHDAY CARD,12,2011-12-09 12:16:00,0.42,12713.0,Germany,5.04,sale,0
1067249,581578,21506,"FANCY FONT BIRTHDAY CARD,",12,2011-12-09 12:16:00,0.42,12713.0,Germany,5.04,sale,0
1067248,581578,22622,BOX OF VINTAGE ALPHABET BLOCKS,6,2011-12-09 12:16:00,11.95,12713.0,Germany,71.7,sale,0
1067247,581578,23229,VINTAGE DONKEY TAIL GAME,6,2011-12-09 12:16:00,3.75,12713.0,Germany,22.5,sale,0
1067246,581578,22991,GIRAFFE WOODEN RULER,12,2011-12-09 12:16:00,1.95,12713.0,Germany,23.4,sale,0
1067245,581578,22992,REVOLVER WOODEN RULER,12,2011-12-09 12:16:00,1.95,12713.0,Germany,23.4,sale,0
1067244,581578,21918,SET 12 KIDS COLOUR  CHALK STICKS,24,2011-12-09 12:16:00,0.42,12713.0,Germany,10.08,sale,0
1067243,581578,22549,PICTURE DOMINOES,24,2011-12-09 12:16:00,1.45,12713.0,Germany,34.8,sale,0
1067242,581578,21914,BLUE HARMONICA IN BOX,12,2011-12-09 12:16:00,1.25,12713.0,Germany,15.0,sale,0
1067241,581578,22555,PLASTERS IN TIN STRONGMAN,12,2011-12-09 12:16:00,1.65,12713.0,Germany,19.8,sale,0
1067240,581578,84997C,CHILDRENS CUTLERY POLKADOT BLUE,8,2011-12-09 12:16:00,4.15,12713.0,Germany,33.2,sale,0
1067239,581578,84997B,CHILDRENS CUTLERY RETROSPOT RED,8,2011-12-09 12:16:00,4.15,12713.0,Germany,33.2,sale,0
1067238,581578,84997D,CHILDRENS CUTLERY POLKADOT PINK,8,2011-12-09 12:16:00,4.15,12713.0,Germany,33.2,sale,0
1067237,581578,23255,CHILDRENS CUTLERY CIRCUS PARADE,12,2011-12-09 12:16:00,4.15,12713.0,Germany,49.8,sale,0
1067236,581578,22976,CIRCUS PARADE CHILDRENS EGG CUP,12,2011-12-09 12:16:00,1.25,12713.0,Germany,15.0,sale,0
1067235,581578,22556,PLASTERS IN TIN CIRCUS PARADE,12,2011-12-09 12:16:00,1.65,12713.0,Germany,19.8,sale,0
1067234,581578,23389,SPACEBOY MINI BACKPACK,4,2011-12-09 12:16:00,4.15,12713.0,Germany,16.6,sale,0
1067233,581578,21121,SET/10 RED POLKADOT PARTY CANDLES,24,2011-12-09 12:16:00,1.25,12713.0,Germany,30.0,sale,0
1067232,581578,21122,SET/10 PINK POLKADOT PARTY CANDLES,24,2011-12-09 12:16:00,1.25,12713.0,Germany,30.0,sale,0
1067231,581578,21124,SET/10 BLUE POLKADOT PARTY CANDLES,24,2011-12-09 12:16:00,1.25,12713.0,Germany,30.0,sale,0
1067230,581578,POST,POSTAGE,3,2011-12-09 12:16:00,18.0,12713.0,Germany,54.0,sale,1
1067229,581574,POST,POSTAGE,2,2011-12-09 12:09:00,18.0,12526.0,Germany,36.0,sale,1
1067228,581574,22621,TRADITIONAL KNITTING NANCY,12,2011-12-09 12:09:00,1.65,12526.0,Germany,19.8,sale,0
1067227,581574,22074,6 RIBBONS SHIMMERING PINKS,12,2011-12-09 12:09:00,0.39,12526.0,Germany,4.68,sale,0
1067226,581574,22077,6 RIBBONS RUSTIC CHARM,12,2011-12-09 12:09:00,1.95,12526.0,Germany,23.4,sale,0
1067225,581574,23111,PARISIENNE SEWING BOX,2,2011-12-09 12:09:00,12.5,12526.0,Germany,25.0,sale,0
1067224,581574,21258,VICTORIAN SEWING BOX LARGE,2,2011-12-09 12:09:00,12.75,12526.0,Germany,25.5,sale,0
1067223,581574,21257,VICTORIAN SEWING BOX MEDIUM,2,2011-12-09 12:09:00,7.95,12526.0,Germany,15.9,sale,0
1067222,581574,23237,SET OF 4 KNICK KNACK TINS LEAF,6,2011-12-09 12:09:00,4.15,12526.0,Germany,24.9,sale,0
1067221,581574,23238,SET OF 4 KNICK KNACK TINS LONDON,6,2011-12-09 12:09:00,4.15,12526.0,Germany,24.9,sale,0
1067220,581574,23581,JUMBO BAG PAISLEY PARK,10,2011-12-09 12:09:00,2.08,12526.0,Germany,20.8,sale,0
1067219,581574,23199,JUMBO BAG APPLES,10,2011-12-09 12:09:00,2.08,12526.0,Germany,20.8,sale,0
1067218,581574,22328,ROUND SNACK BOXES SET OF 4 FRUITS,6,2011-12-09 12:09:00,2.95,12526.0,Germany,17.7,sale,0
1067217,581574,22326,ROUND SNACK BOXES SET OF4 WOODLAND,6,2011-12-09 12:09:00,2.95,12526.0,Germany,17.7,sale,0
1067216,581572,23245,SET OF 3 REGENCY CAKE TINS,4,2011-12-09 12:08:00,4.95,16705.0,United Kingdom,19.8,sale,0
1067215,581572,22624,IVORY KITCHEN SCALES,4,2011-12-09 12:08:00,8.5,16705.0,United Kingdom,34.0,sale,0
1067214,581572,22627,MINT KITCHEN SCALES,4,2011-12-09 12:08:00,8.5,16705.0,United Kingdom,34.0,sale,0
1067213,581572,23328,SET 6 SCHOOL MILK BOTTLES IN CRATE,48,2011-12-09 12:08:00,3.39,16705.0,United Kingdom,162.72,sale,0
1067212,581571,84347,ROTATING SILVER ANGELS T-LIGHT HLDR,24,2011-12-09 12:00:00,2.55,15311.0,United Kingdom,61.2,sale,0
1067211,581571,44234,ASSORTED CIRCULAR MOBILE,1,2011-12-09 12:00:00,0.21,15311.0,United Kingdom,0.21,sale,0
1067210,581571,21137,BLACK RECORD COVER FRAME,24,2011-12-09 12:00:00,3.39,15311.0,United Kingdom,81.36,sale,0
1067209,581571,21314,SMALL GLASS HEART TRINKET POT,48,2011-12-09 12:00:00,1.85,15311.0,United Kingdom,88.8,sale,0
1067208,581571,23167,SMALL CERAMIC TOP STORAGE JAR,96,2011-12-09 12:00:00,0.69,15311.0,United Kingdom,66.24,sale,0
1067207,581571,23168,CLASSIC CAFE SUGAR DISPENSER,36,2011-12-09 12:00:00,1.04,15311.0,United Kingdom,37.44,sale,0
1067206,581571,21258,VICTORIAN SEWING BOX LARGE,8,2011-12-09 12:00:00,10.95,15311.0,United Kingdom,87.6,sale,0
1067205,581571,21169,YOU'RE CONFUSING ME METAL SIGN,1,2011-12-09 12:00:00,1.69,15311.0,United Kingdom,1.69,sale,0
1067204,581571,23110,PARISIENNE KEY CABINET,2,2011-12-09 12:00:00,5.75,15311.0,United Kingdom,11.5,sale,0
1067203,581571,85053,FRENCH ENAMEL CANDLEHOLDER,2,2011-12-09 12:00:00,2.1,15311.0,United Kingdom,4.2,sale,0
1067202,581571,21755,LOVE BUILDING BLOCK WORD,1,2011-12-09 12:00:00,6.25,15311.0,United Kingdom,6.25,sale,0
1067201,581571,23182,TOILET SIGN OCCUPIED OR VACANT,1,2011-12-09 12:00:00,0.83,15311.0,United Kingdom,0.83,sale,0
1067200,581571,22794,SWEETHEART WIRE MAGAZINE RACK,1,2011-12-09 12:00:00,7.95,15311.0,United Kingdom,7.95,sale,0
1067199,581571,22227,HANGING HEART MIRROR DECORATION,10,2011-12-09 12:00:00,0.65,15311.0,United Kingdom,6.5,sale,0
1067198,581571,21012,ANTIQUE ALL GLASS CANDLESTICK,2,2011-12-09 12:00:00,2.1,15311.0,United Kingdom,4.2,sale,0
1067197,581571,23197,SKETCHBOOK MAGNETIC SHOPPING LIST,4,2011-12-09 12:00:00,1.45,15311.0,United Kingdom,5.8,sale,0
1067196,581571,23317,BLUE REFECTORY CLOCK,1,2011-12-09 12:00:00,9.95,15311.0,United Kingdom,9.95,sale,0
1067195,581571,48187,DOORMAT NEW ENGLAND,1,2011-12-09 12:00:00,8.25,15311.0,United Kingdom,8.25,sale,0
1067194,581571,21313,GLASS HEART T-LIGHT HOLDER,1,2011-12-09 12:00:00,0.85,15311.0,United Kingdom,0.85,sale,0
1067193,581571,23326,HANGING MINI COLOURED BOTTLES,6,2011-12-09 12:00:00,0.63,15311.0,United Kingdom,3.78,sale,0
1067192,581570,POST,POSTAGE,1,2011-12-09 11:59:00,18.0,12662.0,Germany,18.0,sale,1
1067191,581570,22505,MEMO BOARD COTTAGE DESIGN,4,2011-12-09 11:59:00,4.95,12662.0,Germany,19.8,sale,0
1067190,581570,20750,RED RETROSPOT MINI CASES,2,2011-12-09 11:59:00,7.95,12662.0,Germany,15.9,sale,0
1067189,581570,23077,DOUGHNUT LIP GLOSS,20,2011-12-09 11:59:00,1.25,12662.0,Germany,25.0,sale,0
1067188,581570,22139,RETROSPOT TEA SET CERAMIC 11 PC,3,2011-12-09 11:59:00,4.95,12662.0,Germany,14.85,sale,0
1067187,581570,21914,BLUE HARMONICA IN BOX,12,2011-12-09 11:59:00,1.25,12662.0,Germany,15.0,sale,0
1067186,581570,22834,HAND WARMER BABUSHKA DESIGN,12,2011-12-09 11:59:00,2.1,12662.0,Germany,25.2,sale,0
1067185,581570,22331,WOODLAND PARTY BAG + STICKER SET,8,2011-12-09 11:59:00,1.65,12662.0,Germany,13.2,sale,0
1067184,581570,22326,ROUND SNACK BOXES SET OF4 WOODLAND,6,2011-12-09 11:59:00,2.95,12662.0,Germany,17.7,sale,0
1067183,581570,23570,TRADITIONAL PICK UP STICKS GAME,12,2011-12-09 11:59:00,1.25,12662.0,Germany,15.0,sale,0
1067182,581570,21481,FAWN BLUE HOT WATER BOTTLE,4,2011-12-09 11:59:00,3.75,12662.0,Germany,15.0,sale,0
1067181,581570,22175,PINK OWL SOFT TOY,6,2011-12-09 11:59:00,2.95,12662.0,Germany,17.7,sale,0
1067180,581570,22141,CHRISTMAS CRAFT TREE TOP ANGEL,6,2011-12-09 11:59:00,2.1,12662.0,Germany,12.6,sale,0
1067179,C581569,20979,36 PENCILS TUBE RED RETROSPOT,-5,2011-12-09 11:58:00,1.25,17315.0,United Kingdom,-6.25,return,0
1067178,C581569,84978,HANGING HEART JAR T-LIGHT HOLDER,-1,2011-12-09 11:58:00,1.25,17315.0,United Kingdom,-1.25,return,0
1067177,C581568,21258,VICTORIAN SEWING BOX LARGE,-5,2011-12-09 11:57:00,10.95,15311.0,United Kingdom,-54.75,return,0
1067176,581567,21137,BLACK RECORD COVER FRAME,24,2011-12-09 11:56:00,3.39,16626.0,United Kingdom,81.36,sale,0
1067175,581567,23356,LOVE HOT WATER BOTTLE,3,2011-12-09 11:56:00,5.95,16626.0,United Kingdom,17.85,sale,0
1067174,581567,21479,WHITE SKULL HOT WATER BOTTLE,4,2011-12-09 11:56:00,4.25,16626.0,United Kingdom,17.0,sale,0
1067173,581567,21326,AGED GLASS SILVER T-LIGHT HOLDER,144,2011-12-09 11:56:00,0.55,16626.0,United Kingdom,79.2,sale,0
1067172,581567,23355,HOT WATER BOTTLE KEEP CALM,4,2011-12-09 11:56:00,4.95,16626.0,United Kingdom,19.8,sale,0
1067171,581567,22625,RED KITCHEN SCALES,2,2011-12-09 11:56:00,8.5,16626.0,United Kingdom,17.0,sale,0
1067170,581567,22627,MINT KITCHEN SCALES,2,2011-12-09 11:56:00,8.5,16626.0,United Kingdom,17.0,sale,0
1067169,581567,22624,IVORY KITCHEN SCALES,2,2011-12-09 11:56:00,8.5,16626.0,United Kingdom,17.0,sale,0
1067168,581567,84971S,SMALL HEART FLOWERS HOOK,48,2011-12-09 11:56:00,0.39,16626.0,United Kingdom,18.72,sale,0
1067167,581567,22465,HANGING METAL STAR LANTERN,24,2011-12-09 11:56:00,0.79,16626.0,United Kingdom,18.96,sale,0
1067166,581567,22464,HANGING METAL HEART LANTERN,24,2011-12-09 11:56:00,0.79,16626.0,United Kingdom,18.96,sale,0
1067165,581567,21417,COCKLE SHELL DISH,84,2011-12-09 11:56:00,0.79,16626.0,United Kingdom,66.36,sale,0
1067164,581566,23404,HOME SWEET HOME BLACKBOARD,144,2011-12-09 11:50:00,3.26,18102.0,United Kingdom,469.44,sale,0
1067163,581538,23343,JUMBO BAG VINTAGE CHRISTMAS,1,2011-12-09 11:34:00,2.08,14446.0,United Kingdom,2.08,excluded,0
1067162,581538,21355,TOAST ITS - I LOVE YOU,1,2011-12-09 11:34:00,1.25,14446.0,United Kingdom,1.25,sale,0
1067161,581538,22694,WICKER STAR,1,2011-12-09 11:34:00,2.1,14446.0,United Kingdom,2.1,excluded,0
1067160,581538,35004B,SET OF 3 BLACK FLYING DUCKS,1,2011-12-09 11:34:00,5.45,14446.0,United Kingdom,5.45,sale,0
1067159,581538,21194,PINK  HONEYCOMB PAPER FAN,1,2011-12-09 11:34:00,0.65,14446.0,United Kingdom,0.65,sale,0
1067158,581538,20725,LUNCH BAG RED RETROSPOT,1,2011-12-09 11:34:00,1.65,14446.0,United Kingdom,1.65,sale,0
1067157,581538,20727,LUNCH BAG  BLACK SKULL.,1,2011-12-09 11:34:00,1.65,14446.0,United Kingdom,1.65,sale,0
1067156,581538,23190,BUNDLE OF 3 SCHOOL EXERCISE BOOKS,1,2011-12-09 11:34:00,1.65,14446.0,United Kingdom,1.65,sale,0
1067155,581538,22991,GIRAFFE WOODEN RULER,1,2011-12-09 11:34:00,1.95,14446.0,United Kingdom,1.95,sale,0
1067154,581538,22992,REVOLVER WOODEN RULER,1,2011-12-09 11:34:00,1.95,14446.0,United Kingdom,1.95,excluded,0
1067153,581538,23537,WALL ART I LOVE LONDON,1,2011-12-09 11:34:00,4.95,14446.0,United Kingdom,4.95,sale,0
1067152,581538,23319,BOX OF 6 MINI 50'S CRACKERS,1,2011-12-09 11:34:00,2.49,14446.0,United Kingdom,2.49,sale,0
1067151,581538,23318,BOX OF 6 MINI VINTAGE CRACKERS,1,2011-12-09 11:34:00,2.49,14446.0,United Kingdom,2.49,excluded,0
1067150,581538,22909,SET OF 20 VINTAGE CHRISTMAS NAPKINS,2,2011-12-09 11:34:00,0.85,14446.0,United Kingdom,1.7,sale,0
1067149,581538,79191B,RETRO PLASTIC POLKA TRAY,1,2011-12-09 11:34:00,0.85,14446.0,United Kingdom,0.85,sale,0
1067148,581538,79191D,RETRO PLASTIC DAISY TRAY,1,2011-12-09 11:34:00,0.85,14446.0,United Kingdom,0.85,sale,0
1067147,581538,21208,PASTEL COLOUR HONEYCOMB FAN,1,2011-12-09 11:34:00,0.39,14446.0,United Kingdom,0.39,sale,0
1067146,581538,21194,PINK  HONEYCOMB PAPER FAN,2,2011-12-09 11:34:00,0.65,14446.0,United Kingdom,1.3,sale,0
1067145,581538,23041,PAPER LANTERN 9 POINT SNOW STAR,3,2011-12-09 11:34:00,4.15,14446.0,United Kingdom,12.45,sale,0
1067144,581538,23040,PAPER LANTERN 9 POINT SNOW STAR,2,2011-12-09 11:34:00,5.75,14446.0,United Kingdom,11.5,sale,0
1067143,581538,22985,WRAP BILLBOARD FONTS DESIGN,25,2011-12-09 11:34:00,0.42,14446.0,United Kingdom,10.5,sale,0
1067142,581538,23349,ROLL WRAP VINTAGE CHRISTMAS,1,2011-12-09 11:34:00,1.25,14446.0,United Kingdom,1.25,sale,0
1067141,581538,23320,GIANT 50'S CHRISTMAS CRACKER,1,2011-12-09 11:34:00,1.25,14446.0,United Kingdom,1.25,sale,0
1067140,581538,22197,POPCORN HOLDER,4,2011-12-09 11:34:00,0.85,14446.0,United Kingdom,3.4,sale,0
1067139,581538,21591,COSY HOUR CIGAR BOX MATCHES,1,2011-12-09 11:34:00,1.25,14446.0,United Kingdom,1.25,sale,0
1067138,581538,23353,6 GIFT TAGS VINTAGE CHRISTMAS,1,2011-12-09 11:34:00,0.83,14446.0,United Kingdom,0.83,sale,0
1067137,581538,22068,BLACK PIRATE TREASURE CHEST,1,2011-12-09 11:34:00,0.39,14446.0,United Kingdom,0.39,excluded,0
1067136,581538,35004B,SET OF 3 BLACK FLYING DUCKS,2,2011-12-09 11:34:00,5.45,14446.0,United Kingdom,10.9,sale,0
1067135,581538,84519B,CARROT CHARLIE+LOLA COASTER SET,1,2011-12-09 11:34:00,1.25,14446.0,United Kingdom,1.25,sale,0
1067134,581538,84519A,TOMATO CHARLIE+LOLA COASTER SET,1,2011-12-09 11:34:00,1.25,14446.0,United Kingdom,1.25,sale,0
1067133,581538,22561,WOODEN SCHOOL COLOURING SET,1,2011-12-09 11:34:00,1.65,14446.0,United Kingdom,1.65,sale,0
1067132,581538,21328,BALLOONS  WRITING SET,1,2011-12-09 11:34:00,1.65,14446.0,United Kingdom,1.65,sale,0
1067131,581538,21329,DINOSAURS  WRITING SET,1,2011-12-09 11:34:00,1.65,14446.0,United Kingdom,1.65,sale,0
1067130,581538,21990,MODERN FLORAL STATIONERY SET,1,2011-12-09 11:34:00,1.25,14446.0,United Kingdom,1.25,sale,0
1067129,581538,23122,PARTY CHARMS 50 PIECES,1,2011-12-09 11:34:00,0.83,14446.0,United Kingdom,0.83,sale,0
1067128,581538,23343,JUMBO BAG VINTAGE CHRISTMAS,1,2011-12-09 11:34:00,2.08,14446.0,United Kingdom,2.08,sale,0
1067127,581538,84380,SET OF 3 BUTTERFLY COOKIE CUTTERS,4,2011-12-09 11:34:00,1.45,14446.0,United Kingdom,5.8,sale,0
1067126,581538,23525,WALL ART BUFFALO BILL,1,2011-12-09 11:34:00,3.75,14446.0,United Kingdom,3.75,sale,0
1067125,581538,23524,WALL ART HORSE & PONY,1,2011-12-09 11:34:00,3.75,14446.0,United Kingdom,3.75,sale,0
1067124,581538,23527,WALL ART ANIMALS AND NATURE,1,2011-12-09 11:34:00,3.75,14446.0,United Kingdom,3.75,sale,0
1067123,581538,22899,CHILDREN'S APRON DOLLY GIRL,3,2011-12-09 11:34:00,2.1,14446.0,United Kingdom,6.3,sale,0
1067122,581538,22367,CHILDRENS APRON SPACEBOY DESIGN,1,2011-12-09 11:34:00,1.95,14446.0,United Kingdom,1.95,sale,0
1067121,581538,22899,CHILDREN'S APRON DOLLY GIRL,2,2011-12-09 11:34:00,2.1,14446.0,United Kingdom,4.2,sale,0
1067120,581538,22469,HEART OF WICKER SMALL,1,2011-12-09 11:34:00,1.65,14446.0,United Kingdom,1.65,sale,0
1067119,581538,23382,BOX OF 6 CHRISTMAS CAKE DECORATIONS,1,2011-12-09 11:34:00,3.75,14446.0,United Kingdom,3.75,sale,0
1067118,581538,23318,BOX OF 6 MINI VINTAGE CRACKERS,1,2011-12-09 11:34:00,2.49,14446.0,United Kingdom,2.49,sale,0
1067117,581538,23275,SET OF 3 HANGING OWLS OLLIE BEAK,1,2011-12-09 11:34:00,1.25,14446.0,United Kingdom,1.25,excluded,0
1067116,581538,21668,RED STRIPE CERAMIC DRAWER KNOB,1,2011-12-09 11:34:00,1.45,14446.0,United Kingdom,1.45,sale,0
1067115,581538,23033,DRAWER KNOB CERAMIC RED,1,2011-12-09 11:34:00,1.45,14446.0,United Kingdom,1.45,sale,0
1067114,581538,21669,BLUE STRIPE CERAMIC DRAWER KNOB,1,2011-12-09 11:34:00,1.45,14446.0,United Kingdom,1.45,sale,0
1067113,581538,23034,DRAWER KNOB CERAMIC BLACK,1,2011-12-09 11:34:00,1.45,14446.0,United Kingdom,1.45,sale,0
1067112,581538,23349,ROLL WRAP VINTAGE CHRISTMAS,3,2011-12-09 11:34:00,1.25,14446.0,United Kingdom,3.75,sale,0
1067111,581538,85071C,"CHARLIE+LOLA""EXTREMELY BUSY"" SIGN",1,2011-12-09 11:34:00,0.39,14446.0,United Kingdom,0.39,sale,0
1067110,581538,21670,BLUE SPOT CERAMIC DRAWER KNOB,1,2011-12-09 11:34:00,1.45,14446.0,United Kingdom,1.45,sale,0
1067109,581538,21673,WHITE SPOT BLUE CERAMIC DRAWER KNOB,1,2011-12-09 11:34:00,1.45,14446.0,United Kingdom,1.45,sale,0
1067108,581538,23275,SET OF 3 HANGING OWLS OLLIE BEAK,1,2011-12-09 11:34:00,1.25,14446.0,United Kingdom,1.25,sale,0
1067107,581538,22095,LADS ONLY TISSUE BOX,1,2011-12-09 11:34:00,0.39,14446.0,United Kingdom,0.39,sale,0
1067106,581538,22694,WICKER STAR,1,2011-12-09 11:34:00,2.1,14446.0,United Kingdom,2.1,sale,0
1067105,581538,23371,SET 36 COLOUR PENCILS SPACEBOY,1,2011-12-09 11:34:00,1.25,14446.0,United Kingdom,1.25,sale,0
1067104,581538,84380,SET OF 3 BUTTERFLY COOKIE CUTTERS,1,2011-12-09 11:34:00,1.45,14446.0,United Kingdom,1.45,sale,0
1067103,581538,79066K,RETRO MOD TRAY,1,2011-12-09 11:34:00,0.85,14446.0,United Kingdom,0.85,sale,0
1067102,581538,22992,REVOLVER WOODEN RULER,1,2011-12-09 11:34:00,1.95,14446.0,United Kingdom,1.95,sale,0
1067101,581538,85123A,CREAM HANGING HEART T-LIGHT HOLDER,1,2011-12-09 11:34:00,2.95,14446.0,United Kingdom,2.95,sale,0
1067100,581538,21224,SET/4 SKULL BADGES,1,2011-12-09 11:34:00,1.25,14446.0,United Kingdom,1.25,sale,0
1067099,581538,21220,SET/4 BADGES DOGS,1,2011-12-09 11:34:00,1.25,14446.0,United Kingdom,1.25,sale,0
1067098,581538,21222,SET/4 BADGES BEETLES,1,2011-12-09 11:34:00,1.25,14446.0,United Kingdom,1.25,sale,0
1067097,581538,22909,SET OF 20 VINTAGE CHRISTMAS NAPKINS,1,2011-12-09 11:34:00,0.85,14446.0,United Kingdom,0.85,sale,0
1067096,581538,23040,PAPER LANTERN 9 POINT SNOW STAR,1,2011-12-09 11:34:00,5.75,14446.0,United Kingdom,5.75,sale,0
1067095,581538,20936,FORKED CACTUS CANDLE,1,2011-12-09 11:34:00,1.25,14446.0,United Kingdom,1.25,sale,0
1067094,581538,22956,36 FOIL HEART CAKE CASES,1,2011-12-09 11:34:00,0.79,14446.0,United Kingdom,0.79,sale,0
1067093,581538,22068,BLACK PIRATE TREASURE CHEST,1,2011-12-09 11:34:00,0.39,14446.0,United Kingdom,0.39,sale,0
1067092,581538,23084,RABBIT NIGHT LIGHT,2,2011-12-09 11:34:00,2.08,14446.0,United Kingdom,4.16,sale,0
1067091,581538,23194,GYMKHANA TREASURE BOOK BOX,1,2011-12-09 11:34:00,2.25,14446.0,United Kingdom,2.25,sale,0
1067090,581538,23193,BUFFALO BILL TREASURE BOOK BOX,6,2011-12-09 11:34:00,2.25,14446.0,United Kingdom,13.5,sale,0
1067089,581516,23301,GARDENERS KNEELING PAD KEEP CALM,24,2011-12-09 11:26:00,1.65,14422.0,United Kingdom,39.6,sale,0
1067088,581516,22171,3 HOOK PHOTO SHELF ANTIQUE WHITE,4,2011-12-09 11:26:00,8.5,14422.0,United Kingdom,34.0,sale,0
1067087,581516,21108,FAIRY CAKE FLANNEL ASSORTED COLOUR,18,2011-12-09 11:26:00,0.79,14422.0,United Kingdom,14.22,sale,0
1067086,581516,23356,LOVE HOT WATER BOTTLE,6,2011-12-09 11:26:00,5.95,14422.0,United Kingdom,35.7,sale,0
1067085,581516,22112,CHOCOLATE HOT WATER BOTTLE,6,2011-12-09 11:26:00,4.95,14422.0,United Kingdom,29.7,sale,0
1067084,581516,23355,HOT WATER BOTTLE KEEP CALM,8,2011-12-09 11:26:00,4.95,14422.0,United Kingdom,39.6,sale,0
1067083,581516,22111,SCOTTIE DOG HOT WATER BOTTLE,6,2011-12-09 11:26:00,4.95,14422.0,United Kingdom,29.7,sale,0
1067082,581516,21485,RETROSPOT HEART HOT WATER BOTTLE,3,2011-12-09 11:26:00,4.95,14422.0,United Kingdom,14.85,sale,0
1067081,581516,84029G,KNITTED UNION FLAG HOT WATER BOTTLE,8,2011-12-09 11:26:00,4.25,14422.0,United Kingdom,34.0,sale,0
1067080,581516,21620,SET OF 4 ROSE BOTANICAL CANDLES,12,2011-12-09 11:26:00,1.25,14422.0,United Kingdom,15.0,sale,0
1067079,581516,22442,GROW YOUR OWN FLOWERS SET OF 3,12,2011-12-09 11:26:00,1.95,14422.0,United Kingdom,23.4,sale,0
1067078,581516,22185,SLATE TILE NATURAL HANGING,12,2011-12-09 11:26:00,0.79,14422.0,United Kingdom,9.48,sale,0
1067077,581516,21705,BAG 500g SWIRLY MARBLES,24,2011-12-09 11:26:00,0.39,14422.0,United Kingdom,9.36,sale,0
1067076,581516,21111,"SWISS ROLL TOWEL, CHOCOLATE  SPOTS",24,2011-12-09 11:26:00,1.25,14422.0,United Kingdom,30.0,sale,0
1067075,581516,21109,LARGE CAKE TOWEL CHOCOLATE SPOTS,12,2011-12-09 11:26:00,1.95,14422.0,United Kingdom,23.4,sale,0
1067074,581514,21705,BAG 500g SWIRLY MARBLES,84,2011-12-09 11:20:00,0.39,17754.0,United Kingdom,32.76,sale,0
1067073,581514,22075,6 RIBBONS ELEGANT CHRISTMAS,24,2011-12-09 11:20:00,0.39,17754.0,United Kingdom,9.36,excluded,0
1067072,581514,22500,SET OF 2 TINS JARDIN DE PROVENCE,4,2011-12-09 11:20:00,1.25,17754.0,United Kingdom,5.0,sale,0
1067071,581514,22068,BLACK PIRATE TREASURE CHEST,14,2011-12-09 11:20:00,0.39,17754.0,United Kingdom,5.46,sale,0
1067070,581514,22069,BROWN  PIRATE TREASURE CHEST,20,2011-12-09 11:20:00,0.39,17754.0,United Kingdom,7.8,sale,0
1067069,581514,17091J,VANILLA INCENSE IN TIN,24,2011-12-09 11:20:00,0.38,17754.0,United Kingdom,9.12,sale,0
1067068,581514,22075,6 RIBBONS ELEGANT CHRISTMAS,24,2011-12-09 11:20:00,0.39,17754.0,United Kingdom,9.36,sale,0
1067067,581514,35471D,SET OF 3 BIRD LIGHT PINK FEATHER,12,2011-12-09 11:20:00,0.39,17754.0,United Kingdom,4.68,sale,0
1067066,581514,17091J,VANILLA INCENSE IN TIN,66,2011-12-09 11:20:00,0.38,17754.0,United Kingdom,25.08,sale,0
1067065,581514,22394,PAPERWEIGHT KINGS CHOICE,12,2011-12-09 11:20:00,0.39,17754.0,United Kingdom,4.68,sale,0
1067064,581514,22645,CERAMIC HEART FAIRY CAKE MONEY BANK,4,2011-12-09 11:20:00,0.39,17754.0,United Kingdom,1.56,sale,0
1067063,581514,22644,CERAMIC CHERRY CAKE MONEY BANK,4,2011-12-09 11:20:00,0.39,17754.0,United Kingdom,1.56,sale,0
1067062,581514,22646,CERAMIC STRAWBERRY CAKE MONEY BANK,4,2011-12-09 11:20:00,0.39,17754.0,United Kingdom,1.56,sale,0
1067061,581514,84031B,CHARLIE LOLA BLUE HOT WATER BOTTLE,14,2011-12-09 11:20:00,1.25,17754.0,United Kingdom,17.5,sale,0
1067060,581514,84031A,CHARLIE+LOLA RED HOT WATER BOTTLE,10,2011-12-09 11:20:00,1.25,17754.0,United Kingdom,12.5,sale,0
1067059,581514,84032B,CHARLIE + LOLA RED HOT WATER BOTTLE,9,2011-12-09 11:20:00,0.79,17754.0,United Kingdom,7.11,sale,0
1067058,581514,84032A,CHARLIE+LOLA PINK HOT WATER BOTTLE,9,2011-12-09 11:20:00,0.79,17754.0,United Kingdom,7.11,sale,0
1067057,581514,22200,FRYING PAN PINK POLKADOT,2,2011-12-09 11:20:00,1.25,17754.0,United Kingdom,2.5,sale,0
1067056,581514,22199,FRYING PAN RED RETROSPOT,13,2011-12-09 11:20:00,1.25,17754.0,United Kingdom,16.25,sale,0
1067055,581514,22059,CERAMIC STRAWBERRY DESIGN MUG,12,2011-12-09 11:20:00,0.39,17754.0,United Kingdom,4.68,sale,0
1067054,581514,22721,SET OF 3 CAKE TINS SKETCHBOOK,4,2011-12-09 11:20:00,1.95,17754.0,United Kingdom,7.8,sale,0
1067053,581514,22754,SMALL RED BABUSHKA NOTEBOOK,12,2011-12-09 11:20:00,0.21,17754.0,United Kingdom,2.52,sale,0
1067052,581514,22755,SMALL PURPLE BABUSHKA NOTEBOOK,12,2011-12-09 11:20:00,0.21,17754.0,United Kingdom,2.52,sale,0
1067051,581514,22753,SMALL YELLOW BABUSHKA NOTEBOOK,12,2011-12-09 11:20:00,0.21,17754.0,United Kingdom,2.52,sale,0
1067050,581502,22141,CHRISTMAS CRAFT TREE TOP ANGEL,3,2011-12-09 10:51:00,2.1,15910.0,United Kingdom,6.3,sale,0
1067049,581502,22952,60 CAKE CASES VINTAGE CHRISTMAS,10,2011-12-09 10:51:00,0.55,15910.0,United Kingdom,5.5,sale,0
1067048,581502,22596,CHRISTMAS STAR WISH LIST CHALKBOARD,24,2011-12-09 10:51:00,0.39,15910.0,United Kingdom,9.36,sale,0
1067047,581502,22153,ANGEL DECORATION STARS ON DRESS,1,2011-12-09 10:51:00,0.42,15910.0,United Kingdom,0.42,sale,0
1067046,581502,23274,STAR T-LIGHT HOLDER WILLIE WINKIE,8,2011-12-09 10:51:00,1.65,15910.0,United Kingdom,13.2,sale,0
1067045,581502,22734,SET OF 6 RIBBONS VINTAGE CHRISTMAS,4,2011-12-09 10:51:00,2.89,15910.0,United Kingdom,11.56,sale,0
1067044,581502,85049A,TRADITIONAL CHRISTMAS RIBBONS,4,2011-12-09 10:51:00,1.25,15910.0,United Kingdom,5.0,sale,0
1067043,581502,22075,6 RIBBONS ELEGANT CHRISTMAS,4,2011-12-09 10:51:00,0.39,15910.0,United Kingdom,1.56,sale,0
1067042,581502,22573,STAR WOODEN CHRISTMAS DECORATION,8,2011-12-09 10:51:00,0.85,15910.0,United Kingdom,6.8,sale,0
1067041,581502,23210,WHITE ROCKING HORSE HAND PAINTED,12,2011-12-09 10:51:00,1.25,15910.0,United Kingdom,15.0,sale,0
1067040,581502,22155,STAR DECORATION RUSTIC,6,2011-12-09 10:51:00,0.42,15910.0,United Kingdom,2.52,sale,0
1067039,581502,21810,CHRISTMAS HANGING STAR WITH BELL,6,2011-12-09 10:51:00,0.39,15910.0,United Kingdom,2.34,sale,0
1067038,581502,22153,ANGEL DECORATION STARS ON DRESS,13,2011-12-09 10:51:00,0.42,15910.0,United Kingdom,5.46,sale,0
1067037,581502,22576,SWALLOW WOODEN CHRISTMAS DECORATION,2,2011-12-09 10:51:00,0.85,15910.0,United Kingdom,1.7,sale,0
1067036,581502,23103,JINGLE BELL HEART DECORATION,8,2011-12-09 10:51:00,1.65,15910.0,United Kingdom,13.2,sale,0
1067035,581502,23270,SET OF 2 CERAMIC PAINTED HEARTS,4,2011-12-09 10:51:00,1.45,15910.0,United Kingdom,5.8,sale,0
1067034,581502,21790,VINTAGE SNAP CARDS,6,2011-12-09 10:51:00,0.85,15910.0,United Kingdom,5.1,sale,0
1067033,581502,20668,DISCO BALL CHRISTMAS DECORATION,24,2011-12-09 10:51:00,0.12,15910.0,United Kingdom,2.88,sale,0
1067032,581502,21209,MULTICOLOUR HONEYCOMB FAN,5,2011-12-09 10:51:00,0.39,15910.0,United Kingdom,1.95,sale,0
1067031,581502,22087,PAPER BUNTING WHITE LACE,6,2011-12-09 10:51:00,2.95,15910.0,United Kingdom,17.7,sale,0
1067030,581501,22545,MINI JIGSAW BUNNIES,96,2011-12-09 10:46:00,0.19,12985.0,United Kingdom,18.24,sale,0
1067029,581501,23480,MINI LIGHTS WOODLAND MUSHROOMS,8,2011-12-09 10:46:00,3.75,12985.0,United Kingdom,30.0,sale,0
1067028,581501,21731,RED TOADSTOOL LED NIGHT LIGHT,24,2011-12-09 10:46:00,1.65,12985.0,United Kingdom,39.6,sale,0
1067027,581501,85173,SET/6 FROG PRINCE T-LIGHT CANDLES,12,2011-12-09 10:46:00,0.79,12985.0,United Kingdom,9.48,sale,0
1067026,581501,84356,POMPOM CURTAIN,12,2011-12-09 10:46:00,1.95,12985.0,United Kingdom,23.4,sale,0
1067025,581501,23425,STORAGE TIN HOME SWEET HOME,12,2011-12-09 10:46:00,0.79,12985.0,United Kingdom,9.48,sale,0
1067024,581501,23151,ZINC SWEETHEART SOAP DISH,12,2011-12-09 10:46:00,0.79,12985.0,United Kingdom,9.48,sale,0
1067023,581501,23143,ZINC WIRE KITCHEN ORGANISER,4,2011-12-09 10:46:00,3.95,12985.0,United Kingdom,15.8,sale,0
1067022,581501,22808,SET OF 6 T-LIGHTS EASTER CHICKS,12,2011-12-09 10:46:00,1.25,12985.0,United Kingdom,15.0,sale,0
1067021,581501,22942,CHRISTMAS LIGHTS 10 SANTAS,12,2011-12-09 10:46:00,2.95,12985.0,United Kingdom,35.4,sale,0
1067020,581501,22807,SET OF 6 T-LIGHTS TOADSTOOLS,12,2011-12-09 10:46:00,1.25,12985.0,United Kingdom,15.0,sale,0
1067019,581501,22811,SET OF 6 T-LIGHTS CACTI,12,2011-12-09 10:46:00,1.25,12985.0,United Kingdom,15.0,sale,0
1067018,581501,22785,SQUARECUSHION COVER PINK UNION JACK,12,2011-12-09 10:46:00,1.25,12985.0,United Kingdom,15.0,sale,0
1067017,581501,22695,WICKER WREATH SMALL,24,2011-12-09 10:46:00,0.59,12985.0,United Kingdom,14.16,sale,0
1067016,581501,22544,MINI JIGSAW SPACEBOY,96,2011-12-09 10:46:00,0.19,12985.0,United Kingdom,18.24,sale,0
1067015,581501,22495,SET OF 2 ROUND TINS CAMEMBERT,12,2011-12-09 10:46:00,0.79,12985.0,United Kingdom,9.48,sale,0
1067014,581501,22442,GROW YOUR OWN FLOWERS SET OF 3,12,2011-12-09 10:46:00,1.95,12985.0,United Kingdom,23.4,sale,0
1067013,581501,22447,PIN CUSHION BABUSHKA BLUE,12,2011-12-09 10:46:00,1.25,12985.0,United Kingdom,15.0,sale,0
1067012,581501,22299,PIG KEYRING WITH LIGHT & SOUND,48,2011-12-09 10:46:00,0.39,12985.0,United Kingdom,18.72,sale,0
1067011,581501,22165,"DIAMANTE HEART SHAPED WALL MIRROR,",12,2011-12-09 10:46:00,3.95,12985.0,United Kingdom,47.4,sale,0
1067010,581501,21563,RED HEART SHAPE LOVE BUCKET,24,2011-12-09 10:46:00,0.79,12985.0,United Kingdom,18.96,sale,0
1067009,581501,21564,PINK  HEART SHAPE LOVE BUCKET,24,2011-12-09 10:46:00,0.79,12985.0,United Kingdom,18.96,sale,0
1067008,581501,20704,MR ROBOT SOFT TOY,8,2011-12-09 10:46:00,1.95,12985.0,United Kingdom,15.6,sale,0
1067007,581501,22319,HAIRCLIPS FORTIES FABRIC ASSORTED,180,2011-12-09 10:46:00,0.19,12985.0,United Kingdom,34.2,sale,0
1067006,581500,48187,DOORMAT NEW ENGLAND,2,2011-12-09 10:45:00,8.25,15344.0,United Kingdom,16.5,sale,0
1067005,581500,85066,CREAM SWEETHEART MINI CHEST,4,2011-12-09 10:45:00,12.75,15344.0,United Kingdom,51.0,sale,0
1067004,581500,82486,3 DRAWER ANTIQUE WHITE WOOD CABINET,4,2011-12-09 10:45:00,8.95,15344.0,United Kingdom,35.8,sale,0
1067003,C581499,M,Manual,-1,2011-12-09 10:28:00,224.69,15498.0,United Kingdom,-224.69,return,1
1067002,581498,DOT,DOTCOM POSTAGE,1,2011-12-09 10:26:00,1714.17,,United Kingdom,1714.17,sale,1
1067001,581498,85174,S/4 CACTI CANDLES,1,2011-12-09 10:26:00,10.79,,United Kingdom,10.79,sale,0
1067000,581498,85150,LADIES & GENTLEMEN METAL SIGN,1,2011-12-09 10:26:00,4.96,,United Kingdom,4.96,sale,0
1066999,581498,85099C,JUMBO  BAG BAROQUE BLACK WHITE,4,2011-12-09 10:26:00,4.13,,United Kingdom,16.52,sale,0
1066998,581498,85099B,JUMBO BAG RED RETROSPOT,5,2011-12-09 10:26:00,4.13,,United Kingdom,20.65,sale,0
1066997,581498,85049E,SCANDINAVIAN REDS RIBBONS,4,2011-12-09 10:26:00,3.29,,United Kingdom,13.16,sale,0
1066996,581498,85049A,TRADITIONAL CHRISTMAS RIBBONS,5,2011-12-09 10:26:00,3.29,,United Kingdom,16.45,sale,0
1066995,581498,85048,15CM CHRISTMAS GLASS BALL 20 LIGHTS,1,2011-12-09 10:26:00,16.63,,United Kingdom,16.63,sale,0
1066994,581498,85038,6 CHOCOLATE LOVE HEART T-LIGHTS,1,2011-12-09 10:26:00,4.13,,United Kingdom,4.13,sale,0
1066993,581498,84997D,CHILDRENS CUTLERY POLKADOT PINK,1,2011-12-09 10:26:00,8.29,,United Kingdom,8.29,sale,0
1066992,581498,84997B,CHILDRENS CUTLERY RETROSPOT RED,3,2011-12-09 10:26:00,8.29,,United Kingdom,24.87,sale,0
1066991,581498,84997A,CHILDRENS CUTLERY POLKADOT GREEN,2,2011-12-09 10:26:00,8.29,,United Kingdom,16.58,sale,0
1066990,581498,84970S,HANGING HEART ZINC T-LIGHT HOLDER,1,2011-12-09 10:26:00,2.08,,United Kingdom,2.08,sale,0
1066989,581498,84968E,SET OF 16 VINTAGE BLACK CUTLERY,1,2011-12-09 10:26:00,24.96,,United Kingdom,24.96,sale,0
1066988,581498,84832,ZINC WILLIE WINKIE  CANDLE STICK,26,2011-12-09 10:26:00,1.63,,United Kingdom,42.38,sale,0
1066987,581498,84558A,3D DOG PICTURE PLAYING CARDS,1,2011-12-09 10:26:00,5.79,,United Kingdom,5.79,sale,0
1066986,581498,84509A,SET OF 4 ENGLISH ROSE PLACEMATS,1,2011-12-09 10:26:00,7.46,,United Kingdom,7.46,sale,0
1066985,581498,84375,SET OF 20 KIDS COOKIE CUTTERS,3,2011-12-09 10:26:00,4.13,,United Kingdom,12.39,sale,0
1066984,581498,84032B,CHARLIE + LOLA RED HOT WATER BOTTLE,3,2011-12-09 10:26:00,3.29,,United Kingdom,9.87,sale,0
1066983,581498,84032A,CHARLIE+LOLA PINK HOT WATER BOTTLE,4,2011-12-09 10:26:00,5.79,,United Kingdom,23.16,sale,0
1066982,581498,84029E,RED WOOLLY HOTTIE WHITE HEART.,4,2011-12-09 10:26:00,8.29,,United Kingdom,33.16,sale,0
1066981,581498,82600,N0 SINGING METAL SIGN,4,2011-12-09 10:26:00,4.13,,United Kingdom,16.52,sale,0
1066980,581498,82581,TOILET METAL SIGN,1,2011-12-09 10:26:00,1.25,,United Kingdom,1.25,sale,0
1066979,581498,82580,BATHROOM METAL SIGN,1,2011-12-09 10:26:00,1.25,,United Kingdom,1.25,sale,0
1066978,581498,82552,WASHROOM METAL SIGN,1,2011-12-09 10:26:00,2.46,,United Kingdom,2.46,sale,0
1066977,581498,82482,WOODEN PICTURE FRAME WHITE FINISH,4,2011-12-09 10:26:00,4.96,,United Kingdom,19.84,sale,0
1066976,581498,82001S,SILVER RECORD COVER FRAME,2,2011-12-09 10:26:00,7.46,,United Kingdom,14.92,sale,0
1066975,581498,79321,CHILLI LIGHTS,10,2011-12-09 10:26:00,12.46,,United Kingdom,124.6,sale,0
1066974,581498,72349B,SET/6 PURPLE BUTTERFLY T-LIGHTS,2,2011-12-09 10:26:00,4.13,,United Kingdom,8.26,sale,0
1066973,581498,71053,WHITE MOROCCAN METAL LANTERN,1,2011-12-09 10:26:00,8.29,,United Kingdom,8.29,sale,0
1066972,581498,48138,DOORMAT UNION FLAG,1,2011-12-09 10:26:00,14.13,,United Kingdom,14.13,sale,0
1066971,581498,35970,ZINC FOLKART SLEIGH BELLS,6,2011-12-09 10:26:00,4.13,,United Kingdom,24.78,sale,0
1066970,581498,23564,EGG CUP MILKMAID INGRID,1,2011-12-09 10:26:00,2.46,,United Kingdom,2.46,sale,0
1066969,581498,23501,KEY RING BASEBALL BOOT UNION JACK,1,2011-12-09 10:26:00,2.46,,United Kingdom,2.46,sale,0
1066968,581498,23497,CLASSIC CHROME BICYCLE BELL,1,2011-12-09 10:26:00,3.29,,United Kingdom,3.29,sale,0
1066967,581498,23494,VINTAGE DOILY DELUXE SEWING KIT,1,2011-12-09 10:26:00,12.46,,United Kingdom,12.46,sale,0
1066966,581498,23493,VINTAGE DOILY TRAVEL SEWING KIT,1,2011-12-09 10:26:00,3.29,,United Kingdom,3.29,sale,0
1066965,581498,23480,MINI LIGHTS WOODLAND MUSHROOMS,1,2011-12-09 10:26:00,7.46,,United Kingdom,7.46,sale,0
1066964,581498,23437,50'S CHRISTMAS GIFT BAG LARGE,1,2011-12-09 10:26:00,2.46,,United Kingdom,2.46,sale,0
1066963,581498,23388,WOODLAND MINI BACKPACK,1,2011-12-09 10:26:00,8.29,,United Kingdom,8.29,sale,0
1066962,581498,23382,BOX OF 6 CHRISTMAS CAKE DECORATIONS,10,2011-12-09 10:26:00,7.46,,United Kingdom,74.6,sale,0
1066961,581498,23370,SET 36 COLOURING PENCILS DOILY,3,2011-12-09 10:26:00,1.25,,United Kingdom,3.75,sale,0
1066960,581498,23369,SET 36 COLOUR PENCILS LOVE LONDON,1,2011-12-09 10:26:00,1.25,,United Kingdom,1.25,sale,0
1066959,581498,23368,SET 12 COLOUR PENCILS DOLLY GIRL,3,2011-12-09 10:26:00,1.25,,United Kingdom,3.75,sale,0
1066958,581498,23354,6 GIFT TAGS 50'S CHRISTMAS,9,2011-12-09 10:26:00,1.63,,United Kingdom,14.67,sale,0
1066957,581498,23353,6 GIFT TAGS VINTAGE CHRISTMAS,10,2011-12-09 10:26:00,1.63,,United Kingdom,16.3,sale,0
1066956,581498,23352,ROLL WRAP 50'S RED CHRISTMAS,8,2011-12-09 10:26:00,2.46,,United Kingdom,19.68,sale,0
1066955,581498,23351,ROLL WRAP 50'S CHRISTMAS,22,2011-12-09 10:26:00,2.46,,United Kingdom,54.12,sale,0
1066954,581498,23349,ROLL WRAP VINTAGE CHRISTMAS,8,2011-12-09 10:26:00,2.46,,United Kingdom,19.68,sale,0
1066953,581498,23328,SET 6 SCHOOL MILK BOTTLES IN CRATE,6,2011-12-09 10:26:00,7.46,,United Kingdom,44.76,sale,0
1066952,581498,23312,VINTAGE CHRISTMAS GIFT SACK,3,2011-12-09 10:26:00,8.29,,United Kingdom,24.87,sale,0
1066951,581498,23311,VINTAGE CHRISTMAS STOCKING,6,2011-12-09 10:26:00,4.96,,United Kingdom,29.76,sale,0
1066950,581498,23301,GARDENERS KNEELING PAD KEEP CALM,32,2011-12-09 10:26:00,3.29,,United Kingdom,105.28,sale,0
1066949,581498,23300,GARDENERS KNEELING PAD CUP OF TEA,9,2011-12-09 10:26:00,3.29,,United Kingdom,29.61,sale,0
1066948,581498,23298,SPOTTY BUNTING,1,2011-12-09 10:26:00,10.79,,United Kingdom,10.79,sale,0
1066947,581498,23295,SET OF 12 MINI LOAF BAKING CASES,1,2011-12-09 10:26:00,2.46,,United Kingdom,2.46,sale,0
1066946,581498,23245,SET OF 3 REGENCY CAKE TINS,5,2011-12-09 10:26:00,10.79,,United Kingdom,53.95,sale,0
1066945,581498,23201,JUMBO BAG ALPHABET,6,2011-12-09 10:26:00,4.13,,United Kingdom,24.78,sale,0
1066944,581498,23199,JUMBO BAG APPLES,6,2011-12-09 10:26:00,4.13,,United Kingdom,24.78,sale,0
1066943,581498,23198,PANTRY MAGNETIC  SHOPPING LIST,2,2011-12-09 10:26:00,3.29,,United Kingdom,6.58,sale,0
1066942,581498,23196,VINTAGE LEAF MAGNETIC NOTEPAD,1,2011-12-09 10:26:00,3.29,,United Kingdom,3.29,sale,0
1066941,581498,23181,BULL DOG BOTTLE TOP WALL CLOCK,1,2011-12-09 10:26:00,16.63,,United Kingdom,16.63,sale,0
1066940,581498,23172,REGENCY TEA PLATE PINK,4,2011-12-09 10:26:00,3.29,,United Kingdom,13.16,sale,0
1066939,581498,23171,REGENCY TEA PLATE GREEN,5,2011-12-09 10:26:00,3.29,,United Kingdom,16.45,sale,0
1066938,581498,23170,REGENCY TEA PLATE ROSES,4,2011-12-09 10:26:00,3.29,,United Kingdom,13.16,sale,0
1066937,581498,23080,RED METAL BOX TOP SECRET,5,2011-12-09 10:26:00,16.63,,United Kingdom,83.15,sale,0
1066936,581498,23014,GLASS APOTHECARY BOTTLE ELIXIR,2,2011-12-09 10:26:00,8.29,,United Kingdom,16.58,sale,0
1066935,581498,23013,GLASS APOTHECARY BOTTLE TONIC,1,2011-12-09 10:26:00,8.29,,United Kingdom,8.29,sale,0
1066934,581498,23012,GLASS APOTHECARY BOTTLE PERFUME,1,2011-12-09 10:26:00,8.29,,United Kingdom,8.29,sale,0
1066933,581498,22993,SET OF 4 PANTRY JELLY MOULDS,2,2011-12-09 10:26:00,3.29,,United Kingdom,6.58,sale,0
1066932,581498,22966,GINGERBREAD MAN COOKIE CUTTER,2,2011-12-09 10:26:00,2.46,,United Kingdom,4.92,sale,0
1066931,581498,22961,JAM MAKING SET PRINTED,4,2011-12-09 10:26:00,3.29,,United Kingdom,13.16,sale,0
1066930,581498,22960,JAM MAKING SET WITH JARS,5,2011-12-09 10:26:00,8.29,,United Kingdom,41.45,sale,0
1066929,581498,22952,60 CAKE CASES VINTAGE CHRISTMAS,7,2011-12-09 10:26:00,1.25,,United Kingdom,8.75,sale,0
1066928,581498,22910,PAPER CHAIN KIT VINTAGE CHRISTMAS,5,2011-12-09 10:26:00,5.79,,United Kingdom,28.95,sale,0
1066927,581498,22900,SET 2 TEA TOWELS I LOVE LONDON,2,2011-12-09 10:26:00,4.13,,United Kingdom,8.26,sale,0
1066926,581498,22891,TEA FOR ONE POLKADOT,1,2011-12-09 10:26:00,8.29,,United Kingdom,8.29,sale,0
1066925,581498,22866,HAND WARMER SCOTTY DOG DESIGN,2,2011-12-09 10:26:00,4.13,,United Kingdom,8.26,sale,0
1066924,581498,22865,HAND WARMER OWL DESIGN,1,2011-12-09 10:26:00,4.96,,United Kingdom,4.96,sale,0
1066923,581498,22845,VINTAGE CREAM CAT FOOD CONTAINER,1,2011-12-09 10:26:00,12.46,,United Kingdom,12.46,sale,0
1066922,581498,22844,VINTAGE CREAM DOG FOOD CONTAINER,2,2011-12-09 10:26:00,16.63,,United Kingdom,33.26,sale,0
1066921,581498,22838,3 TIER CAKE TIN RED AND CREAM,1,2011-12-09 10:26:00,29.17,,United Kingdom,29.17,sale,0
1066920,581498,22813,PACK 3 BOXES BIRD PANETTONE,4,2011-12-09 10:26:00,4.13,,United Kingdom,16.52,sale,0
1066919,581498,22807,SET OF 6 T-LIGHTS TOADSTOOLS,2,2011-12-09 10:26:00,5.79,,United Kingdom,11.58,sale,0
1066918,581498,22795,SWEETHEART RECIPE BOOK STAND,1,2011-12-09 10:26:00,13.29,,United Kingdom,13.29,sale,0
1066917,581498,22776,SWEETHEART 3 TIER CAKE STAND,1,2011-12-09 10:26:00,19.96,,United Kingdom,19.96,sale,0
1066916,581498,22734,SET OF 6 RIBBONS VINTAGE CHRISTMAS,5,2011-12-09 10:26:00,5.79,,United Kingdom,28.95,sale,0
1066915,581498,22733,3D TRADITIONAL CHRISTMAS STICKERS,1,2011-12-09 10:26:00,1.63,,United Kingdom,1.63,sale,0
1066914,581498,22722,SET OF 6 SPICE TINS PANTRY DESIGN,3,2011-12-09 10:26:00,8.29,,United Kingdom,24.87,sale,0
1066913,581498,22699,ROSES REGENCY TEACUP AND SAUCER,6,2011-12-09 10:26:00,5.79,,United Kingdom,34.74,sale,0
1066912,581498,22698,PINK REGENCY TEACUP AND SAUCER,9,2011-12-09 10:26:00,5.79,,United Kingdom,52.11,sale,0
1066911,581498,22697,GREEN REGENCY TEACUP AND SAUCER,6,2011-12-09 10:26:00,5.79,,United Kingdom,34.74,sale,0
1066910,581498,22694,WICKER STAR,1,2011-12-09 10:26:00,3.29,,United Kingdom,3.29,sale,0
1066909,581498,22684,FRENCH BLUE METAL DOOR SIGN 9,1,2011-12-09 10:26:00,2.46,,United Kingdom,2.46,sale,0
1066908,581498,22676,FRENCH BLUE METAL DOOR SIGN 1,1,2011-12-09 10:26:00,2.46,,United Kingdom,2.46,sale,0
1066907,581498,22666,RECIPE BOX PANTRY YELLOW DESIGN,11,2011-12-09 10:26:00,5.79,,United Kingdom,63.69,sale,0
1066906,581498,22663,JUMBO BAG DOLLY GIRL DESIGN,2,2011-12-09 10:26:00,4.13,,United Kingdom,8.26,sale,0
1066905,581498,22659,LUNCH BOX I LOVE LONDON,1,2011-12-09 10:26:00,4.13,,United Kingdom,4.13,sale,0
1066904,581498,22654,DELUXE SEWING KIT,2,2011-12-09 10:26:00,12.46,,United Kingdom,24.92,sale,0
1066903,581498,22645,CERAMIC HEART FAIRY CAKE MONEY BANK,4,2011-12-09 10:26:00,4.13,,United Kingdom,16.52,sale,0
1066902,581498,22632,HAND WARMER RED RETROSPOT,1,2011-12-09 10:26:00,4.13,,United Kingdom,4.13,sale,0
1066901,581498,22629,SPACEBOY LUNCH BOX,2,2011-12-09 10:26:00,2.46,,United Kingdom,4.92,sale,0
1066900,581498,22624,IVORY KITCHEN SCALES,1,2011-12-09 10:26:00,16.63,,United Kingdom,16.63,sale,0
1066899,581498,22622,BOX OF VINTAGE ALPHABET BLOCKS,1,2011-12-09 10:26:00,20.79,,United Kingdom,20.79,sale,0
1066898,581498,22619,SET OF 6 SOLDIER SKITTLES,1,2011-12-09 10:26:00,7.46,,United Kingdom,7.46,sale,0
1066897,581498,22557,PLASTERS IN TIN VINTAGE PAISLEY,1,2011-12-09 10:26:00,3.29,,United Kingdom,3.29,sale,0
1066896,581498,22553,PLASTERS IN TIN SKULLS,1,2011-12-09 10:26:00,3.29,,United Kingdom,3.29,sale,0
1066895,581498,22526,WHEELBARROW FOR CHILDREN,1,2011-12-09 10:26:00,24.96,,United Kingdom,24.96,sale,0
1066894,581498,22507,MEMO BOARD RETROSPOT  DESIGN,1,2011-12-09 10:26:00,10.79,,United Kingdom,10.79,sale,0
1066893,581498,22498,WOODEN REGATTA BUNTING,1,2011-12-09 10:26:00,8.29,,United Kingdom,8.29,sale,0
1066892,581498,22488,NATURAL SLATE RECTANGLE CHALKBOARD,2,2011-12-09 10:26:00,3.29,,United Kingdom,6.58,sale,0
1066891,581498,22474,SPACEBOY TV DINNER TRAY,1,2011-12-09 10:26:00,10.79,,United Kingdom,10.79,sale,0
1066890,581498,22471,TV DINNER TRAY AIR HOSTESS,1,2011-12-09 10:26:00,10.79,,United Kingdom,10.79,sale,0
1066889,581498,22457,NATURAL SLATE HEART CHALKBOARD,2,2011-12-09 10:26:00,5.79,,United Kingdom,11.58,sale,0
1066888,581498,22456,NATURAL SLATE CHALKBOARD LARGE,4,2011-12-09 10:26:00,9.96,,United Kingdom,39.84,sale,0
1066887,581498,22429,ENAMEL MEASURING JUG CREAM,1,2011-12-09 10:26:00,8.29,,United Kingdom,8.29,sale,0
1066886,581498,22424,ENAMEL BREAD BIN CREAM,1,2011-12-09 10:26:00,24.96,,United Kingdom,24.96,sale,0
1066885,581498,22422,TOOTHPASTE TUBE PEN,1,2011-12-09 10:26:00,1.25,,United Kingdom,1.25,sale,0
1066884,581498,22411,JUMBO SHOPPER VINTAGE RED PAISLEY,2,2011-12-09 10:26:00,4.13,,United Kingdom,8.26,sale,0
1066883,581498,22386,JUMBO BAG PINK POLKADOT,1,2011-12-09 10:26:00,4.13,,United Kingdom,4.13,sale,0
1066882,581498,22384,LUNCH BAG PINK POLKADOT,1,2011-12-09 10:26:00,4.96,,United Kingdom,4.96,sale,0
1066881,581498,22381,TOY TIDY PINK POLKADOT,1,2011-12-09 10:26:00,4.96,,United Kingdom,4.96,sale,0
1066880,581498,22379,RECYCLING BAG RETROSPOT,4,2011-12-09 10:26:00,4.96,,United Kingdom,19.84,sale,0
1066879,581498,22378,WALL TIDY RETROSPOT,2,2011-12-09 10:26:00,4.96,,United Kingdom,9.92,sale,0
1066878,581498,22374,AIRLINE BAG VINTAGE JET SET RED,1,2011-12-09 10:26:00,4.13,,United Kingdom,4.13,sale,0
1066877,581498,22371,AIRLINE BAG VINTAGE TOKYO 78,1,2011-12-09 10:26:00,4.13,,United Kingdom,4.13,sale,0
1066876,581498,22367,CHILDRENS APRON SPACEBOY DESIGN,7,2011-12-09 10:26:00,4.96,,United Kingdom,34.72,sale,0
1066875,581498,22358,KINGS CHOICE TEA CADDY,1,2011-12-09 10:26:00,5.79,,United Kingdom,5.79,sale,0
1066874,581498,22357,KINGS CHOICE BISCUIT TIN,1,2011-12-09 10:26:00,8.29,,United Kingdom,8.29,sale,0
1066873,581498,22352,LUNCH BOX WITH CUTLERY RETROSPOT,6,2011-12-09 10:26:00,4.13,,United Kingdom,24.78,sale,0
1066872,581498,22328,ROUND SNACK BOXES SET OF 4 FRUITS,4,2011-12-09 10:26:00,4.13,,United Kingdom,16.52,sale,0
1066871,581498,22327,ROUND SNACK BOXES SET OF 4 SKULLS,4,2011-12-09 10:26:00,6.63,,United Kingdom,26.52,sale,0
1066870,581498,22308,TEA COSY BLUE STRIPE,2,2011-12-09 10:26:00,4.96,,United Kingdom,9.92,sale,0
1066869,581498,22304,COFFEE MUG BLUE PAISLEY DESIGN,1,2011-12-09 10:26:00,4.96,,United Kingdom,4.96,sale,0
1066868,581498,22303,COFFEE MUG APPLES DESIGN,4,2011-12-09 10:26:00,4.96,,United Kingdom,19.84,sale,0
1066867,581498,22302,COFFEE MUG PEARS  DESIGN,4,2011-12-09 10:26:00,4.96,,United Kingdom,19.84,sale,0
1066866,581498,22301,COFFEE MUG CAT + BIRD DESIGN,2,2011-12-09 10:26:00,4.96,,United Kingdom,9.92,sale,0
1066865,581498,22278,OVERNIGHT BAG VINTAGE ROSE PAISLEY,2,2011-12-09 10:26:00,10.79,,United Kingdom,21.58,sale,0
1066864,581498,22207,FRYING PAN UNION FLAG,1,2011-12-09 10:26:00,8.29,,United Kingdom,8.29,sale,0
1066863,581498,22196,SMALL HEART MEASURING SPOONS,2,2011-12-09 10:26:00,1.63,,United Kingdom,3.26,sale,0
1066862,581498,22195,LARGE HEART MEASURING SPOONS,3,2011-12-09 10:26:00,3.29,,United Kingdom,9.87,sale,0
1066861,581498,22193,RED DINER WALL CLOCK,1,2011-12-09 10:26:00,16.63,,United Kingdom,16.63,sale,0
1066860,581498,22187,GREEN CHRISTMAS TREE CARD HOLDER,6,2011-12-09 10:26:00,8.29,,United Kingdom,49.74,sale,0
1066859,581498,22186,RED STAR CARD HOLDER,1,2011-12-09 10:26:00,5.79,,United Kingdom,5.79,sale,0
1066858,581498,22179,SET 10 NIGHT OWL LIGHTS,1,2011-12-09 10:26:00,13.29,,United Kingdom,13.29,sale,0
1066857,581498,22178,VICTORIAN GLASS HANGING T-LIGHT,1,2011-12-09 10:26:00,2.46,,United Kingdom,2.46,sale,0
1066856,581498,22175,PINK OWL SOFT TOY,1,2011-12-09 10:26:00,5.79,,United Kingdom,5.79,sale,0
1066855,581498,22174,PHOTO CUBE,3,2011-12-09 10:26:00,4.13,,United Kingdom,12.39,sale,0
1066854,581498,22173,METAL 4 HOOK HANGER FRENCH CHATEAU,3,2011-12-09 10:26:00,5.79,,United Kingdom,17.37,sale,0
1066853,581498,22161,HEART DECORATION RUSTIC HANGING,2,2011-12-09 10:26:00,1.63,,United Kingdom,3.26,sale,0
1066852,581498,22144,CHRISTMAS CRAFT LITTLE FRIENDS,8,2011-12-09 10:26:00,4.13,,United Kingdom,33.04,sale,0
1066851,581498,22142,CHRISTMAS CRAFT WHITE FAIRY,2,2011-12-09 10:26:00,3.29,,United Kingdom,6.58,sale,0
1066850,581498,22141,CHRISTMAS CRAFT TREE TOP ANGEL,7,2011-12-09 10:26:00,4.13,,United Kingdom,28.91,sale,0
1066849,581498,22139,RETROSPOT TEA SET CERAMIC 11 PC,2,2011-12-09 10:26:00,10.79,,United Kingdom,21.58,sale,0
1066848,581498,22114,HOT WATER BOTTLE TEA AND SYMPATHY,4,2011-12-09 10:26:00,8.29,,United Kingdom,33.16,sale,0
1066847,581498,22099,CARAVAN SQUARE TISSUE BOX,2,2011-12-09 10:26:00,2.46,,United Kingdom,4.92,sale,0
1066846,581498,22086,PAPER CHAIN KIT 50'S CHRISTMAS,52,2011-12-09 10:26:00,5.79,,United Kingdom,301.08,sale,0
1066845,581498,22083,PAPER CHAIN KIT RETROSPOT,2,2011-12-09 10:26:00,5.79,,United Kingdom,11.58,sale,0
1066844,581498,22077,6 RIBBONS RUSTIC CHARM,2,2011-12-09 10:26:00,4.13,,United Kingdom,8.26,sale,0
1066843,581498,22069,BROWN  PIRATE TREASURE CHEST,3,2011-12-09 10:26:00,4.13,,United Kingdom,12.39,sale,0
1066842,581498,22059,CERAMIC STRAWBERRY DESIGN MUG,1,2011-12-09 10:26:00,3.29,,United Kingdom,3.29,sale,0
1066841,581498,22041,"RECORD FRAME 7"" SINGLE SIZE",2,2011-12-09 10:26:00,5.79,,United Kingdom,11.58,sale,0
1066840,581498,21989,PACK OF 20 SKULL PAPER NAPKINS,1,2011-12-09 10:26:00,1.63,,United Kingdom,1.63,sale,0
1066839,581498,21987,PACK OF 6 SKULL PAPER CUPS,2,2011-12-09 10:26:00,1.63,,United Kingdom,3.26,sale,0
1066838,581498,21983,PACK OF 12 BLUE PAISLEY TISSUES,1,2011-12-09 10:26:00,0.79,,United Kingdom,0.79,sale,0
1066837,581498,21977,PACK OF 60 PINK PAISLEY CAKE CASES,1,2011-12-09 10:26:00,2.08,,United Kingdom,2.08,sale,0
1066836,581498,21955,DOORMAT UNION JACK GUNS AND ROSES,1,2011-12-09 10:26:00,12.46,,United Kingdom,12.46,sale,0
1066835,581498,21942,SKULLS DESIGN FLANNEL,1,2011-12-09 10:26:00,1.63,,United Kingdom,1.63,sale,0
1066834,581498,21935,SUKI  SHOULDER BAG,7,2011-12-09 10:26:00,4.13,,United Kingdom,28.91,sale,0
1066833,581498,21934,SKULL SHOULDER BAG,1,2011-12-09 10:26:00,3.29,,United Kingdom,3.29,sale,0
1066832,581498,21931,JUMBO STORAGE BAG SUKI,6,2011-12-09 10:26:00,4.13,,United Kingdom,24.78,sale,0
1066831,581498,21930,JUMBO STORAGE BAG SKULLS,2,2011-12-09 10:26:00,4.13,,United Kingdom,8.26,sale,0
1066830,581498,21928,JUMBO BAG SCANDINAVIAN BLUE PAISLEY,2,2011-12-09 10:26:00,4.13,,United Kingdom,8.26,sale,0
1066829,581498,21916,SET 12 RETRO WHITE CHALK STICKS,7,2011-12-09 10:26:00,0.79,,United Kingdom,5.53,sale,0
1066828,581498,21912,VINTAGE SNAKES & LADDERS,1,2011-12-09 10:26:00,7.46,,United Kingdom,7.46,sale,0
1066827,581498,21890,S/6 WOODEN SKITTLES IN COTTON BAG,1,2011-12-09 10:26:00,5.79,,United Kingdom,5.79,sale,0
1066826,581498,21876,POTTERING MUG,4,2011-12-09 10:26:00,3.29,,United Kingdom,13.16,sale,0
1066825,581498,21874,GIN AND TONIC MUG,2,2011-12-09 10:26:00,3.29,,United Kingdom,6.58,sale,0
1066824,581498,21864,UNION JACK FLAG PASSPORT COVER,2,2011-12-09 10:26:00,4.13,,United Kingdom,8.26,sale,0
1066823,581498,21843,RED RETROSPOT CAKE STAND,5,2011-12-09 10:26:00,20.79,,United Kingdom,103.95,sale,0
1066822,581498,21790,VINTAGE SNAP CARDS,1,2011-12-09 10:26:00,1.63,,United Kingdom,1.63,sale,0
1066821,581498,21754,HOME BUILDING BLOCK WORD,2,2011-12-09 10:26:00,11.63,,United Kingdom,23.26,sale,0
1066820,581498,21731,RED TOADSTOOL LED NIGHT LIGHT,9,2011-12-09 10:26:00,4.13,,United Kingdom,37.17,sale,0
1066819,581498,21558,SKULL LUNCH BOX WITH CUTLERY,1,2011-12-09 10:26:00,4.96,,United Kingdom,4.96,sale,0
1066818,581498,21557,SET OF 6 FUNKY BEAKERS,1,2011-12-09 10:26:00,5.63,,United Kingdom,5.63,sale,0
1066817,581498,21523,DOORMAT FANCY FONT HOME SWEET HOME,1,2011-12-09 10:26:00,16.63,,United Kingdom,16.63,sale,0
1066816,581498,21494,ROTATING LEAVES T-LIGHT HOLDER,7,2011-12-09 10:26:00,5.79,,United Kingdom,40.53,sale,0
1066815,581498,21430,SET/3 RED GINGHAM ROSE STORAGE BOX,3,2011-12-09 10:26:00,7.46,,United Kingdom,22.38,sale,0
1066814,581498,21411,GINGHAM HEART  DOORSTOP RED,1,2011-12-09 10:26:00,8.29,,United Kingdom,8.29,sale,0
1066813,581498,21329,DINOSAURS  WRITING SET,1,2011-12-09 10:26:00,3.29,,United Kingdom,3.29,sale,0
1066812,581498,21328,BALLOONS  WRITING SET,1,2011-12-09 10:26:00,3.29,,United Kingdom,3.29,sale,0
1066811,581498,21327,SKULLS WRITING SET,1,2011-12-09 10:26:00,2.46,,United Kingdom,2.46,sale,0
1066810,581498,21257,VICTORIAN SEWING BOX MEDIUM,3,2011-12-09 10:26:00,15.79,,United Kingdom,47.37,sale,0
1066809,581498,21239,PINK  POLKADOT CUP,1,2011-12-09 10:26:00,1.63,,United Kingdom,1.63,sale,0
1066808,581498,21232,STRAWBERRY CERAMIC TRINKET POT,13,2011-12-09 10:26:00,2.46,,United Kingdom,31.98,sale,0
1066807,581498,21218,RED SPOTTY BISCUIT TIN,4,2011-12-09 10:26:00,8.29,,United Kingdom,33.16,sale,0
1066806,581498,21217,RED RETROSPOT ROUND CAKE TINS,3,2011-12-09 10:26:00,20.79,,United Kingdom,62.37,sale,0
1066805,581498,21216,"SET 3 RETROSPOT TEA,COFFEE,SUGAR",2,2011-12-09 10:26:00,10.79,,United Kingdom,21.58,sale,0
1066804,581498,21181,PLEASE ONE PERSON METAL SIGN,6,2011-12-09 10:26:00,4.13,,United Kingdom,24.78,sale,0
1066803,581498,21174,POTTERING IN THE SHED METAL SIGN,2,2011-12-09 10:26:00,4.13,,United Kingdom,8.26,sale,0
1066802,581498,21169,YOU'RE CONFUSING ME METAL SIGN,2,2011-12-09 10:26:00,4.13,,United Kingdom,8.26,sale,0
1066801,581498,21166,COOK WITH WINE METAL SIGN,3,2011-12-09 10:26:00,4.13,,United Kingdom,12.39,sale,0
1066800,581498,21155,RED RETROSPOT PEG BAG,4,2011-12-09 10:26:00,4.96,,United Kingdom,19.84,sale,0
1066799,581498,21137,BLACK RECORD COVER FRAME,4,2011-12-09 10:26:00,7.46,,United Kingdom,29.84,sale,0
1066798,581498,21125,SET 6 FOOTBALL CELEBRATION CANDLES,3,2011-12-09 10:26:00,2.46,,United Kingdom,7.38,sale,0
1066797,581498,21115,ROSE CARAVAN DOORSTOP,1,2011-12-09 10:26:00,14.13,,United Kingdom,14.13,sale,0
1066796,581498,20963,APPLE BATH SPONGE,1,2011-12-09 10:26:00,2.46,,United Kingdom,2.46,sale,0
1066795,581498,20961,STRAWBERRY BATH SPONGE,1,2011-12-09 10:26:00,2.46,,United Kingdom,2.46,sale,0
1066794,581498,20750,RED RETROSPOT MINI CASES,1,2011-12-09 10:26:00,16.63,,United Kingdom,16.63,sale,0
1066793,581498,20728,LUNCH BAG CARS BLUE,4,2011-12-09 10:26:00,4.13,,United Kingdom,16.52,sale,0
1066792,581498,20726,LUNCH BAG WOODLAND,3,2011-12-09 10:26:00,4.13,,United Kingdom,12.39,sale,0
1066791,581498,20718,RED RETROSPOT SHOPPER BAG,1,2011-12-09 10:26:00,3.29,,United Kingdom,3.29,sale,0
1066790,581498,20717,STRAWBERRY SHOPPER BAG,1,2011-12-09 10:26:00,2.46,,United Kingdom,2.46,sale,0
1066789,581498,20713,JUMBO BAG OWLS,8,2011-12-09 10:26:00,4.13,,United Kingdom,33.04,sale,0
1066788,581498,20712,JUMBO BAG WOODLAND ANIMALS,3,2011-12-09 10:26:00,4.13,,United Kingdom,12.39,sale,0
1066787,581498,20679,EDWARDIAN PARASOL RED,5,2011-12-09 10:26:00,12.46,,United Kingdom,62.3,sale,0
1066786,581498,20669,RED HEART LUGGAGE TAG,3,2011-12-09 10:26:00,2.46,,United Kingdom,7.38,sale,0
1066785,581498,15056BL,EDWARDIAN PARASOL BLACK,2,2011-12-09 10:26:00,12.46,,United Kingdom,24.92,sale,0
1066784,581497,85049G,CHOCOLATE BOX RIBBONS,2,2011-12-09 10:23:00,2.46,,United Kingdom,4.92,sale,0
1066783,581497,84997C,CHILDRENS CUTLERY POLKADOT BLUE,3,2011-12-09 10:23:00,8.29,,United Kingdom,24.87,sale,0
1066782,581497,84029G,KNITTED UNION FLAG HOT WATER BOTTLE,11,2011-12-09 10:23:00,8.29,,United Kingdom,91.19,sale,0
1066781,581497,82583,HOT BATHS METAL SIGN,4,2011-12-09 10:23:00,4.96,,United Kingdom,19.84,sale,0
1066780,581497,47566,PARTY BUNTING,5,2011-12-09 10:23:00,10.79,,United Kingdom,53.95,sale,0
1066779,581497,35970,ZINC FOLKART SLEIGH BELLS,2,2011-12-09 10:23:00,4.13,,United Kingdom,8.26,sale,0
1066778,581497,23358,HOT STUFF HOT WATER BOTTLE,2,2011-12-09 10:23:00,5.79,,United Kingdom,11.58,sale,0
1066777,581497,23357,HOT WATER BOTTLE SEX BOMB,2,2011-12-09 10:23:00,5.79,,United Kingdom,11.58,sale,0
1066776,581497,23356,LOVE HOT WATER BOTTLE,1,2011-12-09 10:23:00,12.46,,United Kingdom,12.46,sale,0
1066775,581497,23355,HOT WATER BOTTLE KEEP CALM,36,2011-12-09 10:23:00,8.29,,United Kingdom,298.44,sale,0
1066774,581497,23301,GARDENERS KNEELING PAD KEEP CALM,1,2011-12-09 10:23:00,4.13,,United Kingdom,4.13,sale,0
1066773,581497,23208,LUNCH BAG VINTAGE LEAF DESIGN,3,2011-12-09 10:23:00,4.96,,United Kingdom,14.88,sale,0
1066772,581497,23207,LUNCH BAG ALPHABET DESIGN,1,2011-12-09 10:23:00,4.96,,United Kingdom,4.96,sale,0
1066771,581497,23206,LUNCH BAG APPLE DESIGN,1,2011-12-09 10:23:00,8.33,,United Kingdom,8.33,sale,0
1066770,581497,23206,LUNCH BAG APPLE DESIGN,3,2011-12-09 10:23:00,4.96,,United Kingdom,14.88,sale,0
1066769,581497,23205,CHARLOTTE BAG VINTAGE ALPHABET,8,2011-12-09 10:23:00,2.46,,United Kingdom,19.68,sale,0
1066768,581497,23204,CHARLOTTE BAG APPLES DESIGN,13,2011-12-09 10:23:00,2.46,,United Kingdom,31.98,sale,0
1066767,581497,23168,CLASSIC CAFE SUGAR DISPENSER,1,2011-12-09 10:23:00,6.54,,United Kingdom,6.54,sale,0
1066766,581497,23084,RABBIT NIGHT LIGHT,37,2011-12-09 10:23:00,4.96,,United Kingdom,183.52,sale,0
1066765,581497,22943,CHRISTMAS LIGHTS 10 VINTAGE BAUBLES,1,2011-12-09 10:23:00,10.79,,United Kingdom,10.79,sale,0
1066764,581497,22898,CHILDRENS APRON APPLES DESIGN,2,2011-12-09 10:23:00,4.96,,United Kingdom,9.92,sale,0
1066763,581497,22896,PEG BAG APPLES DESIGN,2,2011-12-09 10:23:00,5.79,,United Kingdom,11.58,sale,0
1066762,581497,22895,SET OF 2 TEA TOWELS APPLE AND PEARS,1,2011-12-09 10:23:00,6.63,,United Kingdom,6.63,sale,0
1066761,581497,22835,HOT WATER BOTTLE I AM SO POORLY,4,2011-12-09 10:23:00,12.46,,United Kingdom,49.84,sale,0
1066760,581497,22805,BLUE DRAWER KNOB ACRYLIC EDWARDIAN,1,2011-12-09 10:23:00,3.29,,United Kingdom,3.29,sale,0
1066759,581497,22738,RIBBON REEL SNOWY VILLAGE,1,2011-12-09 10:23:00,7.5,,United Kingdom,7.5,sale,0
1066758,581497,22736,RIBBON REEL MAKING SNOWMEN,3,2011-12-09 10:23:00,4.13,,United Kingdom,12.39,sale,0
1066757,581497,22735,RIBBON REEL SOCKS AND MITTENS,2,2011-12-09 10:23:00,7.5,,United Kingdom,15.0,sale,0
1066756,581497,22730,ALARM CLOCK BAKELIKE IVORY,5,2011-12-09 10:23:00,8.29,,United Kingdom,41.45,sale,0
1066755,581497,22727,ALARM CLOCK BAKELIKE RED,10,2011-12-09 10:23:00,8.29,,United Kingdom,82.9,sale,0
1066754,581497,22726,ALARM CLOCK BAKELIKE GREEN,1,2011-12-09 10:23:00,8.29,,United Kingdom,8.29,sale,0
1066753,581497,22725,ALARM CLOCK BAKELIKE CHOCOLATE,3,2011-12-09 10:23:00,8.29,,United Kingdom,24.87,sale,0
1066752,581497,22423,REGENCY CAKESTAND 3 TIER,8,2011-12-09 10:23:00,24.96,,United Kingdom,199.68,sale,0
1066751,581497,22383,LUNCH BAG SUKI DESIGN,2,2011-12-09 10:23:00,4.96,,United Kingdom,9.92,sale,0
1066750,581497,22356,CHARLOTTE BAG PINK POLKADOT,1,2011-12-09 10:23:00,5.63,,United Kingdom,5.63,sale,0
1066749,581497,22356,CHARLOTTE BAG PINK POLKADOT,25,2011-12-09 10:23:00,2.46,,United Kingdom,61.5,sale,0
1066748,581497,22355,CHARLOTTE BAG SUKI DESIGN,110,2011-12-09 10:23:00,2.46,,United Kingdom,270.6,sale,0
1066747,581497,22197,POPCORN HOLDER,68,2011-12-09 10:23:00,2.46,,United Kingdom,167.28,sale,0
1066746,581497,22114,HOT WATER BOTTLE TEA AND SYMPATHY,48,2011-12-09 10:23:00,9.13,,United Kingdom,438.24,sale,0
1066745,581497,22112,CHOCOLATE HOT WATER BOTTLE,13,2011-12-09 10:23:00,12.46,,United Kingdom,161.98,sale,0
1066744,581497,22111,SCOTTIE DOG HOT WATER BOTTLE,5,2011-12-09 10:23:00,12.46,,United Kingdom,62.3,sale,0
1066743,581497,22110,BIRD HOUSE HOT WATER BOTTLE,7,2011-12-09 10:23:00,5.79,,United Kingdom,40.53,sale,0
1066742,581497,21714,CITRONELLA CANDLE GARDEN POT,2,2011-12-09 10:23:00,3.29,,United Kingdom,6.58,sale,0
1066741,581497,21673,WHITE SPOT BLUE CERAMIC DRAWER KNOB,1,2011-12-09 10:23:00,3.29,,United Kingdom,3.29,sale,0
1066740,581497,21672,WHITE SPOT RED CERAMIC DRAWER KNOB,6,2011-12-09 10:23:00,3.29,,United Kingdom,19.74,sale,0
1066739,581497,21671,RED SPOT CERAMIC DRAWER KNOB,1,2011-12-09 10:23:00,3.29,,United Kingdom,3.29,sale,0
1066738,581497,21670,BLUE SPOT CERAMIC DRAWER KNOB,1,2011-12-09 10:23:00,3.29,,United Kingdom,3.29,sale,0
1066737,581497,21668,RED STRIPE CERAMIC DRAWER KNOB,1,2011-12-09 10:23:00,3.29,,United Kingdom,3.29,sale,0
1066736,581497,21484,CHICK GREY HOT WATER BOTTLE,1,2011-12-09 10:23:00,9.13,,United Kingdom,9.13,sale,0
1066735,581497,21481,FAWN BLUE HOT WATER BOTTLE,1,2011-12-09 10:23:00,10.29,,United Kingdom,10.29,sale,0
1066734,581497,21481,FAWN BLUE HOT WATER BOTTLE,1,2011-12-09 10:23:00,8.29,,United Kingdom,8.29,sale,0
1066733,581497,21479,WHITE SKULL HOT WATER BOTTLE,25,2011-12-09 10:23:00,9.13,,United Kingdom,228.25,sale,0
1066732,581497,21242,RED RETROSPOT PLATE,2,2011-12-09 10:23:00,3.29,,United Kingdom,6.58,sale,0
1066731,581497,21238,RED RETROSPOT CUP,8,2011-12-09 10:23:00,1.63,,United Kingdom,13.04,sale,0
1066730,581497,21212,PACK OF 72 RETROSPOT CAKE CASES,7,2011-12-09 10:23:00,2.08,,United Kingdom,14.56,sale,0
1066729,581497,20727,LUNCH BAG  BLACK SKULL.,8,2011-12-09 10:23:00,4.96,,United Kingdom,39.68,sale,0
1066728,581497,20724,RED RETROSPOT CHARLOTTE BAG,55,2011-12-09 10:23:00,2.46,,United Kingdom,135.3,sale,0
1066727,581497,20723,STRAWBERRY CHARLOTTE BAG,42,2011-12-09 10:23:00,2.46,,United Kingdom,103.32,sale,0
1066726,581497,20719,WOODLAND CHARLOTTE BAG,33,2011-12-09 10:23:00,2.46,,United Kingdom,81.18,sale,0
1066725,581495,22423,REGENCY CAKESTAND 3 TIER,10,2011-12-09 10:20:00,12.75,14051.0,United Kingdom,127.5,sale,0
1066724,581495,23173,REGENCY TEAPOT ROSES,6,2011-12-09 10:20:00,9.95,14051.0,United Kingdom,59.7,sale,0
1066723,581495,22798,ANTIQUE GLASS DRESSING TABLE POT,36,2011-12-09 10:20:00,2.95,14051.0,United Kingdom,106.2,sale,0
1066722,581495,21871,SAVE THE PLANET MUG,18,2011-12-09 10:20:00,1.65,14051.0,United Kingdom,29.7,sale,0
1066721,581495,21877,HOME SWEET HOME MUG,12,2011-12-09 10:20:00,1.65,14051.0,United Kingdom,19.8,sale,0
1066720,581495,21523,DOORMAT FANCY FONT HOME SWEET HOME,10,2011-12-09 10:20:00,7.08,14051.0,United Kingdom,70.8,sale,0
1066719,581495,48138,DOORMAT UNION FLAG,10,2011-12-09 10:20:00,7.08,14051.0,United Kingdom,70.8,sale,0
1066718,581495,23439,HAND WARMER RED LOVE HEART,36,2011-12-09 10:20:00,2.1,14051.0,United Kingdom,75.6,sale,0
1066717,581495,15056BL,EDWARDIAN PARASOL BLACK,36,2011-12-09 10:20:00,5.95,14051.0,United Kingdom,214.2,sale,0
1066716,581495,15056N,EDWARDIAN PARASOL NATURAL,36,2011-12-09 10:20:00,5.95,14051.0,United Kingdom,214.2,sale,0
1066715,581495,22633,HAND WARMER UNION JACK,18,2011-12-09 10:20:00,2.1,14051.0,United Kingdom,37.8,sale,0
1066714,581495,22697,GREEN REGENCY TEACUP AND SAUCER,12,2011-12-09 10:20:00,2.95,14051.0,United Kingdom,35.4,sale,0
1066713,581495,22698,PINK REGENCY TEACUP AND SAUCER,12,2011-12-09 10:20:00,2.95,14051.0,United Kingdom,35.4,sale,0
1066712,581495,22699,ROSES REGENCY TEACUP AND SAUCER,12,2011-12-09 10:20:00,2.95,14051.0,United Kingdom,35.4,sale,0
1066711,581495,23535,WALL ART BICYCLE SAFETY,12,2011-12-09 10:20:00,5.95,14051.0,United Kingdom,71.4,sale,0
1066710,581496,22544,MINI JIGSAW SPACEBOY,48,2011-12-09 10:20:00,0.19,16558.0,United Kingdom,9.12,sale,0
1066709,581496,22539,MINI JIGSAW DOLLY GIRL,48,2011-12-09 10:20:00,0.19,16558.0,United Kingdom,9.12,sale,0
1066708,581496,22465,HANGING METAL STAR LANTERN,12,2011-12-09 10:20:00,0.79,16558.0,United Kingdom,9.48,sale,0
1066707,581496,22464,HANGING METAL HEART LANTERN,12,2011-12-09 10:20:00,0.79,16558.0,United Kingdom,9.48,sale,0
1066706,581496,22220,CAKE STAND LOVEBIRD 2 TIER WHITE,6,2011-12-09 10:20:00,2.95,16558.0,United Kingdom,17.7,sale,0
1066705,581496,22215,CAKE STAND WHITE TWO TIER LACE,6,2011-12-09 10:20:00,2.95,16558.0,United Kingdom,17.7,sale,0
1066704,581496,22190,LOCAL CAFE MUG,24,2011-12-09 10:20:00,0.39,16558.0,United Kingdom,9.36,sale,0
1066703,581496,22076,6 RIBBONS EMPIRE,24,2011-12-09 10:20:00,0.39,16558.0,United Kingdom,9.36,sale,0
1066702,581496,21462,"NURSERY A,B,C PAINTED LETTERS",8,2011-12-09 10:20:00,1.95,16558.0,United Kingdom,15.6,sale,0
1066701,581496,21115,ROSE CARAVAN DOORSTOP,8,2011-12-09 10:20:00,1.95,16558.0,United Kingdom,15.6,sale,0
1066700,581496,20831,GOLD PHOTO FRAME,12,2011-12-09 10:20:00,0.79,16558.0,United Kingdom,9.48,sale,0
1066699,581496,23437,50'S CHRISTMAS GIFT BAG LARGE,12,2011-12-09 10:20:00,1.25,16558.0,United Kingdom,15.0,sale,0
1066698,581496,23438,RED SPOT GIFT BAG LARGE,12,2011-12-09 10:20:00,1.25,16558.0,United Kingdom,15.0,sale,0
1066697,581496,23084,RABBIT NIGHT LIGHT,18,2011-12-09 10:20:00,2.08,16558.0,United Kingdom,37.44,sale,0
1066696,581496,22313,OFFICE MUG WARMER PINK,12,2011-12-09 10:20:00,1.25,16558.0,United Kingdom,15.0,sale,0
1066695,581496,22314,OFFICE MUG WARMER CHOC+BLUE,24,2011-12-09 10:20:00,1.25,16558.0,United Kingdom,30.0,sale,0
1066694,581496,23355,HOT WATER BOTTLE KEEP CALM,4,2011-12-09 10:20:00,4.95,16558.0,United Kingdom,19.8,sale,0
1066693,581496,22112,CHOCOLATE HOT WATER BOTTLE,6,2011-12-09 10:20:00,4.95,16558.0,United Kingdom,29.7,sale,0
1066692,581496,22835,HOT WATER BOTTLE I AM SO POORLY,4,2011-12-09 10:20:00,4.95,16558.0,United Kingdom,19.8,sale,0
1066691,581496,22632,HAND WARMER RED RETROSPOT,12,2011-12-09 10:20:00,2.1,16558.0,United Kingdom,25.2,sale,0
1066690,581496,22865,HAND WARMER OWL DESIGN,24,2011-12-09 10:20:00,2.1,16558.0,United Kingdom,50.4,sale,0
1066689,581496,23350,ROLL WRAP VINTAGE SPOT,24,2011-12-09 10:20:00,1.25,16558.0,United Kingdom,30.0,sale,0
1066688,581496,23351,ROLL WRAP 50'S CHRISTMAS,12,2011-12-09 10:20:00,1.25,16558.0,United Kingdom,15.0,sale,0
1066687,581496,16169E,WRAP 50'S  CHRISTMAS,25,2011-12-09 10:20:00,0.42,16558.0,United Kingdom,10.5,sale,0
1066686,581496,23598,PAPER BUNTING VINTAGE PARTY,6,2011-12-09 10:20:00,2.95,16558.0,United Kingdom,17.7,sale,0
1066685,581496,23298,SPOTTY BUNTING,3,2011-12-09 10:20:00,4.95,16558.0,United Kingdom,14.85,sale,0
1066684,581496,22909,SET OF 20 VINTAGE CHRISTMAS NAPKINS,12,2011-12-09 10:20:00,0.85,16558.0,United Kingdom,10.2,sale,0
1066683,581496,22952,60 CAKE CASES VINTAGE CHRISTMAS,24,2011-12-09 10:20:00,0.55,16558.0,United Kingdom,13.2,sale,0
1066682,581496,23313,VINTAGE CHRISTMAS BUNTING,10,2011-12-09 10:20:00,4.95,16558.0,United Kingdom,49.5,sale,0
1066681,581496,72800E,4 IVORY DINNER CANDLES SILVER FLOCK,12,2011-12-09 10:20:00,0.79,16558.0,United Kingdom,9.48,sale,0
1066680,581496,22721,SET OF 3 CAKE TINS SKETCHBOOK,12,2011-12-09 10:20:00,1.95,16558.0,United Kingdom,23.4,sale,0
1066679,581496,22664,TOY TIDY DOLLY GIRL DESIGN,20,2011-12-09 10:20:00,0.79,16558.0,United Kingdom,15.8,sale,0
1066678,581494,POST,POSTAGE,2,2011-12-09 10:13:00,18.0,12518.0,Germany,36.0,sale,1
1066677,581494,23389,SPACEBOY MINI BACKPACK,4,2011-12-09 10:13:00,4.15,12518.0,Germany,16.6,sale,0
1066676,581494,23390,DOLLY GIRL MINI BACKPACK,4,2011-12-09 10:13:00,4.15,12518.0,Germany,16.6,sale,0
1066675,581494,23388,WOODLAND MINI BACKPACK,4,2011-12-09 10:13:00,4.15,12518.0,Germany,16.6,sale,0
1066674,581494,22549,PICTURE DOMINOES,12,2011-12-09 10:13:00,1.45,12518.0,Germany,17.4,sale,0
1066673,581494,22554,PLASTERS IN TIN WOODLAND ANIMALS,12,2011-12-09 10:13:00,1.65,12518.0,Germany,19.8,sale,0
1066672,581494,22551,PLASTERS IN TIN SPACEBOY,12,2011-12-09 10:13:00,1.65,12518.0,Germany,19.8,sale,0
1066671,581494,23367,SET 12 COLOUR PENCILS SPACEBOY,24,2011-12-09 10:13:00,0.65,12518.0,Germany,15.6,sale,0
1066670,581494,10125,MINI FUNKY DESIGN TAPES,20,2011-12-09 10:13:00,0.85,12518.0,Germany,17.0,sale,0
1066669,581494,22326,ROUND SNACK BOXES SET OF4 WOODLAND,6,2011-12-09 10:13:00,2.95,12518.0,Germany,17.7,sale,0
1066668,581494,22633,HAND WARMER UNION JACK,12,2011-12-09 10:13:00,2.1,12518.0,Germany,25.2,sale,0
1066667,581494,22730,ALARM CLOCK BAKELIKE IVORY,4,2011-12-09 10:13:00,3.75,12518.0,Germany,15.0,sale,0
1066666,581494,22328,ROUND SNACK BOXES SET OF 4 FRUITS,6,2011-12-09 10:13:00,2.95,12518.0,Germany,17.7,sale,0
1066665,581494,22556,PLASTERS IN TIN CIRCUS PARADE,12,2011-12-09 10:13:00,1.65,12518.0,Germany,19.8,sale,0
1066664,581494,22716,CARD CIRCUS PARADE,12,2011-12-09 10:13:00,0.42,12518.0,Germany,5.04,sale,0
1066663,581494,21506,"FANCY FONT BIRTHDAY CARD,",12,2011-12-09 10:13:00,0.42,12518.0,Germany,5.04,sale,0
1066662,581494,21559,STRAWBERRY LUNCH BOX WITH CUTLERY,6,2011-12-09 10:13:00,2.55,12518.0,Germany,15.3,sale,0
1066661,581494,23084,RABBIT NIGHT LIGHT,24,2011-12-09 10:13:00,1.79,12518.0,Germany,42.96,sale,0
1066660,581493,POST,POSTAGE,1,2011-12-09 10:10:00,15.0,12423.0,Belgium,15.0,sale,1
1066659,581493,22807,SET OF 6 T-LIGHTS TOADSTOOLS,6,2011-12-09 10:10:00,2.95,12423.0,Belgium,17.7,sale,0
1066658,581493,22252,BIRDCAGE DECORATION TEALIGHT HOLDER,12,2011-12-09 10:10:00,1.25,12423.0,Belgium,15.0,sale,0
1066657,581493,21108,FAIRY CAKE FLANNEL ASSORTED COLOUR,18,2011-12-09 10:10:00,0.79,12423.0,Belgium,14.22,sale,0
1066656,581493,23204,CHARLOTTE BAG APPLES DESIGN,10,2011-12-09 10:10:00,0.85,12423.0,Belgium,8.5,sale,0
1066655,581493,20724,RED RETROSPOT CHARLOTTE BAG,10,2011-12-09 10:10:00,0.85,12423.0,Belgium,8.5,sale,0
1066654,581493,22356,CHARLOTTE BAG PINK POLKADOT,10,2011-12-09 10:10:00,0.85,12423.0,Belgium,8.5,sale,0
1066653,581493,84945,MULTI COLOUR SILVER T-LIGHT HOLDER,12,2011-12-09 10:10:00,0.85,12423.0,Belgium,10.2,sale,0
1066652,581493,71459,HANGING JAM JAR T-LIGHT HOLDERS,12,2011-12-09 10:10:00,0.85,12423.0,Belgium,10.2,sale,0
1066651,581493,79191B,RETRO PLASTIC POLKA TRAY,12,2011-12-09 10:10:00,0.85,12423.0,Belgium,10.2,sale,0
1066650,581493,20718,RED RETROSPOT SHOPPER BAG,10,2011-12-09 10:10:00,1.25,12423.0,Belgium,12.5,sale,0
1066649,581493,22865,HAND WARMER OWL DESIGN,12,2011-12-09 10:10:00,2.1,12423.0,Belgium,25.2,sale,0
1066648,581493,22632,HAND WARMER RED RETROSPOT,12,2011-12-09 10:10:00,2.1,12423.0,Belgium,25.2,sale,0
1066647,581493,22151,PLACE SETTING WHITE HEART,24,2011-12-09 10:10:00,0.42,12423.0,Belgium,10.08,sale,0
1066646,581493,22915,ASSORTED BOTTLE TOP  MAGNETS,12,2011-12-09 10:10:00,0.42,12423.0,Belgium,5.04,sale,0
1066645,581493,79190A,RETRO PLASTIC 70'S TRAY,15,2011-12-09 10:10:00,0.42,12423.0,Belgium,6.3,sale,0
1066644,581493,79190B,RETRO PLASTIC POLKA TRAY,15,2011-12-09 10:10:00,0.42,12423.0,Belgium,6.3,sale,0
1066643,581492,23368,SET 12 COLOUR PENCILS DOLLY GIRL,2,2011-12-09 10:03:00,1.25,,United Kingdom,2.5,sale,0
1066642,581492,23367,SET 12 COLOUR PENCILS SPACEBOY,10,2011-12-09 10:03:00,1.25,,United Kingdom,12.5,sale,0
1066641,581492,23366,SET 12 COLOURING PENCILS DOILY,5,2011-12-09 10:03:00,1.25,,United Kingdom,6.25,sale,0
1066640,581492,23365,SET 12 COLOUR PENCILS LOVE LONDON,1,2011-12-09 10:03:00,1.25,,United Kingdom,1.25,sale,0
1066639,581492,23358,HOT STUFF HOT WATER BOTTLE,1,2011-12-09 10:03:00,7.46,,United Kingdom,7.46,sale,0
1066638,581492,23357,HOT WATER BOTTLE SEX BOMB,1,2011-12-09 10:03:00,10.79,,United Kingdom,10.79,sale,0
1066637,581492,23354,6 GIFT TAGS 50'S CHRISTMAS,4,2011-12-09 10:03:00,1.63,,United Kingdom,6.52,sale,0
1066636,581492,23353,6 GIFT TAGS VINTAGE CHRISTMAS,3,2011-12-09 10:03:00,1.63,,United Kingdom,4.89,sale,0
1066635,581492,23352,ROLL WRAP 50'S RED CHRISTMAS,1,2011-12-09 10:03:00,2.46,,United Kingdom,2.46,sale,0
1066634,581492,23351,ROLL WRAP 50'S CHRISTMAS,5,2011-12-09 10:03:00,2.46,,United Kingdom,12.3,sale,0
1066633,581492,23349,ROLL WRAP VINTAGE CHRISTMAS,2,2011-12-09 10:03:00,2.46,,United Kingdom,4.92,sale,0
1066632,581492,23347,I LOVE LONDON BEAKER,1,2011-12-09 10:03:00,2.46,,United Kingdom,2.46,sale,0
1066631,581492,23345,DOLLY GIRL BEAKER,1,2011-12-09 10:03:00,2.46,,United Kingdom,2.46,sale,0
1066630,581492,23344,JUMBO BAG 50'S CHRISTMAS,5,2011-12-09 10:03:00,4.13,,United Kingdom,20.65,sale,0
1066629,581492,23343,JUMBO BAG VINTAGE CHRISTMAS,4,2011-12-09 10:03:00,4.13,,United Kingdom,16.52,sale,0
1066628,581492,23340,VINTAGE CHRISTMAS CAKE FRILL,3,2011-12-09 10:03:00,3.29,,United Kingdom,9.87,sale,0
1066627,581492,23336,EGG FRYING PAN PINK,1,2011-12-09 10:03:00,4.13,,United Kingdom,4.13,sale,0
1066626,581492,23334,IVORY WICKER HEART SMALL,1,2011-12-09 10:03:00,1.25,,United Kingdom,1.25,sale,0
1066625,581492,23332,IVORY WICKER HEART LARGE,1,2011-12-09 10:03:00,3.29,,United Kingdom,3.29,sale,0
1066624,581492,23328,SET 6 SCHOOL MILK BOTTLES IN CRATE,5,2011-12-09 10:03:00,7.46,,United Kingdom,37.3,sale,0
1066623,581492,23323,WHITE WICKER STAR,6,2011-12-09 10:03:00,4.13,,United Kingdom,24.78,sale,0
1066622,581492,23322,LARGE WHITE HEART OF WICKER,1,2011-12-09 10:03:00,5.79,,United Kingdom,5.79,sale,0
1066621,581492,23319,BOX OF 6 MINI 50'S CRACKERS,3,2011-12-09 10:03:00,4.96,,United Kingdom,14.88,sale,0
1066620,581492,23314,VINTAGE CHRISTMAS TABLECLOTH,1,2011-12-09 10:03:00,24.96,,United Kingdom,24.96,sale,0
1066619,581492,23313,VINTAGE CHRISTMAS BUNTING,4,2011-12-09 10:03:00,10.79,,United Kingdom,43.16,sale,0
1066618,581492,23312,VINTAGE CHRISTMAS GIFT SACK,6,2011-12-09 10:03:00,8.29,,United Kingdom,49.74,sale,0
1066617,581492,23311,VINTAGE CHRISTMAS STOCKING,1,2011-12-09 10:03:00,4.96,,United Kingdom,4.96,sale,0
1066616,581492,23310,BUBBLEGUM RING ASSORTED,4,2011-12-09 10:03:00,0.83,,United Kingdom,3.32,sale,0
1066615,581492,23309,SET OF 60 I LOVE LONDON CAKE CASES,2,2011-12-09 10:03:00,1.25,,United Kingdom,2.5,sale,0
1066614,581492,23308,SET OF 60 VINTAGE LEAF CAKE CASES,1,2011-12-09 10:03:00,1.25,,United Kingdom,1.25,sale,0
1066613,581492,23307,SET OF 60 PANTRY DESIGN CAKE CASES,7,2011-12-09 10:03:00,1.25,,United Kingdom,8.75,sale,0
1066612,581492,23301,GARDENERS KNEELING PAD KEEP CALM,6,2011-12-09 10:03:00,3.29,,United Kingdom,19.74,sale,0
1066611,581492,23300,GARDENERS KNEELING PAD CUP OF TEA,3,2011-12-09 10:03:00,3.29,,United Kingdom,9.87,sale,0
1066610,581492,23299,FOOD COVER WITH BEADS SET 2,1,2011-12-09 10:03:00,7.46,,United Kingdom,7.46,sale,0
1066609,581492,23298,SPOTTY BUNTING,2,2011-12-09 10:03:00,10.79,,United Kingdom,21.58,sale,0
1066608,581492,23295,SET OF 12 MINI LOAF BAKING CASES,4,2011-12-09 10:03:00,2.46,,United Kingdom,9.84,sale,0
1066607,581492,23294,SET OF 6 SNACK LOAF BAKING CASES,1,2011-12-09 10:03:00,2.46,,United Kingdom,2.46,sale,0
1066606,581492,23293,SET OF 12 FAIRY CAKE BAKING CASES,3,2011-12-09 10:03:00,2.46,,United Kingdom,7.38,sale,0
1066605,581492,23292,SPACEBOY CHILDRENS CUP,1,2011-12-09 10:03:00,2.46,,United Kingdom,2.46,sale,0
1066604,581492,23290,SPACEBOY CHILDRENS BOWL,1,2011-12-09 10:03:00,2.46,,United Kingdom,2.46,sale,0
1066603,581492,23287,RED VINTAGE SPOT BEAKER,1,2011-12-09 10:03:00,1.63,,United Kingdom,1.63,sale,0
1066602,581492,23285,PINK VINTAGE SPOT BEAKER,1,2011-12-09 10:03:00,1.63,,United Kingdom,1.63,sale,0
1066601,581492,23284,DOORMAT KEEP CALM AND COME IN,1,2011-12-09 10:03:00,15.79,,United Kingdom,15.79,sale,0
1066600,581492,23280,FOLDING BUTTERFLY MIRROR HOT PINK,2,2011-12-09 10:03:00,2.46,,United Kingdom,4.92,sale,0
1066599,581492,23275,SET OF 3 HANGING OWLS OLLIE BEAK,2,2011-12-09 10:03:00,2.46,,United Kingdom,4.92,sale,0
1066598,581492,23274,STAR T-LIGHT HOLDER WILLIE WINKIE,3,2011-12-09 10:03:00,3.29,,United Kingdom,9.87,sale,0
1066597,581492,23266,SET OF 3 WOODEN STOCKING DECORATION,2,2011-12-09 10:03:00,2.46,,United Kingdom,4.92,sale,0
1066596,581492,23265,SET OF 3 WOODEN TREE DECORATIONS,3,2011-12-09 10:03:00,2.46,,United Kingdom,7.38,sale,0
1066595,581492,23264,SET OF 3 WOODEN SLEIGH DECORATIONS,3,2011-12-09 10:03:00,2.46,,United Kingdom,7.38,sale,0
1066594,581492,23247,BISCUIT TIN 50'S CHRISTMAS,3,2011-12-09 10:03:00,5.79,,United Kingdom,17.37,sale,0
1066593,581492,23245,SET OF 3 REGENCY CAKE TINS,7,2011-12-09 10:03:00,10.79,,United Kingdom,75.53,sale,0
1066592,581492,23243,SET OF TEA COFFEE SUGAR TINS PANTRY,1,2011-12-09 10:03:00,10.79,,United Kingdom,10.79,sale,0
1066591,581492,23241,TREASURE TIN GYMKHANA DESIGN,3,2011-12-09 10:03:00,4.13,,United Kingdom,12.39,sale,0
1066590,581492,23234,BISCUIT TIN VINTAGE CHRISTMAS,4,2011-12-09 10:03:00,5.79,,United Kingdom,23.16,sale,0
1066589,581492,23229,VINTAGE DONKEY TAIL GAME,2,2011-12-09 10:03:00,7.46,,United Kingdom,14.92,sale,0
1066588,581492,23224,CHERUB HEART DECORATION GOLD,1,2011-12-09 10:03:00,1.63,,United Kingdom,1.63,sale,0
1066587,581492,23220,REINDEER HEART DECORATION GOLD,2,2011-12-09 10:03:00,1.63,,United Kingdom,3.26,sale,0
1066586,581492,23213,STAR WREATH DECORATION WITH BELL,7,2011-12-09 10:03:00,2.46,,United Kingdom,17.22,sale,0
1066585,581492,23212,HEART WREATH DECORATION WITH BELL,7,2011-12-09 10:03:00,2.46,,United Kingdom,17.22,sale,0
1066584,581492,23208,LUNCH BAG VINTAGE LEAF DESIGN,3,2011-12-09 10:03:00,4.13,,United Kingdom,12.39,sale,0
1066583,581492,23206,LUNCH BAG APPLE DESIGN,3,2011-12-09 10:03:00,4.13,,United Kingdom,12.39,sale,0
1066582,581492,23205,CHARLOTTE BAG VINTAGE ALPHABET,3,2011-12-09 10:03:00,1.63,,United Kingdom,4.89,sale,0
1066581,581492,23204,CHARLOTTE BAG APPLES DESIGN,6,2011-12-09 10:03:00,1.63,,United Kingdom,9.78,sale,0
1066580,581492,23202,JUMBO BAG VINTAGE LEAF,2,2011-12-09 10:03:00,4.13,,United Kingdom,8.26,sale,0
1066579,581492,23200,JUMBO BAG PEARS,1,2011-12-09 10:03:00,4.13,,United Kingdom,4.13,sale,0
1066578,581492,23199,JUMBO BAG APPLES,2,2011-12-09 10:03:00,4.13,,United Kingdom,8.26,sale,0
1066577,581492,23198,PANTRY MAGNETIC  SHOPPING LIST,2,2011-12-09 10:03:00,3.29,,United Kingdom,6.58,sale,0
1066576,581492,23197,SKETCHBOOK MAGNETIC SHOPPING LIST,2,2011-12-09 10:03:00,3.29,,United Kingdom,6.58,sale,0
1066575,581492,23196,VINTAGE LEAF MAGNETIC NOTEPAD,1,2011-12-09 10:03:00,3.29,,United Kingdom,3.29,sale,0
1066574,581492,23194,GYMKHANA TREASURE BOOK BOX,1,2011-12-09 10:03:00,4.58,,United Kingdom,4.58,sale,0
1066573,581492,23191,BUNDLE OF 3 RETRO NOTE BOOKS,1,2011-12-09 10:03:00,3.29,,United Kingdom,3.29,sale,0
1066572,581492,23188,VINTAGE  2 METRE FOLDING RULER,1,2011-12-09 10:03:00,3.29,,United Kingdom,3.29,sale,0
1066571,581492,23184,BULL DOG BOTTLE OPENER,2,2011-12-09 10:03:00,10.79,,United Kingdom,21.58,sale,0
1066570,581492,23183,MOTHER'S KITCHEN SPOON REST,3,2011-12-09 10:03:00,7.46,,United Kingdom,22.38,sale,0
1066569,581492,23177,TREASURE ISLAND BOOK BOX,1,2011-12-09 10:03:00,4.58,,United Kingdom,4.58,sale,0
1066568,581492,23175,REGENCY MILK JUG PINK,1,2011-12-09 10:03:00,7.46,,United Kingdom,7.46,sale,0
1066567,581492,23173,REGENCY TEAPOT ROSES,1,2011-12-09 10:03:00,19.96,,United Kingdom,19.96,sale,0
1066566,581492,23172,REGENCY TEA PLATE PINK,1,2011-12-09 10:03:00,3.29,,United Kingdom,3.29,sale,0
1066565,581492,23171,REGENCY TEA PLATE GREEN,1,2011-12-09 10:03:00,3.29,,United Kingdom,3.29,sale,0
1066564,581492,23168,CLASSIC CAFE SUGAR DISPENSER,2,2011-12-09 10:03:00,2.46,,United Kingdom,4.92,sale,0
1066563,581492,23166,MEDIUM CERAMIC TOP STORAGE JAR,2,2011-12-09 10:03:00,2.46,,United Kingdom,4.92,sale,0
1066562,581492,23165,LARGE CERAMIC TOP STORAGE JAR,2,2011-12-09 10:03:00,3.29,,United Kingdom,6.58,sale,0
1066561,581492,23158,SET OF 5 LUCKY CAT MAGNETS,1,2011-12-09 10:03:00,4.13,,United Kingdom,4.13,sale,0
1066560,581492,23118,PARISIENNE JEWELLERY DRAWER,1,2011-12-09 10:03:00,14.96,,United Kingdom,14.96,sale,0
1066559,581492,23112,PARISIENNE CURIO CABINET,1,2011-12-09 10:03:00,14.96,,United Kingdom,14.96,sale,0
1066558,581492,23111,PARISIENNE SEWING BOX,1,2011-12-09 10:03:00,24.96,,United Kingdom,24.96,sale,0
1066557,581492,23110,PARISIENNE KEY CABINET,1,2011-12-09 10:03:00,12.46,,United Kingdom,12.46,sale,0
1066556,581492,23103,JINGLE BELL HEART DECORATION,2,2011-12-09 10:03:00,3.29,,United Kingdom,6.58,sale,0
1066555,581492,23093,SMALL PARISIENNE HEART PHOTO FRAME,3,2011-12-09 10:03:00,4.96,,United Kingdom,14.88,sale,0
1066554,581492,23089,GLASS BON BON JAR,4,2011-12-09 10:03:00,3.29,,United Kingdom,13.16,sale,0
1066553,581492,23088,ZINC HEART FLOWER T-LIGHT HOLDER,1,2011-12-09 10:03:00,2.46,,United Kingdom,2.46,sale,0
1066552,581492,23084,RABBIT NIGHT LIGHT,57,2011-12-09 10:03:00,4.13,,United Kingdom,235.41,sale,0
1066551,581492,23083,SET 6 PAPER TABLE LANTERN STARS,1,2011-12-09 10:03:00,7.46,,United Kingdom,7.46,sale,0
1066550,581492,23082,SET 6 PAPER TABLE LANTERN HEARTS,1,2011-12-09 10:03:00,7.46,,United Kingdom,7.46,sale,0
1066549,581492,23077,DOUGHNUT LIP GLOSS,3,2011-12-09 10:03:00,2.46,,United Kingdom,7.38,sale,0
1066548,581492,23076,ICE CREAM SUNDAE LIP GLOSS,3,2011-12-09 10:03:00,2.46,,United Kingdom,7.38,sale,0
1066547,581492,23074,EMBOSSED HEART TRINKET BOX,1,2011-12-09 10:03:00,4.13,,United Kingdom,4.13,sale,0
1066546,581492,23054,RECYCLED ACAPULCO MAT LAVENDER,1,2011-12-09 10:03:00,16.63,,United Kingdom,16.63,sale,0
1066545,581492,23053,RECYCLED ACAPULCO MAT PINK,1,2011-12-09 10:03:00,16.63,,United Kingdom,16.63,sale,0
1066544,581492,23052,RECYCLED ACAPULCO MAT TURQUOISE,5,2011-12-09 10:03:00,16.63,,United Kingdom,83.15,sale,0
1066543,581492,23051,RECYCLED ACAPULCO MAT BLUE,1,2011-12-09 10:03:00,16.63,,United Kingdom,16.63,sale,0
1066542,581492,23050,RECYCLED ACAPULCO MAT GREEN,1,2011-12-09 10:03:00,16.63,,United Kingdom,16.63,sale,0
1066541,581492,23014,GLASS APOTHECARY BOTTLE ELIXIR,1,2011-12-09 10:03:00,8.29,,United Kingdom,8.29,sale,0
1066540,581492,23013,GLASS APOTHECARY BOTTLE TONIC,2,2011-12-09 10:03:00,8.29,,United Kingdom,16.58,sale,0
1066539,581492,23012,GLASS APOTHECARY BOTTLE PERFUME,1,2011-12-09 10:03:00,8.29,,United Kingdom,8.29,sale,0
1066538,581492,23009,I LOVE LONDON BABY GIFT SET,2,2011-12-09 10:03:00,10.79,,United Kingdom,21.58,sale,0
1066537,581492,23007,SPACEBOY BABY GIFT SET,1,2011-12-09 10:03:00,10.79,,United Kingdom,10.79,sale,0
1066536,581492,23005,TRAVEL CARD WALLET I LOVE LONDON,4,2011-12-09 10:03:00,0.83,,United Kingdom,3.32,sale,0
1066535,581492,22999,TRAVEL CARD WALLET VINTAGE LEAF,1,2011-12-09 10:03:00,0.83,,United Kingdom,0.83,sale,0
1066534,581492,22998,TRAVEL CARD WALLET KEEP CALM,4,2011-12-09 10:03:00,0.83,,United Kingdom,3.32,sale,0
1066533,581492,22997,TRAVEL CARD WALLET UNION JACK,1,2011-12-09 10:03:00,0.83,,United Kingdom,0.83,sale,0
1066532,581492,22996,TRAVEL CARD WALLET VINTAGE TICKET,5,2011-12-09 10:03:00,0.83,,United Kingdom,4.15,sale,0
1066531,581492,22995,TRAVEL CARD WALLET SUKI,4,2011-12-09 10:03:00,0.83,,United Kingdom,3.32,sale,0
1066530,581492,22993,SET OF 4 PANTRY JELLY MOULDS,3,2011-12-09 10:03:00,2.46,,United Kingdom,7.38,sale,0
1066529,581492,22992,REVOLVER WOODEN RULER,3,2011-12-09 10:03:00,4.13,,United Kingdom,12.39,sale,0
1066528,581492,22989,SET 2 PANTRY DESIGN TEA TOWELS,2,2011-12-09 10:03:00,6.63,,United Kingdom,13.26,sale,0
1066527,581492,22988,SOLDIERS EGG CUP,1,2011-12-09 10:03:00,2.46,,United Kingdom,2.46,sale,0
1066526,581492,22984,CARD GINGHAM ROSE,1,2011-12-09 10:03:00,0.83,,United Kingdom,0.83,sale,0
1066525,581492,22983,CARD BILLBOARD FONT,1,2011-12-09 10:03:00,0.83,,United Kingdom,0.83,sale,0
1066524,581492,22982,PANTRY PASTRY BRUSH,3,2011-12-09 10:03:00,2.46,,United Kingdom,7.38,sale,0
1066523,581492,22980,PANTRY SCRUBBING BRUSH,1,2011-12-09 10:03:00,3.29,,United Kingdom,3.29,sale,0
1066522,581492,22979,PANTRY WASHING UP BRUSH,2,2011-12-09 10:03:00,3.29,,United Kingdom,6.58,sale,0
1066521,581492,22977,DOLLY GIRL CHILDRENS EGG CUP,1,2011-12-09 10:03:00,2.46,,United Kingdom,2.46,sale,0
1066520,581492,22976,CIRCUS PARADE CHILDRENS EGG CUP,1,2011-12-09 10:03:00,2.46,,United Kingdom,2.46,sale,0
1066519,581492,22975,SPACEBOY CHILDRENS EGG CUP,2,2011-12-09 10:03:00,2.46,,United Kingdom,4.92,sale,0
1066518,581492,22969,HOMEMADE JAM SCENTED CANDLES,6,2011-12-09 10:03:00,3.29,,United Kingdom,19.74,sale,0
1066517,581492,22966,GINGERBREAD MAN COOKIE CUTTER,4,2011-12-09 10:03:00,2.46,,United Kingdom,9.84,sale,0
1066516,581492,22965,3 TRADITIONAl BISCUIT CUTTERS  SET,1,2011-12-09 10:03:00,4.13,,United Kingdom,4.13,sale,0
1066515,581492,22964,3 PIECE SPACEBOY COOKIE CUTTER SET,1,2011-12-09 10:03:00,4.13,,United Kingdom,4.13,sale,0
1066514,581492,22963,JAM JAR WITH GREEN LID,3,2011-12-09 10:03:00,1.63,,United Kingdom,4.89,sale,0
1066513,581492,22962,JAM JAR WITH PINK LID,3,2011-12-09 10:03:00,1.63,,United Kingdom,4.89,sale,0
1066512,581492,22961,JAM MAKING SET PRINTED,9,2011-12-09 10:03:00,3.29,,United Kingdom,29.61,sale,0
1066511,581492,22960,JAM MAKING SET WITH JARS,2,2011-12-09 10:03:00,8.29,,United Kingdom,16.58,sale,0
1066510,581492,22955,36 FOIL STAR CAKE CASES,1,2011-12-09 10:03:00,4.13,,United Kingdom,4.13,sale,0
1066509,581492,22952,60 CAKE CASES VINTAGE CHRISTMAS,2,2011-12-09 10:03:00,1.25,,United Kingdom,2.5,sale,0
1066508,581492,22951,60 CAKE CASES DOLLY GIRL DESIGN,2,2011-12-09 10:03:00,1.25,,United Kingdom,2.5,sale,0
1066507,581492,22948,METAL DECORATION NAUGHTY CHILDREN,4,2011-12-09 10:03:00,1.66,,United Kingdom,6.64,sale,0
1066506,581492,22943,CHRISTMAS LIGHTS 10 VINTAGE BAUBLES,1,2011-12-09 10:03:00,10.79,,United Kingdom,10.79,sale,0
1066505,581492,22941,CHRISTMAS LIGHTS 10 REINDEER,2,2011-12-09 10:03:00,16.63,,United Kingdom,33.26,sale,0
1066504,581492,22940,FELTCRAFT CHRISTMAS FAIRY,1,2011-12-09 10:03:00,8.29,,United Kingdom,8.29,sale,0
1066503,581492,22928,YELLOW GIANT GARDEN THERMOMETER,1,2011-12-09 10:03:00,12.46,,United Kingdom,12.46,sale,0
1066502,581492,22924,FRIDGE MAGNETS LA VIE EN ROSE,6,2011-12-09 10:03:00,1.8,,United Kingdom,10.8,sale,0
1066501,581492,22922,FRIDGE MAGNETS US DINER ASSORTED,6,2011-12-09 10:03:00,1.8,,United Kingdom,10.8,sale,0
1066500,581492,22914,BLUE COAT RACK PARIS FASHION,1,2011-12-09 10:03:00,10.79,,United Kingdom,10.79,sale,0
1066499,581492,22910,PAPER CHAIN KIT VINTAGE CHRISTMAS,7,2011-12-09 10:03:00,5.79,,United Kingdom,40.53,sale,0
1066498,581492,22909,SET OF 20 VINTAGE CHRISTMAS NAPKINS,5,2011-12-09 10:03:00,1.63,,United Kingdom,8.15,sale,0
1066497,581492,22907,PACK OF 20 NAPKINS PANTRY DESIGN,1,2011-12-09 10:03:00,1.63,,United Kingdom,1.63,sale,0
1066496,581492,22905,CALENDAR IN SEASON DESIGN,1,2011-12-09 10:03:00,2.46,,United Kingdom,2.46,sale,0
1066495,581492,22900,SET 2 TEA TOWELS I LOVE LONDON,3,2011-12-09 10:03:00,6.63,,United Kingdom,19.89,sale,0
1066494,581492,22899,CHILDREN'S APRON DOLLY GIRL,2,2011-12-09 10:03:00,4.13,,United Kingdom,8.26,sale,0
1066493,581492,22898,CHILDRENS APRON APPLES DESIGN,1,2011-12-09 10:03:00,4.13,,United Kingdom,4.13,sale,0
1066492,581492,22890,NOVELTY BISCUITS CAKE STAND 3 TIER,1,2011-12-09 10:03:00,19.96,,United Kingdom,19.96,sale,0
1066491,581492,22888,NUMBER TILE VINTAGE FONT 9,1,2011-12-09 10:03:00,4.13,,United Kingdom,4.13,sale,0
1066490,581492,22885,NUMBER TILE VINTAGE FONT 6,1,2011-12-09 10:03:00,4.13,,United Kingdom,4.13,sale,0
1066489,581492,22881,NUMBER TILE VINTAGE FONT 2,1,2011-12-09 10:03:00,4.13,,United Kingdom,4.13,sale,0
1066488,581492,22867,HAND WARMER BIRD DESIGN,4,2011-12-09 10:03:00,4.13,,United Kingdom,16.52,sale,0
1066487,581492,22866,HAND WARMER SCOTTY DOG DESIGN,3,2011-12-09 10:03:00,4.13,,United Kingdom,12.39,sale,0
1066486,581492,22865,HAND WARMER OWL DESIGN,2,2011-12-09 10:03:00,4.13,,United Kingdom,8.26,sale,0
1066485,581492,22835,HOT WATER BOTTLE I AM SO POORLY,3,2011-12-09 10:03:00,10.79,,United Kingdom,32.37,sale,0
1066484,581492,22821,GIFT BAG PSYCHEDELIC APPLES,3,2011-12-09 10:03:00,0.83,,United Kingdom,2.49,sale,0
1066483,581492,22819,"BIRTHDAY CARD, RETRO SPOT",3,2011-12-09 10:03:00,0.42,,United Kingdom,1.26,sale,0
1066482,581492,22818,CARD CHRISTMAS VILLAGE,6,2011-12-09 10:03:00,0.42,,United Kingdom,2.52,sale,0
1066481,581492,22817,CARD SUKI BIRTHDAY,5,2011-12-09 10:03:00,0.42,,United Kingdom,2.1,sale,0
1066480,581492,22816,CARD MOTORBIKE SANTA,2,2011-12-09 10:03:00,0.42,,United Kingdom,0.84,sale,0
1066479,581492,22815,CARD PSYCHEDELIC APPLES,18,2011-12-09 10:03:00,0.42,,United Kingdom,7.56,sale,0
1066478,581492,22814,CARD PARTY GAMES,9,2011-12-09 10:03:00,0.42,,United Kingdom,3.78,sale,0
1066477,581492,22811,SET OF 6 T-LIGHTS CACTI,1,2011-12-09 10:03:00,5.79,,United Kingdom,5.79,sale,0
1066476,581492,22809,SET OF 6 T-LIGHTS SANTA,1,2011-12-09 10:03:00,5.79,,United Kingdom,5.79,sale,0
1066475,581492,22800,ANTIQUE TALL SWIRLGLASS TRINKET POT,3,2011-12-09 10:03:00,7.46,,United Kingdom,22.38,sale,0
1066474,581492,22798,ANTIQUE GLASS DRESSING TABLE POT,3,2011-12-09 10:03:00,5.79,,United Kingdom,17.37,sale,0
1066473,581492,22795,SWEETHEART RECIPE BOOK STAND,1,2011-12-09 10:03:00,13.29,,United Kingdom,13.29,sale,0
1066472,581492,22776,SWEETHEART 3 TIER CAKE STAND,1,2011-12-09 10:03:00,19.96,,United Kingdom,19.96,sale,0
1066471,581492,22768,FAMILY PHOTO FRAME CORNICE,2,2011-12-09 10:03:00,19.96,,United Kingdom,39.92,sale,0
1066470,581492,22763,KEY CABINET MA CAMPAGNE,1,2011-12-09 10:03:00,19.96,,United Kingdom,19.96,sale,0
1066469,581492,22758,LARGE PURPLE BABUSHKA NOTEBOOK,2,2011-12-09 10:03:00,2.46,,United Kingdom,4.92,sale,0
1066468,581492,22757,LARGE RED BABUSHKA NOTEBOOK,3,2011-12-09 10:03:00,2.46,,United Kingdom,7.38,sale,0
1066467,581492,22754,SMALL RED BABUSHKA NOTEBOOK,1,2011-12-09 10:03:00,1.63,,United Kingdom,1.63,sale,0
1066466,581492,22753,SMALL YELLOW BABUSHKA NOTEBOOK,1,2011-12-09 10:03:00,1.63,,United Kingdom,1.63,sale,0
1066465,581492,22751,FELTCRAFT PRINCESS OLIVIA DOLL,2,2011-12-09 10:03:00,7.46,,United Kingdom,14.92,sale,0
1066464,581492,22749,FELTCRAFT PRINCESS CHARLOTTE DOLL,1,2011-12-09 10:03:00,7.46,,United Kingdom,7.46,sale,0
1066463,581492,22748,POPPY'S PLAYHOUSE KITCHEN,1,2011-12-09 10:03:00,4.13,,United Kingdom,4.13,sale,0
1066462,581492,22745,POPPY'S PLAYHOUSE BEDROOM,2,2011-12-09 10:03:00,4.13,,United Kingdom,8.26,sale,0
1066461,581492,22741,FUNKY DIVA PEN,4,2011-12-09 10:03:00,1.63,,United Kingdom,6.52,sale,0
1066460,581492,22730,ALARM CLOCK BAKELIKE IVORY,1,2011-12-09 10:03:00,7.46,,United Kingdom,7.46,sale,0
1066459,581492,22727,ALARM CLOCK BAKELIKE RED,4,2011-12-09 10:03:00,7.46,,United Kingdom,29.84,sale,0
1066458,581492,22726,ALARM CLOCK BAKELIKE GREEN,4,2011-12-09 10:03:00,7.46,,United Kingdom,29.84,sale,0
1066457,581492,22725,ALARM CLOCK BAKELIKE CHOCOLATE,1,2011-12-09 10:03:00,7.46,,United Kingdom,7.46,sale,0
1066456,581492,22720,SET OF 3 CAKE TINS PANTRY DESIGN,2,2011-12-09 10:03:00,10.79,,United Kingdom,21.58,sale,0
1066455,581492,22717,CARD DOG AND BALL,1,2011-12-09 10:03:00,0.83,,United Kingdom,0.83,sale,0
1066454,581492,22716,CARD CIRCUS PARADE,3,2011-12-09 10:03:00,0.83,,United Kingdom,2.49,sale,0
1066453,581492,22714,CARD BIRTHDAY COWBOY,2,2011-12-09 10:03:00,0.83,,United Kingdom,1.66,sale,0
1066452,581492,22713,CARD I LOVE LONDON,1,2011-12-09 10:03:00,0.83,,United Kingdom,0.83,sale,0
1066451,581492,22712,CARD DOLLY GIRL,1,2011-12-09 10:03:00,0.83,,United Kingdom,0.83,sale,0
1066450,581492,22703,PINK CAT BOWL,6,2011-12-09 10:03:00,1.63,,United Kingdom,9.78,sale,0
1066449,581492,22701,PINK DOG BOWL,5,2011-12-09 10:03:00,2.46,,United Kingdom,12.3,sale,0
1066448,581492,22699,ROSES REGENCY TEACUP AND SAUCER,2,2011-12-09 10:03:00,5.79,,United Kingdom,11.58,sale,0
1066447,581492,22697,GREEN REGENCY TEACUP AND SAUCER,1,2011-12-09 10:03:00,5.79,,United Kingdom,5.79,sale,0
1066446,581492,22694,WICKER STAR,1,2011-12-09 10:03:00,4.13,,United Kingdom,4.13,sale,0
1066445,581492,22693,GROW A FLYTRAP OR SUNFLOWER IN TIN,3,2011-12-09 10:03:00,2.5,,United Kingdom,7.5,sale,0
1066444,581492,22666,RECIPE BOX PANTRY YELLOW DESIGN,5,2011-12-09 10:03:00,5.79,,United Kingdom,28.95,sale,0
1066443,581492,22662,LUNCH BAG DOLLY GIRL DESIGN,1,2011-12-09 10:03:00,4.13,,United Kingdom,4.13,sale,0
1066442,581492,22659,LUNCH BOX I LOVE LONDON,1,2011-12-09 10:03:00,4.13,,United Kingdom,4.13,sale,0
1066441,581492,22654,DELUXE SEWING KIT,2,2011-12-09 10:03:00,12.46,,United Kingdom,24.92,sale,0
1066440,581492,22653,BUTTON BOX,16,2011-12-09 10:03:00,1.63,,United Kingdom,26.08,sale,0
1066439,581492,22651,GENTLEMAN SHIRT REPAIR KIT,1,2011-12-09 10:03:00,1.63,,United Kingdom,1.63,sale,0
1066438,581492,22650,CERAMIC PIRATE CHEST MONEY BANK,2,2011-12-09 10:03:00,3.29,,United Kingdom,6.58,sale,0
1066437,581492,22634,CHILDS BREAKFAST SET SPACEBOY,1,2011-12-09 10:03:00,19.96,,United Kingdom,19.96,sale,0
1066436,581492,22633,HAND WARMER UNION JACK,1,2011-12-09 10:03:00,4.13,,United Kingdom,4.13,sale,0
1066435,581492,22632,HAND WARMER RED RETROSPOT,1,2011-12-09 10:03:00,4.13,,United Kingdom,4.13,sale,0
1066434,581492,22630,DOLLY GIRL LUNCH BOX,1,2011-12-09 10:03:00,4.13,,United Kingdom,4.13,sale,0
1066433,581492,22629,SPACEBOY LUNCH BOX,1,2011-12-09 10:03:00,4.13,,United Kingdom,4.13,sale,0
1066432,581492,22621,TRADITIONAL KNITTING NANCY,2,2011-12-09 10:03:00,3.29,,United Kingdom,6.58,sale,0
1066431,581492,22620,4 TRADITIONAL SPINNING TOPS,3,2011-12-09 10:03:00,2.46,,United Kingdom,7.38,sale,0
1066430,581492,22619,SET OF 6 SOLDIER SKITTLES,4,2011-12-09 10:03:00,7.46,,United Kingdom,29.84,sale,0
1066429,581492,22616,PACK OF 12 LONDON TISSUES,1,2011-12-09 10:03:00,0.83,,United Kingdom,0.83,sale,0
1066428,581492,22615,PACK OF 12 CIRCUS PARADE TISSUES,4,2011-12-09 10:03:00,0.83,,United Kingdom,3.32,sale,0
1066427,581492,22614,PACK OF 12 SPACEBOY TISSUES,1,2011-12-09 10:03:00,0.83,,United Kingdom,0.83,sale,0
1066426,581492,22608,PENS ASSORTED FUNKY JEWELED,3,2011-12-09 10:03:00,0.42,,United Kingdom,1.26,sale,0
1066425,581492,22602,RETROSPOT WOODEN HEART DECORATION,3,2011-12-09 10:03:00,1.63,,United Kingdom,4.89,sale,0
1066424,581492,22601,CHRISTMAS RETROSPOT ANGEL WOOD,3,2011-12-09 10:03:00,1.63,,United Kingdom,4.89,sale,0
1066423,581492,22600,CHRISTMAS RETROSPOT STAR WOOD,2,2011-12-09 10:03:00,1.63,,United Kingdom,3.26,sale,0
1066422,581492,22599,CHRISTMAS MUSICAL ZINC STAR,5,2011-12-09 10:03:00,0.83,,United Kingdom,4.15,sale,0
1066421,581492,22598,CHRISTMAS MUSICAL ZINC TREE,4,2011-12-09 10:03:00,0.83,,United Kingdom,3.32,sale,0
1066420,581492,22597,MUSICAL ZINC HEART DECORATION,9,2011-12-09 10:03:00,0.83,,United Kingdom,7.47,sale,0
1066419,581492,22594,CHRISTMAS GINGHAM TREE,3,2011-12-09 10:03:00,1.63,,United Kingdom,4.89,sale,0
1066418,581492,22593,CHRISTMAS GINGHAM STAR,2,2011-12-09 10:03:00,1.63,,United Kingdom,3.26,sale,0
1066417,581492,22592,CARDHOLDER HOLLY WREATH METAL,3,2011-12-09 10:03:00,7.46,,United Kingdom,22.38,sale,0
1066416,581492,22591,CARDHOLDER GINGHAM CHRISTMAS TREE,1,2011-12-09 10:03:00,6.63,,United Kingdom,6.63,sale,0
1066415,581492,22589,CARDHOLDER GINGHAM STAR,6,2011-12-09 10:03:00,4.96,,United Kingdom,29.76,sale,0
1066414,581492,22586,FELTCRAFT HAIRBAND PINK AND BLUE,2,2011-12-09 10:03:00,1.63,,United Kingdom,3.26,sale,0
1066413,581492,22585,PACK OF 6 BIRDY GIFT TAGS,2,2011-12-09 10:03:00,2.46,,United Kingdom,4.92,sale,0
1066412,581492,22581,WOOD STOCKING CHRISTMAS SCANDISPOT,11,2011-12-09 10:03:00,0.83,,United Kingdom,9.13,sale,0
1066411,581492,22580,ADVENT CALENDAR GINGHAM SACK,9,2011-12-09 10:03:00,4.13,,United Kingdom,37.17,sale,0
1066410,581492,22578,WOODEN STAR CHRISTMAS SCANDINAVIAN,19,2011-12-09 10:03:00,0.83,,United Kingdom,15.77,sale,0
1066409,581492,22577,WOODEN HEART CHRISTMAS SCANDINAVIAN,4,2011-12-09 10:03:00,0.83,,United Kingdom,3.32,sale,0
1066408,581492,22576,SWALLOW WOODEN CHRISTMAS DECORATION,3,2011-12-09 10:03:00,1.63,,United Kingdom,4.89,sale,0
1066407,581492,22574,HEART WOODEN CHRISTMAS DECORATION,5,2011-12-09 10:03:00,1.63,,United Kingdom,8.15,sale,0
1066406,581492,22573,STAR WOODEN CHRISTMAS DECORATION,2,2011-12-09 10:03:00,1.63,,United Kingdom,3.26,sale,0
1066405,581492,22571,ROCKING HORSE RED CHRISTMAS,4,2011-12-09 10:03:00,1.63,,United Kingdom,6.52,sale,0
1066404,581492,22566,FELTCRAFT HAIRBAND PINK AND PURPLE,3,2011-12-09 10:03:00,1.63,,United Kingdom,4.89,sale,0
1066403,581492,22565,FELTCRAFT HAIRBANDS PINK AND WHITE,4,2011-12-09 10:03:00,1.63,,United Kingdom,6.52,sale,0
1066402,581492,22560,TRADITIONAL MODELLING CLAY,5,2011-12-09 10:03:00,2.46,,United Kingdom,12.3,sale,0
1066401,581492,22558,CLOTHES PEGS RETROSPOT PACK 24,3,2011-12-09 10:03:00,3.29,,United Kingdom,9.87,sale,0
1066400,581492,22557,PLASTERS IN TIN VINTAGE PAISLEY,2,2011-12-09 10:03:00,3.29,,United Kingdom,6.58,sale,0
1066399,581492,22555,PLASTERS IN TIN STRONGMAN,3,2011-12-09 10:03:00,3.29,,United Kingdom,9.87,sale,0
1066398,581492,22554,PLASTERS IN TIN WOODLAND ANIMALS,3,2011-12-09 10:03:00,3.29,,United Kingdom,9.87,sale,0
1066397,581492,22553,PLASTERS IN TIN SKULLS,2,2011-12-09 10:03:00,3.29,,United Kingdom,6.58,sale,0
1066396,581492,22551,PLASTERS IN TIN SPACEBOY,2,2011-12-09 10:03:00,3.29,,United Kingdom,6.58,sale,0
1066395,581492,22549,PICTURE DOMINOES,3,2011-12-09 10:03:00,3.29,,United Kingdom,9.87,sale,0
1066394,581492,22544,MINI JIGSAW SPACEBOY,1,2011-12-09 10:03:00,0.83,,United Kingdom,0.83,sale,0
1066393,581492,22540,MINI JIGSAW CIRCUS PARADE,1,2011-12-09 10:03:00,0.83,,United Kingdom,0.83,sale,0
1066392,581492,22495,SET OF 2 ROUND TINS CAMEMBERT,1,2011-12-09 10:03:00,5.79,,United Kingdom,5.79,sale,0
1066391,581492,22489,PACK OF 12 TRADITIONAL CRAYONS,5,2011-12-09 10:03:00,0.83,,United Kingdom,4.15,sale,0
1066390,581492,22488,NATURAL SLATE RECTANGLE CHALKBOARD,1,2011-12-09 10:03:00,3.29,,United Kingdom,3.29,sale,0
1066389,581492,22486,PLASMATRONIC LAMP,1,2011-12-09 10:03:00,8.29,,United Kingdom,8.29,sale,0
1066388,581492,22478,BIRDHOUSE GARDEN MARKER,1,2011-12-09 10:03:00,2.46,,United Kingdom,2.46,sale,0
1066387,581492,22467,GUMBALL COAT RACK,1,2011-12-09 10:03:00,4.96,,United Kingdom,4.96,sale,0
1066386,581492,22466,FAIRY TALE COTTAGE NIGHT LIGHT,1,2011-12-09 10:03:00,4.13,,United Kingdom,4.13,sale,0
1066385,581492,22464,HANGING METAL HEART LANTERN,1,2011-12-09 10:03:00,3.29,,United Kingdom,3.29,sale,0
1066384,581492,22457,NATURAL SLATE HEART CHALKBOARD,1,2011-12-09 10:03:00,5.79,,United Kingdom,5.79,sale,0
1066383,581492,22446,PIN CUSHION BABUSHKA PINK,7,2011-12-09 10:03:00,2.46,,United Kingdom,17.22,sale,0
1066382,581492,22441,GROW YOUR OWN BASIL IN ENAMEL MUG,1,2011-12-09 10:03:00,4.13,,United Kingdom,4.13,sale,0
1066381,581492,22437,SET OF 9 BLACK SKULL BALLOONS,1,2011-12-09 10:03:00,1.63,,United Kingdom,1.63,sale,0
1066380,581492,22422,TOOTHPASTE TUBE PEN,4,2011-12-09 10:03:00,1.25,,United Kingdom,5.0,sale,0
1066379,581492,22421,LIPSTICK PEN FUSCHIA,2,2011-12-09 10:03:00,0.83,,United Kingdom,1.66,sale,0
1066378,581492,22420,LIPSTICK PEN BABY PINK,1,2011-12-09 10:03:00,0.83,,United Kingdom,0.83,sale,0
1066377,581492,22419,LIPSTICK PEN RED,3,2011-12-09 10:03:00,0.83,,United Kingdom,2.49,sale,0
1066376,581492,22418,10 COLOUR SPACEBOY PEN,3,2011-12-09 10:03:00,1.63,,United Kingdom,4.89,sale,0
1066375,581492,22411,JUMBO SHOPPER VINTAGE RED PAISLEY,1,2011-12-09 10:03:00,4.13,,United Kingdom,4.13,sale,0
1066374,581492,22396,MAGNETS PACK OF 4 RETRO PHOTO,1,2011-12-09 10:03:00,2.46,,United Kingdom,2.46,sale,0
1066373,581492,22380,TOY TIDY SPACEBOY,2,2011-12-09 10:03:00,4.13,,United Kingdom,8.26,sale,0
1066372,581492,22379,RECYCLING BAG RETROSPOT,1,2011-12-09 10:03:00,4.13,,United Kingdom,4.13,sale,0
